m_1,m_2,m_3,m_4,m_5,m_6,m_7,m_8,m_9,m_10,m_11,m_12,m_13,log_idt
1.786315640094464,1.762916163187097,0.318827230017495,2.032634035184051,1.059417397648725,1.3003843503568986,1.6644242723045113,2.3390116587035323,2.9168570179559445,2.273401871444285,1.081727309376629,1.4211502757046417,1.4469026616403782,-2.3235056166512638
1.0561097039981027,0.43351306081358915,2.6278283708271637,0.6594499524029731,1.3041012762232527,1.4863616319969581,3.0798162451724793,1.0832292144433333,0.7631273051873884,3.05746001586151,0.48060936792342945,2.1374316775484568,1.2313448124554338,-2.9093688626211147
2.765571386332335,2.247282025174739,1.4483542416444017,0.5168816696945333,2.047336499498026,2.724821850479428,2.7668386126662248,1.0095061194051838,0.5449331177270387,0.41086837024121337,1.2922244646107772,0.6692223316833932,2.635787244127149,-2.315589167864614
0.5740623107656224,0.432621535444703,2.4674725374756337,0.5572821103840115,2.1961105643353003,2.0677781497414913,0.7709705879053765,1.7065854236181264,1.2502618981705322,1.3158729402193194,2.2239655960983544,1.4082372502571239,0.5593652768515484,-2.5557737178603563
3.062877348605776,2.565421652909783,2.4143300203492273,1.5305609757959278,3.1213338570812104,1.3336794679338668,0.6687932974608675,1.6106644460643345,1.720402130675051,1.8815554901996554,0.9047505935510436,1.2622898031896475,1.9533973771199686,-2.6683629665988384
1.6200766067317538,2.7204224338594356,2.888884372356396,1.2055240253560842,1.1078166717844942,1.9746650473687193,0.5710911848851874,2.9023657164173735,2.9432066997141364,1.840951595376429,1.679717601892792,1.444766899758462,0.5712242679510274,-2.3152586954228145
1.74991568975337,1.1352360393247698,3.134991658231324,1.3238040958132973,2.0741913180585874,1.8775814117717713,2.016912712352176,1.8740772399112595,3.017964835853571,1.1405302314108512,2.1058252204169583,0.7679929705039921,1.4023662458590342,-2.8046886623845295
2.069542296081685,1.5484141975769121,2.639390642755411,0.5298945036428371,2.9215216089236518,2.0010476045565198,1.2328460998957953,3.013171874115935,2.3101837493662534,2.53322303116637,0.5783461316342025,2.369738445395472,1.6018219725603196,-2.5228331809625018
0.5615011414185,0.6215837233601351,1.5874771620528396,2.0717533320928134,2.874466900809553,2.8075240512115407,2.0189453244430373,1.4826531544047268,1.0861292201291373,2.764032027386836,0.7435301210759696,1.3010907646656504,1.397056828695249,-3.545727181509129
2.4588968314187594,0.9484734199971332,3.012718478907138,0.7033505178513619,2.988633663070838,2.23602155820534,1.9151988572212073,0.7759458910558948,0.8288595668710788,1.4804727795042167,2.1517259013744123,0.4979494872579012,3.0351125622724164,-3.390318683462966
1.7421971800352873,1.8339441258864997,3.1410407388840422,1.7769601857489317,0.49695045539008403,0.31624395659509086,2.786107952988704,1.8978575574017615,2.9334481243477706,1.5308743483257625,2.1237186860961383,0.9541692377542943,1.2139826149930728,-2.312976816206758
0.4468105488411882,0.3571653443542336,2.754118001044061,1.4432339453582026,2.7104022226163544,1.5533947428310844,3.0299337455169457,1.7107050424252574,2.065021764445757,1.9208659052480734,2.7922716544503094,2.6292744919289053,1.8981119680768122,-4.246594895512004
1.0677121971884385,0.5535633119504684,2.4423940591223605,2.103097224259307,2.3932312756099785,0.7274681997509793,2.2076566412836613,3.09217552101989,1.8325911885645096,2.139096976112463,2.605422418116964,2.696610957992608,1.7617604833284735,-3.8658099402011907
2.015529189204968,2.254203722628078,2.436995807016506,1.5670495518316965,1.8612925984268736,2.4491186052004483,1.6729747467042255,0.8708153915667296,2.6005695667026503,2.0733281328287023,2.1950090524265997,0.7040917536443254,2.8286587893880895,-2.4824677367297854
1.1202971881140784,1.4125808481741606,2.407595431368309,2.1135863387209084,1.4405691891172254,2.186638137024873,3.0751002523962123,1.5011276423861313,3.151917666780772,1.3587187828667704,2.3533569209103957,1.3590547444210217,1.9515390696574964,-2.5286246670844066
0.620248389261266,0.8481474531263014,0.9350639875785627,1.758812126349551,3.1437842796741315,1.776714691354589,1.2872776978087492,2.6931221067791493,2.0227034090719416,3.09886020947131,0.9579444866956769,1.3379545948473643,1.2212857902941685,-2.5315788977017952
3.1011189957089536,0.3326628474038121,2.808858777892568,1.3775349241534458,1.490218108201154,1.8479590023462793,0.7416491632456433,0.7141374602628261,3.019605765386611,1.9675090448365942,0.6060318463028895,1.436919180019029,0.9989608703343291,-3.7516158673331246
1.6726364222390246,0.7051125112362464,2.6436044494232296,1.493902983241833,1.7238684108760534,1.0953453658024117,2.0390710727105446,2.3935083473194414,2.8110157352168907,1.7735670654218418,2.128189170686153,2.149168699465006,1.4204616723714647,-3.0841995839584824
1.5514652695201963,0.6937204893111686,1.182055254066879,1.6675011244165538,2.605406369173333,2.1094923274299346,3.082841677535613,0.7547054659850628,3.054803317949255,1.0961411564436696,0.7081544482832193,0.6611573538709095,2.385242722230746,-3.3371000424404014
2.410875687761523,1.9632614886699356,2.367490332046565,2.0511328498595245,2.0647137758621876,1.0903067829884685,0.9629970363282538,2.3095166127881486,1.7781103964746778,2.406962373916065,0.7251417480557518,0.847964756738266,1.2466531834497303,-2.345224197635725
2.2928773005386756,1.9393870970891849,1.7726211526055056,0.7671674929916302,3.148955114631571,1.4824264183320246,2.494746872997572,2.834472272543711,1.760868508778677,0.6437001648982605,0.7974340452769484,2.5909329819377946,2.8328781004923305,-2.668919740384531
2.434598605679716,1.069150175149096,1.2574395946124268,1.4930763544362469,3.077581000956141,2.9242764387461335,3.0905814688955786,0.7881927797788192,1.8921217396702021,2.824032640802956,2.8377961319732377,2.7886844090478924,1.586442314719904,-2.42599788827069
1.4127012174383038,0.3538230726708264,1.8792076765898822,0.4534883236990776,1.8958028791612627,0.6569558733712677,3.0527185118720386,2.6744856839833613,2.0199034263478275,1.254204129464393,2.3845273842701085,2.6341476993024133,2.6011238567909913,-3.0988520808557274
2.9976994818782954,1.2800941210530659,2.0577419341608914,1.8979046148848933,2.2707064207141308,1.8362904240642792,1.5507043831153267,1.5668705999685137,1.5932681252683873,1.6837773281984116,2.2973055911360265,2.077449313370356,1.5306607434623798,-2.66773214640521
3.0904031503921785,1.529471695609488,2.1951898646159353,2.0646033896295,2.2089029631548898,1.0194294923038696,0.6361285226479563,1.369484063305948,2.490101198806967,1.8546791764378547,1.6823486011587763,1.900899371381011,1.3617534167831322,-2.5515423523153933
3.122796836635112,2.2985800816065365,2.9286313912765096,0.9934697842580444,1.8693929975406687,1.1651166551915015,2.066890775820754,2.3007432032608706,0.8467907448933423,2.958318110863072,1.5580553883532635,0.9054375542604369,3.0407216295475963,-2.4874400916538106
3.1076967874868444,2.076041826629822,1.7705055288470597,0.58972167826589,2.7889455667153467,1.1325151456908014,2.2181413720067917,1.722569950445603,2.8397478775993052,1.9969715028706776,2.599429525476592,1.150712489599528,0.980062959046869,-2.316982714733169
2.6719099152820993,0.7071539905309268,2.2455870444825248,1.3531835219937927,1.9517698205272658,1.971393462458707,2.333572349796791,0.7374638509749758,0.7683240693011999,2.1224933634387924,2.7956214734241254,2.583108508460515,1.099132160225393,-2.7348445631311074
2.46939020355455,0.9877563321722427,2.513893880473832,1.6335074772707812,2.0875633179039745,1.5381663299017967,0.9941672187468953,2.1813868713544213,2.9602092875320203,1.7942598209523701,2.824602381081748,0.6645587994305798,3.0678596669468385,-3.403163761803374
1.7512404959233994,2.6296162651732566,0.3609055773136349,0.5577323994887196,3.090809956099416,2.935022159446212,0.9735165121019165,2.514231180535977,1.8274830191588316,0.9198852583207393,2.4860440093059077,1.7108912984317588,2.690160116390647,-2.3478841044184358
1.7604965959595484,0.8873518530894613,1.1383822923773812,0.4839465933161635,1.788907445204287,1.8130667325700929,1.5032215240421452,2.197044205468821,2.4525125225944,2.6219162249443784,0.9520137888205784,1.5426944362110897,0.5042658418699653,-2.3240934596584073
0.6785101396477166,2.7891595672430753,2.197506674609602,0.978562780711542,2.8251771411285764,0.668837739811187,2.558298101837186,0.9888301736295477,2.8556988849989002,1.567701420994755,0.7359058954288931,1.0500947008750074,2.3949996689160185,-2.418415494140505
0.3523230892126919,2.26563839612548,3.1469855147653454,1.7977031700665145,2.4451821222148524,3.1486667112861917,2.792121328025133,2.0025616566490316,2.7148296830862315,1.5240823437917106,1.905464564887636,2.6658332238664135,2.964374171825052,-3.037054093839261
2.4146399692521494,0.5886455813391575,0.8381772755472143,1.6749080108430647,2.6503951813291073,3.0503567190109795,3.088368408936866,2.2026181120595543,2.9826610143335954,2.752809111367944,1.5774326626757997,0.5702130260778557,3.1265425631342785,-3.2830273595932575
2.197129942549357,1.105215911921108,2.351427924520538,1.3483598343326133,2.509120924185973,1.0164455768056326,2.6642846479367543,2.735198860116492,1.543904213076102,0.5036824974069742,2.5966018134184674,1.1470590423189124,1.0693865981259352,-2.476370395999583
1.376453687836199,1.9897045242732376,1.9990626299628822,1.0480433093602355,2.818423235918269,0.6049845090987851,2.708707153052942,2.0635913946041526,2.756174409908322,2.0443105038924956,1.8508660009215236,2.008484607418698,2.5801751286358185,-2.5525657121862073
2.1304036118847685,3.0593090226632795,1.3931140602639154,1.8380935072804925,1.5332167123253089,1.2470115312996537,1.4001734540385673,0.5767836212744522,2.6311227626679754,3.013106282107365,1.872960319944499,1.8868910756736226,0.9757337289979315,-2.3225946009419727
1.1173162244501444,2.5448480945881764,2.4279400760730008,1.5020621584518237,3.051675817774055,2.4404029294898253,0.6742537149332268,2.5032047678572855,0.551338064022084,0.8728436942742324,0.9916658222405182,1.062190190632846,2.5083126836551926,-2.8476197335121136
0.9969489759907861,1.0069304283212341,2.5240033413527154,1.02776829511437,2.703365622069679,1.8114227734281108,0.8862637310987589,1.5134204155089972,1.0764492848497027,1.0381721773642967,2.2573135522063414,0.7027772500522576,3.137730210299392,-3.41591032922913
0.624584933535866,0.7728264705645651,1.9753998344438244,0.6305086800000773,2.8082635344217555,0.6034571592292766,1.4858240675757994,0.47254122395344383,1.9253371685327643,2.37362534059762,2.1084880455844077,1.6246861605962604,1.4944786279049054,-2.6680737765581743
3.0954830420648793,1.7602061223012064,1.1166296396204265,2.107288682902016,2.881905982738471,2.257410792943232,3.1424263712399627,2.8244835387350284,0.32831663949044465,0.8283224183448394,2.6945296372279177,2.350547409287224,2.3681591103783495,-2.326783807749425
0.7613400715867156,0.6672923383352405,2.5518772878333715,1.1809005824818382,1.1455330295666286,0.3200724248545071,1.9739183896630006,1.8567307605463854,1.5128387034728932,0.3178085864375769,1.9325660724497413,2.567067051573435,1.0074574798983802,-2.4074466461317865
1.7363383653506195,0.5275795888564219,0.9146699219792085,1.2362758418977131,1.08386317025211,2.3920779310926403,0.8980689206744195,1.866611417351491,2.5336216433565055,0.43462062159940856,1.7784441997260776,0.6780781993192244,2.9949639379873383,-2.589963941227929
0.4256873845552542,0.3498528592903962,2.0859137538900865,1.7352390858164362,2.593724042614204,0.6210641261912908,2.1684024493556806,0.959411537212203,2.302483520887421,1.3545572541541668,1.757178074688806,1.241537888023142,1.3242629059939874,-4.117902071783267
2.601217065430851,2.967017363365427,0.9068109952019936,0.7790149227667773,0.8075943477694644,0.47634790477029926,1.9239822996476934,2.942805164049112,1.865451014346042,1.299046544777391,1.0973332885398128,1.225081154788804,0.3490172934528896,-2.319218965362255
1.3057118230797244,2.0681759929004824,1.9415430763525832,2.2298275025600027,2.107455994314307,2.58223592396472,2.249584099635907,2.2153845093147875,1.6174990382054228,3.0790309965509617,2.230877369998093,0.7337174122861663,2.017557518752614,-2.3689735543739308
1.5649119337948736,2.9616183362304715,0.5284593110020368,0.9450913249326665,2.763698747708693,1.9001058484076263,0.45997129654075314,1.9857364192288394,2.1329295918877786,2.058474721036129,0.7582854515134301,0.6640709929651214,1.416174145607294,-2.318249048668515
2.057255460741545,0.6759542065711248,1.0937625854908746,0.853610475019565,2.4087108953594543,1.2738875634356461,2.4982272982747835,0.42711095156244155,1.874331011616588,1.9457900204099692,0.43301446778805636,2.69230062126942,1.1311068416397676,-2.422948481993684
0.9845257820809279,1.5873130534486861,1.0553326067490922,1.4658555765270052,2.973628900994255,0.9664873317621081,1.7214948771899972,0.7509458108583309,2.829394886165348,1.0464927653726743,1.3163645437940037,1.9305615619656944,2.8741591140382194,-2.6062758082861914
0.4614950379880248,2.842182222490594,2.2862573787354656,1.0452560544886997,2.3492243482054205,1.6823236483199475,1.9423311256348792,2.789095763374307,2.8797922552546122,2.084400900566979,0.8376171659408193,1.8716941727281946,3.1207364822798977,-2.505381846198997
0.7980328863935797,1.544704563752147,0.7165617803250713,0.9281917865167029,2.7578980953436925,1.3221168401183125,2.945019729109476,1.4782402724001478,2.8560326546466572,1.4843352280740545,2.933915086721065,1.4323534652871668,0.8813201998096611,-2.313641115162287
1.3856630486392867,1.2501600918282538,2.6735052191999986,1.8236658929091574,2.0604900392727292,0.5888856871664532,2.3213042935415733,2.13478933833203,2.95092926511158,1.8434107355418703,1.6017589465702178,2.4888153522217262,0.8353281637923542,-2.441025839527222
1.45669462548043,2.1723167423455854,1.0951573389290672,1.2345814807407578,2.8039111615440144,3.10287802551462,1.0260659543839503,2.2726220511382147,0.40050202670926377,0.8562154170048482,2.546397630019448,2.0162233853433524,1.2125249668577929,-2.31445357086317
1.4015385223935148,2.6060690678970717,0.6239827177645945,1.1223518045015153,0.8374051997730065,2.5356473986693713,1.639272333155975,0.6526120534414064,1.0161702053989925,2.3169034484826576,2.321185522023616,2.238288395564685,1.267870104330906,-2.321057352113268
0.6703611336866275,1.5765978819199677,3.1207821142494607,1.5993151116267952,2.6110602687446667,1.605016348134284,2.091540901350265,1.0563392052420641,2.73886374262678,0.9177360107072856,1.5609792725989793,2.033120585455848,1.6136988743844418,-2.9515985786687393
2.314112899320199,2.2131755103175954,2.8392591200708797,1.8433719808049867,2.608113436156627,2.718944990664776,1.8428820260073815,0.9735961252039287,2.929469539198499,1.1531727001030367,2.734275637389806,1.1244227029535825,2.1262126912430395,-2.7118100614299756
1.8704057700906915,0.6913588304874281,2.613718326936342,1.6983318408605834,1.2799590172599367,1.1205222213272301,2.582238380843019,0.4339228783452552,2.5960880747944466,1.788879007756945,1.0785301933807623,1.7279369323468765,1.0346528705984628,-2.837388285773421
1.578425644056669,1.176000843578311,2.3216767220756855,0.7378421251227962,3.0304138803422003,3.134276356801721,2.891645478218839,2.627506503077247,2.998047494459994,0.48061391163113965,1.9833019283479096,0.7259638398474628,1.8454614364245971,-2.696057734430731
1.8851641344626466,1.5228610961853473,1.1447585731220795,1.1391833508149933,1.237731403905127,2.4300381464613756,1.1109143712477518,2.650867486688063,1.0019769104164569,2.170871757180367,1.6536647774502728,1.0161239355008551,1.153968120354972,-2.324639220444682
2.7541079062464915,3.0240297841318795,1.2005856713900172,2.1061281185398553,1.4268300912884213,2.3682269127265254,0.9585612467758291,2.566973566164811,1.736493762212104,0.6729814684810567,1.328617889211377,0.6569676226037457,0.4875784288798408,-2.319116372719802
2.0819391860917773,0.508465327336415,1.603788410097369,0.9157909677250238,2.16618166881326,0.8772234767336586,0.9087324722196168,3.101313710746176,0.5822485715390329,1.6804952116394476,2.920094731941729,1.3119173822715373,1.4680777752497904,-2.8306860183306624
2.860925042520681,0.445844727054429,0.7175099516577763,1.8186178068220882,1.9630471224052153,2.2050095245564503,2.32655547646398,2.7060139942031087,3.130814696536198,2.328712662939807,0.5725709343963566,1.0141332565456516,2.9352890573929735,-3.344950657041339
2.5474394544646755,0.9655680753648774,3.0604956807109422,1.9425823738451657,2.7491038169637725,0.9176043452083147,2.4006431823829586,2.6593409326961743,1.150801219434394,1.904996962508732,2.2506857160738005,1.7507539937689016,2.0369840872265867,-3.6537718984150147
0.6106025981988603,1.1659824050904892,1.293379009910947,0.7870469618120634,2.645934306482383,2.1910902396125596,2.4703683578307785,0.6108408170895014,2.965839679939461,1.9282729954756235,1.8230883735495753,1.0664757847018844,2.7487109515652257,-2.5247557351240983
0.3183211272679214,0.31985137954522797,2.2702293856506746,2.110851396352375,3.008937051221865,0.8302636967422716,3.12644679720313,0.7615001793586413,2.6549191436533848,2.5872201203892713,2.0697154983716626,0.6509938542134279,0.6439247451131174,-4.196865204757536
1.07446346578251,2.7147740013423065,2.305985730078361,1.0796782596974248,3.112536808208051,0.708828636721955,1.6593817248538516,1.9265313685455585,1.3714146519769903,2.2234601974515935,0.36396194653934044,2.2552973657398105,2.9060195557272364,-2.832528247173386
1.1708008949311348,0.619684840076614,1.0448893418946474,1.2824876619956787,2.2882244671842646,2.437024333002343,1.2688085423854993,2.927701035445332,0.6480877104245372,1.3098583895412208,0.5166225476318671,0.9685007512725863,1.8852906875528703,-3.0373891167399236
2.797109481568467,2.623172825400941,2.4905904929655134,1.7463656644305805,2.2734602353926587,1.5484079695373696,0.6119063639194686,0.8662373798010294,3.0267954125300798,2.0723849145341435,0.42020908062895695,2.280742367558726,2.200699946725092,-2.6301959274067372
1.7385895453723206,0.3169110086721173,0.7268371388975716,2.0084556199450594,2.2431457679862996,1.5975458903747062,1.8806134391926543,2.028125197748179,0.3236165346240511,0.8595931682181996,2.5291485752249248,1.5686136458788407,2.2564255101168333,-3.41126014065597
0.851180628568657,1.0331473456469382,1.7202346636524368,0.8781282379741365,2.3978734702242686,2.4588223551843407,1.1336359437381178,2.321305439859687,2.7587077930612045,1.8630069300735348,2.5335726849737705,2.055208338939578,3.0537145747620658,-2.858310043305042
2.26774247205767,2.8775749280728897,1.4519986656402513,0.5083485255585396,2.6959272404064043,2.2687254034103375,1.565517555188173,2.0886225662236844,2.2531605999876536,1.333585698982044,2.936467057806201,2.63695423137817,0.9331787975138224,-2.3319847017847524
1.4216665290365562,0.4356647071686295,0.7722070909102964,0.5202271810786481,1.326784019464347,0.7975130385455506,1.0762974029982109,1.4752424198180614,0.9941490709609975,1.4883916104958945,0.8780225752809964,2.625328728997488,2.852434151203259,-2.4832103556767136
1.8309454722646137,0.7319058751255239,1.0296159935650233,1.2325637086971073,1.4587477036035197,2.94010150323418,1.4344761104008703,0.5754268713409334,2.187707717196061,2.9001508260199294,2.5083126806990377,1.9489363716110872,2.444152418397664,-2.3406259454694514
0.5391383940197241,1.0084777154348072,2.448549305970354,1.954955256691223,1.0445233244085308,1.0854817019152856,2.0359323643616847,0.6078193918107172,0.7543600642159431,1.5186530277871817,2.1404586177493177,1.4433214673943329,3.161390957759509,-2.9060385550455115
1.300997089254234,0.6601344387008101,1.2051443148923422,0.6736147438742752,2.969286919885132,1.0389654906458907,0.918175288757358,3.08328785498044,1.7125546229227682,2.5187837365336576,1.800127573519734,1.4582341804265222,1.970710664605359,-2.7711046633046172
1.032564298151877,2.0552782003131718,2.896780462379295,1.7643699500660617,2.8299413684923183,2.359177452436887,2.278691515563532,2.792989061592237,0.5534159955807287,0.599586986952751,1.3608063290853858,2.6195746277076704,2.7456353269558202,-3.1860617717333954
2.6639000587539314,0.8560350385449997,2.786656514950514,0.946775051775816,2.7219979029906107,0.8961021795398263,1.8125269453640271,2.5275999804050935,2.2925294012760142,1.8787761123700557,1.9978228650851535,1.7312025531680344,0.8269855223565061,-2.6831504910568715
1.7042285002501385,0.492165311073144,1.19345368589052,0.523234662723442,1.307517047858209,1.1245609731361272,2.0799900705558505,3.0093456121490716,1.3809774676542088,2.2870999829015224,0.8934507683320511,0.5561159376393934,1.9753711093436015,-2.3808533837688657
1.278097431248093,1.2277249216546584,2.505502307990364,0.8612444600100755,2.618319198045244,3.0385607958796337,2.6309772019242663,2.7697491728689863,3.0982585156613047,3.1281072709185795,0.6906760150293156,1.020147138410292,1.5099598798987397,-2.768221292948256
1.8380859064758435,1.8210331628725243,2.069269904941802,1.531751672527877,2.869677396872465,2.1029840292299204,2.6562190397605576,2.544663689502666,0.9251818906854798,1.025410869618204,1.9635011924385353,1.4936350015145776,2.7885988782798727,-2.919243348248271
1.763840103402714,0.48416627811271684,2.8048599120427764,0.8119279951767693,2.7722461797476705,2.5271648583720694,2.623792312240036,3.0609989139782843,2.6490804534175654,2.455788536629516,0.8161478969631657,0.6244143237962971,2.3299180042069967,-3.9165891755912567
2.591827055528177,1.398419411292099,2.157955066142753,1.6378775059683426,2.3850789809910853,3.007431958909158,1.701454386273848,2.220339020156219,2.9789233963059822,2.1837392921066705,2.8228833542652625,1.3405487299681633,2.530568012093557,-2.92443825848798
2.2460068632593098,2.0046492960282416,1.131622867468336,1.3885882933134097,0.9405558386034034,2.452687549704894,1.1950830533075454,2.6172868512394616,1.725029963204491,0.638973329395867,0.9771605060726818,0.6115357325904549,0.4735003924742536,-2.312928549323388
2.363046753607885,3.015289937330668,0.7218228263076099,2.040801074468481,2.340212852709914,2.609438842037314,1.8166840144926264,2.1653214926126023,1.7334257338098564,0.41526652623077137,1.4009155185610118,2.331889089247496,0.6125619041654478,-2.331224844176852
2.2043993266489115,1.1125842764171787,1.8966128734787182,1.1962369035355824,2.1834399255079657,2.73525711056006,3.0966642909615647,1.4226614993271443,1.599143800268449,2.117099903527893,2.6552584634927587,1.7443008180899078,2.949360161466131,-2.888428565020393
3.1358125790129194,0.9522767894087607,2.704373630795493,0.5912371901584765,3.067175737201062,1.4426238412944592,0.7476316557438589,0.9039015760909268,1.6868786450208053,1.0589721508580499,2.1839062929106317,2.462194288387851,1.2799832534934121,-2.641380478543697
1.3903755826774402,1.0421615998750098,1.7537462036221112,0.9743456027847548,2.7969099620729936,1.2057891869773114,2.6550322279204326,1.3654038796746109,0.8488751187097554,1.2055147292707855,2.5177823877206595,2.050062104984466,2.43659190132975,-2.842388777710188
0.5995275858868343,1.8770086065182325,1.9267674548349933,1.6358848644786288,2.382724528907856,2.87852578063408,1.0445569043278926,2.2945832705034874,2.7796629729906517,2.5249182388978886,1.7166994345717057,1.7653200918722094,2.5764038554813955,-2.701067218981852
1.845253273141944,2.158687672423001,1.4004363566842033,2.001100720848182,2.822763502106541,2.0336263478299013,2.578873677503608,1.106784343135615,2.5509019181859833,2.7175691314374752,0.5472272942418115,1.2654508008738472,2.9415306078959174,-2.7652700076291823
3.0397921702691524,1.63820147597914,0.4985619928670454,0.5862178162502788,2.6348453190037273,2.751494212452024,1.4036465573045804,2.664445429487807,2.0921038550333892,2.4587536408903112,0.9959231894180459,1.5569110296951312,1.204532204652376,-2.3270465508675193
1.9582410487318547,2.4151220511881197,0.3817454431919841,1.4471385540017996,1.930869981467542,2.7463371142351165,1.7764017977741893,3.1341783703505834,1.6160609631535305,0.9532300624608623,0.5973244644688727,1.880927376755176,0.4384294671178711,-2.3438361220277737
1.5185072597485776,2.3951474036429463,2.791697391475776,1.1882806739742473,2.476922890062171,1.6078055115126852,2.3770009570300052,2.529855766182211,1.1094761097173107,0.5157695251846861,2.470376016024791,2.4251166097962873,2.783882225319105,-2.5791945072445506
2.3171527536032137,2.238178349932867,2.553226200003991,1.7094832726822324,2.4336464990184363,1.1771175256900361,2.6460131436115986,1.6149614529880327,1.3948591299083,1.6773506480351024,1.9715929174430824,0.6271236293115638,2.2995473689621493,-2.653969790409394
2.7920420877294183,0.37072703424555176,1.4844009048993043,0.9541984535179537,2.233067593708037,2.2931464734065266,2.119869247886751,2.4441056029479915,1.0686818438680692,2.4185341757328174,2.255865137016928,2.7674138498390897,1.0841062329270472,-3.017640820743088
0.44542376871192,0.8960012265811901,2.190260384384174,0.8704217538891603,0.9072518850642779,1.2211948286587266,2.683116112324109,0.8365810036441639,1.1396641252248636,1.9634115909380712,0.963051920010026,2.023573040798778,3.107596670845318,-2.4797148268713882
2.138963015704544,0.5341642244111274,2.031421212941477,0.9009339347072004,1.4477566909937885,0.4038949330005715,2.2719978301337136,2.478036613386657,2.2130247847712337,2.6177561590099074,1.000565676850774,0.9876442568006139,0.8708997282758917,-2.550610560624025
2.0760823925234964,0.5508127723697158,2.5453078386127967,2.2224579656779686,2.1710162773658257,1.3305839801446868,1.1882227158464742,1.523909018441064,1.7828292536190222,3.050091740127865,2.8696682960080553,0.6915798781584686,0.983913485766007,-3.5241753001792193
2.359349392330659,0.7115182817164194,2.043185213727079,1.153488583628404,1.7051292787864882,0.4754272035669903,3.1230186803210125,1.175687705026739,1.7100493419859433,2.536776182802687,2.9032007411880096,2.0807295942657946,2.265715424388749,-2.904800394295109
0.5481583606668479,0.35532927001507403,2.9550650718118856,1.3651836562414692,0.7872589293585579,3.1549608187615936,1.8124007222687948,2.449134664081368,0.4420848007837427,1.9363370043059596,1.1707769455718753,1.5652320792224248,1.4302759265043856,-3.1328268553444234
2.282625965137137,1.2350883004611182,0.4311501658716677,1.2507174229799012,2.4516288901472048,0.6814900297453442,2.421739745241233,0.8480753844992805,1.6554132740236138,2.9703657233940564,1.8773450898258845,1.5327911052598653,0.37437986980386556,-2.3273641580791637
1.4155898577052026,1.1037531120209993,2.4327841926223335,1.3261693525275302,2.1219149264342207,3.1535808825590212,2.6102932920241217,3.1240451231929396,1.237547872426069,2.9152227510185367,0.5058662785338279,1.218999095682165,3.1573000326559706,-3.423677974239371
0.5097381144252544,0.5741174417265114,0.7988007092663361,1.846354122964529,2.5244243350068114,0.42898525511527924,1.9334187691965712,0.8631053092459171,1.6370463692046104,2.264609273256278,2.1146515351990516,2.5083819193605357,3.155420423458916,-3.2641677711172266
2.1088151775331623,0.7617068786568825,1.6898106725291817,1.700991081214024,2.050050018601324,1.0670995075067258,0.5530486730083689,0.5104877490351099,0.8359712748035604,1.4952699194950059,2.2440447376503068,1.7966475841899794,3.0830224903248498,-3.443508468207477
1.929917311086244,1.4750414235310334,2.239263463652236,1.595896684333937,1.4754271583646439,2.792007809048113,2.7003584696181404,1.4090552904439295,2.1001095126890945,2.093415414028951,0.6083252013085403,1.1840129239582797,2.3105134475429123,-2.6626294102210606
2.693385780509437,1.7575809608855117,1.4501474547309323,1.304127520673729,0.7127911968064963,2.012776076379809,0.4021891474326389,3.1387411927882343,3.0450334492317754,1.4005231879286137,0.8320221378424746,2.6862711121832232,0.6970461389748447,-2.317681987586667
1.6784516670787057,0.9139918649819725,2.2761608557279365,1.3915647161439288,1.6390452599853023,1.9124155837820518,0.8842708291061177,0.5908238885658921,1.8671887027375862,1.0300225421452882,1.9071555751648763,0.391164029101686,1.819390075141497,-2.830072591705772
2.8812864170989565,0.9326753964992629,0.5235144152859033,1.161391671081709,2.958698418358044,0.8364087454625873,1.8359824646126617,0.9394072979410306,3.0853572996915766,2.1943995725227974,1.2688308144846507,2.215938540102918,1.056135280276294,-2.312975506225437
1.5493808164101746,2.6352568995650714,1.8048564181910427,1.3718726698447186,2.316505519909206,2.9688420653092935,3.0348022398335934,0.657031655979966,2.4823083381847324,2.4149695750291613,0.8625397834054682,2.410771807570093,0.9683758166346563,-2.31466582614138
1.9817335935768563,1.68704807485294,2.822788027011795,0.7777837142444973,1.9711497414863535,2.366134790230523,2.530633417679904,0.37121502334741013,2.0148688090725013,2.30477258051056,1.2191199226088494,1.2331987464567982,2.951528249283101,-2.6626727926881637
2.5658774681669505,0.520586049702234,2.74005275911895,2.038711495572917,2.616352244696579,1.5687872707323038,1.1916470979008642,2.2109717777217814,2.331118074250819,1.699067217037536,2.247328424411902,0.8634692203488405,2.41660144395756,-4.297015934400358
2.4864897734485476,1.4692902204269347,2.2805632231768924,2.1953525680271735,1.1540477764971042,3.1143740452832276,2.8666634116524445,2.4653393580859686,2.2814292503040865,0.42174723992720115,1.7734323838021986,0.617826826822442,2.7661015862441367,-2.5915767376694765
0.8835293702986828,0.7423003416008238,2.7612517819767866,1.6607060024773885,2.5530908178771026,2.5232165109137106,2.734616342445748,3.0563202723280596,2.6463625854884967,2.7045917444474217,1.9466374252970542,2.652934101397118,1.62313048628092,-3.5601161250833244
1.018636318268756,2.4706038310326077,0.820733890699999,0.5310457291169345,1.2864013433120718,2.8021082854192128,0.46593775170099205,0.4695156154330456,2.2280850266932686,2.794521257258307,2.6016601349332262,1.063352493328622,2.887420315927532,-2.323180520537418
2.3701985847670883,1.2388798044375202,2.1104637805544595,1.2089875801406655,2.0374219343323055,2.8637373095675573,2.476378773049503,2.4049036861795563,1.8849005713924052,3.145566458682298,1.8204016306097277,1.2672266200566897,2.3738491508264965,-2.7705706601477966
1.586662327368771,1.6273521942795235,2.7430299449231117,1.0169184555477597,2.6612623940486375,0.7222098340503276,2.1884926467489505,2.3603284701645095,2.3562815550578695,3.070194979537216,1.5446218224005435,0.6482237050738034,1.6727026644539376,-2.622084796572438
2.079324017390448,0.3364661064125661,2.7524941106329472,0.7457646006355154,1.318027632495031,0.9704770211746692,1.783592294143661,1.1541382242156573,1.6039250726094323,1.5453493847706388,0.4190545220305283,0.4637789802431582,2.6770963456062273,-3.606037334164432
0.9795142928455245,0.6381391494982565,1.7480882087889844,1.7071526517844369,2.5600119872828393,1.0732422528966408,2.5796410652834814,1.8325936725972571,0.9914603705427227,1.6100036859236302,0.49058368915309425,2.159379777959712,0.49179834396688726,-2.7165930803507083
2.4201153662944925,0.6275029036490956,2.980797844921518,1.6144588346711408,3.058323271536002,2.6140735260378465,0.6186374503191154,2.6819978157895523,0.8628971004841626,0.3997348752362852,1.715340521306801,0.4199024373501515,2.081472269302937,-4.144936628445033
0.7273084912492893,3.1188120516970237,2.237017379825068,2.1833021588273938,2.849101383715736,2.677009141311042,0.41914317504482224,1.092957272679308,2.3358992829192906,1.121059795807068,1.4476301316395952,1.91304458364891,1.918465115440789,-2.397540505018211
0.41107992804461346,1.4269761074771778,1.282155333538363,1.801217602408666,2.6603037618513836,2.634369165669988,1.2553337628451577,2.821733515951608,0.5010760660397926,2.746923401627957,0.6500137023816157,1.1163344224554572,2.509594666997275,-2.8707789244693953
2.5079972813086076,1.7152365838174148,2.3910747884521615,1.8908835308336365,2.8174151340514153,1.464072476210081,1.2301786849950929,2.1294527130494223,1.310759121548321,1.409975485019947,1.149506341454987,1.294586529308424,1.4420631159125281,-2.7724922344425713
1.2931093224778119,2.2935341892497125,3.0834368891112782,1.6223047376656954,1.1896859745004984,0.3345488115227458,1.577163426859112,3.1132325346856358,0.5878995698323615,2.903575953285932,0.6130569453609327,1.9744461488368532,2.794322470813774,-2.4294955787056196
1.887784440489173,3.0467146126288904,2.082633499904346,1.8812641245348072,0.46879353592881906,0.6598359627731126,2.544623667236948,0.635910821206429,1.8900537167354106,3.0685907314537215,1.488371402381931,1.738124947269753,1.861983974536499,-2.3295244747993826
3.0404446195642976,0.6801924803895683,3.035973755407993,1.8943209694015943,2.7195042171024504,0.6874895607215737,0.9849904893683905,1.0302100608367897,0.5153989063635241,2.93697046694332,0.5214688240512894,0.5146523995195198,0.5343562831778252,-3.4584177414434083
2.256590626054368,2.06226336466365,0.6581413081107822,1.5607299302974291,0.42020690658565224,1.3522906099652126,0.6501909855803152,1.241878046058245,1.5870159992727462,1.4156391005467222,1.9091809644141369,0.8800101971537821,0.7685831300617312,-2.3558991506121556
1.8124399298769103,0.4808448673965755,1.1532838565689623,1.254349963144626,2.489779643811137,2.8538426880702232,0.8795291578793951,0.6724674924733377,1.0154677742496991,0.9038879743416013,2.8490539019636474,2.5958480907931745,1.034133554256345,-2.6235557359764794
2.1707613575252407,2.6650248672064256,1.1071068301677112,1.4346352910231956,3.0474902964741744,2.3361698015624266,1.153560271395364,1.4525161468506502,2.2483193191678925,0.6959607028465662,0.4568584665957054,2.608089297845103,3.099071647234928,-2.402628327162965
0.828523120051647,0.6052801531860674,0.9810001248225226,1.2634896031844887,1.7434294956727143,1.9082769919123632,1.7568415540832412,2.05848327526328,0.9202221025357387,1.2081426814058531,2.781616100715527,0.48246837362629214,2.166356321802887,-2.494210601921258
2.3292138886183658,0.7490306082402772,1.598709255837627,1.784783108561238,2.224884263383119,2.7218635654277956,2.7433420194607527,2.884621351432807,2.1068827043309595,0.8933391546922238,1.6206434554513076,2.660739625407371,0.6644069369838813,-2.3480617932499466
3.020431011555299,1.3186379729945472,1.5155964313842882,1.1323114484187513,2.547690665991708,2.905332120964043,0.9243515546063783,1.7146419695593083,1.036551227637046,1.0177702733430087,1.0159692150173245,1.4657904740627297,1.8250934148324272,-2.533060726109496
1.3975560381204912,2.7295405936695922,0.5660101708828571,1.7204575214240918,1.4243987042096906,1.7988833181612565,2.8956007402966653,1.331774911076534,2.005150360776549,1.7313766090509657,0.43545548331096534,1.760028060610906,2.701815227656083,-2.319597869297619
0.9703879805778142,2.4435946800459205,1.765838968275715,1.4978903892430275,2.975704347644105,2.7831064718127756,0.7153798892869858,2.596368617276948,2.55757475335339,2.539914719879223,0.3980401350154518,2.101148196661569,2.9156414158165234,-2.832126341004404
1.06229549220638,1.1626946953097486,2.066707100387564,1.9575607927833243,1.9665734095096585,1.212725967405861,1.5231412048469195,0.6298102133019156,0.9783430256389618,1.2236230930892664,1.823565095438847,0.7713327763848747,1.5474316411221134,-2.7263663884205114
0.7769903236573865,2.4898661456990463,0.5416700587453552,1.6539950008498114,1.0229500571727277,2.696837338617592,1.8310319351431645,1.8267233839643213,1.2076584230097354,1.59398823687378,2.0637879757069593,2.470062579701253,2.823242758740377,-2.3152889260102945
2.152352680333805,0.3989635283357078,2.8883753502711422,2.2020526490749712,1.8029345318930103,2.835317099837858,1.4922267379578122,0.7954670900415168,2.7158185399736094,1.273241970259949,2.0904605783552093,2.2199241563258028,0.7818440865785875,-3.826527259235048
2.9828734398068066,2.1275937332623474,0.3697405742234493,0.5093681918390874,0.8961519821906416,1.5262922096016642,1.3738675791328414,1.696585980893833,0.5928103337603168,2.557210685664574,2.648740066883292,2.576120354273429,1.7605424682809763,-2.320329368762248
2.362643874693008,0.9168782199034691,0.8344313390237843,2.091325169938346,2.8119556149132974,0.8611732549617457,2.2394323284603903,1.1617769088856582,2.801738188414428,3.0048069754100286,0.8818767474254927,1.0669524411855398,1.3385541917965036,-2.370108797172266
0.381372188069543,1.9752569780422216,3.130034302748383,2.0795125984940563,2.2227704462243016,0.4715594965813019,2.3709512356743363,1.5694460027896908,1.9206246503258733,1.9438106161323807,0.6607111565336408,0.9138745595698401,1.126463004968294,-2.561534611594542
2.88892388005239,0.6791958707443428,2.527598182180805,0.5066756634670112,2.9710084156363625,1.0811757303557055,1.628867173532917,3.0211285703923294,2.323204710579213,1.1573366686000468,1.4748005532418957,1.8615052745038343,3.0703915772167547,-3.4577880504946203
2.3523711607110918,0.5856566591146968,0.6175554639542713,0.8740347431223919,1.4808752158144611,0.6682760868031117,2.478800041335724,1.4565691724144594,0.8330515331604371,0.7054205794416295,1.7367880459586702,2.1297277652394695,1.002217512050135,-2.3187289858698077
2.8991068037840173,2.684757297332152,3.057787506070088,1.9873753312288902,2.5894489421768734,2.958994876564928,2.381758484865338,1.264676159976361,0.6640912474594971,2.503745269517507,1.1785242296345606,1.0725443458485346,1.1850806793165665,-2.32167671716134
2.2348149222215774,1.081218296311818,2.924126648571125,1.0833743054228036,2.6838651086943566,2.096269344602403,2.1827486412118122,0.7975354078034302,1.2796573257626132,1.0082838070152875,2.8420184279276466,2.092898307168964,3.0956488801088446,-3.374255236538035
1.9969180739146906,1.1812035909413032,2.008975480079166,1.670974412357964,2.5674601862997224,1.8445756973019398,1.4956724575985767,2.9357277817597915,1.1153016389086,2.397222392055715,2.886904540318797,1.9367525581490972,2.096559645111677,-2.9522150603196833
2.6356206610108526,1.0993273230874567,1.7889439326017469,1.5782082446477976,1.8930614170387126,0.49292315653029417,1.4088044302959337,2.3276782125531654,1.648004332437062,1.7922546644818271,0.642500644550303,0.5182923400825303,1.2817042086593138,-2.542603804029588
3.10935413652046,0.6388251070326407,0.8558991009137695,2.2318678132093805,1.5586334792164223,2.5584765617841123,2.047962183366035,0.32809990622340807,1.2277025276164764,0.33874785980314787,1.2415979514128208,1.083269093775209,2.7448544027205104,-2.9099131304754584
1.5049732155136022,3.0340660563136836,2.1497279551785926,1.9383913890585616,0.490678312377073,2.044641671525499,2.2954329725354645,1.7458299426519395,2.223104339372986,1.530036737822792,0.6277270049558762,1.8375596935560594,0.40208077972572703,-2.3329920772733614
3.147469810536203,2.1629502159917493,1.3886334498839816,0.5372222266646324,0.7336290049981422,2.0152792703700575,0.9544377594358242,0.4109304204869423,2.7105146720375997,0.839569157414872,2.289775305156816,1.1278256075758553,1.3030924032834508,-2.365392983526441
2.326536472566433,2.592133707645883,3.123051345513806,1.2210259739483138,3.0609817055273303,3.0964936968205277,0.4886390509662519,2.891738736862869,2.9479368982598175,2.7373945517059104,2.8259943558241556,0.4248800221983532,2.9780968370988865,-2.832496001059953
1.5328157520510197,0.9824656135897596,2.3881616382410846,0.6509717382649559,2.365510412895197,1.062820018381678,2.698112054791813,2.7116481815023072,1.1565192996511364,1.0429190940416175,2.942134062300659,1.549662942866838,2.855465024416915,-2.792207858717676
0.3850288192109478,2.282564924644955,2.0109275046841355,1.8503516282026575,2.5623838080108268,2.3836141994229583,0.6997307786023685,1.2941574605537638,1.72977850650576,2.236501187266151,1.8301567839301842,2.456985659493604,2.8650921730444985,-2.7489147908599048
2.1294122214553237,1.2853446759108296,2.9608590064214164,1.1140133456042536,2.2673330471240694,1.6292295797575698,1.1400166224803288,0.8937252609768092,1.3597499284532109,2.310178761359622,2.448747478461785,2.4185395745840426,2.6426447020902986,-3.0510433686937453
1.1882032098905633,1.8122385445179698,0.9172507218131289,1.923265185779315,2.5770849490692953,2.176112030357698,1.0882302318476362,1.3826896794910035,1.602212236642848,2.5838965895728383,1.0798126336506502,1.7454376125718132,2.674093400920126,-2.317027502282774
1.1756289272810925,2.1226915852785666,2.5206321428860172,1.9924221294023532,0.4407798391733876,2.456991585473547,1.047567779336428,2.3640675723584876,0.3772590862315114,2.8570297796675916,0.9896754467484331,0.44902551458364887,1.1000463823608264,-2.3145609611962117
1.8345697633897164,3.1253209504200186,0.6469973087346137,0.7815797415132412,3.05656196377353,2.3287896729122064,2.8256903236826996,2.877880059716112,2.315910076971182,1.718023821582354,2.5490389202649695,0.4416823569424769,0.9574288481876585,-2.3294706028193284
1.3389980432046638,3.128057080323816,1.7162033387027174,2.1340458692969424,0.7092810654806841,1.1817645495341575,2.9978090402515747,2.606183893706428,1.105338260362448,3.107452064598593,0.4508582232192877,1.1871844208958506,2.838021210712342,-2.3163023443205093
2.8406122989549902,0.888448665613407,2.6806073587712866,1.424631720675426,2.1693506232051467,1.5307129434645586,0.5840396597850567,3.143246162168705,0.7452080241178142,3.0652325161982166,0.8385201504147541,2.6130155597061666,1.5362255951572954,-3.273178658097088
1.7239765080390619,2.3299586491607043,1.7827720638249234,1.782187379610741,2.96119188973642,1.7598779865834084,2.5558339415521583,0.5179649433793142,2.205951141482481,1.2443788831551685,1.4324720428471505,2.7379378480652323,2.1717496929614075,-2.521784215130846
0.6962221845657577,0.6830652079503381,1.9450676470764083,1.5067745235838395,1.655075720782029,0.7059541663018813,0.8825747688341896,0.3872399616924421,2.8723928687344737,1.622078512786327,0.3691498746355123,2.103140498891745,2.038793079070767,-3.339607512323822
0.8784249617443927,1.5548898509226026,1.7346440193301143,1.8990016327576598,2.177099848999216,1.3842492155955883,0.7233028327358952,2.931853145419233,2.3516861437144434,0.4636278805479346,2.6434350362579524,0.685688489932019,2.609005201378503,-2.6820375460390746
1.3586807227028181,1.1302697563325097,3.0506495622765173,1.0198962591836078,1.7841819710244566,2.9645468792657867,2.7213033211910447,0.8919839468585495,1.2092580951427694,1.608024087107509,1.8680060874852804,0.40062687633360594,2.7295483986095017,-2.9687923439914825
0.4240929916009303,1.9695418285096304,1.4977291873612932,0.7315662078098725,0.5684004611379061,0.5992396338285714,3.1503090565472043,1.3777435655802568,2.200528411248924,2.610780899805018,0.9435864127931763,0.502841998292654,1.6925937587551245,-2.316756874346102
2.2708306985678552,2.322721846123247,1.6275585775338701,2.186701655942911,2.469667803384696,1.437921037000632,1.8923706184401512,1.8533940615143487,1.0566932029638059,2.87257271835716,0.9158992962357994,2.1782195706687877,2.379591140119118,-2.5278227395300505
2.213643439153101,1.673821248074284,2.711111584609335,0.7175859021157196,2.532233691503816,1.5629339095323713,2.4249614715240626,0.3772050823923705,1.4914718180615343,0.7234035935116135,1.1434282365625847,1.5111440908162865,2.850223378154363,-2.8053034083304165
2.074632874634279,0.6657877087033457,1.2279885786698947,1.6736504335666391,1.1130029442126743,0.9273508779497028,0.9229208907805115,0.8199543549927666,3.0483033742782295,0.39236762379279644,0.5660815683221978,1.8190711522848526,1.3946170988682414,-2.406784897949096
1.603324442309393,0.7131371272323341,1.2080819861437453,1.0368219737319797,0.534412233215907,1.9460288908965027,2.05035435588957,2.982759423144395,2.849024606595986,1.9835481467737086,2.4950181900849033,2.6901625568789274,2.9692344028340645,-2.312653556565034
1.6147923529657906,1.7386881651266253,3.1389226527421963,1.1093557354933252,1.7168095855186238,1.8620132425176552,2.204062522384552,2.1765843281929795,2.477204945231572,1.25297489720415,1.0245600364780885,2.225372491057235,2.2077190723268436,-2.597492208621921
0.3930097349448616,1.2556921645821522,3.0197755763758827,2.206564682343245,0.8761659676671081,1.046001452591218,1.848110352067764,1.1311713940119226,2.508892761145115,1.971900292278816,2.218470915631628,1.9386069612220154,2.5327228668319433,-2.5941818277072204
2.749050251083613,0.805455198176263,2.1685360641571054,0.5325823596913677,2.080895647008594,1.150658909626633,1.448165944142127,1.728064414158857,0.6680603647612364,1.2767830523935262,1.2244661536499217,0.6216048627227496,1.4225151156474296,-2.4643151898877758
1.4780120533294103,1.3415936829638047,0.8146634645536717,1.6405288899954147,2.8911205582197743,0.5408138121258731,0.5349553365651616,2.888381848419152,1.8073616443486735,0.5281329663305456,0.5801527359167715,0.6473727009980867,2.808700315882069,-2.6606286124683782
1.1353236882536424,0.9117943640407185,2.1034187930539257,1.7063690016483954,0.8112320231241323,2.3472899343038836,0.3949973699884103,2.295425159355595,2.15301945486091,1.8312229074309951,0.6377072330506337,1.3995324977898493,3.1115384336044207,-2.77453373790935
1.405702780648314,0.4273272973122848,2.881354665633614,0.8507315047203409,0.6918179555118982,2.092603743323018,0.5474274832512094,3.0705276622924624,0.45692856280025673,2.6376977178025083,1.6616465155604199,0.8462090431018783,1.5539323267269702,-2.506690621174628
2.193718993257253,1.9802797013516296,1.3047208478450425,1.692106232970546,2.5808858071116205,0.7847918380719503,0.4854433998257192,0.5376983219074806,0.3669996947602265,1.1556530328807695,0.6735038625422454,1.0908665394765507,2.6524702246049534,-2.573070796780682
2.599987687588725,0.6474001687652984,1.4666673544777629,1.2777412719137238,1.0282283222300972,2.0847263055176963,1.5889638070573022,0.48297101077103344,0.9098501934498671,1.1063607950226757,2.607722074615813,0.5620966927098112,0.5550609084998821,-2.319762618765246
0.4370726417242048,0.9373199074286731,2.9131267390990057,1.3079564594923567,1.3838956264887852,3.0447317315643967,3.007584537274531,1.8779827866105063,2.0754138650666776,2.732172870609968,2.125486609898916,1.674103899134918,2.449418288226076,-2.92150834863506
0.5124085733643919,2.5579714448443442,1.5803567778404173,0.615728028941761,2.1257495381896785,2.338967421893134,2.0594343507654576,2.2691164047988575,1.680655690507044,1.5116598180495424,2.9068059720052526,2.2929075860558843,2.343415862317019,-2.312642004266924
1.2384564026556744,0.8721388469753495,2.193511584516717,0.7155244512085119,2.4111231654621017,1.5754470544268027,1.8531591034227557,1.19282096897922,1.748892905919139,1.9398223462082969,1.9672847233839494,0.9180755265469562,1.1206665659806474,-2.3847749270506604
1.6608796494217752,1.7989866400652093,2.2209212383329633,2.1936104663315854,3.1617013432135628,1.6392641666147858,1.0834763943669419,1.4936503634671094,0.6717431489016111,1.4219050122561105,1.7462654402120907,2.5491892381765364,2.002435736760338,-3.028941401929895
1.6359433894492241,2.6089062306381483,2.623468810334453,2.1563622018109827,1.5723812546549971,0.32887636177094387,1.6929559240645475,0.4276985785710036,0.7029995376854631,2.133839809764915,1.4352396425306582,0.5626360953707754,2.8474961156991183,-2.4924036051971186
1.0946052452998865,1.6444562055370062,2.722518944293502,2.011324620117352,2.591112513266555,0.37219884146152243,1.1765453165592759,2.1379247718201397,1.2732682846008319,2.8688310751341866,0.5547448099977179,2.086335400118872,2.000263600412177,-3.2085899440101966
3.0882974449417846,1.339007652029749,1.954433826643168,1.3425867053838159,0.33190866610156944,2.490188923551187,1.7545395292685937,0.41690528799513904,1.901464871838861,2.179511611852306,2.930436447661715,0.5395974104744269,1.5151155026249736,-2.335033402392722
2.059178743734644,0.9586221100764287,2.142786152688013,0.7687105611561029,2.530355994584954,1.003578772528742,2.1113510627898453,1.7686192858901062,1.4819566177193375,2.8149785040804334,2.6132944054397313,2.715689311336165,1.287938782937921,-2.359501044761662
2.9694962351467824,0.4206941902272293,1.6230006057624937,1.6426736656565064,0.5928527136330282,2.165278367822532,0.7179739655316759,2.076049157795382,0.6743315180032033,1.5549284041347182,2.7696272704158256,0.5347907464344342,2.774710734264412,-2.6728589960077427
2.523188802446135,1.092926964167888,0.7628564325701757,1.6135238281335467,0.9585571248535554,2.3558791768696072,2.8475062293743303,1.3035025853390705,3.0107398604561024,2.874980026455294,0.36531409624871325,0.8142584612300654,1.9648538414864931,-2.3134887952785843
2.8863084858054733,0.37779388024246735,2.234385617468912,1.1921894151316292,0.83187213863375,1.4514365010385408,2.427435238243004,0.9919847202960166,0.9605328488042149,0.8100583013779825,1.482185143344777,0.5268659130269102,1.384923876304869,-2.841008416536539
1.0180285988540512,0.45520773389913516,3.1105585074470063,1.7395594451854317,2.5642138121989295,2.6066358485420755,1.1654896184184236,1.9937421818948926,1.7434349855273676,2.944754731152885,1.3462464126062752,2.3525578583057536,2.992898616879129,-4.520582695612689
0.842904015163211,1.7946968738227524,0.4295147177679645,2.0728821496932426,0.33284713662742244,1.8772090116378108,2.4798445083096965,2.1545162895965744,1.8187143934490007,0.6289145442194974,2.6790731916919093,0.6673138473684703,2.2180798829743003,-2.3471501662105045
1.5757824467638442,1.221620965084412,1.741758758147851,1.9742819928533715,1.8846310798419201,0.4570640501097277,2.6477026996169415,1.4028716119290374,2.4872956078776647,2.9601195077481406,1.2548747825895918,2.579109582931082,2.3564455589394333,-2.8817291467799215
1.6095391927483262,2.4073121746186223,0.5265697219497834,1.7939997731139148,0.5655774517347596,2.3106036165994777,0.4573312209721672,2.549073660796042,1.0859325424334902,1.8946555678058565,1.6907680753712266,1.4711031774820171,2.1141210535740185,-2.345981741015853
2.239356603286269,2.800029920123949,0.5206443060497172,0.5952846107136418,2.6646506924861506,0.3940440585787074,2.4926868286602373,1.0507014775863581,2.1664923772787037,2.8022236621196566,2.7053589160246236,2.39588838889513,0.4210877260396323,-2.323321464045415
0.8768718851964752,0.46130670791529044,3.161106586573722,1.2941276009082077,2.7678161734421955,0.42193063708145584,1.2174414109300624,2.9495397954146183,2.9393233099325022,2.548526995597074,1.3316796498443528,1.5348938847830766,1.1757959722777356,-3.9947582973616917
3.1191264451926655,2.9433029695158095,2.8482132069446386,1.8023784415831807,2.2441128818093565,0.5833191012115428,2.599467984113792,1.5439220681645032,0.9299685400227897,2.2452065997873163,1.3943765515272568,1.163150501006685,1.8563713258593524,-2.3408691400474346
2.0298228071993027,2.1535508167279946,2.4969788854801926,2.181477887361493,2.1343089690210792,3.071701654009854,3.0616261419127198,2.4704176290669015,0.4990025021256163,1.2123971958305564,1.2631321130247488,0.49072226996323565,2.5006517628522817,-2.814523137180655
0.664186990881983,2.0468406451748873,3.0480030146017256,1.2858240560150112,2.877231863115994,0.4131521995222965,2.5941775014236876,2.5584495960768794,1.7020647410770489,2.629926635935476,1.976555798959521,1.708939970382185,1.8418210536739839,-2.696761102562308
2.6193880469871367,1.5102675450914889,1.3567009979244042,1.409291782945905,2.3245144563563787,1.5219857471785168,2.6815465620971137,2.3721898200026383,2.9952940680484685,0.4544537339868987,2.9589979417640677,0.8291277400348722,3.050167535857372,-2.4610988295150706
2.8755706511396304,1.4503908952075644,2.0773612521810967,1.8530170449975123,1.8540304418382199,1.5391215758275076,1.0682388098341742,3.0439670002543076,0.5372845022699649,2.431436467000106,1.2217065879549796,1.2873254081529446,2.4087300654697836,-2.8626825327274523
0.8877595358380974,2.693654541440177,1.4850690953495633,1.5918780649849744,1.484748518842609,0.8100607932460646,0.5918656058827396,1.2524924169818068,2.3844182845577255,1.7086312637949306,2.6688891731474103,0.9331961108866793,1.347256801795484,-2.3209044772001683
1.6701226863865672,2.839416896738421,1.118895567979065,0.9917617928064142,0.7441305862250704,1.4998275749969678,0.5769495175370014,0.3858512497521178,0.9741097851878493,1.1399872001570033,1.8398030125690936,1.109320614638996,2.62336370116117,-2.3139511244652327
2.543647194651178,1.8735666343960333,3.0287033045163216,1.7686628644529028,2.9103573501642948,3.0130031450105768,3.1575823923230293,0.8874580233257436,0.9041347889734419,1.9746093312446542,1.8898848234599674,2.688356009507312,2.209021470936473,-3.0962269563132057
2.975441250050482,0.5801247640096273,2.8688523530284016,1.2781807887742584,3.10312579561297,2.6563515558671282,2.365445463917633,0.8463910064823543,2.4239588896484685,1.4630981156042067,1.3586075084378175,1.0276493777787965,0.5387523120766279,-3.3167986752951903
1.4809835174051729,1.0429869779699472,2.371808924531398,2.115449340309738,2.735614258808084,2.234719984877123,2.3608585020834076,3.087080541359222,2.5208273540543122,2.340307849201142,0.8352112200586906,2.303878647213713,1.9043720815990592,-3.524660603886393
0.8221317715115526,0.7677567392470398,3.0375935783313337,0.5414908457349281,2.897188365596813,3.1254851350346637,0.837921640603787,2.008848481147502,2.0951491649506924,2.371133169851431,2.428233013155677,1.2233605135134697,2.3543242764421373,-3.2132986503939645
1.605385522750834,0.6443222710737775,0.8162217871586915,1.7253341021083004,0.8739644145943697,3.109060075992247,0.9063411352618045,0.9832646382120278,2.379766517525589,1.439196268242594,2.3889395970659892,0.837388508602998,0.5328408475616107,-2.330293328177079
1.4334266822585608,1.0459534149368257,2.3818937097681165,1.0867916292477402,1.6799750643476383,2.0262425503277033,1.6762084807075215,0.9278450010376833,3.010326751346226,0.7178258414941654,2.5948051364287794,2.6166120795605594,2.1857253827432346,-2.639444004215619
0.7558153606534317,2.4245644767336647,1.6185851540406047,2.146657413141448,2.6227380148324393,0.41783333538398326,3.1290330293511635,0.6984997128542506,1.7986376970680769,0.6323905100726344,1.3766562763982184,1.5938575982754843,2.040737238503092,-2.317875167215863
2.1429693651855968,1.1933163517074894,3.0922120988251574,1.8289600567450983,0.9183253821952488,1.4219842876846012,2.310749611957895,1.2682641301275452,2.4108926680869147,2.188916642554072,0.8117168718306091,0.4432314962717905,2.364641009408995,-2.6799364740932634
1.1396510124938715,0.9402451642128908,1.6411871654542345,1.5512967484783524,1.0741571303625908,1.4084235941105459,0.6893115356311765,0.59511632864256,1.3678962673949073,0.572435453206718,0.7657182738323591,2.781313088134382,2.6125378927632297,-2.667610915274465
2.8498938247574035,0.5936535717605109,2.5979650399492433,0.6811621148803875,2.2023037825617386,2.671591496822318,2.9707330424981895,2.997912863014615,1.5913906130323288,2.482807083242177,0.9747685131292375,2.572194494585684,1.2653907102644142,-3.0268948427209383
1.941787934311619,2.4979722159020827,0.4040909606053498,0.9486629676912919,1.8495862986326466,1.3440111527123297,2.931779582296015,0.9636070962378047,2.4561726073948726,2.1518365945820186,1.3330181066096478,1.0584581691100394,1.391150483056062,-2.3215791738041576
2.830818115720589,0.702702302152242,1.4329648160993556,1.440730377901659,0.5762384169370023,2.0598141307148725,2.2093896119805283,0.6683911609677424,1.0215023518319704,0.6781197953907807,2.491450480457111,1.628274007456868,0.9874222481872186,-2.313311776550692
1.608404606178191,0.7351492210187132,3.1282186590966248,0.8955155591309263,1.6654468231390591,2.647157207540012,2.0089949263321305,2.2396040079119235,1.2717992875764446,0.3789348266998245,1.1412691774031367,1.773835974199202,2.7247225295768724,-3.2961676922314473
1.1575867644952145,1.0484786784859035,2.933783532103304,1.5827248771832136,2.68686229251013,1.1119063219469165,2.6182632819683995,3.0516650798291622,1.898829189573012,2.2296307277528085,1.6753741153084338,2.1527535089505867,2.3267313732635446,-3.546985076166579
2.779889899345344,0.4933891543368615,1.6017135903865103,1.4321851067975229,1.107083026674044,0.9879385910148148,1.8187275930246756,3.0637625995309854,1.2673151626460193,0.7792391647594901,2.1692675103676957,2.711946254496873,1.5799271082853192,-2.7121732589075878
1.3737502500244734,0.8330715908799213,1.2059337441557647,1.6763071092926916,2.5015878082746137,0.6512504584394514,0.5656542359649911,2.4586478821915487,0.5904081788384805,1.5806325025864105,1.6243443419668635,1.9712770053968454,1.9743215336997963,-2.9465659176931327
3.022943950215923,0.9454231475851798,0.7431062992633458,1.8618741529120373,0.9896212873142394,0.740742230597595,0.7721084362121451,2.762839094870217,2.5641884668135146,2.248156691046708,2.1784490181417104,1.8331213195209133,1.1806572363692254,-2.3233724186576517
2.207721814528669,2.6226458895155753,0.41286871625033905,0.8164472021324869,1.4947420674770282,2.9513275880782146,1.3321629694240544,0.9951636755334199,3.0371255818703915,0.9492903281401486,0.7477916217405424,1.8582137165741515,2.75571325234901,-2.3257267361758283
1.388067777091123,0.4384801061175212,0.7651583257442207,1.9527799925645115,2.2127958693900887,1.7011984509690883,0.4829191798016025,2.244197436787904,3.1091465669667504,1.979316180804734,0.6246087692256478,1.6926405367814967,1.7346450567966576,-3.21228983505714
0.8339617991340935,2.010594106380511,0.5762183136403777,1.1364292100800935,0.5226587024124272,1.6937343338120854,2.5332817198222397,1.744484800255837,2.195143392210578,2.9554258606858306,2.6468718091148773,0.6724549672181381,2.4493555621482717,-2.3304876266476042
0.7170713039314522,2.53344839140596,1.3589415512453957,0.8848493980722989,1.31491982100514,1.7089753224605806,1.2357616339241426,1.7009769872395004,1.4025089091420706,1.7263514309320998,2.6254009861883283,2.001368069076304,1.2329655968343112,-2.3170724852104154
0.8184818960032232,0.9840992168152458,2.7352941884223507,0.6832195038138849,1.8240964922275094,1.5795939388134048,3.020828562431733,1.3099633710371539,2.616717280946764,1.9553031916372743,2.6963131935537286,1.1451345568458302,2.068525183530343,-2.4837515038394495
2.625729767054052,0.8227076536430813,2.7971738424945936,1.150018852530527,1.735908899114326,3.1621418080383945,3.0761129179347044,2.8910999820884546,2.3452082191092596,0.7808195835068743,2.3376178098092577,0.5914943133070175,3.0733555620994584,-3.2549646869524045
2.176160046639317,0.8106367052027215,2.179576434744863,0.5931919322473738,2.420295067261067,1.8852518259107018,2.9937101046677417,0.9436400760908108,2.7084563935532464,0.8508562355795077,1.1893261284670344,1.308978432480588,2.072513379706573,-2.8865002678454337
1.4077063067069953,2.6700033547616444,1.5268902734685885,1.175053635388798,1.2502233486036984,2.2295493780487154,2.7402214621110623,1.6383109141617314,0.3479344440388965,0.4260512011189621,1.7888339474461918,1.0350756308267564,0.4288387318208101,-2.3447280476612327
2.99636310818877,1.262435532192752,1.4143744723538376,0.9067286701689747,0.44586643205925724,1.74237345980951,1.395754605153825,0.4766705730784821,1.3259152777584045,0.37083630072010587,1.7452850107753695,0.5857783929308045,3.020878261586109,-2.3140934627706486
0.3982543260875279,2.7482294607756663,1.6688010500893584,1.6861720633552408,0.966217731856954,1.1304856112703459,0.38600883764433147,2.9509402351643197,1.6446950757411252,2.3414681732470974,2.303912275175735,2.511320556511334,1.4773530501740781,-2.312901284933432
2.106690540536968,2.6493959526408233,2.2135053122642216,2.0780249826908195,1.655845790806098,2.9397007938330533,1.298220171367708,2.0295986364009164,2.3725840472084303,1.61295092726448,0.4728193988113129,2.2177621539686125,2.9571407501123663,-2.5335591874969703
1.9530642205267643,0.36930232784449235,0.9401133600599865,1.2191799703136648,2.804905711243906,3.157853617849681,0.8635192647741801,2.5845325309271088,2.4620738917630884,3.0609335995582523,1.0081640988333416,1.199004843315306,2.8581625989301505,-3.84523286860668
1.1811359630395468,1.3349358857022862,2.5744767228483045,2.04772008890731,3.13743708340543,0.48913823900651576,0.813265979145057,1.2856493214276619,0.5421876898803272,2.9202082743926407,0.870922005664448,1.9587002242747658,2.45838699611966,-3.6586014752760754
1.2144106888916053,2.203453230212826,1.7594328683547502,1.5811528649068354,2.1440205755026924,1.2634801802420195,1.6885922724376063,1.2975520907806535,2.4453684024849975,2.162023899512995,0.39567728007931063,2.7633412756832247,2.2962617304912225,-2.4606387257517572
2.263572938544455,2.796066296878544,1.7676510026679433,1.949744682472478,0.736053536080157,0.5597657830843497,2.1861261979068147,2.564928777254876,3.0901984888421143,2.218241201066965,1.4195390321967563,2.6454032722285956,0.42596984114621883,-2.3179624782535693
0.680092869090988,1.7015351649250912,2.8598634847586477,1.7024554436423278,1.2938785384473404,0.534281904593101,0.8059142031948232,1.3391825745138513,1.9967514075506225,1.8188780585273017,2.4662319316702135,2.326486290469373,2.8429359475446825,-2.564800325085512
2.7252997060736477,3.0872245670223784,1.3196413402927138,0.8349943010243877,2.1388927642491233,1.83055575679952,0.5979775522460629,1.8233719590585031,2.920371651816114,1.6520399341247223,0.9333124094906522,1.2787243551265768,1.752421802327375,-2.3126654898360473
0.49935457996837124,2.087284420605563,1.9740579389237072,1.084915652887217,0.5400212717556783,1.6881339323057314,1.9282060272108603,0.7580091020616314,2.257981866287154,2.7865074844688134,1.411294466694224,2.212692549572511,1.8145963431912977,-2.3224860391403404
1.68487523697324,1.6216276250318453,2.313496469405277,0.5960845201248399,2.941860480567045,2.151678689605253,0.6537585433912751,0.6420096508794827,2.5193636466589675,1.2356797308845553,1.3740790736905488,2.759287746091399,1.8164263998868304,-2.39342502527265
0.943951906583425,0.4782685214523146,1.15934031576035,2.1971025877423385,1.7369320672874737,0.5681643243474439,1.0801479167661705,1.7494335287008334,2.172681163932158,0.6794579582029003,0.7017734539575466,0.3698477794993677,3.1420924854941252,-3.766235784832022
0.7804562469546583,0.489374608746715,3.030567988622196,0.7630692322311866,2.782622764514469,1.3185653720377006,0.5137875959013591,0.36893797774014353,1.1634709487916772,0.7080091996213942,1.7505794625179585,1.32497346668196,0.8556716851522479,-3.3681180029010496
2.0197072438278174,1.6091853542004588,1.4807536487646773,1.6263640014229825,2.4682138620020164,1.4274472779149237,1.7177524932312467,2.1732510917141212,0.9372085940364072,2.6441604743738885,1.4937672507578348,2.60269535117045,2.455784261858305,-2.63220230971132
0.9735679947125042,2.501758159007831,2.779712153817574,1.2495208527776158,2.538751130807876,0.8784786220918042,0.515422262522198,3.0296935024336316,1.462570319132001,1.180976236611859,2.5050458439529137,2.0095734372614515,0.3464711822068375,-2.313581209676771
0.6602561441115171,1.1145800422422392,2.41738455439984,2.138265576746737,2.1846758757993885,1.966353699238199,1.6073379358681574,1.3488857832140995,2.7206222151450006,1.8967589225155623,2.0960439491269804,1.629724492427062,0.8930199749652878,-2.6067896620413014
0.3712399893389401,1.3868111845465207,1.5483246615665465,1.2375127249533122,2.7504558324817334,0.8912076149230446,1.418132157467709,0.6697840305045001,0.7278364937655917,0.874640934214648,2.559375742845586,1.2348804047175868,1.9461193166181772,-2.413816184592877
1.5386288706596736,1.9552817559104183,2.790872834385497,0.9405722942898531,2.715389590360565,1.0708575908751046,2.795995139188585,1.6913305965750782,2.7737158198985634,2.501956940294296,1.5236208689126025,1.5455176512683213,2.9876096063837627,-2.877676679976661
1.1510920162627436,1.0189128686573417,1.1077308565440576,1.1451444081792514,1.9767016647703175,0.35880814504718683,1.4306378924342524,2.0348177580569757,0.7923698591230558,2.7999490667569775,0.5754070527599059,2.7562814548360373,2.584234700665517,-2.6862096437243936
2.9511986403905492,1.0543789394172753,1.5222630906798804,1.5569573828158143,1.4108392136098247,2.4986407160109763,1.1365986682026374,0.39063875284847305,3.022056041788237,0.6619090465212046,2.964082571174984,2.0585876668274588,2.7924909156972864,-2.485150339689059
1.892157365280703,0.7451964503682496,2.8438597628861846,1.1537989400296493,2.3995447976821644,1.1950753796416231,1.3814496883827956,1.2820231018928527,0.9466613301406364,1.390891042424009,0.4454713699588215,0.6372800842386606,2.66565703577729,-3.796810722663041
2.8153359875050112,0.6324419798064033,0.9736572640457211,2.2173122354039783,1.2916819510192816,2.213956757919328,0.9594246843103327,2.956583258690717,2.7534652720342634,0.3836459376066064,1.8475106267760004,1.9913419225185767,1.6968553219473654,-2.4404571128993893
1.963089688686991,1.5886647076841787,0.5108614552126547,1.771034571287745,0.9244779470991109,1.5735251210464638,1.6507305745365672,2.655876297219681,0.7396690045938765,1.3702902584199774,1.3849630657662722,2.038204605272758,1.6317436509170506,-2.333427489924935
0.9510248527354885,2.7156479611381137,2.27311886544899,1.584828796844759,0.8920648839766487,0.5229721382570643,2.0622961729521387,1.848642342078514,1.687815418518523,1.13488424259243,2.745503348744511,1.9160160414322318,0.48402974245020847,-2.322371229911958
1.448016479521789,0.5605865460962199,0.5684248330544763,0.9381820292380134,2.999122376843025,0.5133414693323023,2.9124483776642927,3.130572906318961,3.0419885261051567,0.929506636020726,2.5437830935506804,1.1945046978846767,1.096120522452772,-2.314839194492402
1.287066125089766,0.641515596543053,2.9914362693387053,0.9850368693414386,3.0971184165945007,1.8690825830964066,0.47252563275168014,2.961012209781816,0.5473465478250499,3.134737031119027,0.7845570820275037,2.1200332428064845,2.428922937527945,-4.02162323766908
3.1108032497221205,0.7280752178863094,3.0027990633772195,0.5252343421523724,3.126620134997798,2.0535650990063927,2.755558499045461,2.2585768604315266,1.3532565273833086,0.6550032695519261,2.2523515597886172,0.4889342620928001,2.7790856508805133,-3.3651335416560153
2.7179562579677725,1.7337263696563976,2.9364104894806338,1.721250598937362,2.0293476307449456,2.8590037423272103,1.341077092129525,1.9664324255972117,1.9544539162863264,2.0424717363779963,0.7746853574854154,1.962402860650951,1.2083934375557863,-2.5355545291012853
2.7094434135153795,1.7414372993280214,0.43317705725835054,0.5443688349479697,2.159937677082816,1.6180020264819928,1.221606034456188,2.8054568742223682,0.796271762592991,2.185416728208353,1.4573498335102195,2.609291258405702,1.374736235230194,-2.3462874678030703
2.5833789875893918,1.6894431687716247,1.173011228378907,1.9859824257435088,2.950103965439277,3.1434030415849543,0.3895405636324428,1.6942465660791504,1.3333349382583668,2.1749722958561524,0.3455646574469777,1.4016841045430755,2.0786781626776456,-2.6288538368393315
2.004933480231765,0.42885448249534214,2.123781887346448,1.136762155776326,2.363268725503669,1.0764411925369686,1.3930729736909728,0.749539854867648,1.659098517078248,1.9612745182468918,1.5165628332645535,2.7144961989741443,2.8139999240268248,-4.001672255326134
3.1424335521798255,0.4858194016920263,2.6002404458487183,2.2256194248604078,0.9318570843004776,1.1283083276605335,0.34591867056284303,0.614391205599558,1.0531618587327551,1.0975212318113174,2.810992622774812,2.6566132684857386,0.41701122625482334,-2.48402070284778
2.091766689160049,1.7849063676391765,2.5775406682527766,2.129938800721316,2.4991080654145774,2.72722216198479,1.0827145173834796,0.4029139103481256,0.5961026400509093,2.6830037690581263,0.9689261598653254,0.8263875834977461,1.4087596560796105,-2.762916051253187
1.6488486733148138,2.8971121952375833,2.6528665480752687,1.4895754709377236,0.5670252648776235,2.6406248358875524,3.000000922610301,1.3371258938483825,2.663062344776755,1.7984623705202785,0.7305297105918116,2.250954457702712,1.5955599890554268,-2.3219490796470743
1.8199364437458478,2.693115762959014,2.87315360465114,2.1096995785099657,1.622158289287482,1.329258179699051,2.7326023630337986,0.5258802558384599,2.1994114625526953,0.9517205072750357,0.8045341940270483,1.9189119604383733,2.547348507773912,-2.5311052074735088
1.9723729582025886,1.647414432195774,2.1378144033312663,1.555002191904623,1.0552243702529518,1.6094936954333199,3.1193943962021873,2.93991363190455,2.2743584361016556,1.9507456977965387,2.531063248772546,1.0410357217903075,0.7424597373872676,-2.315570366792317
1.613725425166686,1.837952998093358,2.019315546228728,1.6075078642411857,2.4952108675115996,2.4049844259973434,2.535630585916028,2.2430841750345936,0.6106808467137016,0.709732850736341,0.8980066503664519,1.406152824965457,1.7469099252466376,-2.556366887850362
2.763021337928062,2.0526998308488085,2.6950306868848743,1.3979873606602196,2.2051730990901737,0.8544711481949709,3.1008398560264476,0.9207943500088396,1.3504455956842454,2.5982258318830382,1.1721511309444366,1.0243936417634023,1.605979441195021,-2.411539589841739
1.3296494871110125,1.3046973787948661,2.64497441361422,2.1529949403458417,1.1843709346558573,1.399842999344287,0.5503611876967098,3.0412973779009747,2.364778488280371,2.793559766071732,0.9664276324331484,2.317480475281023,2.100029724104704,-2.7531186429218315
0.8384686403669279,0.750193270785775,2.021665379121084,1.5258653585100317,1.2281184790920185,1.184577014164568,2.1972455789402456,0.43549289331640134,2.881434866346349,0.3467156847710854,2.34914721189097,2.6013970067543966,1.8641943687381965,-2.6815946812575358
2.465692355020726,0.5982240563801471,2.5599915933688706,2.124182684194547,0.5038911742238859,2.2967924082198166,1.0518006016912838,1.9817529326908474,0.9661646947802849,0.5836837746321634,2.4937537893366004,0.5473422479085105,2.144152233253293,-2.5265250523388594
1.7462664064344287,1.3926802922626296,1.41088022269907,1.4272746066737065,2.253058101568488,0.4456720974946565,1.1202787975513506,1.321788418253785,2.457689264156646,0.3588346311364266,0.8442813359735466,1.7805304989954815,3.113735902819305,-2.8922076508463146
1.246515146665748,0.7414681467494602,2.3049600695533425,2.240053353025345,1.226053027896892,1.890574105787264,2.40865678725586,0.6875801962508306,2.1033239222803775,1.3542736429310722,0.8907150349307155,0.7149257118830644,2.0731286159834847,-3.225896486380296
0.3242773890796778,0.7174447970384509,1.0682725569954927,1.108161784413539,1.7008269559422817,2.1467341960741773,2.386454085845408,0.6266500297560561,1.9431135999423814,0.4445578473514419,0.46371450640304324,0.6825736991108831,2.7521437669931763,-2.8896151702126476
3.06724708497333,0.4523811961870128,0.31959007659595384,1.8681881979939512,2.6553298956451066,2.2919458217634983,0.5896122206118308,0.6840978813854586,0.5871557049494103,0.5676485280606012,2.266145005262735,2.5986433919074403,2.7052896071666135,-2.495069647479946
2.659063067570533,0.32823388927136316,1.9196479596382536,0.8798547062570841,2.2991466652265,1.1410890112913916,2.926511943294091,0.7809643644126218,0.4707117261046365,2.990698805446877,2.4319157254959762,1.584910707351245,0.5264191594879573,-2.910343826822844
0.9374279074676029,0.6516965783753859,1.3967506559146854,1.3812244082152274,1.0169069096489227,1.1036066970774319,2.752857683512324,1.1354840264562704,1.5234387602205097,2.5809520242493185,1.6834543225988146,2.3121367389717546,1.7844357070058539,-2.3441805155821784
0.9885930451711897,0.7777802112543966,1.2170950327677883,0.5648800539431857,2.387972809496879,1.9407412147185938,2.5639759332761183,0.6850203128007579,1.9347875225293976,0.5062704468770107,1.3969010217450175,2.4289699816521915,2.091724894280822,-2.4231840311240145
1.1095822278538632,1.1284800056197495,0.6420546317830503,0.6960747668766369,0.4716104613995723,1.2668064028737196,3.108252665144172,2.9892385397302017,1.4488584820402748,2.3486785978438713,2.8773740247754436,0.8238332130911854,2.339397528076295,-2.3217135322911004
2.670928604250406,0.9688471181348199,0.7787654553014917,0.918012227307619,0.7780779968407097,2.8273040099409874,1.3253644684769783,2.996723447134035,0.9354440005065898,1.4514310732498095,2.180415004660197,0.5898234348757696,1.4340551587192205,-2.319503673721904
3.125200023968142,3.0047135787781323,2.3570370576218105,2.216595542386739,2.867502965557412,0.880353378816989,1.714677819657646,0.5607626610754742,1.5373530594417983,2.197340016914086,0.40342229347293146,2.522091301412998,2.253586364201435,-2.745278387223345
1.7547340499838437,0.34431458022301065,0.4740653707957143,1.2030288001484721,2.0171371532042475,1.8865435681095053,2.155672149706443,3.068763805632047,0.39946205200010365,0.7036060236058435,2.1988197154639435,1.8241698130272885,2.9080570193292012,-2.740555429285164
3.08157082152376,0.5278241801419515,2.583033877269658,2.149740565563367,2.249019972938855,2.2383453738436483,0.3869433799548014,0.31926893854810473,2.154054178519465,0.8866413926479375,0.7122752160660983,2.0904962279192465,2.93370986505309,-4.386428182890488
1.544676346981773,0.47565296629407133,2.2547848763331593,0.9669051297983178,2.951732146151065,0.8393808327203756,2.6922862561825274,1.9246844690439167,2.53086777968924,2.835629284973993,0.8640114260611865,1.1397051987185995,2.0635854216205187,-3.8970464122241295
2.834400409595228,2.1565892668853364,1.7213383195455072,1.4710195210766883,2.1924443728269707,2.388486607015476,1.2248270278173163,0.4453825548914878,2.4990575727660898,1.5867433633137498,1.3621929896297091,2.074602212491201,2.4259636272321874,-2.34794969825295
2.7403193063178577,2.5118153708516635,1.8739313498882513,2.04915140317406,2.44064804316077,0.9735197705683301,1.3099482535386688,2.3379260831138975,1.770051885626252,2.2925918180949716,2.7715459808188685,1.4808454313480868,3.0293472657956206,-2.5338348456784496
2.8719996989610252,1.1866230966573654,2.587130030815832,1.7269401388565042,2.541936813228646,0.7002767631895495,2.08122316475586,1.1337364375588355,1.2613934773398567,2.8119700340670564,2.0115631099755777,2.421264817365313,2.2795934748583524,-3.3093651166521045
2.1573556609860796,0.5135688942644503,2.241493753969331,1.1056056583641276,2.9278716314947055,2.9001450412446537,1.3198497675001832,2.6941665550648164,1.6415312961732775,2.357351720323555,0.5263837862102714,1.9965545999272851,1.2296530875301688,-3.7125498960657084
1.3826162457224767,2.974505529692635,1.1352598452881044,0.49090302200804914,1.819823244741492,0.8686389122518781,1.5874079718641814,2.228740168076297,1.4768049224894966,1.123752878488242,2.0254330256047632,0.9028200561428386,2.9728173808755165,-2.316209227315318
2.7141854104410363,0.929352247641732,1.932374952971256,1.6863218337089612,1.1498879237437218,1.2855475374789782,1.1017945135720455,1.22202961252111,2.8714759270254566,3.1384227138544105,2.34581238515175,0.4520239337659103,3.1434895043588282,-2.8127256421856024
2.0494803010502642,2.4639378311298596,2.2012056739865025,1.3286851945083271,0.33911617036003494,2.9820590484509877,2.2773587689376633,2.9163974130226102,0.7577886105090499,3.0482355226524764,2.1675787994818756,0.6880369029382021,0.5640895054386037,-2.3963850996220515
2.3441439595230698,1.0149085660045878,3.0137248525861424,1.207413805421063,3.1550170019803168,2.020684478396038,0.7293198684320036,3.0905301056717387,1.8389830568439973,0.7700125115438756,2.677270675897253,0.5668536409739022,0.544750024720787,-2.4609663583879846
2.2785096269975598,1.269474741096889,1.0272410219120864,2.075170812842935,0.6188881266373887,1.9238572682199382,2.9693941249152824,0.7288108204899204,0.4812541858744902,1.874029889598785,2.4089325031214326,1.1568407212746468,0.4545046457666796,-2.343434147416232
1.792859656732335,0.391853579143394,2.105594244173699,1.3501672214222562,1.7879853356844357,1.8238010865720273,1.8017967636524463,2.0225693553991544,0.4074243170186374,0.558276073056055,1.0232039178458985,2.2452450237791495,2.292824491736541,-3.8807401276511575
1.5008993721597947,0.5556891452857657,2.259936788216443,1.7914907070840413,0.6948304393105829,0.951614868555237,0.3367517171232518,0.9105674147023999,2.0996191340556147,1.032256025040878,1.2999621761118951,2.2947521808595694,1.9322188052040825,-2.8022889128115125
0.46900408731053145,0.4060328539322632,1.6361238259902482,1.2752818596148714,1.4651892204441646,1.737574473066448,3.062313666772081,0.36474110156234607,1.4058400956999806,2.89284736441643,0.6123488701017157,1.7877682963561414,0.8597934448004885,-2.950731152310543
1.3981564174952523,0.3304347929488848,1.2877784077928633,1.7750581471021523,0.6900944330390357,0.6402477289890495,1.5681726066236157,0.4080911979273444,2.9583006701460177,0.6506693989351684,2.334461703762503,1.1047181344562467,1.4369548089547965,-2.5935979646172633
0.3365180826294367,0.3242135980046047,2.895847205984974,1.5604685613377196,0.7367380354626833,3.0822055898762466,1.7482685570778633,2.09546514016744,0.8785019445369493,0.8713958492809728,1.1539510961466815,2.53360781724131,1.0660473373034083,-3.1598356316442784
1.624173487456806,0.7994721161453139,2.5821978119838307,1.731963990043939,1.2228114335727969,0.9829980948750905,0.7766836015344408,2.411687788273603,0.3871877738273853,1.914186112156871,2.405137269800168,1.7420368941678561,0.9477417142173019,-2.4412499660355356
0.7930271786878978,0.49998649390148164,2.2642689466403016,0.844590373463868,1.3863565786217757,2.515686183425614,1.8459898666541381,1.1578808253281354,1.6938482805056456,1.3062145394142126,1.9596465364284876,0.600158877882277,1.6997834557165166,-2.8796874969251913
2.9215148994179074,1.2255228837351784,0.7883104142046584,1.979807912064469,2.3730419274894268,2.0911114808778835,2.003853617676821,2.2349983179927055,2.911860973799119,1.9932058199492126,0.6206561255812649,2.6237358087843186,3.0230449762931917,-2.6576201258413854
1.432826580104287,1.5737765308174136,2.7302337808861985,2.0220289927790462,1.129493219288907,2.444872742881324,1.209163850000484,2.7503831939075694,2.673742921981091,2.030810142582974,1.0422701026106562,1.5408057998154936,2.9121653690474534,-2.730312501638743
1.1662630351519157,2.4665098920397344,1.8157329443555,2.143619966270876,1.288796937526654,2.6666463184794407,1.5155643728466557,0.6800309314278785,2.4970216973688806,1.0798785967582756,2.786427415208246,1.2121052598046858,0.789120409265455,-2.3162946830963227
2.161241849844971,2.9348968718613677,2.3403711237689175,2.1533785365821068,2.401165938335645,0.4994233772856097,1.860621785712835,3.097010258263482,0.7072502211175052,2.4116430524028325,1.483348712908819,1.5525185019815473,1.925564779367242,-2.339125140950584
2.279696694155412,0.3667118414035088,0.3491256757521622,1.5334185646732017,1.5785227328878797,1.3894335553773287,0.8356501734715265,2.518026658445169,1.4145106459819063,0.8431697543419434,1.5705821923225634,1.2988052821934586,2.7823274189461875,-2.415249168095679
2.9448552671500106,1.397370170591922,2.510421725529805,1.7113317083213366,3.1471426072261415,1.0010038956628213,0.4371026883453442,1.6325716061801812,1.559736007644215,2.6085514134688244,1.8181150512272781,2.7472551966508827,0.9624409671476233,-2.6921970876609245
0.6123420536558413,1.0714949944801277,2.6088320686135367,2.0939474581312125,3.0842971084634163,2.1346992621203325,2.022901249366167,0.6961861340306528,1.4257001059815673,1.5709728435069967,2.7132500331265224,2.072175511257026,2.121171767983542,-3.5674228723705794
0.586503604317553,1.0957567213657347,2.11923024711673,1.2838288035944843,2.9334346071474866,2.510286169500191,2.6952736022794004,0.787764967950159,1.1777461233286426,1.652738231979328,0.9194142634946366,1.026538250291847,3.030640897046008,-3.5087292235378533
0.5017992177353534,0.6016927458141514,1.3363727793989197,1.934018489524333,1.733744293364335,1.8089088444299215,0.7839325441491629,2.772195152622783,2.895668354363573,1.4705374750914966,1.241858331542688,1.2934995686039195,2.674525668859022,-3.4222863794334346
2.8145355827097407,0.9087250263677957,2.5577619013177655,0.505828722597338,1.7818640950264981,3.020752385074723,2.9245394828751765,2.6725416724704893,1.0623002980357859,0.4123776905149841,2.5205964789827737,0.47431090508358037,2.831184120579927,-2.5241800292466667
1.355437075411303,2.76123623871784,0.9694008053337153,0.8066065921082612,0.3944372620480466,2.174424770543869,1.9609047739564331,1.3883482604233224,1.99690838702695,0.9875944113115451,1.2584296457990827,2.524752605042614,0.9221114581179071,-2.390838879592293
1.0866127542431707,0.34724910116630875,0.6811370641419654,1.3823081414000622,2.956249899498444,2.703152920848426,2.3281782922104663,2.231112203091994,1.2934242430525176,2.6925588946361803,1.7809465438137313,0.9906064876772871,1.3448165837694752,-2.8832879682456483
2.504451046833134,1.5199319438527257,0.4544098734540046,1.4706688292986048,0.48231320451070236,0.7518216048102944,0.616245676352495,0.6939211948331461,0.9319735135736704,1.6572840870570795,1.2024223171494022,2.375445789867742,1.8598693117925695,-2.3420601199734765
0.6949960044677349,0.5656059140255119,0.9393356665653296,2.165757175469409,2.327495268692962,2.9230500765896283,0.9485560729566955,2.0545488684791167,1.4246473326809068,1.150754361497448,1.5950130764497257,1.527087506939275,2.4530031384508524,-3.346177141172231
0.6479765453590943,3.1457195719458895,1.6595693804882468,0.8328762634680495,1.5406904593675552,0.6066847182999217,2.259325514357057,1.1425202563730739,3.0743981468604606,1.9245831248823415,1.9928161632270613,1.0772190038515754,1.3541862176276525,-2.325699249343872
1.370107527192099,1.496976105580286,1.9115690573554116,0.9979868030160635,1.7210732281634231,0.348830109749205,1.9799027363320056,2.524014786333235,2.5619377691334724,3.0940303440543495,1.7291342704512127,0.4274335066163644,2.7270239950936053,-2.3921915358351202
2.6666652238082866,2.6987469851571007,0.7708718227021895,1.6326396295089414,0.4518953083262597,2.9642893099090677,1.0222304464149317,1.3226400114472077,0.9817286510317778,2.2562504903547507,0.7871854122520696,0.5061512484985821,0.37083201289628936,-2.33428273605598
0.4833340286358755,2.844122671049253,1.1978602596162093,0.4786903745719465,0.4271274530992578,0.6625964565620168,1.3369942027537898,2.2992116472558295,2.5249560443148313,2.4869540340724945,0.7722447403607429,2.630219273889348,2.835654231454875,-2.325129825531011
1.345538718427444,2.147975324298326,0.4846851118686779,0.5615343554662168,3.0402909185411238,1.438465498434595,1.2817773479322456,2.631532634865139,1.7064736129817004,1.7754349820990885,0.37100839684349457,2.65182459010645,0.6105582446497297,-2.333884412175557
2.198894469736423,2.7799641273547726,0.41079391439219926,1.7692390395719164,2.164673117087086,2.7484244022587476,1.8207983664042118,0.8567036035269233,1.5539709637155104,1.8581470568341178,2.873812429175504,1.4178566013921605,1.2905776957049049,-2.321598751718225
2.262151095673287,2.2849058054329996,0.5445606903125244,1.0305654989683632,1.0975123295724751,0.37475164910459413,2.83889795774526,2.508473596304675,3.139793113353096,2.725141143552231,1.7858305165173298,0.3940795387401971,0.9426397559230166,-2.3318246979116246
3.0997968761525496,1.1407460731759842,2.2921020041697395,1.513487548677956,1.9927904484259245,1.4712057810812482,0.7903035516686439,0.5827109493683836,3.1255320980059063,3.0282985912295497,0.35631951586277727,1.214322246380955,0.954850377308887,-2.589584937885891
0.8324334556310522,0.6360556362538852,0.8617851982369957,1.0084096991010685,1.9436048654103122,2.7070865766087095,1.3675198554318078,3.013316045868334,1.2869503677538623,0.48417571588163966,2.8074772893309126,1.7992457897948964,3.080115174678136,-2.5836224661496945
1.0897366442118779,2.6866166075883773,2.483567359986716,2.059928956094827,1.6881923444462281,2.683601514778281,2.588482196962171,1.6078121249576325,2.8908871516924233,1.0527092125796638,0.856341526830193,0.7409247118307558,3.0245882060562193,-2.575774947832316
2.3428673846400194,1.0291601502861434,2.8539406398595397,1.1421870469149098,3.1572914770747462,2.271594554277913,0.6969736408860907,1.1213129837736178,2.5847045057364175,1.890662019773782,1.6703587395633466,0.3898675813385941,1.8818050624647877,-3.3976317540618988
1.472463902264766,2.6678058282026385,2.6056679366556326,0.683704558210438,0.6319509992581299,1.9860927448322798,1.147654690211332,1.0905589686415882,3.0138078436435567,0.3215929003110218,1.4688783578687608,2.2638965271528537,2.5188070852792306,-2.319744492000608
1.690332192028171,2.8358008116121978,2.9421391346899037,1.1999629777284242,1.4525814086749762,1.784675585169216,1.4243406717086693,2.190695145455344,1.181239133188446,0.5875878082159789,2.5830798500602006,2.085211268652125,0.36035955723091584,-2.32925105658445
0.38811274033530635,1.457762408910243,2.170317478838054,1.5178542959598909,2.305108903882238,2.3950886053146285,1.9220443515780574,2.5159104594023654,1.2568769255352206,1.8647880484778308,2.3237737271195757,1.492792361638528,1.8502898167735664,-2.6185025955565946
2.240730968912312,0.3850685925330379,1.9366264055737714,0.6669531735490566,1.9366864338287515,2.0978841177258873,0.8199345956784088,2.1253075310379987,0.4039967367893373,1.7393912570794074,1.8070272170945088,1.9861953084711959,2.2298548517507895,-3.387718832537822
1.949724470698045,1.7274446046807723,2.1274961865382878,2.1344018867067893,1.9329273530232243,1.860742750544237,1.5966321247912507,0.7359944428609899,2.2553370176798917,2.069756350783424,2.0071832627540074,1.5465730291630548,1.640455264312754,-2.3983656825444073
3.0142801222764626,2.8898613770485926,1.8841193287157023,2.1226062305860505,3.0988496949947115,1.914726432532227,1.3184665183854745,2.645561437477381,2.8320679869565533,0.4421558909830521,0.7537570683902638,2.0062759816706817,1.7373862723130007,-2.3620619631129705
1.9041157857020923,0.6899380907099745,2.4575260514808708,0.8728395956694031,1.9955240338051385,0.7804816230523002,0.8003875115117385,2.141861828025225,1.4991070811651768,0.38664381327005654,1.8050640177018227,0.9025304531452174,2.6452244510715968,-3.3045753024486553
1.3480672556079463,2.5980482447903666,1.405325698801889,2.0818838045880925,1.6121834308740164,2.171658980992254,2.1460240532549446,1.2770597970303401,1.8963634738519166,1.084410923244087,2.039032472140023,0.5209908307228002,1.2706354567069607,-2.3191195522178747
2.4307332539463045,1.4832849287473964,2.300130684728883,1.4584114885148058,2.7287103622642355,2.8577795936278814,2.9867668913908276,1.5144780155070212,1.7415285280619972,1.3812266722547863,1.4634655416526345,1.9497164116511791,3.08616043395627,-3.2512435937321222
0.8629560782808168,0.8037369658656556,1.5176811868712812,2.1680325300962706,2.9162286351719398,1.0661731181908143,0.7946771435686695,3.156352211630619,1.125190665003174,0.6185525848611465,1.6368947924296804,2.141780702031561,2.696483637594862,-3.689224969334437
0.3475496721596443,1.152677472408439,0.851899643325317,1.006633913835102,0.7513889770641893,2.246813936038339,2.716578850357911,1.5307416404449916,1.3224293394474518,2.837496693907087,2.7850274536730755,0.8435346367684888,1.5187061084187237,-2.3244869148379985
2.5737573153043374,1.5613049632682359,0.7910468129059907,1.9609563035461524,0.3406913310508882,3.102078989413126,2.6428832320081965,1.634476860465228,1.972567365953067,2.885274732952227,1.7913337869796297,0.5835748644524434,1.329979050328826,-2.315985479683993
2.2848936846250547,1.3871249643812726,2.7003617045741763,0.9503400024382636,2.7074417274842233,0.5518424872244705,1.5347094699080503,1.042929732143804,2.28891851093838,1.3398114596127042,2.403056022774045,1.9290385822295288,1.2758020027602768,-2.4098368380047575
3.128551388509861,0.9581853810961976,2.0383609053506446,1.9648497859006495,2.742639023302159,2.8421390243542874,0.31625745558087553,0.9985852754627613,2.5820575014054166,2.0812264835840746,1.284915078281125,2.455577477951119,0.5953875060146254,-2.5779984225872004
2.5596236974584246,1.9643816607028959,0.5043101551814921,0.7414777865254173,2.1286800127380454,0.5424626048834501,0.5624548678856516,1.5536356048367983,2.3543460008809403,2.126729597895954,2.8627440493680254,0.8113914935751695,0.5626619855018842,-2.325468980464326
2.8556550650114643,1.6061762384739797,2.8786903907258172,1.7504773050760434,3.105466528252734,1.516240310224929,0.7797488894878443,1.3620779456571301,2.2388682201078374,2.841851258958501,2.5406606031689627,1.5961152488452413,1.9008902215749053,-3.1135898776098854
2.6870677793202975,0.905250127328262,1.6483743722720283,1.831996661964326,0.9047167902089877,0.865441566958429,0.34856937355738976,2.3845757287084126,2.0848525451124154,1.2402621751999543,0.7201925285325533,2.1238588327540455,2.8827385283128923,-2.7060797907919234
2.879396214330584,0.8714439511025325,2.188064905829758,1.1692217610251479,1.3422256952256963,1.1091422480614461,2.8340171479376934,0.6024024362672242,1.9720811424817408,1.940740703762695,1.4089726603536985,2.3079385608516056,1.5274944419515277,-2.48827292576335
1.6671772737250605,1.7823273295628639,3.085321969485477,0.5494574678027682,2.648545253811733,0.3259359753790132,2.8563093151485774,2.35081227512755,2.135242347695962,1.7595183612207603,2.3514831234217004,0.50799371328672,2.5950243664427655,-2.443562477053674
1.9449161994337687,0.39689502351981615,1.4738480163942285,1.1288219197959548,0.5776118085111785,2.1590096764736617,2.96445504836469,2.0653658450619505,2.8975026716344314,0.6640397776421082,0.6648897617139236,2.306271519639866,2.4760370704141934,-2.6145151869925773
2.4051571774423923,0.4162605773046584,2.2927923241180834,1.5388495387774677,1.3300172764414302,1.713909602320002,2.3127685917628114,0.4478906467965545,0.36043325356551614,2.999885198728885,2.7021868064208157,0.8839083057523365,2.8113630596933654,-3.5972284648793957
1.7962850766342677,0.41181790914301875,3.1014000462057094,1.1340257219982728,1.5834137389218175,3.036619022489572,1.6143422017850346,1.7727485611254246,1.8599360957108921,0.47155728049256673,0.423868279710521,2.641690204384171,2.9754165791849223,-3.967965348700923
1.3603343744084557,0.7570543554711613,3.1544970989658645,2.0354982780994364,2.3094472518921627,2.872235476028439,1.7408591695929059,3.120678810671129,1.9859561843876428,0.3307118715333028,1.1578992555859595,2.4357953616422066,1.3552164555325321,-3.6632218855970486
0.6724796470818016,0.446458346900354,1.0013479789752537,1.9658343602844834,1.3279536777902599,0.4369267258349365,2.4146534290588084,1.8692709128382266,0.6891442580407124,1.4465278282743754,2.5161452975627236,2.5384074517710404,1.5981939232206641,-2.660113192884628
2.826521770243387,0.5150843471927986,3.0524037351037423,1.6251439298521606,2.413104310954415,1.990667043556876,2.228075139956897,0.48713683492351856,2.769752171943954,2.898804059632517,2.6392774706700077,2.502342023843092,3.1319637253901873,-4.212649628036876
0.3393959197421975,0.5388452160439026,2.6765531292181888,2.1404968213240565,2.2899849223658504,1.6756487330953163,2.3064499524912283,2.594517852211521,0.5059659485040215,2.2534755454013817,1.8818239798685925,1.3177492128586707,2.193591327851508,-4.102008047129328
0.9963022838481876,0.38916933162598727,2.114180428975676,1.3555079699315173,1.498886958964508,2.241618664793472,1.1839424963566534,2.9731476297438646,0.43816140663548203,3.1094016120070243,0.9608012165379838,2.234797210897921,1.3663238807129454,-3.49056645078999
0.7204502336419865,0.7308290653371801,2.8571983457521233,1.9998423080256122,2.418697255618933,1.855798730565957,1.3242459779590088,1.4911426019238363,2.9246994664197983,0.4501915933821301,0.4992188088246389,1.7492380962913803,1.2857687087537704,-3.711984830948415
2.2169326827059677,0.5171020502399846,1.3725618722135327,2.1268025678957145,2.1212861046709683,0.9623997186503206,2.7291666405421973,0.731109715503816,0.5727530925111175,0.4062589361208637,2.706519842206232,2.5184394699275643,2.5378672831251388,-3.5616402413970416
0.5072666422687,0.8746898711121307,2.602212804868935,0.5423047507734344,3.0708719176370183,2.851003425549007,1.5059248843459403,1.813699282927565,0.8930279602384814,0.5745418608875904,1.0588631194513576,1.5919150084724925,2.2893634023994176,-3.2117415697314473
0.9200779288734668,2.3466246089458633,2.4273457229722326,1.292659693538222,3.011437941097915,1.028287270449222,2.2474765105281627,0.5292102349657509,0.6374021110220045,2.6622547629746256,0.7684940763135759,1.521606249501474,2.4307594385635953,-2.829302267107042
1.040234985145326,0.5634159389271552,0.8333141948778509,1.5763592811130749,0.3798076003500007,0.6281334336845847,0.5947018832471594,1.5394895866944003,2.6681870199819318,0.32771562573300245,2.7650922042683854,1.8438487885679722,1.911431582733977,-2.321680435730961
0.9824548418855994,1.3820078929703286,1.5357156880600398,2.1769231539304017,2.9143099984515106,2.1861627745978547,2.9408108935903585,2.281826250882092,1.1405238787427854,0.492159184997757,2.23509063706081,1.8044910643383143,2.5274314032135488,-2.980849976233801
0.9073469365166746,0.40896822257256454,1.751657025382904,1.6835475574902707,1.5100419538312901,0.7236588830968467,2.8536907900959236,1.4121542520744954,2.6181115049555284,1.1126777968044332,1.471167565446299,1.9839181556700893,0.36845193802142173,-2.5497462474720396
0.7845216762048115,0.37912765933539905,2.901394680869228,0.7518916506869994,2.3433961316805534,0.7615516148613231,2.9046324228527474,1.2756189223062404,1.8773110108929045,1.4268525835706856,2.2825576971073236,1.4841820090534519,1.454278140855144,-3.5586510379334224
2.374321594205375,2.7101745724713098,2.7274713340496892,0.926751356628251,2.9210211091163654,2.874404539975862,2.0121342835335154,0.8504428392368815,2.608559401257628,1.2308206132016974,1.8615187604816827,1.5532942087013673,2.7712354789046447,-2.5414790450150666
2.681093151754176,2.751245844625904,2.972882735941306,0.8276487838352075,2.78417634952294,0.7793495399092898,1.8636059976654318,1.9340754427349993,2.3253297140601163,1.640372742550744,2.372550836597693,2.498489781375913,2.7857214326097424,-2.41395468012755
1.2406332890680898,1.3459728096007664,2.8159982679001456,0.6878039021132194,0.5124478554025886,0.7574180580606902,1.8523324933608045,2.2354414078115794,2.1577482417570546,2.6562890990179002,1.4227516863180834,1.5081949602087539,1.9945701603174328,-2.314680646971395
1.8529772181428614,1.551949462398199,3.149774616965724,2.024149375616873,1.170948642850732,2.193096313571165,2.842449979639693,1.8753013326396104,1.2349660363989945,0.6837725748437345,0.9413220159377813,2.062498742443463,2.16367392035002,-2.6578281597166478
0.40253951557700296,1.719915736473284,2.0359190529376248,1.853782969125765,2.1750211002013797,1.90417604691181,2.1368040845980145,3.0592250682633084,2.590279295814249,1.541940812897801,0.9812638581651293,2.7014571453992384,1.3087155510977007,-2.339180862582699
1.4950002434314549,1.9948314107426475,2.5023667668955683,2.0568370586487235,1.805089745370597,0.5746651063645538,0.7598085214857726,1.0002032826179765,2.733685669499797,1.8510739908563805,1.9455315798737263,1.942032598237931,2.737959391530067,-2.744351185888501
1.14224688091652,0.9345377931925765,0.5146078068324107,0.6975304144954092,1.151380733140546,1.9265195310589465,1.3873932273703073,0.5815041670956986,0.704033155960464,0.5926327223747909,2.557386186563715,0.4867208391980078,2.2158867876835964,-2.3126816031037776
1.784403726943988,1.7130425042037543,0.49782889376131345,0.6860414526057644,0.3826355498334531,2.7823196882266545,2.7760552827602667,2.6679811156745346,0.8560355877293564,1.3961277160544456,2.4142162331817145,0.9595553935433998,2.9550629514002256,-2.357142849510214
0.41213421199664657,0.8615964232812316,2.182759398027246,1.6897996195565437,2.29421863874,3.074899798221939,0.8555785435076533,1.3940414510463248,2.177777716390474,2.730010789090736,0.3518817121179822,2.2824665004555738,2.8752244317931597,-3.750262609496469
1.7146262671432213,0.8681815213743838,0.8417678340527135,1.2400135235033245,2.5052614926583043,1.4681330549531506,1.8738705148594033,2.388545341427151,1.342707828793413,2.8449904001243875,0.6554182554228615,1.7780457732533335,3.017841821559581,-2.9156834358970887
0.5599635893944284,1.2663413785761728,2.8413396960673385,1.520119628791631,1.6755244779725227,1.8273972558338754,0.6102297614076538,1.1998663052335112,2.9494177674585176,1.911969339380631,1.5558350998614863,1.5824967626959783,1.3813713651843922,-2.6026038305193864
1.5729309129155569,2.63962977586872,0.3633566567033903,1.2426115792270869,0.6371038708875632,2.427245059811247,2.1940465629206884,0.7400860810469193,2.6646202381676725,0.7500454381798362,1.8874071600489175,2.4073523711253486,1.7576494954233781,-2.3386359586288914
0.9471499277992508,2.537921439727207,3.0890268817322695,1.1170849092011699,2.1408525812873354,2.5926176549689894,1.68276648160105,2.097208380179646,1.3049114851742625,1.5038511517106452,2.7236177516375903,2.744069419907857,2.9838587795815177,-2.4715031715742404
2.4874929264857255,3.1225942197317877,0.750209572784607,0.4599664629550414,2.3600889813582335,0.6099393172200711,3.1460563609767993,2.8601315166366175,0.3727362932312187,2.2330140664943543,1.9140425135189538,0.5243494332536103,2.602376126080737,-2.322038178970192
2.5561522935224286,0.45829609725645304,0.8114114102661327,1.14164856763423,1.3004368880795292,1.9604840478252825,1.8273293380995768,2.5401487222960326,0.8527164987755802,2.6713477845887463,0.9970344047261942,2.2535093225484966,2.589973194701471,-2.7481280101405847
3.045522619579644,0.606896214626849,2.327747941560859,1.0384422300701293,1.2070337115185175,0.8451513698724527,1.806119846116242,1.6461938434021874,2.1894286412755606,1.6737595485070205,2.497687766156,1.3440426666692256,1.258253236373645,-2.457063837783436
0.9356823088452924,1.5808834393967048,2.649974040573834,1.2668459004758528,2.1874230257386564,3.055262592823842,0.975569581705257,2.544261080107953,2.472091793967527,3.1357700351391653,2.4756395268588856,2.5644368186805195,2.8916917403018942,-2.90209402615427
3.0113335143049578,1.8196735241818223,1.8018077551486125,1.6016367531908784,0.39675200394303833,0.5964997987012549,2.0727174608452654,1.6832779229053259,2.4074899563383756,1.5599360074341162,0.8660216293825024,1.3307537665594626,2.928804415255616,-2.3211039560235487
2.2490439886753286,1.4805215731959591,1.4124846469839776,0.8417961427050502,2.0337256001286232,1.8916972899140203,2.779054984246586,2.122300074339737,2.5598032246434714,2.5065023250552403,0.37643506464323373,2.2044347318320754,2.8712153569952847,-2.5321029873232437
2.7110292561065554,0.38132527817772566,3.06908858550811,1.92794973867029,0.866669625006576,1.1008497006503346,3.0983890002058017,2.1317513617780146,2.0014739330844975,2.9390509855396574,0.4007595609022989,1.6001539383702086,0.8102003794269959,-3.257247222530662
1.4255565657195246,1.408537371773135,1.266256271849872,1.8255448343168175,0.6763494634601295,2.6638698211784053,0.9717429635619779,1.9034687450990262,1.8164465217327446,2.4633293865577395,1.666161624403074,1.4542511351682863,0.4535822675645381,-2.3489528999694813
0.768025745904388,1.2991829327220676,1.680989045051121,2.1219562146976223,0.6502026605667439,2.6533837049245252,1.9382690772406286,1.2305389342120845,2.803583051828822,0.5367095313928779,1.6078965702511812,2.182410269064694,0.92430402834372,-2.3166764947498515
2.230245366507009,3.043084923803595,1.970155136837269,0.6335389154778219,2.06331489487505,1.5652148291048527,0.8521355365948975,1.212896166638198,2.3840613278505196,1.285074816647033,2.262503813875715,1.6889682987627257,1.3413495465722884,-2.3138762186761466
0.9637806809284426,1.1388968757194908,2.458762855968531,1.0515464670514778,1.2712255069558431,0.5912606004006707,3.0679630646518565,0.6008255976913135,0.34345984887685166,1.6255990480271065,0.48935643175108556,1.5297696339236106,1.6482831823485482,-2.408315757710344
2.3043071306959897,2.403519503253578,2.39309368020126,0.8497243790870121,0.4426878993679385,1.2444362686362322,1.8238441887345258,2.107394124119382,0.7733549816130528,2.3995476221440843,2.0415221409607804,0.7598982333979871,0.6350422444047985,-2.3648682011113737
3.1568664676487774,1.089057284869704,2.4769379304737664,2.1707583837542157,0.937717027712704,2.414214784774739,2.262313504447848,1.919663868371943,1.568660414123209,2.56798220429026,2.3164983448461323,1.7756582390879945,2.6871738947432204,-2.6767068500830935
1.4852210868148839,1.679887681303726,2.992479434801216,0.8907927719443904,3.019753528637761,2.5082545624764196,1.2153719680284132,2.530902587209544,0.6139971259065462,2.550854102722531,1.530875841006707,2.040355554896476,1.7740406314882409,-2.7550560872226493
2.2592385563269204,1.1988376115740296,2.6846896710345045,0.9648444905922622,2.0011375271911906,0.5165085235576752,0.8153006035340371,1.752064566175378,2.4816909201045103,2.5599059731543687,1.0658489217745495,2.0315464784281585,2.11773761508091,-2.8816686299711267
1.1258942405239987,0.7920701322242207,2.7566098390594758,0.5601662869488426,2.7044751410136523,1.6533713301211412,0.5995035274500501,0.9656333196928344,1.9809236880657692,2.4471288521198233,1.797069837901451,0.8887061749143845,0.7350983555380108,-2.3823540327681343
0.7780814225415498,1.2210135127193085,2.617336783020078,1.2204116283379483,1.1781176669918765,0.4616597927407158,0.44775345351310836,2.0130394439828323,2.807673502174514,0.43966393135917026,1.8962905337559899,1.4817260215570163,1.9563383591664296,-2.33413592785396
2.520118461020415,1.122371029433129,1.6528853029688544,1.2677815494653777,1.9185516498377562,1.2496259146280586,1.1547325133322202,1.708183030806228,1.4724755084300347,2.770679009970908,1.9936049409218795,1.2761291142533715,2.6478652340495197,-2.7333785872565715
2.4806595213894873,0.34271988892872807,0.377126408946458,0.4821329995147423,2.2648145469958982,0.5851082811485485,3.0658514433136035,2.7073298629377898,1.8626900160402058,2.4534240936419742,0.9268707732086674,1.9936324844802797,0.7610290355244715,-2.322487781486088
2.116603427093744,1.4183649908427318,1.8455965068631297,1.02593302114396,0.37265300827281417,2.08735529880343,1.7083702050947647,2.3256048146017583,2.971030694502993,2.3010010417439815,0.5634812665270961,1.632648421176542,0.8060912140617196,-2.314942074400583
2.391620648245561,2.0086575838457503,2.6589898927147444,1.787356465616392,2.630882581959075,2.062055373251348,2.2845438996744307,0.585994570701813,1.443977415602397,1.587889583440712,1.722589070866738,1.7198028533214924,1.1632680684529493,-2.3671695512313202
1.0838229056234434,0.6868153640219958,0.7475306605900192,0.6192969812593109,0.6803098045276876,1.7881816548055702,0.9867506734870601,1.4437869411794415,1.0306326334861171,1.147339739276901,1.8987963076100374,1.8295564234471124,2.2230149270962993,-2.314845952319186
1.423632198915023,0.9905143351248027,1.3426309776962544,1.4283446251714582,1.7487751738667772,1.6782759703284047,2.9078893400112498,1.9733717100179737,2.6884619743858855,3.1166283032419226,0.6660355133900463,2.7307449384988125,2.666324181326027,-2.839325831175693
2.7068363831679756,0.5021555068441352,2.9376783855701505,1.8120028178314151,0.32160561697296336,1.3626310093323752,1.8761894017572824,1.6228728176000775,1.949307474282033,0.8975066503462945,2.8312687952991187,2.3393845447111903,2.879150660095948,-2.3428373548310697
1.8602747396125427,2.9818068209568094,1.2144299629341697,1.455130209260594,0.5960695541356353,0.6464070334395264,2.0242779703629776,2.4763097807561274,3.1349341222672154,3.113035448686026,1.4551734564382126,2.3706517347866622,2.4841623007075953,-2.3205639231424917
0.9771323006852835,1.0615920400899848,2.2753872708865663,2.0835918481767415,3.1313714481801025,2.3003076638331437,2.3419831132625974,2.168034972781825,0.37947589363774337,1.7433448550129478,1.5812468403688755,1.5609054699998077,1.5892304710548442,-3.358095524191587
2.1334947238369857,1.9190246935437731,2.5668400278139205,1.8875060774583263,1.756815188318321,1.0508123679010264,2.880583616251048,2.635661297809998,1.116004657353749,0.7673272579383483,2.053112144717115,0.8501561961114232,2.0433383833820797,-2.4630021557845936
1.9459460318976718,1.3685441248902195,1.0137699722608782,1.9950638863848285,2.2838099543033796,0.7643891905597799,1.1589742189045769,2.3671673192875424,2.441434061911451,0.8386054666040221,0.426060660533417,2.7341049059652027,2.322152588096131,-2.56789078157392
0.4432603388107862,2.0931280581092118,1.9663896486603933,1.5908133931208535,1.9848424998267404,2.2643820014048788,1.8368504067749387,2.4207170415169994,1.907584183895746,3.0376178220447256,1.4127545138482889,1.1222023438267135,0.7519800072092314,-2.315330684828243
0.3202631900544195,0.5478630368244364,0.9031910158667669,0.8014976156942801,1.362574294756602,2.0363284734456757,2.0572876561538074,1.6121598677200915,2.4281187806624267,2.2386099059987745,2.8602847684012715,0.6758242787715405,0.385866033843021,-2.3264325024907397
1.225967350054071,2.398333627431205,2.9434149434463186,1.400775577180947,1.9505510751482467,2.077617423565767,1.906330211415064,2.6869588913992533,1.4671490542820753,2.1631133546898393,0.8784019194800465,2.241173212416238,0.3893274333003604,-2.314959327889781
2.9929370772803296,0.5087962436434117,2.7449606975423144,0.9559738758129188,2.6324878255468898,1.5824156177523792,1.3828469223562467,1.8025207554997198,2.304953355968894,0.9645334501053464,0.6516034907496455,0.8585780423843079,0.6600579036350269,-3.3548984659266554
2.5121685893769135,2.0727997529996984,2.662638939191411,2.1634569707184537,2.4732091710368493,0.9012221575249477,1.9890269355627739,0.4563323271259261,2.299425850924898,2.051230990031876,0.8464500755894055,1.517903371365375,1.4561417366129308,-2.6625308408054655
2.9020735378848954,0.7841714802905173,2.0527023718503763,1.935935734838842,2.8288004163709606,1.288310111743538,0.4097395243762643,2.305332302467189,1.286119186885082,1.8872727201467034,2.5020467589068334,2.4864393564006417,2.8946753304022534,-3.8560740023138464
1.3161908055274625,0.8404053016769042,2.685988659893537,0.8108616768662913,1.2398931115135683,0.3628099481525802,0.8679297409799955,2.689452613598813,2.5399714553560817,2.5620616793977193,1.6428100800677312,2.5019796904955243,2.8194649225701025,-2.7633483002999544
2.396315820349078,0.6128892546604464,0.8075747533512347,0.573620787080291,3.0876183463818965,1.6520414649218267,0.9327183142888946,1.929167655773239,0.6202043331840909,0.7546273047974419,1.5022247254277683,1.9105722391727273,2.274201134515299,-2.587548247202421
1.9649609424247845,0.878372320918712,0.34386560757618395,1.023793443874198,2.007412188565043,2.4357315964626403,2.550697040936567,2.3795598238901103,1.3851926692090426,2.00224935552943,0.8849114198525079,2.771479967866633,1.520819936857923,-2.320938093002163
1.8691870611193173,0.6982985424017658,1.8296668994269647,0.5805934760288941,2.8130116029869034,1.9841104390228892,1.9918786002636077,0.816456752913642,0.7211825821103506,0.553505548185668,1.3210255323203177,1.3519696206294396,1.611396109702544,-2.830250062204552
1.1749696421290328,2.000994765453187,1.8749073624114774,0.8608094104210833,1.031875935227481,2.864539923814351,1.0896053490089759,0.5541332172892383,2.2492998628552834,0.7839771284720953,0.5277103805737526,1.4155361113987366,0.6707714862077467,-2.3207215591389647
1.1542642776911487,3.0318445816859874,1.8444821211692426,2.0232919734490995,0.8610501746494095,1.770998460308324,0.912658113749522,0.5075562290360722,1.2395796539979722,2.4758976033973927,1.6042358373124168,0.9321137053040964,1.059643443060337,-2.3291095856754636
0.8658415757089217,2.617669238861646,1.5784404300958659,0.6384679367103443,2.878749435846941,2.364986634184832,1.6059676791594928,1.6200829974941877,0.8556135583327671,2.1313983023832708,0.40874540467973935,0.8151122660442435,0.8620772362536864,-2.3162636677621826
1.9901948451564195,1.9972931406555234,0.5616312001183317,1.501616533549107,0.856820298708969,2.118498888357838,0.43336730401220347,1.3277948370221535,0.4177355136668234,1.867296253341129,2.816543609914821,2.433540073616567,2.014084311990623,-2.313953321754948
0.787599280625624,2.2269257752840663,2.3649482583881483,1.1248067735602723,2.302206070324142,2.5438281177778537,2.878147232728358,1.5206739519477543,0.5676049512573729,2.7836398899806034,1.8736869114897157,2.5412197861082544,3.058440764525399,-2.5810809963848325
2.5961019816009165,0.46500347584517476,2.9031224080234956,1.4853441877630393,2.026730488351212,1.8977556001775544,2.3239328788426485,2.856719027687278,0.43144686045270914,2.916440404597505,2.076692524118651,2.5126826780706297,2.064808707004324,-3.8986433684903683
1.7809547176567944,3.0130818615484745,2.847500106391125,0.8077538588603455,0.805509821276079,2.0088510174526726,2.8493419211443767,2.8557314818602673,2.8449262720744417,2.659369786272447,0.8485212514914974,1.4268758071224552,0.595736192951546,-2.3229985950088254
0.9296513445463226,1.4770978868513462,2.7711778738446884,1.8481847250481434,1.1989946162546075,1.9803158061413386,0.8922395634276923,1.3016541631493224,0.6801516105117319,2.086987030401979,2.2040222470423485,0.7117411748468399,2.422318767481843,-2.554426317850031
1.6976413332189941,1.6294545979883104,2.131285993416196,0.7709154731296881,3.068879517573841,2.63055477783418,0.4644266593576627,1.0698059911047344,0.41089843286866035,2.211277169956102,2.3107292379160587,2.061459313125921,1.9049420012525797,-2.3911447471999416
2.6456581529553196,2.0227281633387517,1.0381410077733881,0.6021283549867971,0.36441921698606095,0.39675895517657284,1.3073224812263653,0.9508601730506914,0.6415174146692593,1.0154885138850909,1.3559356027634293,1.5775689248400295,2.3448689803774787,-2.3358131210348594
1.065028105145323,1.9561108979335111,0.9887117065431141,1.5721009315110988,0.34880181187101994,1.8663998387997047,2.0968010273431634,1.4599235085381448,0.3570692035924302,1.8936277753540394,1.0406739339473186,1.1804014243581746,1.4791219530071629,-2.3135205681598277
2.0438133478190337,0.7756736969924011,1.1859379815811735,1.1854096644708676,2.8013217396704517,1.2419620240498264,0.6656883101255142,2.121042287293063,1.1803928711963718,1.7798815081544048,1.2304267535601268,2.056936529193398,2.718863924950167,-3.244762944519905
1.6197684489618003,0.3269752321303472,2.5345148221685054,1.6063434673959875,2.545816935846872,1.7454143243612168,1.7631594915919262,2.870866473830953,0.46163756334558814,1.1297744969678007,1.48680880833612,1.4515454316494334,1.8070916737984144,-4.428821433036858
1.0596330252986434,1.8277164987229892,1.2299775740030114,1.7533004999608839,2.6780543734682847,0.9421984298821444,1.598308371622596,2.275933057408016,2.6100888768126858,1.002806638173465,2.6903851104626053,1.3458538535304732,2.7621867984293345,-2.3869436755137072
2.2277570062866627,0.6229440163074029,1.7864390286035543,1.4621987660135547,2.4802381171899,2.3507126963593334,2.303649273448912,1.8950942534222386,2.585758734390467,2.543943889174645,1.4305462671496327,1.1652915078257606,0.838740258589826,-2.895060079289169
2.788533332920341,1.879726235764814,3.1118366116455993,1.958818276193015,1.8975025040467381,0.36980842254796736,0.5168234385808071,2.6851326845495236,0.49701781916387777,0.7961484601279265,2.314267708264639,0.943483299684647,2.4053796076216942,-2.8495633296504015
1.8335169273526561,0.5444232339473036,0.9656067736867073,2.1573269746468062,3.117908549659814,1.8027921406198024,2.547100610566344,1.9942521150928965,2.7276089473999683,2.9226934120597505,2.2778664552181143,2.1089113169118336,1.4051129309108386,-3.0245840782961806
