m_1,m_2,m_3,m_4,m_5,m_6,m_7,m_8,m_9,m_10,m_11,m_12,m_13,log_idt
1.0561097039981027,0.43351306081358915,2.6278283708271637,0.6594499524029731,1.3041012762232527,1.4863616319969581,3.0798162451724793,1.0832292144433333,0.7631273051873884,3.05746001586151,0.48060936792342945,2.1374316775484568,1.2313448124554338,-7.660800373188143
0.9261031630130747,2.7367773841686227,1.9596574794050456,1.2284965184111116,3.0330169946733387,1.2150674565699453,1.7117812937256236,2.1465861818570295,2.740722499970891,1.3643595233306958,2.6189896379090953,1.7524804308857274,2.6176411713302574,-5.292295166113649
2.765571386332335,2.247282025174739,1.4483542416444017,0.5168816696945333,2.047336499498026,2.724821850479428,2.7668386126662248,1.0095061194051838,0.5449331177270387,0.41086837024121337,1.2922244646107772,0.6692223316833932,2.635787244127149,-4.122077944710407
0.5740623107656224,0.432621535444703,2.4674725374756337,0.5572821103840115,2.1961105643353003,2.0677781497414913,0.7709705879053765,1.7065854236181264,1.2502618981705322,1.3158729402193194,2.2239655960983544,1.4082372502571239,0.5593652768515484,-8.081082953731041
3.062877348605776,2.565421652909783,2.4143300203492273,1.5305609757959278,3.1213338570812104,1.3336794679338668,0.6687932974608675,1.6106644460643345,1.720402130675051,1.8815554901996554,0.9047505935510436,1.2622898031896475,1.9533973771199686,-6.482016851977651
2.696205971648831,2.873715183787333,3.1033028202853625,1.2046344243288711,0.6292138030683405,1.9512541953093985,0.6457877239695238,0.4145263081043252,2.4935612581932287,1.3870687847897727,0.8077779642816638,1.794524841278069,0.8747923691744317,-5.1735513391352494
1.6200766067317538,2.7204224338594356,2.888884372356396,1.2055240253560842,1.1078166717844942,1.9746650473687193,0.5710911848851874,2.9023657164173735,2.9432066997141364,1.840951595376429,1.679717601892792,1.444766899758462,0.5712242679510274,-5.730259565807608
1.5162684165652618,1.6510551599244019,2.543078162541151,1.858730849762627,0.8256964180122663,2.4230310912494404,2.393534177349965,1.1049132802584756,1.824040009525489,1.405814950958554,2.85140461711583,1.7626132615552519,2.181260242303654,-6.59841649255396
1.74991568975337,1.1352360393247698,3.134991658231324,1.3238040958132973,2.0741913180585874,1.8775814117717713,2.016912712352176,1.8740772399112595,3.017964835853571,1.1405302314108512,2.1058252204169583,0.7679929705039921,1.4023662458590342,-7.866945043200174
1.9246901485305958,2.044040016734574,1.1949532310941438,1.95587266495851,0.9795243021123852,0.4587663572526943,0.5091679367559581,1.4637916578922652,1.240627271708595,0.92780484477223,2.9095669329381844,2.723216987555625,2.086610958085016,-4.166419378247651
2.069542296081685,1.5484141975769121,2.639390642755411,0.5298945036428371,2.9215216089236518,2.0010476045565198,1.2328460998957953,3.013171874115935,2.3101837493662534,2.53322303116637,0.5783461316342025,2.369738445395472,1.6018219725603196,-7.018724033650797
0.8096954085677746,3.0941708266881363,1.6122246204192177,1.9326102270736327,1.8005626709027145,2.003719123764537,2.9847685808151687,0.35423889737329894,0.7125722218420618,2.697940940773724,0.43894604035651785,2.034991065889708,1.9835215665993755,-4.230765492686892
0.5615011414185,0.6215837233601351,1.5874771620528396,2.0717533320928134,2.874466900809553,2.8075240512115407,2.0189453244430373,1.4826531544047268,1.0861292201291373,2.764032027386836,0.7435301210759696,1.3010907646656504,1.397056828695249,-8.55274975399517
0.6167130455430319,1.9732520572220054,2.591130690851781,2.0289280936486938,1.0686811896729118,1.3762857899980898,2.8842825517888366,2.8273156507873325,2.042305175116785,2.933167872860065,2.801864022926213,0.631480960649821,2.370853681981775,-6.424846929905562
2.6321767556467166,0.4517365800242176,0.45508071489161545,0.9332519862819437,1.9029958026274447,2.5461222736355182,2.9747432801579454,0.5041415262409662,1.811908009998671,1.17660846865954,1.9570031283772797,0.8308776666479105,3.010292455764762,-4.603138123282688
2.4588968314187594,0.9484734199971332,3.012718478907138,0.7033505178513619,2.988633663070838,2.23602155820534,1.9151988572212073,0.7759458910558948,0.8288595668710788,1.4804727795042167,2.1517259013744123,0.4979494872579012,3.0351125622724164,-7.842712431011582
1.3946708732091193,2.080579306391813,2.0805880794131495,0.8558932603515785,0.7183771369034792,1.7568804097045,1.746940995911751,3.1468988711684864,1.4592067774253463,1.525905007089349,2.2004814420604495,1.1120653855687055,2.802348122928107,-4.8430467285453105
1.7421971800352873,1.8339441258864997,3.1410407388840422,1.7769601857489317,0.49695045539008403,0.31624395659509086,2.786107952988704,1.8978575574017615,2.9334481243477706,1.5308743483257625,2.1237186860961383,0.9541692377542943,1.2139826149930728,-6.194407488524858
0.5661402301922627,2.1612208458438547,0.48212092656508954,1.773783308977428,2.4240331671080497,1.1607796601308644,2.906020926952334,2.538551965153383,2.8847012002175303,2.406040730409021,1.3701446948282563,1.4469663131049164,1.1832187751957322,-2.759888599581391
0.7642670736501986,2.5556052537363727,2.609380078352049,0.6439739095058894,1.8356820159225598,2.110649515423806,2.197401735753015,1.2147564089168106,0.6611325660263729,0.8775397187655691,1.2279510883733695,1.2570955719293828,0.4471418095123095,-5.441404476863909
1.8658506387378635,1.1598304234583134,0.9597855540489117,1.8808527981363374,2.670612022966202,0.5464224044925575,0.4775685266966763,2.8168795823934833,1.5049991237576121,0.740190807276375,1.9030638487437868,0.3632815702676769,0.8483468016763764,-5.906039969807297
0.4468105488411882,0.3571653443542336,2.754118001044061,1.4432339453582026,2.7104022226163544,1.5533947428310844,3.0299337455169457,1.7107050424252574,2.065021764445757,1.9208659052480734,2.7922716544503094,2.6292744919289053,1.8981119680768122,-8.836707094702522
1.0677121971884385,0.5535633119504684,2.4423940591223605,2.103097224259307,2.3932312756099785,0.7274681997509793,2.2076566412836613,3.09217552101989,1.8325911885645096,2.139096976112463,2.605422418116964,2.696610957992608,1.7617604833284735,-8.733895331904087
1.7573373752811734,2.237513623210233,0.6748983615366875,1.9269176407493347,1.3507536322708746,2.6257466285953344,2.8717114204582743,2.971152741715728,2.034634708992884,1.6710468072904405,2.116709223593981,2.551442900363963,1.0248756619027197,-3.0135673953867017
1.7223866056363952,2.5265033242827193,1.3326412333382363,0.838929123746555,2.8540457113705933,0.5258974949433923,1.9029376113264866,1.1725534478326654,2.1858212358096263,0.3634603274565862,1.2983362617857033,2.7593378935266966,2.5661691342676476,-4.178033038927195
2.183366580298293,0.9272070220130137,0.826629639412656,1.7136217651806818,1.6191423719964066,1.9351804315312744,0.4276272869315614,3.0258251731769286,2.0177889924947436,2.63420857397049,1.784103433659395,1.6353631701863094,2.283373677838407,-5.787917418908745
2.015529189204968,2.254203722628078,2.436995807016506,1.5670495518316965,1.8612925984268736,2.4491186052004483,1.6729747467042255,0.8708153915667296,2.6005695667026503,2.0733281328287023,2.1950090524265997,0.7040917536443254,2.8286587893880895,-6.2601440969342255
1.1202971881140784,1.4125808481741606,2.407595431368309,2.1135863387209084,1.4405691891172254,2.186638137024873,3.0751002523962123,1.5011276423861313,3.151917666780772,1.3587187828667704,2.3533569209103957,1.3590547444210217,1.9515390696574964,-7.3588513649277205
0.620248389261266,0.8481474531263014,0.9350639875785627,1.758812126349551,3.1437842796741315,1.776714691354589,1.2872776978087492,2.6931221067791493,2.0227034090719416,3.09886020947131,0.9579444866956769,1.3379545948473643,1.2212857902941685,-6.685620601536671
1.191713643951541,1.925403564499627,2.63104009992073,0.7070096661741969,2.2682637434995163,2.649519450603656,1.385295238526602,1.3707342211903237,3.0763092990882916,2.281410288431169,2.130015459140642,1.8471847437333329,0.9184057172356639,-6.561683662288767
0.530960202445983,0.8071348080996774,0.9487786411269339,0.6534302409699554,1.792031265188251,2.245506711929924,0.8399618137253402,2.034238795531656,0.8079785722777548,0.5641433804645877,0.8013691243403368,0.9378425683404954,2.33527023792102,-6.116843792903478
0.34977065693699405,1.2177101237853998,1.8405878064705024,0.7993266094155729,1.8677708948127918,1.2764771775238173,0.3988444601982421,1.887076902901329,0.6515554120888716,1.2507373244893552,2.628490304437097,1.0977386128597348,0.8984605034046627,-7.009980870374283
1.199934830408148,3.062879636552515,1.1713133840746037,1.2988220434348121,0.8190664506687253,0.8868582087014134,1.2913162422697448,2.714618039306199,1.8430342732818563,0.8452024301329266,1.1622787571353235,1.0521922038922327,3.1281908672859102,-3.174193250834102
3.1011189957089536,0.3326628474038121,2.808858777892568,1.3775349241534458,1.490218108201154,1.8479590023462793,0.7416491632456433,0.7141374602628261,3.019605765386611,1.9675090448365942,0.6060318463028895,1.436919180019029,0.9989608703343291,-8.445030481022709
1.7324602148545822,2.962198969140176,1.3022700302486923,1.6120545031096747,2.496705731007353,0.844259964288651,0.3648344391808191,1.8835250413371583,2.265578882106178,0.4696479194583598,0.5416484860482896,2.6591259420946916,0.5076965277277798,-4.543077397993061
1.6726364222390246,0.7051125112362464,2.6436044494232296,1.493902983241833,1.7238684108760534,1.0953453658024117,2.0390710727105446,2.3935083473194414,2.8110157352168907,1.7735670654218418,2.128189170686153,2.149168699465006,1.4204616723714647,-8.14422267224241
1.8622812200435892,0.7949527709598112,1.6157456026111172,1.4174786845720158,1.8085661589124382,1.5662047080728239,0.6494017523955078,2.4985375483095384,1.0997271246831992,3.031462733526592,1.552442299275527,0.5819502469044685,0.7873636454271126,-7.8324049568058385
0.6036201732985542,1.7720562884142503,1.6417804783381127,1.5370426188977655,1.024988623312085,0.8886016907911618,1.3634322339519784,2.738762240133945,2.5417458501237675,2.7978756674166276,1.923990282241577,2.3576368953675195,0.6247304773663565,-5.264405379976934
0.7436883952590625,2.2906425956632406,0.6356819531055028,1.0331406748874297,2.1039973413186313,0.4388459031127221,2.171271818635769,1.4320849275710084,2.008360985393362,0.9464665017473446,2.773100185548679,2.4426609504307963,2.693816136054498,-2.963410925508844
2.4297327453514654,2.9233387746938733,2.1127647669245087,1.6459045208818197,1.0710756884174029,2.771434752862345,1.1625076280516153,1.2490045422903377,1.8468171224352634,0.34466640676185367,0.8541982524127982,1.3500293771654743,1.893352836905196,-4.724547492932578
1.5514652695201963,0.6937204893111686,1.182055254066879,1.6675011244165538,2.605406369173333,2.1094923274299346,3.082841677535613,0.7547054659850628,3.054803317949255,1.0961411564436696,0.7081544482832193,0.6611573538709095,2.385242722230746,-7.837641336790138
0.965213379521078,2.1034699612976335,1.8316939944981283,1.2965321360920874,0.6790318643957193,2.2756059885572535,2.1320714610779232,1.7242520486936206,1.2265145139286917,2.8483795858546346,2.083776896824469,0.6076679799331608,1.1741811510962248,-4.594857565039831
2.410875687761523,1.9632614886699356,2.367490332046565,2.0511328498595245,2.0647137758621876,1.0903067829884685,0.9629970363282538,2.3095166127881486,1.7781103964746778,2.406962373916065,0.7251417480557518,0.847964756738266,1.2466531834497303,-6.967454921146335
2.3225694272568758,1.8921573284461337,1.0043468666605753,1.3621651278567832,2.9364285476506207,2.1351855281295387,2.9360231513279142,0.8396421622518342,1.480507000905452,2.4934420622935924,1.3106404245575745,2.6349751562052837,1.7139982777648473,-4.024214804200743
2.7153397710443463,2.7360052298800985,0.9098157157847235,1.3145383069716332,1.6100241463439209,3.0249709277782784,2.913756748013749,1.1792957460536262,1.4326510676722932,2.9734376317115205,0.4446186649094022,0.723869973167914,2.556690072228998,-3.31843347392592
1.8954375090218727,2.2620613309815134,1.7380954343842423,1.9006191287925391,1.968624104753106,1.6451745023492117,0.35354917812446934,3.104966820474946,0.4903818962994223,2.8541758776330943,0.6190083867466762,2.277449388951274,0.4228497838549278,-5.763622521727529
2.2928773005386756,1.9393870970891849,1.7726211526055056,0.7671674929916302,3.148955114631571,1.4824264183320246,2.494746872997572,2.834472272543711,1.760868508778677,0.6437001648982605,0.7974340452769484,2.5909329819377946,2.8328781004923305,-5.414884816884726
2.434598605679716,1.069150175149096,1.2574395946124268,1.4930763544362469,3.077581000956141,2.9242764387461335,3.0905814688955786,0.7881927797788192,1.8921217396702021,2.824032640802956,2.8377961319732377,2.7886844090478924,1.586442314719904,-6.525858791806106
2.900727845467295,1.4560776143147376,2.0270494359054507,1.8962255187400803,1.3222346128998572,0.3870021250937417,0.7551279106924425,0.8854122920276544,1.369827974833642,0.3341152037836867,1.113923281047208,2.303067471093174,0.7315306707139182,-6.953493492053496
1.4127012174383038,0.3538230726708264,1.8792076765898822,0.4534883236990776,1.8958028791612627,0.6569558733712677,3.0527185118720386,2.6744856839833613,2.0199034263478275,1.254204129464393,2.3845273842701085,2.6341476993024133,2.6011238567909913,-7.734253271808366
1.12215877248343,2.49218135818489,2.0250058256489014,1.805543159940416,2.0229583130143567,2.530059721368923,1.5475498163085555,1.5184103604349688,1.5572431869702055,2.0913837731615437,2.796315479894635,2.222525341322364,2.3168914392352513,-5.583923734218791
0.6834763820538379,1.0368111302948864,0.9227734270031385,0.6997911719127134,1.7965752550767529,3.000594385835051,2.164061690903065,2.5991502628539433,2.9876238718916373,2.7177984906741917,1.6942639729562927,2.7504357003284627,3.0348436304221718,-4.827758099226629
2.9976994818782954,1.2800941210530659,2.0577419341608914,1.8979046148848933,2.2707064207141308,1.8362904240642792,1.5507043831153267,1.5668705999685137,1.5932681252683873,1.6837773281984116,2.2973055911360265,2.077449313370356,1.5306607434623798,-7.655382818393594
3.0904031503921785,1.529471695609488,2.1951898646159353,2.0646033896295,2.2089029631548898,1.0194294923038696,0.6361285226479563,1.369484063305948,2.490101198806967,1.8546791764378547,1.6823486011587763,1.900899371381011,1.3617534167831322,-7.546629826370343
3.122796836635112,2.2985800816065365,2.9286313912765096,0.9934697842580444,1.8693929975406687,1.1651166551915015,2.066890775820754,2.3007432032608706,0.8467907448933423,2.958318110863072,1.5580553883532635,0.9054375542604369,3.0407216295475963,-6.332696364410243
3.1076967874868444,2.076041826629822,1.7705055288470597,0.58972167826589,2.7889455667153467,1.1325151456908014,2.2181413720067917,1.722569950445603,2.8397478775993052,1.9969715028706776,2.599429525476592,1.150712489599528,0.980062959046869,-5.112737858853681
2.6719099152820993,0.7071539905309268,2.2455870444825248,1.3531835219937927,1.9517698205272658,1.971393462458707,2.333572349796791,0.7374638509749758,0.7683240693011999,2.1224933634387924,2.7956214734241254,2.583108508460515,1.099132160225393,-8.066472797677735
1.5621100202024119,1.506115392514916,2.85075742098498,0.9689905197014796,2.0149925591741416,2.1692077953485924,2.948306916295862,1.3534047318221314,1.7678998780601332,2.4892586693675307,1.8407704149688493,2.614934767534332,0.6792115128245915,-7.139851008344174
2.6563367734677468,2.5070990717405013,1.437375613303723,1.9702604252245672,1.3532490606937122,0.4641164652018672,2.4548437121879205,2.6015829668706205,1.7565433907634989,2.7416208661221955,2.2074303418125982,2.720519652314428,2.983178752429539,-4.133501496556803
1.7897240563575487,1.2938408961588357,0.848654769009709,0.7270196917168079,1.6628663933476695,1.2040065194389968,2.980693800813658,1.7419202678468533,2.231562441098231,0.6460054966207582,1.7544760502541663,1.5140658761790802,1.6703015841767546,-3.7514953686373493
2.0404377646090732,1.206430051794477,1.3748915997954372,0.9138237454210396,1.5798099131054189,2.1820324805447777,2.638571340592216,2.0912682360693426,0.887808283965732,1.1838418154063632,2.8397611942889567,2.229563671487392,1.5823259615154999,-5.7850692175328975
0.38066685393390376,0.9016125989730197,2.776894488292623,1.230008656726007,0.701080354875172,1.7648288568562414,0.6328406068337654,1.4444381005951756,0.5697176354455646,0.5559760818996923,1.1958256547731456,0.40605923296581203,1.0425242148585883,-7.233564258977068
2.4526367499975135,1.5958456828919445,1.4553181784396676,1.464851705128571,1.3195449644661712,2.9454254068966774,2.9165254330433252,0.7153052571841512,1.1366310402822017,1.2571682587734019,0.5348658299996704,2.6212614925197255,1.6164632135630599,-5.0837963442204135
2.46939020355455,0.9877563321722427,2.513893880473832,1.6335074772707812,2.0875633179039745,1.5381663299017967,0.9941672187468953,2.1813868713544213,2.9602092875320203,1.7942598209523701,2.824602381081748,0.6645587994305798,3.0678596669468385,-8.093711634188887
1.4417343558604374,2.990855605825668,1.6226338170658747,0.4978154614175182,2.94432103973983,1.9563812182761273,0.3545549845382783,1.5941482088253232,2.1502292454983354,0.6991895575997304,0.6007616551570611,1.6510930784558426,1.636679925498044,-4.60195207619846
1.7512404959233994,2.6296162651732566,0.3609055773136349,0.5577323994887196,3.090809956099416,2.935022159446212,0.9735165121019165,2.514231180535977,1.8274830191588316,0.9198852583207393,2.4860440093059077,1.7108912984317588,2.690160116390647,-2.750659287651356
1.250070337912664,1.9219894391215717,1.8889554245749174,1.0212031528313203,1.5968130445230961,1.4033602294300649,2.1340769235182906,2.1600227047910696,2.2332084558258716,1.3501535679987589,1.9355192293054988,1.6193662999516667,1.1069123328206678,-5.473118872463494
1.2189219373069313,1.9868736298308136,2.4442354324587576,1.330780162567122,1.727247966059331,2.759582275137973,2.760158652127219,2.0497255865324995,1.4367601454378156,2.3354912592059733,0.3836294258370124,1.1016639436537505,1.1226559015493496,-6.358765048706551
1.5885259088956267,1.4923430027527829,0.9254393978611217,0.5871744943855477,2.7778162141494893,2.2206749730656554,0.6907835888024968,2.8660793806918794,1.3876812315907767,2.079300227280295,0.46608990631831726,0.5769183985209878,2.7366891421468376,-4.606506231335649
1.7604965959595484,0.8873518530894613,1.1383822923773812,0.4839465933161635,1.788907445204287,1.8130667325700929,1.5032215240421452,2.197044205468821,2.4525125225944,2.6219162249443784,0.9520137888205784,1.5426944362110897,0.5042658418699653,-6.130730842592024
1.7742809554208228,1.8401660793645034,0.33757747075036704,1.5041668756241318,2.112214969201362,2.0171023682548936,1.3010377541973916,0.7461954239508836,0.9639181467423157,2.4440858827962613,1.4057902508782112,1.157825287197019,2.884364154636245,-2.6440203321369635
1.5825310809124,1.0248545721606237,2.1536301050968425,1.1940458030020182,1.3755743184447293,2.932361134575512,1.2630650304521744,1.9454156650683792,1.065337694936352,0.5866698269744344,1.2778764826273803,2.0282570692950164,0.9377186289130623,-7.390995568817195
0.6785101396477166,2.7891595672430753,2.197506674609602,0.978562780711542,2.8251771411285764,0.668837739811187,2.558298101837186,0.9888301736295477,2.8556988849989002,1.567701420994755,0.7359058954288931,1.0500947008750074,2.3949996689160185,-5.217236544945524
0.3523230892126919,2.26563839612548,3.1469855147653454,1.7977031700665145,2.4451821222148524,3.1486667112861917,2.792121328025133,2.0025616566490316,2.7148296830862315,1.5240823437917106,1.905464564887636,2.6658332238664135,2.964374171825052,-7.109526933433855
2.4146399692521494,0.5886455813391575,0.8381772755472143,1.6749080108430647,2.6503951813291073,3.0503567190109795,3.088368408936866,2.2026181120595543,2.9826610143335954,2.752809111367944,1.5774326626757997,0.5702130260778557,3.1265425631342785,-7.367324653279133
2.197129942549357,1.105215911921108,2.351427924520538,1.3483598343326133,2.509120924185973,1.0164455768056326,2.6642846479367543,2.735198860116492,1.543904213076102,0.5036824974069742,2.5966018134184674,1.1470590423189124,1.0693865981259352,-7.81869067695777
2.3379715675339465,2.179652517630343,1.9897898250194668,1.616459958704051,2.637484695410245,1.6230318439120492,2.873595487858238,1.1473308558203537,0.7437950656005735,0.5322379476147844,2.7541483813584584,1.4378364856593424,0.9736893582247221,-5.642891109862262
0.6549327423517148,2.1127949876520864,2.3434537851082755,0.8688790005561278,1.393161182928315,1.7240989482631142,2.07085241673387,0.9058897436366455,2.1319810881082315,2.9798695628944416,0.9220806501841468,1.4570481681894674,2.971880550589521,-5.682837231289519
1.5527001014596862,2.654235220568038,1.1026985363811952,2.0770100908870783,1.8722257489487095,0.717082082917355,1.9079308193648323,1.9126715145909392,1.0745338516958605,1.5146301136068834,0.4136806593582758,2.3219103988478604,2.5336274766395688,-3.8264991010908154
1.7262416773065374,2.1013892368492444,1.3167951811146599,1.339119174703467,1.2455954053801812,0.6906813081705334,3.0164074475619476,2.86917364628665,0.9156152886832343,0.7620575162955521,2.635888531369944,1.8141130423544145,1.5679057059833028,-3.9843079930548506
1.376453687836199,1.9897045242732376,1.9990626299628822,1.0480433093602355,2.818423235918269,0.6049845090987851,2.708707153052942,2.0635913946041526,2.756174409908322,2.0443105038924956,1.8508660009215236,2.008484607418698,2.5801751286358185,-5.856382101821933
0.7355845293561314,1.6938030884759294,0.4029168249632749,1.2138842658440094,1.575918568577867,0.61473749278539,2.860535389005821,0.6618641932892599,0.37556914089911514,1.5561116296791826,2.038477414403447,2.194092414458131,3.0923435127832932,-2.4724853704665763
2.2129332375042057,1.2322187499266024,2.6700416082844556,1.5895289723706745,0.5600317388193315,1.0214232222463695,2.7193857221948208,1.1649863198405896,1.3821573923166572,0.9743403094668792,2.4420389866751178,2.1569809579112755,1.960175085945652,-6.6878650087068685
0.46704740889085966,1.2003139117136539,0.37458739917839,1.7439199903606715,1.811386654733337,0.7695495738162287,2.813463237814604,2.9137612005049536,0.33853105451200305,1.9089352753793742,1.3366220728818314,1.8383070319290555,1.7979476877953475,-2.587350869367731
2.1304036118847685,3.0593090226632795,1.3931140602639154,1.8380935072804925,1.5332167123253089,1.2470115312996537,1.4001734540385673,0.5767836212744522,2.6311227626679754,3.013106282107365,1.872960319944499,1.8868910756736226,0.9757337289979315,-4.066667711296123
2.937353909376406,2.173596494087336,1.6671685303815167,1.4992419883458343,2.755672358148587,0.5038398772879225,2.0553431410661047,1.8934634784635107,0.7484293507290337,2.0553811942339375,2.42569450805155,1.6665250376863003,0.8795695257679186,-5.283259912545837
1.0140796583315312,1.6915206415326443,0.5735046749169335,1.0286211509361678,3.092234417583563,1.5026598166170324,2.876259591317638,1.2570339588723167,3.092609178557356,1.3944558763146557,2.916048831663206,1.707444567967032,1.8942290679414744,-3.076941450590718
1.1173162244501444,2.5448480945881764,2.4279400760730008,1.5020621584518237,3.051675817774055,2.4404029294898253,0.6742537149332268,2.5032047678572855,0.551338064022084,0.8728436942742324,0.9916658222405182,1.062190190632846,2.5083126836551926,-6.455967178797889
1.2964370752970125,2.8157446673700717,1.4031425761688183,0.9316808270906739,2.947238992065075,0.6425298975358571,1.2759272808114617,1.3135335265078685,1.361011995165521,2.0503606138142283,1.207333029739218,1.754961517868443,1.806348340854498,-4.4244004892258575
0.9969489759907861,1.0069304283212341,2.5240033413527154,1.02776829511437,2.703365622069679,1.8114227734281108,0.8862637310987589,1.5134204155089972,1.0764492848497027,1.0381721773642967,2.2573135522063414,0.7027772500522576,3.137730210299392,-7.990873948273655
0.624584933535866,0.7728264705645651,1.9753998344438244,0.6305086800000773,2.8082635344217555,0.6034571592292766,1.4858240675757994,0.47254122395344383,1.9253371685327643,2.37362534059762,2.1084880455844077,1.6246861605962604,1.4944786279049054,-7.741545303404193
3.0954830420648793,1.7602061223012064,1.1166296396204265,2.107288682902016,2.881905982738471,2.257410792943232,3.1424263712399627,2.8244835387350284,0.32831663949044465,0.8283224183448394,2.6945296372279177,2.350547409287224,2.3681591103783495,-4.431627184492937
0.7613400715867156,0.6672923383352405,2.5518772878333715,1.1809005824818382,1.1455330295666286,0.3200724248545071,1.9739183896630006,1.8567307605463854,1.5128387034728932,0.3178085864375769,1.9325660724497413,2.567067051573435,1.0074574798983802,-7.732450721242099
1.7363383653506195,0.5275795888564219,0.9146699219792085,1.2362758418977131,1.08386317025211,2.3920779310926403,0.8980689206744195,1.866611417351491,2.5336216433565055,0.43462062159940856,1.7784441997260776,0.6780781993192244,2.9949639379873383,-7.281923340708937
1.0229677070138405,0.9762615789660711,0.8860268719194881,1.8746407429664158,1.1352732970489945,2.811144020347994,0.5258664388968659,2.6381621324100286,0.8957610284024287,0.8835478585760947,1.1363997661689447,2.5560856460635097,0.8203655700225889,-5.498943386961586
0.4256873845552542,0.3498528592903962,2.0859137538900865,1.7352390858164362,2.593724042614204,0.6210641261912908,2.1684024493556806,0.959411537212203,2.302483520887421,1.3545572541541668,1.757178074688806,1.241537888023142,1.3242629059939874,-8.86775704571605
0.8020614334068472,2.4484675902408766,1.2416504848914243,1.8141289233324933,1.6169028012551183,2.638925891992326,2.0144831253358118,1.6055958665258765,0.885427621772864,0.6753264484571663,1.8347631972466347,2.514182967750647,2.1530570484855778,-4.087525753177265
0.6342733780163794,0.44208259040791853,0.6921783080768378,1.7544097885030925,0.6865729630704416,1.6627140666272513,2.3000922625684943,1.5764800144803182,2.84725326786432,2.1700001438807166,1.8453461690038833,2.386289364437124,2.006582724790155,-6.925196257847278
2.5165274416240746,2.4954768774876084,1.8692686420355829,1.5966916632364203,1.6003515340133954,1.8394314261335463,0.7671884109952057,0.986942409640692,1.0117783678947794,2.8892375759752706,0.7129800392814133,2.387976108549359,0.935920365760398,-5.29523360319791
2.22575327450636,2.917694973356531,2.7498064960335538,1.4564196305605641,0.6206818689766392,1.3082394089582918,0.45137882785262584,1.5337730387167465,1.0038005003429116,0.8161590467668745,2.3669198833684026,2.163048030065573,3.102570953816949,-4.921111994484766
2.0097433050590015,2.914405967783748,1.8489643794878152,1.1053258619705455,0.41527291338651173,2.249426175004722,1.6343397586382966,1.681331316083588,2.147196981187089,0.5417460415363148,0.38131508601024033,0.49708291487560685,2.9428092464210205,-3.473201051337218
0.5225717844722007,1.5390149754699407,0.4504605647247114,0.5143983440191434,2.1356858780699395,0.6935593436279974,1.4520317137929104,2.6715758848363658,2.899864238861132,1.5757083912757288,2.2250287273521097,0.47911648210935476,1.3889131378299993,-2.736290357012782
2.601217065430851,2.967017363365427,0.9068109952019936,0.7790149227667773,0.8075943477694644,0.47634790477029926,1.9239822996476934,2.942805164049112,1.865451014346042,1.299046544777391,1.0973332885398128,1.225081154788804,0.3490172934528896,-2.736188706533329
2.4613578497880546,1.132350278442317,0.6078376204923103,2.174364890235464,0.6062590410537669,2.5765910319335825,0.357679143626306,1.9997254766277752,0.6580397382202761,1.9483079295208845,2.5643674584265996,1.424846285080013,2.231190819937572,-3.4563130906607014
3.1596493390201794,2.4514006348408217,1.3634101509489895,1.383402673757504,2.6251963639122797,0.37892124753081186,0.5859107016437031,2.40616000649963,1.7720779923306271,0.6063962707623383,1.16853222579208,2.449470723417975,0.6662571558504784,-4.850496985559093
1.3057118230797244,2.0681759929004824,1.9415430763525832,2.2298275025600027,2.107455994314307,2.58223592396472,2.249584099635907,2.2153845093147875,1.6174990382054228,3.0790309965509617,2.230877369998093,0.7337174122861663,2.017557518752614,-5.953518200469923
1.5649119337948736,2.9616183362304715,0.5284593110020368,0.9450913249326665,2.763698747708693,1.9001058484076263,0.45997129654075314,1.9857364192288394,2.1329295918877786,2.058474721036129,0.7582854515134301,0.6640709929651214,1.416174145607294,-3.1896687168076925
0.9207419223925526,0.6534836200825012,0.8688175748011335,1.341622030093608,2.380538140543422,2.8764951475839986,1.7730453450677581,1.3064341245244808,0.9582045317199144,1.1095482829885335,0.5623041164739683,2.717654629848404,0.797552129850327,-7.063035771366854
2.057255460741545,0.6759542065711248,1.0937625854908746,0.853610475019565,2.4087108953594543,1.2738875634356461,2.4982272982747835,0.42711095156244155,1.874331011616588,1.9457900204099692,0.43301446778805636,2.69230062126942,1.1311068416397676,-7.258965209641903
1.2610402671756495,2.613975570172955,1.590704116842831,1.7893579239123405,3.017590444297793,1.423044648867559,0.8938040903205511,0.929313453949316,1.3568385769790097,1.0565691542489495,2.487890136109436,1.9340324369676731,0.3526740733563304,-5.265690028178744
0.9845257820809279,1.5873130534486861,1.0553326067490922,1.4658555765270052,2.973628900994255,0.9664873317621081,1.7214948771899972,0.7509458108583309,2.829394886165348,1.0464927653726743,1.3163645437940037,1.9305615619656944,2.8741591140382194,-4.759266078233245
1.0515240986488925,2.1493882206886394,1.595802916723552,1.876249623646143,1.9414911077580639,1.5060175217784484,1.7699999784108407,1.2215104692319645,1.1536375526771205,1.050716911989279,1.7415240084342538,2.2689974896077003,1.5140888253972464,-5.120156159688862
1.2342298425618083,2.6598029990179115,1.4576308410081475,0.7890690844939034,1.1255772677464757,1.4142012651551792,2.0518109778731306,2.8107979617520957,2.0680064598458845,2.735256800564111,1.1176903064532266,0.9952307569506615,0.672466944885634,-3.7825176577784743
0.4614950379880248,2.842182222490594,2.2862573787354656,1.0452560544886997,2.3492243482054205,1.6823236483199475,1.9423311256348792,2.789095763374307,2.8797922552546122,2.084400900566979,0.8376171659408193,1.8716941727281946,3.1207364822798977,-5.346431146969531
0.7980328863935797,1.544704563752147,0.7165617803250713,0.9281917865167029,2.7578980953436925,1.3221168401183125,2.945019729109476,1.4782402724001478,2.8560326546466572,1.4843352280740545,2.933915086721065,1.4323534652871668,0.8813201998096611,-3.4269421746254416
2.3790496082949684,3.080639586604989,2.071625523360014,1.0667540703668188,3.1388255788068666,0.5619740421628544,2.440604119639268,2.170475838016815,2.9291507524210365,1.6417247546256426,0.39162617531108657,2.3837285415261804,1.7806379886230017,-4.971693191409067
1.718237856907909,1.6592569750783954,0.7769583915034923,1.9116497231254326,2.416319888351302,0.42494059090220837,2.2231927745661184,2.4229350388113224,0.6281921430730291,2.2965549519080954,0.6804294158529514,0.5282445271341181,2.377296821155862,-3.709631350490865
1.3856630486392867,1.2501600918282538,2.6735052191999986,1.8236658929091574,2.0604900392727292,0.5888856871664532,2.3213042935415733,2.13478933833203,2.95092926511158,1.8434107355418703,1.6017589465702178,2.4888153522217262,0.8353281637923542,-7.865510373297928
0.5253830330373717,2.682068359920448,2.5330415147041454,1.0603312923876365,1.959183990294096,2.311811218348269,0.5077857868431335,2.5715636454791024,1.121631820739744,2.2911476481951842,1.8592587373292448,2.363462082811051,2.569469051936399,-5.938777879548424
1.8227429675570812,2.0656034805799925,2.0864945143458042,1.0977313664952904,2.117459199944858,1.7345217813001816,1.06581213568644,2.6536935759958427,2.1241280333854817,0.7559755132874681,1.5350253707711896,2.0419779852147166,1.2166184454344073,-6.005528535901448
2.6107576767020104,2.4826535235852463,1.6972689801146494,0.4935843282683333,2.527924214133118,0.38575758899273666,0.7639069949725477,2.6134774776140226,0.48397930362509034,2.2514507416052654,2.0800041140724796,1.7261827041296929,0.7237855851566899,-4.767721010139349
2.96089732601538,1.900681764238118,0.9284228819978222,0.8825402825982842,2.9953944322894226,2.2067354597656554,2.947869344770425,1.4143692315150387,0.729002908570558,2.554716938623082,0.8303474699415574,0.5988732469636362,2.01190363377205,-3.7575186360923376
1.45669462548043,2.1723167423455854,1.0951573389290672,1.2345814807407578,2.8039111615440144,3.10287802551462,1.0260659543839503,2.2726220511382147,0.40050202670926377,0.8562154170048482,2.546397630019448,2.0162233853433524,1.2125249668577929,-4.53486139828486
1.4015385223935148,2.6060690678970717,0.6239827177645945,1.1223518045015153,0.8374051997730065,2.5356473986693713,1.639272333155975,0.6526120534414064,1.0161702053989925,2.3169034484826576,2.321185522023616,2.238288395564685,1.267870104330906,-2.621622066589089
0.32550623955712915,0.3757401724778932,1.346834099746254,1.9080328240712074,0.35430518303100944,0.33524313344839846,2.3474870749262884,1.0971084011568544,1.0986013438980045,2.1559289094399188,2.5607295788119826,1.3203108728174113,0.41645020084746837,-7.2348294407421285
0.6703611336866275,1.5765978819199677,3.1207821142494607,1.5993151116267952,2.6110602687446667,1.605016348134284,2.091540901350265,1.0563392052420641,2.73886374262678,0.9177360107072856,1.5609792725989793,2.033120585455848,1.6136988743844418,-7.80054506105496
2.314112899320199,2.2131755103175954,2.8392591200708797,1.8433719808049867,2.608113436156627,2.718944990664776,1.8428820260073815,0.9735961252039287,2.929469539198499,1.1531727001030367,2.734275637389806,1.1244227029535825,2.1262126912430395,-7.064193846039289
1.8704057700906915,0.6913588304874281,2.613718326936342,1.6983318408605834,1.2799590172599367,1.1205222213272301,2.582238380843019,0.4339228783452552,2.5960880747944466,1.788879007756945,1.0785301933807623,1.7279369323468765,1.0346528705984628,-7.992232783258916
2.4642327919395015,1.9042114307254774,0.4659503753698648,0.8336472691944696,1.8998931560949295,2.9571974922140654,3.1138924075084695,0.8815608319639245,2.640934643577441,1.8235618953021488,1.5547641092739715,0.5298913067850409,0.8307436964894499,-2.7037679154079264
1.578425644056669,1.176000843578311,2.3216767220756855,0.7378421251227962,3.0304138803422003,3.134276356801721,2.891645478218839,2.627506503077247,2.998047494459994,0.48061391163113965,1.9833019283479096,0.7259638398474628,1.8454614364245971,-7.419664774265385
1.1854467952199144,1.1474225791377424,2.468685640025041,1.2159764309204915,0.7049872338505265,1.0071120698742633,1.1801822326328921,0.7667398312925658,2.516145105777593,2.7667357840055495,1.9500429439885407,2.5347788711189536,2.173870120041273,-6.809970417123336
0.4970772829339922,0.759270469889842,1.5392151584847205,1.65656137158848,2.600399015673916,1.2610718372773646,0.8085595182873093,3.116362812796277,1.5287882289073373,3.1200209993148547,2.828373646031066,2.4527876252764202,0.5664465116812825,-8.19949892980884
1.8851641344626466,1.5228610961853473,1.1447585731220795,1.1391833508149933,1.237731403905127,2.4300381464613756,1.1109143712477518,2.650867486688063,1.0019769104164569,2.170871757180367,1.6536647774502728,1.0161239355008551,1.153968120354972,-4.687392537638706
0.6891367826173891,2.0913195458761553,0.49127468635996463,1.0531597978315352,1.7731341994765244,2.5869709733068462,2.0446576349300805,0.8120800586048256,2.3335285073124865,2.8796260162198752,1.440483743016426,1.2515092236103875,3.1491550338431415,-2.802948031017864
2.896000565773964,2.0072676617807073,0.6990051957989545,0.9827963788665517,1.090964383953725,1.8190208367647602,2.468214272238874,0.5234242270857952,0.4517041707588165,0.7351977694448933,2.6417242323343393,1.307515939699342,1.8393196377228116,-2.9233907855277312
2.7541079062464915,3.0240297841318795,1.2005856713900172,2.1061281185398553,1.4268300912884213,2.3682269127265254,0.9585612467758291,2.566973566164811,1.736493762212104,0.6729814684810567,1.328617889211377,0.6569676226037457,0.4875784288798408,-3.894695801497848
2.0819391860917773,0.508465327336415,1.603788410097369,0.9157909677250238,2.16618166881326,0.8772234767336586,0.9087324722196168,3.101313710746176,0.5822485715390329,1.6804952116394476,2.920094731941729,1.3119173822715373,1.4680777752497904,-8.060717276426645
0.7951000215203519,1.6252404254516073,0.6898032410237362,1.6024461985641463,1.3402594204520413,1.0795819372453261,2.3816276201041724,1.3952528968318216,0.9482111506970501,2.378679839027898,1.73372543915409,0.7787185723722725,2.04602465850602,-3.216469449070959
2.860925042520681,0.445844727054429,0.7175099516577763,1.8186178068220882,1.9630471224052153,2.2050095245564503,2.32655547646398,2.7060139942031087,3.130814696536198,2.328712662939807,0.5725709343963566,1.0141332565456516,2.9352890573929735,-7.621888350747606
0.5539495998591035,2.33474698484591,1.9250387724345912,0.9240926186239629,1.6953807619809638,1.6357197052172638,1.0389100425385038,1.0227631595240156,1.3274127588686517,1.3174816000873253,1.011412290592916,2.286798350987435,1.9912253496966241,-5.2127113730247245
2.5474394544646755,0.9655680753648774,3.0604956807109422,1.9425823738451657,2.7491038169637725,0.9176043452083147,2.4006431823829586,2.6593409326961743,1.150801219434394,1.904996962508732,2.2506857160738005,1.7507539937689016,2.0369840872265867,-8.457126531180766
0.6106025981988603,1.1659824050904892,1.293379009910947,0.7870469618120634,2.645934306482383,2.1910902396125596,2.4703683578307785,0.6108408170895014,2.965839679939461,1.9282729954756235,1.8230883735495753,1.0664757847018844,2.7487109515652257,-5.9595058264260174
1.5975721927983109,0.754433175337856,0.7573422494075709,0.5194623164748163,0.40789661194539484,1.0582214861629367,1.4577936930480089,1.9527844485240387,3.0001113694258272,1.6450801757855416,0.6527324522860206,1.3731087221561171,1.0287834847468447,-4.048528693263085
1.983362362416124,3.084100478889091,0.6158934318415986,1.0427567931929758,1.2675376854567493,1.4350841351671515,2.8676033838622934,2.0696370200456906,0.5114078487077548,0.8962210688229169,1.1113654196397658,0.8972445585517737,2.0578453246319146,-2.6548240875772366
2.648510165917183,2.806414213550768,2.4352596423405704,2.027405554183916,1.487652597209709,0.5521183847814023,1.1995181685429106,1.7315010738018022,2.311930700085872,2.477192181997871,0.7293950254462571,0.46254684406644253,1.319960653704798,-5.642039076841647
2.842538519753139,1.992256361865926,1.3537239421099303,0.6134841408625659,2.728264063413858,2.704963850284816,1.2929030105129435,0.9004898413712377,1.5494925681669005,1.2186685373501147,0.7411898040270755,1.2598074882766608,2.268956241482908,-4.745518315230687
0.3183211272679214,0.31985137954522797,2.2702293856506746,2.110851396352375,3.008937051221865,0.8302636967422716,3.12644679720313,0.7615001793586413,2.6549191436533848,2.5872201203892713,2.0697154983716626,0.6509938542134279,0.6439247451131174,-9.110538587322523
1.07446346578251,2.7147740013423065,2.305985730078361,1.0796782596974248,3.112536808208051,0.708828636721955,1.6593817248538516,1.9265313685455585,1.3714146519769903,2.2234601974515935,0.36396194653934044,2.2552973657398105,2.9060195557272364,-5.7341832400394255
1.1708008949311348,0.619684840076614,1.0448893418946474,1.2824876619956787,2.2882244671842646,2.437024333002343,1.2688085423854993,2.927701035445332,0.6480877104245372,1.3098583895412208,0.5166225476318671,0.9685007512725863,1.8852906875528703,-7.702474563745272
2.8458259921453317,2.7422740541538544,2.9859469892900643,1.6521943591008963,0.9038047064498553,2.7439451580727225,2.790845006054259,0.5683902646077899,1.2037559690106234,2.4383467015349845,1.9802644147461825,2.7848387902847267,2.51429975053319,-5.56703084574476
1.82621198921898,1.6138110027928367,1.5682786046093842,0.8425279165459171,2.2274282341689084,1.036233894081455,0.7787877960436254,2.020436019988213,0.6352259207616042,2.281174408467449,2.478581430838836,1.230522663967681,1.5084078652119737,-5.877941963389168
2.797109481568467,2.623172825400941,2.4905904929655134,1.7463656644305805,2.2734602353926587,1.5484079695373696,0.6119063639194686,0.8662373798010294,3.0267954125300798,2.0723849145341435,0.42020908062895695,2.280742367558726,2.200699946725092,-6.341959201575786
1.7385895453723206,0.3169110086721173,0.7268371388975716,2.0084556199450594,2.2431457679862996,1.5975458903747062,1.8806134391926543,2.028125197748179,0.3236165346240511,0.8595931682181996,2.5291485752249248,1.5686136458788407,2.2564255101168333,-8.301429981543151
1.3534061485036688,2.0315401573650216,0.686013391054348,0.9618607730113715,0.8446730274695278,2.5192977414830358,0.9925619441568674,2.462208941628221,1.305887855462546,2.1077260814160166,1.5107459423455774,0.4305897321370322,1.6202043185705133,-2.8880377154354333
2.8682286522995852,2.2233438355326363,0.5085783159688433,1.11508072681745,2.3527800168723862,1.6488886720595868,0.342894600376854,0.7079780700096012,0.6031033106087329,1.3203197676328355,0.8194527074181127,2.0971955246436726,2.213152829996503,-3.294277205098957
2.6401353493377613,2.1154749886960715,2.8141963488339115,0.47181268126485726,1.672852579883512,2.5216163811863757,1.728711125204928,1.2706787072642518,2.6272676354930096,2.492521717820327,0.8097130862244784,1.6476103017749144,0.6801294728008971,-5.88159870174054
0.851180628568657,1.0331473456469382,1.7202346636524368,0.8781282379741365,2.3978734702242686,2.4588223551843407,1.1336359437381178,2.321305439859687,2.7587077930612045,1.8630069300735348,2.5335726849737705,2.055208338939578,3.0537145747620658,-7.36867854812273
1.7017384539813802,2.901718081091987,1.7795439608018684,1.840247333335692,0.795407966333758,1.7669518982907304,2.7392335996983355,1.4816684412316097,1.610830053109885,0.579509172861089,0.33902856084015687,0.4233101647623718,0.9952625123909042,-3.975227743031305
2.6379298660850656,3.0716432583587365,1.2859722374561595,1.693677057873196,2.2790490126496947,0.331260577817927,1.462980121520673,0.33596935122793753,3.0644906843306132,2.544439699747155,1.4537375225018923,1.3641382263746684,0.3265942324978209,-4.111952065516004
1.8110240253736827,2.20215466154293,1.1899520658444018,2.252714341132267,1.0019988758832021,0.7387743085416845,0.4312515308355439,0.4539669085189775,2.4052407434510727,3.035261540030672,2.01991667261401,0.8097481486239109,2.6371716639018588,-4.134896185856494
3.052652971229103,2.359738520973219,2.334254525731363,0.8773020396448374,3.1525637187462747,1.781443700859179,2.5101232118193204,2.4258179606830343,1.2161502001450986,2.99271373441555,2.611583714515289,2.5539367938847213,2.243643610091198,-5.8846855572026735
2.26774247205767,2.8775749280728897,1.4519986656402513,0.5083485255585396,2.6959272404064043,2.2687254034103375,1.565517555188173,2.0886225662236844,2.2531605999876536,1.333585698982044,2.936467057806201,2.63695423137817,0.9331787975138224,-4.13791000788463
1.9209115190211727,0.49745483011703595,1.951566100816689,0.6622615579289819,0.821176018794143,1.2392441935572875,3.051064077789454,2.7420254389522554,1.5676876680459304,2.750014007384142,2.1873785818505525,0.6051533768628508,1.19540235083631,-7.096026922859666
1.4216665290365562,0.4356647071686295,0.7722070909102964,0.5202271810786481,1.326784019464347,0.7975130385455506,1.0762974029982109,1.4752424198180614,0.9941490709609975,1.4883916104958945,0.8780225752809964,2.625328728997488,2.852434151203259,-6.9154568275094634
1.8309454722646137,0.7319058751255239,1.0296159935650233,1.2325637086971073,1.4587477036035197,2.94010150323418,1.4344761104008703,0.5754268713409334,2.187707717196061,2.9001508260199294,2.5083126806990377,1.9489363716110872,2.444152418397664,-6.934354160991042
2.033456968319504,1.683133431292683,1.8596035927589925,2.0616751409811265,2.1783718079333743,2.794223458254241,1.9976395535304763,0.4645755524257367,2.2049438028259187,0.7306949202713364,2.671444482887237,1.0039389800332121,0.7731653758769204,-6.4747875589375194
0.5391383940197241,1.0084777154348072,2.448549305970354,1.954955256691223,1.0445233244085308,1.0854817019152856,2.0359323643616847,0.6078193918107172,0.7543600642159431,1.5186530277871817,2.1404586177493177,1.4433214673943329,3.161390957759509,-7.598037590951072
1.8808513249845435,2.3693704037751324,1.525090732313768,1.1237901294663022,0.5866702663613544,0.9109290125666989,2.165240301318124,1.2791592927712068,0.9067885207313218,0.9681073573102084,1.6164727630780062,2.494373406594948,0.9820162549090425,-3.6442612299074844
1.300997089254234,0.6601344387008101,1.2051443148923422,0.6736147438742752,2.969286919885132,1.0389654906458907,0.918175288757358,3.08328785498044,1.7125546229227682,2.5187837365336576,1.800127573519734,1.4582341804265222,1.970710664605359,-7.5927732167025015
2.787623009070286,1.536604703303437,0.5401968937756645,1.6198831144650618,2.0418648910430486,1.698151651820585,2.2547185694506067,1.7915477919464233,0.7871525405791888,0.9056916248265825,2.5399700041954745,1.6090438686360315,1.8335184042959296,-3.0956860497004186
0.7084197079233968,2.1407066292912615,1.020431202583406,1.4869427353786735,0.8039724103240098,1.5425440332584217,0.8210082215825258,0.946243990728082,1.6660831751144718,0.8648626222763476,1.4787326834308465,0.9829059586119651,0.737352315895234,-3.4681878396216272
1.032564298151877,2.0552782003131718,2.896780462379295,1.7643699500660617,2.8299413684923183,2.359177452436887,2.278691515563532,2.792989061592237,0.5534159955807287,0.599586986952751,1.3608063290853858,2.6195746277076704,2.7456353269558202,-7.288404534270629
2.5691745516220346,2.4300687948826822,1.4084582167946977,0.9875931941706351,1.8395432904021964,2.4882599396227523,1.653573881985424,1.8356201211867977,1.9783284321939512,1.4626018308402204,2.4507295594830794,2.312922931267502,2.659846423943455,-4.349552620186446
2.399399542659379,1.022853989384622,2.708383682167683,1.4145970119318882,0.3785687865092633,1.9695335844528,0.6834438166816574,1.9772392962600547,1.6735957579915177,1.7489069197595115,2.212778586842828,1.9565550390941355,3.1346301663895897,-6.60514849326284
2.6639000587539314,0.8560350385449997,2.786656514950514,0.946775051775816,2.7219979029906107,0.8961021795398263,1.8125269453640271,2.5275999804050935,2.2925294012760142,1.8787761123700557,1.9978228650851535,1.7312025531680344,0.8269855223565061,-8.034085760660375
1.464423583013251,0.4189064041434302,1.1698229059840621,0.4498885990015643,1.915068274354839,3.139869420829814,0.8638058260608532,1.108495258235725,0.7831878040110505,2.6798682811102332,1.8803507736762421,2.4261703119665277,1.0071890710700366,-7.521284990453467
2.6888091124006475,2.193872034576589,2.1462626814397643,1.1729138229946239,1.602302822552325,2.3263767328757314,1.345259392098006,1.5035982260683078,1.1541613894147031,0.7421249665009969,2.8917135599635975,0.6941530042037127,1.9169694756278515,-5.675956355324344
1.7042285002501385,0.492165311073144,1.19345368589052,0.523234662723442,1.307517047858209,1.1245609731361272,2.0799900705558505,3.0093456121490716,1.3809774676542088,2.2870999829015224,0.8934507683320511,0.5561159376393934,1.9753711093436015,-7.107654790539
1.5132774611949413,1.1077092565045923,2.487802872219115,1.3059154725584083,0.6711209851894754,1.4576263748318146,2.211334789053788,1.188085983071133,0.8055327458714374,2.0100982849890583,2.7598173806849537,2.4481712341329103,2.1691998647040274,-6.801002770170232
2.3334774787512096,2.4361428035106973,1.0767446310197393,2.1426705879339423,3.0486906635424473,1.4542584900564082,2.553471655936712,3.0172166660752064,1.4562742888649385,1.7632537726584234,1.1875086873210206,2.558074860157315,1.7087822625013116,-4.030782226464693
1.5198434789983144,1.9709396287147896,1.0976417871228208,0.7324237546517527,3.0750965801353454,2.281135946954234,1.473528820289547,1.2674965060340098,2.028063412349341,2.356308455728487,1.0518997295715853,1.3229896811399628,0.6320360409612586,-4.369201048622915
1.278097431248093,1.2277249216546584,2.505502307990364,0.8612444600100755,2.618319198045244,3.0385607958796337,2.6309772019242663,2.7697491728689863,3.0982585156613047,3.1281072709185795,0.6906760150293156,1.020147138410292,1.5099598798987397,-7.456880867010956
1.1945081265148434,1.8562666035603064,1.2326019328268778,0.9771173250788019,1.831204550609171,1.298351958639291,2.28724425091005,0.5322931217760498,3.03092442588998,1.860457967135522,2.0934079886611334,1.3867700962666298,2.3066235272661375,-4.328851871578941
1.8380859064758435,1.8210331628725243,2.069269904941802,1.531751672527877,2.869677396872465,2.1029840292299204,2.6562190397605576,2.544663689502666,0.9251818906854798,1.025410869618204,1.9635011924385353,1.4936350015145776,2.7885988782798727,-6.520270360958276
2.201613438042153,2.325039797369511,0.7097285553118655,1.9727492064006151,1.18261002329647,1.7913273371336815,1.5397207792959966,2.3899055868553902,1.345838311143654,2.612595111497069,0.39340657894198583,0.7306517634812106,1.4599839204666596,-3.072651204772973
1.763840103402714,0.48416627811271684,2.8048599120427764,0.8119279951767693,2.7722461797476705,2.5271648583720694,2.623792312240036,3.0609989139782843,2.6490804534175654,2.455788536629516,0.8161478969631657,0.6244143237962971,2.3299180042069967,-8.324188432160735
2.0855558218500563,1.6683827052066844,1.2642524019043162,1.2383658218629747,2.9646630471553985,1.2903414120815804,3.002610407414942,1.871275128494756,0.49486706935630603,1.8358402563369423,2.9538629045703697,0.8561921028733853,1.2245920882928942,-4.794294569494777
2.591827055528177,1.398419411292099,2.157955066142753,1.6378775059683426,2.3850789809910853,3.007431958909158,1.701454386273848,2.220339020156219,2.9789233963059822,2.1837392921066705,2.8228833542652625,1.3405487299681633,2.530568012093557,-7.486252395073968
2.2460068632593098,2.0046492960282416,1.131622867468336,1.3885882933134097,0.9405558386034034,2.452687549704894,1.1950830533075454,2.6172868512394616,1.725029963204491,0.638973329395867,0.9771605060726818,0.6115357325904549,0.4735003924742536,-3.8763760170657813
3.0025548896859466,1.4412934111761009,2.041719052703405,2.15926150669841,0.9475976810345108,1.0994397611404856,3.136434155438578,0.35355157023542694,0.35050953301888227,2.7035231579630086,1.0550314248403514,2.588165823785778,2.1099701874432237,-6.6508805962594595
2.4735835986903867,1.912852916492496,0.737342521417595,2.212968016438943,2.0983892194685967,1.0938854430579932,2.315751044548314,1.823174240718703,1.419004112346557,0.9627572401129398,1.028424164711772,1.4898626360371727,1.0789903349672803,-3.431550830768693
2.363046753607885,3.015289937330668,0.7218228263076099,2.040801074468481,2.340212852709914,2.609438842037314,1.8166840144926264,2.1653214926126023,1.7334257338098564,0.41526652623077137,1.4009155185610118,2.331889089247496,0.6125619041654478,-3.292467924099993
2.2043993266489115,1.1125842764171787,1.8966128734787182,1.1962369035355824,2.1834399255079657,2.73525711056006,3.0966642909615647,1.4226614993271443,1.599143800268449,2.117099903527893,2.6552584634927587,1.7443008180899078,2.949360161466131,-7.349334902492654
3.1358125790129194,0.9522767894087607,2.704373630795493,0.5912371901584765,3.067175737201062,1.4426238412944592,0.7476316557438589,0.9039015760909268,1.6868786450208053,1.0589721508580499,2.1839062929106317,2.462194288387851,1.2799832534934121,-7.78685549719659
2.7435524082416,2.5753180109463174,0.5312128304340897,1.9975232973579202,2.6417636339852892,2.5379391175402155,1.8882739107152704,0.7051854926296147,1.1270290694073972,2.018208421061691,0.5564045896019287,1.3356969446134677,2.7968169253328266,-3.05580525184856
0.8996996846901031,1.661431882361603,2.7258624262433564,1.730338865816292,1.641973440657053,1.8402950374601648,1.2043256019511481,0.7429710027838166,1.0599434875653893,2.707279261021488,1.3656224431992128,1.4724273295467483,1.0487825124717092,-7.32461449389247
0.5439206660801623,0.39390810734959014,1.1279870975254476,1.3370962029201312,0.7715554151579762,1.3610285079565219,2.702925034924009,2.017681197925462,0.7319797752964643,1.124719285703868,2.057089514462838,1.8519932827132906,1.5509661049846317,-7.541571777030557
1.3903755826774402,1.0421615998750098,1.7537462036221112,0.9743456027847548,2.7969099620729936,1.2057891869773114,2.6550322279204326,1.3654038796746109,0.8488751187097554,1.2055147292707855,2.5177823877206595,2.050062104984466,2.43659190132975,-7.416421554872113
1.16765333448449,0.6984144762933429,1.2994610639094686,1.872761792219312,1.9821507914583534,0.8174902085415934,1.8957019849153256,0.8145325632568866,2.4637156343860043,1.735064136662293,0.9355124879507994,0.7367843391456395,0.5380547738742714,-7.9279015533001775
2.5183329499664886,1.3778208820366442,0.6773818724412035,2.0990195850469635,1.7614142304202465,2.1963775416588898,1.9197601588580626,1.3996971641543354,3.051976439592169,2.6935529060174166,1.2966409994309473,1.0817913118187812,1.8543578378500245,-3.696968871915953
1.6285491123560525,0.8163822715969222,0.4392020415653958,1.3032045370276475,2.2200540887791393,2.4011065738099426,0.8471686363137501,2.556010276194868,1.9693293303119292,1.371215650458676,2.7392075734082058,1.3340883501848213,1.1499882034144413,-3.9835657242332814
0.5995275858868343,1.8770086065182325,1.9267674548349933,1.6358848644786288,2.382724528907856,2.87852578063408,1.0445569043278926,2.2945832705034874,2.7796629729906517,2.5249182388978886,1.7166994345717057,1.7653200918722094,2.5764038554813955,-6.4750148899523765
1.845253273141944,2.158687672423001,1.4004363566842033,2.001100720848182,2.822763502106541,2.0336263478299013,2.578873677503608,1.106784343135615,2.5509019181859833,2.7175691314374752,0.5472272942418115,1.2654508008738472,2.9415306078959174,-4.809950088807243
2.5021918929948406,2.6789801099465143,2.091542668186424,0.8196758037427601,2.0935584931435396,2.209526851276063,1.7688066001868954,1.5274447413871068,0.5637686628007111,0.7926338322502486,1.057175119348755,2.214040914250709,0.9029702347817983,-5.044882359292447
1.110682450737896,0.8136821949270363,0.8883819854829462,1.4594997116500397,1.2737411718978962,3.0905274087947485,2.463953736226225,2.758683240919426,1.4638906965623038,2.165624336581558,0.7073231194234346,0.41156464645291774,1.6580647245019347,-5.639822741919278
0.9499938570313011,3.0530072406933413,1.9089109391495425,0.723290559913191,0.5295550475611197,1.7632213815879465,2.1392515663966187,0.8669379476207006,3.1242109616221674,0.42862340535462495,2.026927718359195,2.334564991985392,2.715386747928514,-3.4894346357534225
1.2747197989376569,0.558258654345926,1.3918482232938736,1.2018101536871935,1.7673499332046136,1.3694558088390125,2.9195775170003153,0.8322664557651711,2.3592002194791366,1.0901128989788718,0.8510736328208784,1.2982435145471627,0.4312319630071419,-7.855870909740874
0.7449560982458439,0.40290833933556824,0.39018315714178137,0.6657594404286162,2.681614191586188,2.5551101523489237,0.7354342899169198,2.482382796934202,1.302641056092354,0.5387160830459785,2.4110965799958963,1.2533202927043843,1.2749804643388476,-5.311295127477438
2.7558742900032795,1.7116109148267484,1.0839047624871172,2.0524347383765105,1.5567931693073533,0.468888922272901,1.1814461706102815,1.4034767280437364,1.148190377069572,2.6662017762802077,1.3537849573913359,1.2212910849937906,0.34531656018626017,-4.555004280738757
3.0397921702691524,1.63820147597914,0.4985619928670454,0.5862178162502788,2.6348453190037273,2.751494212452024,1.4036465573045804,2.664445429487807,2.0921038550333892,2.4587536408903112,0.9959231894180459,1.5569110296951312,1.204532204652376,-3.0954774948080344
1.9582410487318547,2.4151220511881197,0.3817454431919841,1.4471385540017996,1.930869981467542,2.7463371142351165,1.7764017977741893,3.1341783703505834,1.6160609631535305,0.9532300624608623,0.5973244644688727,1.880927376755176,0.4384294671178711,-2.6268671814701934
2.3719475041871223,2.7926738110150384,2.2820161686272296,0.45417733380810216,2.010982486439124,0.5712574796132291,3.10653813530627,1.5649634306132134,0.7251509498095683,0.6551987489644318,2.5771111209119004,2.3291731041205694,0.6507229648779399,-4.611494164339246
2.3127811054719443,3.1018137933227354,0.8799726250999111,1.3693648668112213,2.6023837113265356,0.772223480825045,1.6697023542830567,0.7176778635796843,2.9776819077851844,2.946270001214096,2.2700519756315187,1.6400067296721599,2.966596993401771,-3.4717317581149327
1.5185072597485776,2.3951474036429463,2.791697391475776,1.1882806739742473,2.476922890062171,1.6078055115126852,2.3770009570300052,2.529855766182211,1.1094761097173107,0.5157695251846861,2.470376016024791,2.4251166097962873,2.783882225319105,-6.3456840912247285
2.3171527536032137,2.238178349932867,2.553226200003991,1.7094832726822324,2.4336464990184363,1.1771175256900361,2.6460131436115986,1.6149614529880327,1.3948591299083,1.6773506480351024,1.9715929174430824,0.6271236293115638,2.2995473689621493,-6.514652095349228
2.7920420877294183,0.37072703424555176,1.4844009048993043,0.9541984535179537,2.233067593708037,2.2931464734065266,2.119869247886751,2.4441056029479915,1.0686818438680692,2.4185341757328174,2.255865137016928,2.7674138498390897,1.0841062329270472,-8.203930122587948
0.35840523729289375,2.857524980583957,2.785004618217187,1.8576649798850318,1.3700434141463589,1.6020400414012592,2.1079385732071163,3.0336755818943635,1.5897612431941663,2.194640888097314,1.7068928652414292,0.4129046162350412,2.5581736822059087,-5.734661461819122
0.5826494169466219,2.702937837194054,2.316965747654069,1.5411016983413517,0.8822347406885727,0.9378811660208721,2.445663777469003,0.33917276308497424,1.2113748137043407,2.5104723894345637,1.911041573900748,1.1985607240919882,1.7884785085027262,-4.833182545750493
1.804877312820916,1.4651698726551472,0.6454175137012432,1.9623806505137624,0.6566294276505471,1.1362012924614846,2.669652191594779,2.1787328089877858,0.43984498361223107,0.8614845310229235,2.8437490522245357,0.7934734698862428,3.0547543346045636,-2.8547822528375497
0.7991786481979732,2.807640750097415,0.39369953391255447,2.2425303918715542,1.473158454571524,1.2165212164420305,1.0607177641265184,2.7236991548591285,2.745918899332187,3.142715037121427,2.135416448137092,1.289639865211518,2.3006831592708736,-2.4690299943246132
0.8492447568321917,1.1733482915736368,1.492439872771802,0.5393971480572308,2.102087731389905,0.947881550416543,0.4444399546251092,1.7572655097653562,2.875066806099031,0.7875873156759449,0.5086762986770272,1.6913160215864773,1.7311416577835825,-6.435507902718705
0.608724540142316,1.5318228477789455,2.6792004414422883,0.9802676816121136,1.8328453536229865,2.7669398169567154,2.241469063331409,0.48492727996731677,2.367241170268356,2.3649599918802098,1.4286898032504305,1.0876868070933325,1.0474092119466345,-7.030444579072163
0.5720624741480507,2.1778105277779347,2.801673210656802,2.214358575646306,1.8753738359536034,1.906792496593384,1.3030667378672096,2.2099575707754946,0.6563161922899129,0.8999851728702553,1.0498141745687537,1.8643187149664198,0.5788681378190625,-7.004235296494714
1.5237653158203925,0.5716950668805647,1.8093428705652876,1.419300257177504,0.8175026837092072,2.3849536927373673,0.8599941780719811,2.8524820263709376,1.9266866803983222,2.9405001695874957,2.7790967360454895,1.8277422874138167,1.571770525811277,-7.609476285234109
1.267213150166023,1.887247372790816,2.464531197039319,2.1857597532138042,1.3966337233808261,1.258493520489081,2.7661525426259006,3.1537441784445104,0.3298738479060123,3.007591441733372,2.2339082455713215,2.747820529404974,1.4168350323968484,-6.701706490663046
0.44542376871192,0.8960012265811901,2.190260384384174,0.8704217538891603,0.9072518850642779,1.2211948286587266,2.683116112324109,0.8365810036441639,1.1396641252248636,1.9634115909380712,0.963051920010026,2.023573040798778,3.107596670845318,-6.907933654090124
0.3610578052241108,0.5923505994724954,0.5933082995269172,1.9832540976834607,2.7880925662505804,2.6223964998627753,0.661481433435106,2.640711894863177,1.9227494444166668,2.3447033292664288,2.8661265041348107,1.2047595464026415,1.1884112866069023,-6.394418445175976
2.138963015704544,0.5341642244111274,2.031421212941477,0.9009339347072004,1.4477566909937885,0.4038949330005715,2.2719978301337136,2.478036613386657,2.2130247847712337,2.6177561590099074,1.000565676850774,0.9876442568006139,0.8708997282758917,-7.748743737188991
1.332747197405198,3.147229152397764,1.1506728806009132,1.110988150732617,0.6000457795468466,0.8067757759570305,2.452846101406447,1.7366460971703168,2.6367211582580667,0.5953095021409635,2.5789469393442213,1.909213583838512,1.8441410192975431,-2.883098428579955
1.535455777841798,2.645152990812663,1.2451778113449472,1.0987075379839377,1.5914616185583137,1.1739131700857108,2.0678011478473937,3.0059328478663376,1.49567887885438,1.717223375573746,2.914722766626432,1.3319130164805248,1.4841676521488485,-3.8005232379590277
2.0760823925234964,0.5508127723697158,2.5453078386127967,2.2224579656779686,2.1710162773658257,1.3305839801446868,1.1882227158464742,1.523909018441064,1.7828292536190222,3.050091740127865,2.8696682960080553,0.6915798781584686,0.983913485766007,-8.728729121353002
2.359349392330659,0.7115182817164194,2.043185213727079,1.153488583628404,1.7051292787864882,0.4754272035669903,3.1230186803210125,1.175687705026739,1.7100493419859433,2.536776182802687,2.9032007411880096,2.0807295942657946,2.265715424388749,-7.775183662908969
1.3639033035657164,2.8536935900132643,2.0607872448880307,0.8631993511133853,2.738710676320936,1.852007707787104,1.054850140584275,1.1533058576234472,0.5997847203230493,1.4753674503419945,2.3814942036314832,1.4633869632500582,1.4855300052834797,-5.273880228120264
0.5481583606668479,0.35532927001507403,2.9550650718118856,1.3651836562414692,0.7872589293585579,3.1549608187615936,1.8124007222687948,2.449134664081368,0.4420848007837427,1.9363370043059596,1.1707769455718753,1.5652320792224248,1.4302759265043856,-7.946462316559936
2.282625965137137,1.2350883004611182,0.4311501658716677,1.2507174229799012,2.4516288901472048,0.6814900297453442,2.421739745241233,0.8480753844992805,1.6554132740236138,2.9703657233940564,1.8773450898258845,1.5327911052598653,0.37437986980386556,-2.845176624218894
1.4155898577052026,1.1037531120209993,2.4327841926223335,1.3261693525275302,2.1219149264342207,3.1535808825590212,2.6102932920241217,3.1240451231929396,1.237547872426069,2.9152227510185367,0.5058662785338279,1.218999095682165,3.1573000326559706,-7.720123350925632
0.5097381144252544,0.5741174417265114,0.7988007092663361,1.846354122964529,2.5244243350068114,0.42898525511527924,1.9334187691965712,0.8631053092459171,1.6370463692046104,2.264609273256278,2.1146515351990516,2.5083819193605357,3.155420423458916,-7.453377491218905
2.1088151775331623,0.7617068786568825,1.6898106725291817,1.700991081214024,2.050050018601324,1.0670995075067258,0.5530486730083689,0.5104877490351099,0.8359712748035604,1.4952699194950059,2.2440447376503068,1.7966475841899794,3.0830224903248498,-8.130982431170253
0.3632764746180125,1.6553590726389908,1.32692554726556,1.4382468357963913,0.7033187591380965,0.977906597084216,0.36575271519272734,0.441396752717081,3.1071024343397315,2.0962566066258406,1.1650009773849377,2.2601286856081146,1.5770012459969984,-4.60218650208118
1.801264630528199,1.8465761469884199,1.8931425544433493,1.148008366553447,1.8821960155768573,1.7118225340786941,2.996108006962987,2.9454495954158944,0.8727194303873373,1.916547716889509,1.853743858333678,0.6348263423395988,0.5480749335134054,-5.6650615023809
2.163405356869263,3.137751693774059,0.6096592302861363,1.1583476952674019,1.7098891338782156,1.9983443172007787,2.125009869831457,1.93864932827848,0.39170111216594133,0.6888727083792083,2.36714707987883,1.395120429771109,2.5871283651547916,-2.8235105450040265
1.0484942799448154,1.599985407298702,1.3855001561525515,0.9081203648546783,2.06836030435818,1.0431713227747381,1.7516998243369122,2.588984685060284,2.1130804538275183,2.297955133052722,2.631052553904582,1.2698985488413792,2.901586446778178,-5.200581112365708
0.5939775858669416,1.7306474758692287,2.2071824072607265,0.9839658333568013,1.8463459956413881,2.86803774125802,2.85057157428341,1.9690634743019346,0.7107570390074649,0.6061082292258244,1.0466529939368705,2.6815634607879897,1.3057695036370929,-6.292349519937215
1.929917311086244,1.4750414235310334,2.239263463652236,1.595896684333937,1.4754271583646439,2.792007809048113,2.7003584696181404,1.4090552904439295,2.1001095126890945,2.093415414028951,0.6083252013085403,1.1840129239582797,2.3105134475429123,-6.973812925330669
2.693385780509437,1.7575809608855117,1.4501474547309323,1.304127520673729,0.7127911968064963,2.012776076379809,0.4021891474326389,3.1387411927882343,3.0450334492317754,1.4005231879286137,0.8320221378424746,2.6862711121832232,0.6970461389748447,-4.682548959766958
1.6784516670787057,0.9139918649819725,2.2761608557279365,1.3915647161439288,1.6390452599853023,1.9124155837820518,0.8842708291061177,0.5908238885658921,1.8671887027375862,1.0300225421452882,1.9071555751648763,0.391164029101686,1.819390075141497,-7.841813046326076
2.3023710312930277,0.6691898693992638,2.174116979027738,1.0363795065634887,1.8874375394228267,1.9179052637980718,1.2959702266039443,1.419004504682638,3.103416226573683,3.0252457587815216,2.1440601270389847,0.4001438525210149,0.3576551084334819,-7.947487584156836
2.356700039257834,1.4247385049903967,1.8622341315577382,2.243684642915433,1.5297228170883628,2.778718687138666,2.9913653414096046,0.8083852020351051,3.1552930256531146,0.6011723560005036,0.3848641648330896,1.7017605235830195,0.6362810019099364,-6.7867192919067465
0.3774365861896312,2.9957185544791503,2.8342793647360645,0.6946147821890158,2.3341880157033077,2.8870099326694776,1.6255361662964023,1.245714448618415,0.7165433995643338,0.41807306115706006,2.357466802426222,1.5191963427214352,1.463308676606723,-5.526616949781981
0.5056869325372387,1.2965398717804975,0.44357377534688996,1.9035488758557946,2.0544349005842095,0.5944354176957195,1.9547261557921005,0.9098060392272749,0.8643403550193494,0.5603968190407694,2.8576725103977365,0.6323774263711558,2.4886788335250816,-2.921651016519016
2.8812864170989565,0.9326753964992629,0.5235144152859033,1.161391671081709,2.958698418358044,0.8364087454625873,1.8359824646126617,0.9394072979410306,3.0853572996915766,2.1943995725227974,1.2688308144846507,2.215938540102918,1.056135280276294,-3.698196622529237
0.5802628803366411,1.9497269768946244,0.4171899808346715,1.1868782373617026,3.0020428810865725,1.4752484087150513,2.4592912032647054,1.656208842094974,3.120741496068007,1.6182367493454148,0.9137554114992165,2.48535265272699,3.011603144196965,-2.7176970890084644
0.8263032218685793,3.0159545113723896,1.9862671043046038,1.1297116096040225,2.284099996499059,1.3568942409817502,2.233659807098044,2.308431272588286,1.6359987121484556,2.8610043457154624,1.1013618935871161,0.456504639917363,1.3173865517933077,-4.819176048815329
1.5493808164101746,2.6352568995650714,1.8048564181910427,1.3718726698447186,2.316505519909206,2.9688420653092935,3.0348022398335934,0.657031655979966,2.4823083381847324,2.4149695750291613,0.8625397834054682,2.410771807570093,0.9683758166346563,-4.818350942848584
2.4502168994136904,0.8815239872920888,0.41957260042270933,1.3159064456531437,3.100324327392344,0.676379320150762,1.9688825328156057,2.3439580151900072,2.6284713285491996,1.9806213811442537,2.0035985210937355,1.054563909746416,0.9655650816921821,-3.2481688223418073
0.5428236414009443,3.0998580210365367,1.147694531858673,1.0952969325354567,2.883340277285446,2.11566310939411,2.614617035669002,2.845927872383675,1.7902750733358732,2.063708675527164,0.9108318013089008,2.342861186943485,2.4788050851713135,-3.768702805301072
2.7709548348656194,2.2341747229978517,0.4624356559594372,2.2386121148535643,2.747048850649831,1.3792488497784223,2.745162609952276,1.3418342651495012,3.0722271599512645,0.5479203558002063,1.5413899516864653,0.7962382559739776,2.9185105203325215,-2.7765981310560597
1.9817335935768563,1.68704807485294,2.822788027011795,0.7777837142444973,1.9711497414863535,2.366134790230523,2.530633417679904,0.37121502334741013,2.0148688090725013,2.30477258051056,1.2191199226088494,1.2331987464567982,2.951528249283101,-6.779567704305194
0.5211674204519091,1.2761105853497468,0.9428968352999136,1.8134636737881793,3.024013335060013,0.7851793657419728,3.1324866281424337,1.4512749581305304,2.1261813088532686,2.0651356743643667,1.5053409404018587,0.9733147196790022,0.9512136457531988,-4.527109898796271
0.8801385169501261,2.2791770000882816,1.9792761173645492,1.5090192969224696,0.8303520321984506,1.5954275278686016,1.1320768178355638,2.82943864412502,1.941859009297558,1.2665206811225374,1.28003148419272,1.2289452832169452,0.6455165916975407,-4.940461411575209
2.9749229569066458,0.4676780529174852,0.6833126936741949,0.6234896278937181,0.7679051876821656,2.8147496737404136,1.2121415927292767,2.1501418447706566,2.9061491088088096,0.9398276752789643,1.3052461467223053,0.5504349005703992,0.49749949420652173,-6.195837118179328
2.5658774681669505,0.520586049702234,2.74005275911895,2.038711495572917,2.616352244696579,1.5687872707323038,1.1916470979008642,2.2109717777217814,2.331118074250819,1.699067217037536,2.247328424411902,0.8634692203488405,2.41660144395756,-8.858240133458391
2.4864897734485476,1.4692902204269347,2.2805632231768924,2.1953525680271735,1.1540477764971042,3.1143740452832276,2.8666634116524445,2.4653393580859686,2.2814292503040865,0.42174723992720115,1.7734323838021986,0.617826826822442,2.7661015862441367,-7.030972491470771
0.8835293702986828,0.7423003416008238,2.7612517819767866,1.6607060024773885,2.5530908178771026,2.5232165109137106,2.734616342445748,3.0563202723280596,2.6463625854884967,2.7045917444474217,1.9466374252970542,2.652934101397118,1.62313048628092,-8.465898342783019
1.1926700850001426,0.5424661029619484,0.8851454453179517,0.4654600397444346,2.568776111000537,0.3838650383472324,0.8882450445545969,2.2783927363171674,0.6448365994944314,3.102294476598674,2.46151012030555,0.6541293834664781,1.3723695101184932,-7.136689955297388
1.018636318268756,2.4706038310326077,0.820733890699999,0.5310457291169345,1.2864013433120718,2.8021082854192128,0.46593775170099205,0.4695156154330456,2.2280850266932686,2.794521257258307,2.6016601349332262,1.063352493328622,2.887420315927532,-3.1774722661012307
0.7323501039107123,1.143741624456904,2.3019166350689755,0.7550211255733021,1.5447135024903527,1.2099084380398522,2.0012360989638274,1.033357316472433,2.28616091161679,1.5959446449197237,1.7118804482883039,1.6056093509779426,1.2024004972012337,-7.006272043525448
2.3701985847670883,1.2388798044375202,2.1104637805544595,1.2089875801406655,2.0374219343323055,2.8637373095675573,2.476378773049503,2.4049036861795563,1.8849005713924052,3.145566458682298,1.8204016306097277,1.2672266200566897,2.3738491508264965,-7.297197119972451
2.7340529315399325,1.4103610019181272,1.5836773916153202,1.4163285559193772,1.9550535113828118,1.3247988836671885,0.5227882158723917,1.5289408271793432,1.1926512869081023,1.0705318132986703,1.2525523313981788,1.8764307458190213,1.1604455646428822,-6.585079075254528
1.586662327368771,1.6273521942795235,2.7430299449231117,1.0169184555477597,2.6612623940486375,0.7222098340503276,2.1884926467489505,2.3603284701645095,2.3562815550578695,3.070194979537216,1.5446218224005435,0.6482237050738034,1.6727026644539376,-7.275813652729365
2.079324017390448,0.3364661064125661,2.7524941106329472,0.7457646006355154,1.318027632495031,0.9704770211746692,1.783592294143661,1.1541382242156573,1.6039250726094323,1.5453493847706388,0.4190545220305283,0.4637789802431582,2.6770963456062273,-7.943464862075775
0.9795142928455245,0.6381391494982565,1.7480882087889844,1.7071526517844369,2.5600119872828393,1.0732422528966408,2.5796410652834814,1.8325936725972571,0.9914603705427227,1.6100036859236302,0.49058368915309425,2.159379777959712,0.49179834396688726,-8.38143889418192
1.1341556742406576,2.2315602433373933,2.7743265041904577,0.5468657284965579,2.2601675711916744,3.112775819362469,0.4407525564238473,1.3918454437229228,2.397240267430759,0.8253882983720635,2.0679642446043274,2.4159898960001867,1.9295790711048812,-6.260507387136048
2.33174124308647,0.6719627985769687,1.368682145879044,1.9717678120267832,2.586970500702413,0.5684003457012173,0.9649690921394041,2.0859194622549246,2.119354773467136,2.1457504762900528,1.8642273061260004,0.6968105790002804,0.39740324882144057,-8.267609311184797
0.6426861275944797,1.8041373442399349,1.6285990426556314,1.35408263076999,0.32395479525250126,0.9062327268914459,1.0419090344653308,0.33115688594086434,2.049522307238691,0.8142140349626865,2.2048678261917822,1.6545386911637154,0.717248803937582,-4.014849665394888
2.4201153662944925,0.6275029036490956,2.980797844921518,1.6144588346711408,3.058323271536002,2.6140735260378465,0.6186374503191154,2.6819978157895523,0.8628971004841626,0.3997348752362852,1.715340521306801,0.4199024373501515,2.081472269302937,-8.7984150801436
2.623390203667,2.2155301495728907,1.3765017381112357,0.7113846671430755,0.3874971591115463,3.052592610172827,0.9517648094606117,1.589827175612973,1.7857191441166187,2.9653426207583573,1.942547796680038,1.0058226822451573,2.5051792627232468,-3.2240044575619384
2.8846709513222093,2.785049757606759,1.638341677290704,1.699787774420203,2.24687097105806,1.1943149457339846,1.6025556172268574,1.5846357901691575,1.3919132779698729,1.1987644601611593,2.8151079240351473,0.610416661419225,1.7705475861398567,-4.7550468232739265
3.009517092860321,2.5681454278312317,1.2722851885967335,1.7239519121583726,2.6565031306529248,0.6646973017218999,0.943613534227326,1.3256993496216058,0.6770875316817813,0.6215744070592597,2.2854514668118675,0.8254691329731676,0.4346962305222549,-4.589790461283763
2.4483235855547147,1.765402105939506,3.157703021701479,2.0974176975206733,1.4301173866273889,1.6010153304678398,1.9115780474651531,2.1040624750467827,1.0952429893760502,1.3425925869528046,2.4676397315767655,2.6699271022221502,1.4716446479768512,-7.354995346473234
1.2238455533950003,3.134525569969486,2.34802237009468,0.7494942740165007,1.6981136070723541,1.9377132578382132,0.6595797970283221,2.9677958879580952,1.0272961419033193,0.6358264980214057,2.939340935321588,1.7920487120947906,3.0132071035026606,-4.961919332207235
0.7273084912492893,3.1188120516970237,2.237017379825068,2.1833021588273938,2.849101383715736,2.677009141311042,0.41914317504482224,1.092957272679308,2.3358992829192906,1.121059795807068,1.4476301316395952,1.91304458364891,1.918465115440789,-5.990993044548561
2.608364827537398,2.3713034617659554,1.344717300089601,2.2116131642497527,1.9284443363004982,1.3110702870424666,2.641032233645885,2.1186083697136606,2.3614776510935163,2.8950666214076692,2.5508016595599603,2.208309851417527,2.825659486588921,-4.315522317020835
0.41107992804461346,1.4269761074771778,1.282155333538363,1.801217602408666,2.6603037618513836,2.634369165669988,1.2553337628451577,2.821733515951608,0.5010760660397926,2.746923401627957,0.6500137023816157,1.1163344224554572,2.509594666997275,-5.990348376135801
2.0983491311786593,2.978480363095879,2.692377718630948,0.9595544836973782,1.2174038960675384,1.6678915467101474,0.5583575476103297,1.906972721287035,1.6836954115271971,0.6911111569624284,0.986732587811229,0.596680843042374,0.7533176174753663,-5.236757271495602
2.9478517689054944,2.894484945612699,0.9920677518924677,1.916791785973994,2.857155235574053,2.6176800413932515,0.6359340746183197,0.3929026924818585,1.1898907207847833,2.108902165196106,1.1072592402182648,0.7582879450458706,1.256718896321101,-4.299792134334028
2.5079972813086076,1.7152365838174148,2.3910747884521615,1.8908835308336365,2.8174151340514153,1.464072476210081,1.2301786849950929,2.1294527130494223,1.310759121548321,1.409975485019947,1.149506341454987,1.294586529308424,1.4420631159125281,-7.488533392134564
0.7504573113320752,2.427151901776336,3.0740457581624545,1.9940284613710504,0.6474176575295392,1.4926847138059625,1.68551326357355,1.7350121758009796,0.4221580597265174,1.4570595663870625,0.5910617598256689,1.159790423889012,0.493361759699659,-5.882256744227741
1.2931093224778119,2.2935341892497125,3.0834368891112782,1.6223047376656954,1.1896859745004984,0.3345488115227458,1.577163426859112,3.1132325346856358,0.5878995698323615,2.903575953285932,0.6130569453609327,1.9744461488368532,2.794322470813774,-6.463790253352596
1.2909015343755257,2.4765979459412004,0.979624323908046,2.085384016753299,1.0056079493773302,2.0653129726757955,2.6047558252258547,2.289946193532464,1.0807665329329985,0.44708482666843097,0.5436051054667526,1.0929903801413028,2.614802227211299,-3.287512361760286
2.9508460846759403,1.3604186016678077,0.6620022354746828,1.166401205937691,1.1802991545378154,1.9229481944440883,3.035498893128659,2.355190594008067,2.9680308115049265,1.8041860574157758,1.7017593175063948,1.8118113440698569,2.091453342561315,-3.183059722714567
1.887784440489173,3.0467146126288904,2.082633499904346,1.8812641245348072,0.46879353592881906,0.6598359627731126,2.544623667236948,0.635910821206429,1.8900537167354106,3.0685907314537215,1.488371402381931,1.738124947269753,1.861983974536499,-3.8290655802777382
3.0404446195642976,0.6801924803895683,3.035973755407993,1.8943209694015943,2.7195042171024504,0.6874895607215737,0.9849904893683905,1.0302100608367897,0.5153989063635241,2.93697046694332,0.5214688240512894,0.5146523995195198,0.5343562831778252,-8.729488018995577
1.9801739500880577,2.2967113584857404,2.4711404503471033,2.2271507811445117,2.7149227151220368,2.267256442258868,2.2522315813124787,1.0156994400993793,1.918053418885698,2.6524926709995302,0.45276728194218424,2.135534591790126,0.5109839408096812,-6.642811624867345
0.41430129779216157,1.354039607131867,2.4617208810526696,1.8788962486383325,0.4846774632029217,2.483443962882788,2.2815120846698793,0.8375324529544328,1.2320166703635747,0.9247909624055757,2.3073197766102584,1.724118713249508,2.4906564520590004,-6.508646965890965
1.8124399298769103,0.4808448673965755,1.1532838565689623,1.254349963144626,2.489779643811137,2.8538426880702232,0.8795291578793951,0.6724674924733377,1.0154677742496991,0.9038879743416013,2.8490539019636474,2.5958480907931745,1.034133554256345,-8.179429886624426
0.9174486705849925,1.2114205745057882,0.35417824082393556,0.9051879975931985,1.718129456253675,1.8068628587136293,1.2582121655104879,0.7772219573844836,1.5641595159523962,1.7301739961609741,1.6183428364305148,0.8711447659213281,2.7597515225222584,-2.720789789366873
0.4305778157619631,1.9079021196514019,0.5643989239528393,1.0906027947860077,1.8786045959259223,1.7220739273212307,0.673528873049716,2.415383759910617,3.0584004317580518,0.7478415655033385,0.47008894672587176,2.0817649719286413,1.768359196679684,-3.2638850831666213
0.36640668000118337,1.2569535663867741,0.8761387113864327,0.625973107426379,0.4658685964452953,1.9318101410175188,0.5043999381059996,2.924803840629163,1.5398099317322937,3.082024289851289,1.2823438932758677,2.5453392355901396,0.7295510325493024,-3.410524075552549
0.8932428729362818,3.109388001167455,1.4252250479345663,0.7297221047641279,0.7528727519549191,2.663166081022712,1.5618378998728968,0.5016888574326174,2.9346493266879192,1.9190146401591324,0.6712284827678758,2.706904688493996,1.570216359416935,-3.3423995326713354
2.6609145658682616,1.3545057861026706,1.5026790395413612,2.120452187929018,2.4867678720553936,2.4194552253697994,1.5742885195137817,0.8438134941499233,1.1188230235391234,2.206813594589634,2.379439705798969,2.567450048220126,1.117941158626519,-6.704131176111351
2.5775580700285943,2.3896857488941725,1.8665861344707413,1.3324246654296295,2.5346666138820595,1.8942396073399854,1.9806091109558877,0.46788044564090303,1.2996286205005194,1.1684070021646127,0.6338389730725624,2.4966434794574304,0.7556873857900274,-5.325911233879322
2.1707613575252407,2.6650248672064256,1.1071068301677112,1.4346352910231956,3.0474902964741744,2.3361698015624266,1.153560271395364,1.4525161468506502,2.2483193191678925,0.6959607028465662,0.4568584665957054,2.608089297845103,3.099071647234928,-4.294673824741824
0.828523120051647,0.6052801531860674,0.9810001248225226,1.2634896031844887,1.7434294956727143,1.9082769919123632,1.7568415540832412,2.05848327526328,0.9202221025357387,1.2081426814058531,2.781616100715527,0.48246837362629214,2.166356321802887,-7.425572493286686
0.40591828852945905,2.2075351958430156,3.1264409317186197,0.8544426569173948,1.2476836919974585,1.4286958493078852,2.801163330135623,1.2271592218962137,1.6746742539656214,1.5500038724833933,2.5549347118109313,0.7890694351839571,1.3785603213859041,-6.051307180301251
2.3292138886183658,0.7490306082402772,1.598709255837627,1.784783108561238,2.224884263383119,2.7218635654277956,2.7433420194607527,2.884621351432807,2.1068827043309595,0.8933391546922238,1.6206434554513076,2.660739625407371,0.6644069369838813,-8.056518317317526
2.274502886244755,2.999209120511468,2.9187946252064205,0.7959110355900457,1.0577012690009733,2.375264516534195,2.4383731571074088,1.9591769798061112,2.4016408096617945,1.4959424655460625,1.2746045718144912,2.4644804611455684,1.093047288081337,-5.01003600017023
3.05408616663811,2.76895900348228,2.3777230551924045,2.0367228285812646,1.1967692769075882,0.5294488665139072,0.792564269250488,1.1376604359681326,2.031986155274978,1.9880759804747519,0.52989400183356,2.531755893524435,1.5760678656880909,-5.480249192657892
2.0894023434162836,2.8484635378516017,1.7246392523408258,1.5442236990095375,1.6353701423969838,3.119363529529914,2.923316835645813,2.3314586693488573,0.8113379921281221,1.3379793912353333,0.9537076771284175,0.46879012952825416,1.7920363963290247,-4.420893759436584
3.020431011555299,1.3186379729945472,1.5155964313842882,1.1323114484187513,2.547690665991708,2.905332120964043,0.9243515546063783,1.7146419695593083,1.036551227637046,1.0177702733430087,1.0159692150173245,1.4657904740627297,1.8250934148324272,-6.618343250949647
0.4205372651232958,2.6432360918535585,1.7326552247280487,1.6640055045713755,1.1604556246670266,0.353800606456392,1.074928488825254,0.9247918052622646,0.5625810468907568,2.8164074459292627,1.0323801949244704,2.542051345540335,0.8023618820143958,-4.561245040529997
2.0376586853740393,1.6778325588009382,1.0702413475918808,1.6387892236895125,1.7027234097555066,1.1516007495646552,2.5690455911104344,0.3228843794864087,1.8398261985177633,0.8189557553806699,2.944259162805052,0.9898475948539622,0.744982460350761,-4.182732149029786
1.3975560381204912,2.7295405936695922,0.5660101708828571,1.7204575214240918,1.4243987042096906,1.7988833181612565,2.8956007402966653,1.331774911076534,2.005150360776549,1.7313766090509657,0.43545548331096534,1.760028060610906,2.701815227656083,-2.7218690022392074
0.9703879805778142,2.4435946800459205,1.765838968275715,1.4978903892430275,2.975704347644105,2.7831064718127756,0.7153798892869858,2.596368617276948,2.55757475335339,2.539914719879223,0.3980401350154518,2.101148196661569,2.9156414158165234,-5.73622144163765
0.861002357798744,2.071747938583398,2.032592054078451,0.563877719971226,1.2321736127080625,1.5585921023266704,1.8980368408726798,0.4970861386099804,2.4382408719385,1.5361096208453586,2.9618459882454893,2.3913620907111772,1.7394278145507873,-4.984358011076723
3.1534380165814557,2.847640119164517,1.4765761126084538,0.6632947796004184,0.7247330487326333,3.0230331860169914,1.1605858479901785,1.8460145478047687,1.3379015378777195,2.4975666938805285,1.1335704796425494,0.6435461735840934,2.2719632219623285,-3.472895310771214
1.06229549220638,1.1626946953097486,2.066707100387564,1.9575607927833243,1.9665734095096585,1.212725967405861,1.5231412048469195,0.6298102133019156,0.9783430256389618,1.2236230930892664,1.823565095438847,0.7713327763848747,1.5474316411221134,-7.776881960728408
1.6501564453796567,3.041509610297588,0.8549232842234504,0.9996199385961155,2.5740272997625135,2.5322288491627423,1.800507265992711,1.782490785001978,2.145569692214145,1.7998548889155959,0.359279386162277,2.5616263548137397,2.6111993564383833,-3.444437235380113
0.7769903236573865,2.4898661456990463,0.5416700587453552,1.6539950008498114,1.0229500571727277,2.696837338617592,1.8310319351431645,1.8267233839643213,1.2076584230097354,1.59398823687378,2.0637879757069593,2.470062579701253,2.823242758740377,-2.658490638281003
2.152352680333805,0.3989635283357078,2.8883753502711422,2.2020526490749712,1.8029345318930103,2.835317099837858,1.4922267379578122,0.7954670900415168,2.7158185399736094,1.273241970259949,2.0904605783552093,2.2199241563258028,0.7818440865785875,-8.79124298068031
0.6557477083550924,2.9760770741917066,1.417310210429746,2.1724664082683045,3.028955668911111,0.3386840336888603,0.6013439487334067,0.6408318807508591,2.4670573398963818,1.4727544444025094,2.8856414398988672,1.2848855788164906,2.8620812158059494,-4.944074341184982
2.362643874693008,0.9168782199034691,0.8344313390237843,2.091325169938346,2.8119556149132974,0.8611732549617457,2.2394323284603903,1.1617769088856582,2.801738188414428,3.0048069754100286,0.8818767474254927,1.0669524411855398,1.3385541917965036,-5.337948134361175
0.381372188069543,1.9752569780422216,3.130034302748383,2.0795125984940563,2.2227704462243016,0.4715594965813019,2.3709512356743363,1.5694460027896908,1.9206246503258733,1.9438106161323807,0.6607111565336408,0.9138745595698401,1.126463004968294,-7.474225858411525
2.88892388005239,0.6791958707443428,2.527598182180805,0.5066756634670112,2.9710084156363625,1.0811757303557055,1.628867173532917,3.0211285703923294,2.323204710579213,1.1573366686000468,1.4748005532418957,1.8615052745038343,3.0703915772167547,-7.826621619522792
1.0769956268035756,2.3856533638202997,3.0997875822185943,0.8870305349385073,0.6534355176320936,0.6829676829920053,1.9344169873409325,1.495802024566795,2.264483810251353,1.234856349276197,0.5991827943673884,0.720411705344821,0.866357497947754,-5.348717166592797
2.3523711607110918,0.5856566591146968,0.6175554639542713,0.8740347431223919,1.4808752158144611,0.6682760868031117,2.478800041335724,1.4565691724144594,0.8330515331604371,0.7054205794416295,1.7367880459586702,2.1297277652394695,1.002217512050135,-4.986285665582736
2.8991068037840173,2.684757297332152,3.057787506070088,1.9873753312288902,2.5894489421768734,2.958994876564928,2.381758484865338,1.264676159976361,0.6640912474594971,2.503745269517507,1.1785242296345606,1.0725443458485346,1.1850806793165665,-6.710724617555765
2.2348149222215774,1.081218296311818,2.924126648571125,1.0833743054228036,2.6838651086943566,2.096269344602403,2.1827486412118122,0.7975354078034302,1.2796573257626132,1.0082838070152875,2.8420184279276466,2.092898307168964,3.0956488801088446,-7.914857307304345
2.78302356380835,0.7638286708450956,0.7601354868934158,1.2653944394188579,1.1007165389191158,2.0272891254251744,0.45372241462338936,1.579538050724171,1.6270264129287129,1.7870542128305815,1.302292118299187,0.9254242677741049,2.6608413120082637,-5.633013550922439
1.9969180739146906,1.1812035909413032,2.008975480079166,1.670974412357964,2.5674601862997224,1.8445756973019398,1.4956724575985767,2.9357277817597915,1.1153016389086,2.397222392055715,2.886904540318797,1.9367525581490972,2.096559645111677,-7.787690674587075
2.6356206610108526,1.0993273230874567,1.7889439326017469,1.5782082446477976,1.8930614170387126,0.49292315653029417,1.4088044302959337,2.3276782125531654,1.648004332437062,1.7922546644818271,0.642500644550303,0.5182923400825303,1.2817042086593138,-7.47899547973313
2.942050446442366,1.6639002048529812,0.7362025468462915,2.1791650956407844,0.6845256420952919,0.4867109284267692,1.4198531356814876,2.747379850593235,1.112252706099811,1.7467865447134303,1.7097648022752172,2.700581883385804,3.046812593008266,-3.015837889709882
3.10935413652046,0.6388251070326407,0.8558991009137695,2.2318678132093805,1.5586334792164223,2.5584765617841123,2.047962183366035,0.32809990622340807,1.2277025276164764,0.33874785980314787,1.2415979514128208,1.083269093775209,2.7448544027205104,-6.999307474346519
1.10202028265362,0.4050829810474864,0.8186093848356144,0.7341731874977505,0.6414391123684159,2.7738342944983456,1.5815043342882655,1.5503588773756363,2.438928037951388,0.5090997509747015,0.36155976434953196,0.3669792019499409,2.598137504115177,-6.777403471014145
1.525510811724313,1.8344249054089545,1.6992312845036799,1.3990454846933287,1.4179831073962332,1.0293434172666938,2.2377431279972377,2.265521124308397,0.48586379782678324,2.076342375596959,1.726213659603381,1.0080840982938635,1.530138920223831,-5.3151878170875815
2.553261388213819,1.3096168735823517,2.345188297593352,1.9122676439156592,1.2760255580866164,2.1018818269576887,2.429168229339851,2.4028493026354947,1.623845175281216,0.7594992818997389,2.5808579406641003,0.4026919185428328,1.1986340467788046,-7.30906565030696
2.1025683739391785,1.2913500084010885,0.487396061531538,1.6300786829581233,1.2612422545231767,0.4542062095022698,0.6942156628834875,2.3413020351007727,2.214905398437621,1.7820261245366529,1.3083282807489982,1.6665992247249284,2.1954400225327655,-3.1432097726278854
0.9561964576601616,2.948136107170347,0.7823261968474211,0.4445422507465692,2.1910899133968655,2.1192260214031786,0.42557469633363276,0.7243994895955677,1.8812895811649357,1.8996935777880701,0.7916305561823573,2.013695338287124,1.5241322363721008,-3.2596344457621798
1.5049732155136022,3.0340660563136836,2.1497279551785926,1.9383913890585616,0.490678312377073,2.044641671525499,2.2954329725354645,1.7458299426519395,2.223104339372986,1.530036737822792,0.6277270049558762,1.8375596935560594,0.40208077972572703,-4.008504635937271
2.0654759426191474,2.7320350575989623,1.6657299294785017,0.5783587699902508,2.2380743899334727,1.4875792587721173,1.786320411472668,0.6318830592805121,0.6822655268020221,1.9650422819090523,1.497613358000316,1.0560549252715268,2.4954479690808857,-4.361587191256521
2.70355280110617,1.287605274570318,0.8018482225235886,1.6281741758706023,2.7758162798324193,2.9044640678060762,2.0413164771165544,1.0417152053173504,2.02506998200952,1.4125532205879892,2.926527223794584,1.2015398558127284,2.3382746489987443,-4.3602225770463505
3.147469810536203,2.1629502159917493,1.3886334498839816,0.5372222266646324,0.7336290049981422,2.0152792703700575,0.9544377594358242,0.4109304204869423,2.7105146720375997,0.839569157414872,2.289775305156816,1.1278256075758553,1.3030924032834508,-3.643327165999501
0.8943207640974062,2.5613600502630836,0.40837619552335813,0.9397797309574997,1.6262921996519761,2.786092848161296,2.349209966960407,0.41169243852634924,1.4701855834094264,1.179918820210376,1.4727745209304615,0.41514188549210745,2.521943415127043,-2.5361572476806105
2.326536472566433,2.592133707645883,3.123051345513806,1.2210259739483138,3.0609817055273303,3.0964936968205277,0.4886390509662519,2.891738736862869,2.9479368982598175,2.7373945517059104,2.8259943558241556,0.4248800221983532,2.9780968370988865,-6.995574508913032
2.165087396062109,1.8585860627085682,0.9614374055678188,1.8356633399859,1.8261568773784673,2.2184422170838993,0.36061894990479293,2.5616300074439384,0.5187602034678842,1.693642888862129,1.3492663763877426,1.1875087488202452,2.4410139558509494,-4.613320907349437
1.0103133188236844,2.533242379259451,1.7806345173266611,1.4826836669940473,2.9017317456098497,0.44809992141306876,1.093843130620669,2.7800078487401056,1.7172893215322838,2.3244989280082256,2.6153705178546423,1.3911860536413383,1.6898372252262153,-5.447674184415818
0.867403448236113,2.4817291812247384,3.152917737913066,1.1630793861675897,1.8888739234699545,2.021446659569252,3.1403641451801225,3.036141726987895,2.3875857993392375,2.394501041546326,1.5644540752374962,2.298662261657907,2.122257954218023,-6.33418569766724
1.5328157520510197,0.9824656135897596,2.3881616382410846,0.6509717382649559,2.365510412895197,1.062820018381678,2.698112054791813,2.7116481815023072,1.1565192996511364,1.0429190940416175,2.942134062300659,1.549662942866838,2.855465024416915,-7.406516701514098
0.8570971928771063,2.452886409874958,0.9471785204318981,1.4082371218222316,1.9985489490276735,1.1807282570628972,1.8567302075017975,1.6654709410283142,0.46555925937639914,2.6988108496362986,0.6274863629608788,1.39613141814009,0.5837857898459984,-3.6324659699105433
3.033491965214828,0.829293636423913,0.5799786053529583,1.0682271521890012,0.34538601311602424,1.9207606374149488,2.8076415942052417,2.629973793779163,3.032535878602904,0.9106675370940602,2.0153119762764353,1.3625370140076671,2.9226094381315146,-3.0128370240322226
0.3850288192109478,2.282564924644955,2.0109275046841355,1.8503516282026575,2.5623838080108268,2.3836141994229583,0.6997307786023685,1.2941574605537638,1.72977850650576,2.236501187266151,1.8301567839301842,2.456985659493604,2.8650921730444985,-6.256653458472364
1.8907338236886333,1.7695423352611206,1.0603493996822533,0.7533709464649849,0.9977669161030933,2.080465938129324,1.0304545691246287,1.5600681970902956,0.7794555674830238,1.102563194651584,0.7815282668112513,0.7179487258266768,2.028873921842034,-3.8232809412801467
2.1294122214553237,1.2853446759108296,2.9608590064214164,1.1140133456042536,2.2673330471240694,1.6292295797575698,1.1400166224803288,0.8937252609768092,1.3597499284532109,2.310178761359622,2.448747478461785,2.4185395745840426,2.6426447020902986,-7.706979646458192
0.41664708976806636,1.8305202958641615,2.2540360049074004,1.8270802454946664,1.0883744751968643,0.9942702690140539,2.5218176773509504,2.3773068076065496,1.1720597649639135,0.8094404860305164,1.2503950945712072,0.45397780141767596,2.6531248860583587,-6.187685715435484
1.1882032098905633,1.8122385445179698,0.9172507218131289,1.923265185779315,2.5770849490692953,2.176112030357698,1.0882302318476362,1.3826896794910035,1.602212236642848,2.5838965895728383,1.0798126336506502,1.7454376125718132,2.674093400920126,-4.4885966634668115
1.1756289272810925,2.1226915852785666,2.5206321428860172,1.9924221294023532,0.4407798391733876,2.456991585473547,1.047567779336428,2.3640675723584876,0.3772590862315114,2.8570297796675916,0.9896754467484331,0.44902551458364887,1.1000463823608264,-5.462224793107801
1.8345697633897164,3.1253209504200186,0.6469973087346137,0.7815797415132412,3.05656196377353,2.3287896729122064,2.8256903236826996,2.877880059716112,2.315910076971182,1.718023821582354,2.5490389202649695,0.4416823569424769,0.9574288481876585,-2.998621471167286
1.3389980432046638,3.128057080323816,1.7162033387027174,2.1340458692969424,0.7092810654806841,1.1817645495341575,2.9978090402515747,2.606183893706428,1.105338260362448,3.107452064598593,0.4508582232192877,1.1871844208958506,2.838021210712342,-3.734716078970628
2.8406122989549902,0.888448665613407,2.6806073587712866,1.424631720675426,2.1693506232051467,1.5307129434645586,0.5840396597850567,3.143246162168705,0.7452080241178142,3.0652325161982166,0.8385201504147541,2.6130155597061666,1.5362255951572954,-8.192982152189817
1.7239765080390619,2.3299586491607043,1.7827720638249234,1.782187379610741,2.96119188973642,1.7598779865834084,2.5558339415521583,0.5179649433793142,2.205951141482481,1.2443788831551685,1.4324720428471505,2.7379378480652323,2.1717496929614075,-5.3273397310600785
2.7380119772396228,1.6440779414176108,0.5555694321864844,1.6472202945056154,1.6788084862734691,0.7432051363085836,0.8015045231857882,0.36045130154544536,0.7753140419242188,2.9877137035709516,2.0976038124907643,1.1898154422980267,2.485579504694645,-3.3034415515877953
0.6962221845657577,0.6830652079503381,1.9450676470764083,1.5067745235838395,1.655075720782029,0.7059541663018813,0.8825747688341896,0.3872399616924421,2.8723928687344737,1.622078512786327,0.3691498746355123,2.103140498891745,2.038793079070767,-8.097256114417712
1.081178619353884,1.3641174449879567,1.544525663986262,0.8281639686851783,0.328748916222143,2.3329957407104174,1.7435841354205457,2.5855887230483723,1.9840029291903571,2.589616032856553,2.2967798148192173,1.0222783224910268,0.3321877983840059,-4.552638500497954
0.8784249617443927,1.5548898509226026,1.7346440193301143,1.8990016327576598,2.177099848999216,1.3842492155955883,0.7233028327358952,2.931853145419233,2.3516861437144434,0.4636278805479346,2.6434350362579524,0.685688489932019,2.609005201378503,-6.706621457562759
2.3823982854105816,1.8535478181395144,2.3690912938307163,0.5114142280894891,1.122858189943768,1.9962627774096318,1.7344397272994652,2.34884963879805,1.0721227039130257,2.425620332281112,2.6752978646283117,2.1222583541185056,1.835080997294043,-5.552052379781292
1.4288450865287956,2.672438364532795,1.9471228990547254,1.0713998501046196,0.4633811943900185,1.5859978345175343,2.9612072102279945,1.011880512320654,1.6221569303606822,1.753850771605852,2.021620398258195,1.3904779104698062,0.476354394657702,-3.769088426562977
0.3905129209585682,2.2168080603478133,2.5615000769613476,0.7931577186065435,0.45736785246358613,1.7313423904855105,1.9305765067093044,2.1437751728732692,2.6125861401727435,1.1630451610581056,2.7091723923678552,1.9272433952197827,0.6942050264976208,-4.730520891265706
2.210051679113332,0.5324795632777879,1.5750246985979752,0.5833148761544527,0.39074409880962674,2.1435607562738004,2.587567035493233,0.5660429648316704,2.7612258962870317,0.9231246943279856,2.010965432003176,0.9765756324882853,0.46101887084053184,-6.260984528277633
1.3586807227028181,1.1302697563325097,3.0506495622765173,1.0198962591836078,1.7841819710244566,2.9645468792657867,2.7213033211910447,0.8919839468585495,1.2092580951427694,1.608024087107509,1.8680060874852804,0.40062687633360594,2.7295483986095017,-7.5082627213658855
0.4240929916009303,1.9695418285096304,1.4977291873612932,0.7315662078098725,0.5684004611379061,0.5992396338285714,3.1503090565472043,1.3777435655802568,2.200528411248924,2.610780899805018,0.9435864127931763,0.502841998292654,1.6925937587551245,-3.7330068215627326
2.2708306985678552,2.322721846123247,1.6275585775338701,2.186701655942911,2.469667803384696,1.437921037000632,1.8923706184401512,1.8533940615143487,1.0566932029638059,2.87257271835716,0.9158992962357994,2.1782195706687877,2.379591140119118,-5.2106420346835325
2.213643439153101,1.673821248074284,2.711111584609335,0.7175859021157196,2.532233691503816,1.5629339095323713,2.4249614715240626,0.3772050823923705,1.4914718180615343,0.7234035935116135,1.1434282365625847,1.5111440908162865,2.850223378154363,-6.87658696795548
2.7674679959897825,2.7416625481933017,1.472864680317758,2.0625035565390726,1.3720114152144385,1.1449148855452276,1.474938084170083,0.3591901342895613,0.6948361603155329,1.0675483654362565,0.6880499509566522,0.6155983506195571,2.139403119137066,-4.249383348232367
2.074632874634279,0.6657877087033457,1.2279885786698947,1.6736504335666391,1.1130029442126743,0.9273508779497028,0.9229208907805115,0.8199543549927666,3.0483033742782295,0.39236762379279644,0.5660815683221978,1.8190711522848526,1.3946170988682414,-7.517922098968173
2.5336046060204844,1.3812586061031498,2.000499767072544,0.672948829436387,0.949455767129397,2.642013275583539,1.5946004771525615,0.7920749338456375,1.1698506020411563,2.381452456867088,2.2102229222937244,1.942174342825539,1.0809555231310422,-5.994799743351158
0.7020695732426195,2.552467928307693,1.0902672787435863,1.5622818372825265,0.8270961088846545,0.3567136309702422,1.1281257185803972,1.9887108480351043,2.8657009668674704,3.1541855805099854,2.79969474433965,0.8859802954188949,1.8713784621098408,-3.2971355743607
1.3672612602862377,1.6753318876035437,3.0263194046202604,0.6689362049431871,1.2812541624332208,2.652386046676898,1.273984508633899,1.7034020576663884,2.5377586850612155,0.9936477271000668,2.6834826112649246,1.5303178811401406,1.4688550671733833,-6.490967248058256
1.665177784565483,1.1956813255876384,2.7196121180578885,1.489867132742458,2.044384090823841,1.3927979641524217,1.570956739957443,2.8181846460766535,0.6146965306535577,2.572222004506346,1.009877902749891,2.604945657873462,0.5280937950944989,-7.824773917058826
1.4542865704439119,1.9325813468703619,1.9681486137274387,1.4732302112128255,0.5106797834115737,0.9127739078620489,0.7458204922966225,1.0654872177248456,0.7509981359217772,2.9313247911515115,1.3891646847357884,1.9984914823249247,2.0097628760080264,-4.97758401680223
1.603324442309393,0.7131371272323341,1.2080819861437453,1.0368219737319797,0.534412233215907,1.9460288908965027,2.05035435588957,2.982759423144395,2.849024606595986,1.9835481467737086,2.4950181900849033,2.6901625568789274,2.9692344028340645,-6.383347718035362
1.6147923529657906,1.7386881651266253,3.1389226527421963,1.1093557354933252,1.7168095855186238,1.8620132425176552,2.204062522384552,2.1765843281929795,2.477204945231572,1.25297489720415,1.0245600364780885,2.225372491057235,2.2077190723268436,-7.026515508542022
1.0362887617991903,2.994000575058837,0.6963598536852404,0.7392199721330022,2.84411536493041,1.4925114531759682,0.5017525665008601,2.775914451558938,2.7924031808631917,0.5254047262294381,2.399608482759252,0.8749583413201631,2.0293499995899125,-3.3771784982058857
0.3429279658841642,3.1111283014220033,2.5155067418615213,0.7179598851427431,2.98948962390713,1.4799516374857142,2.338869054664371,0.3181751321667432,1.4343245913337914,2.602583510061093,2.835361005564935,2.0966528312216997,1.7229460639070784,-5.285111738212004
1.1134375958292708,2.8341782979571373,1.917894045440201,1.01472860424843,2.9918803497955744,3.0790730768171257,1.2656897693924885,1.5105557519260273,3.0598639420763547,1.3305786307769365,0.3434767213563908,0.3702542158147642,0.8543828995008165,-5.233251145423416
0.3930097349448616,1.2556921645821522,3.0197755763758827,2.206564682343245,0.8761659676671081,1.046001452591218,1.848110352067764,1.1311713940119226,2.508892761145115,1.971900292278816,2.218470915631628,1.9386069612220154,2.5327228668319433,-7.436317002850491
0.48869736675117725,1.7256535564080016,0.46418400013378613,2.002166757441776,2.8330875260753245,1.1478326493200162,1.332863007407785,0.6138860229272602,0.33284781147928466,3.1617608744896675,0.4492698191446644,2.160878762210271,0.40930631700609627,-3.1563179700748414
2.749050251083613,0.805455198176263,2.1685360641571054,0.5325823596913677,2.080895647008594,1.150658909626633,1.448165944142127,1.728064414158857,0.6680603647612364,1.2767830523935262,1.2244661536499217,0.6216048627227496,1.4225151156474296,-7.38201573699457
1.4780120533294103,1.3415936829638047,0.8146634645536717,1.6405288899954147,2.8911205582197743,0.5408138121258731,0.5349553365651616,2.888381848419152,1.8073616443486735,0.5281329663305456,0.5801527359167715,0.6473727009980867,2.808700315882069,-4.962227523136111
1.1353236882536424,0.9117943640407185,2.1034187930539257,1.7063690016483954,0.8112320231241323,2.3472899343038836,0.3949973699884103,2.295425159355595,2.15301945486091,1.8312229074309951,0.6377072330506337,1.3995324977898493,3.1115384336044207,-7.434702997905347
1.405702780648314,0.4273272973122848,2.881354665633614,0.8507315047203409,0.6918179555118982,2.092603743323018,0.5474274832512094,3.0705276622924624,0.45692856280025673,2.6376977178025083,1.6616465155604199,0.8462090431018783,1.5539323267269702,-7.4898299757105775
2.095915762588638,1.8444968397559942,0.6364390123874555,0.8310437838096205,0.6973281521702654,2.260798646747262,0.7046830945495692,0.4612664483399744,1.4290532363380404,1.816864112355448,1.4459394697064367,1.4970167892747663,2.8179862356422474,-2.6915019274289538
0.9534308054934866,3.1048456506822792,2.095956210477132,1.1028904457262696,2.4484995013197906,1.2962774563075958,2.3453468855564923,2.4888396907086077,1.1652488673193684,1.417991343934107,2.52278391947739,1.8224337958780772,2.4968006460566294,-4.89190227521478
2.193718993257253,1.9802797013516296,1.3047208478450425,1.692106232970546,2.5808858071116205,0.7847918380719503,0.4854433998257192,0.5376983219074806,0.3669996947602265,1.1556530328807695,0.6735038625422454,1.0908665394765507,2.6524702246049534,-5.370289379843098
2.1886361355545776,1.6021035290154515,2.186253223371037,0.7750828337785027,1.5366609935644413,0.32387365182593636,1.172790261232263,2.3984272973533454,1.2158053342918507,0.549628148794992,1.7597795213619258,2.732755930453196,1.072086671237957,-6.329250282475964
2.599987687588725,0.6474001687652984,1.4666673544777629,1.2777412719137238,1.0282283222300972,2.0847263055176963,1.5889638070573022,0.48297101077103344,0.9098501934498671,1.1063607950226757,2.607722074615813,0.5620966927098112,0.5550609084998821,-7.415879375833531
0.4370726417242048,0.9373199074286731,2.9131267390990057,1.3079564594923567,1.3838956264887852,3.0447317315643967,3.007584537274531,1.8779827866105063,2.0754138650666776,2.732172870609968,2.125486609898916,1.674103899134918,2.449418288226076,-7.649245030126549
3.0363151622600855,1.5790715264020803,2.003279420302781,2.1276904384664905,0.38482586015779296,0.4658664518935474,1.5590820669783434,2.962309680451304,0.3850194649607712,1.2020934385628779,1.1844500533237508,0.5591174523275216,0.9161353679442434,-5.582118937656137
2.987641277345517,0.9696797278825466,0.4480264149573705,0.6072637514303364,0.366692302388709,2.5410755610007003,1.5119228950358863,1.290858966280072,2.7489199758999847,1.7017934247800965,2.896182090760589,0.6023425082734626,1.043785762357578,-2.3634282411332794
1.0978202887192112,1.6150577311988898,1.8819696780744222,1.178191180585037,1.3543823212305526,0.7325945586895108,0.9808547950000879,1.1678102015886784,2.67582189696669,1.0269413662960416,0.680100831967531,1.4417617170607075,1.408470115547144,-6.153013001848293
2.8645008244425294,2.9253900040641216,2.0977629879755155,1.778831543935567,0.9156426070035528,1.3101595270817408,1.832253729916986,2.2490831542540555,2.9741227392114093,2.21400696852735,0.5932716147990849,0.7634095016653966,2.700371903139655,-4.549660640352536
3.0923417227425074,2.5145902479923414,1.9581512405166936,1.6789299845598695,1.4980118214232314,2.3038746224403295,2.596938113155425,1.8402619217685074,1.6632841817990895,0.4770583065541779,1.9166556656923894,2.34046277131836,2.384244512651711,-4.926019546874998
0.5124085733643919,2.5579714448443442,1.5803567778404173,0.615728028941761,2.1257495381896785,2.338967421893134,2.0594343507654576,2.2691164047988575,1.680655690507044,1.5116598180495424,2.9068059720052526,2.2929075860558843,2.343415862317019,-4.335696028935338
1.2384564026556744,0.8721388469753495,2.193511584516717,0.7155244512085119,2.4111231654621017,1.5754470544268027,1.8531591034227557,1.19282096897922,1.748892905919139,1.9398223462082969,1.9672847233839494,0.9180755265469562,1.1206665659806474,-7.619968279033858
1.4184856820400644,2.6153133812147082,1.32292521041581,1.373830961433501,3.132904974355503,2.58886323669993,0.32257824952686853,1.5620122660296274,0.4115692569184737,2.046853785075927,1.5740129895183945,0.5683937323719259,1.7238800893997084,-5.085615783878599
1.6608796494217752,1.7989866400652093,2.2209212383329633,2.1936104663315854,3.1617013432135628,1.6392641666147858,1.0834763943669419,1.4936503634671094,0.6717431489016111,1.4219050122561105,1.7462654402120907,2.5491892381765364,2.002435736760338,-7.384120030311104
2.8618178608711564,1.5180062819125582,1.1154111482840097,1.760668872893606,1.2127807981366276,3.0602171943889913,2.4844906109401124,1.8306293264855,2.5483215893663473,1.5473119337901553,1.199017602155397,1.9695190363927726,2.0840889360941626,-4.4384068343058285
1.6359433894492241,2.6089062306381483,2.623468810334453,2.1563622018109827,1.5723812546549971,0.32887636177094387,1.6929559240645475,0.4276985785710036,0.7029995376854631,2.133839809764915,1.4352396425306582,0.5626360953707754,2.8474961156991183,-6.0572994819799275
1.7303018682533344,1.541906605876921,0.5773961969405088,0.5761453061116734,0.5008659752470063,1.4315005287178155,1.1493114763697094,1.3582193433961858,0.52452753402773,1.6251433929132142,2.2606900902935463,1.617323855930614,0.7826929861078047,-2.3616697830006705
1.0946052452998865,1.6444562055370062,2.722518944293502,2.011324620117352,2.591112513266555,0.37219884146152243,1.1765453165592759,2.1379247718201397,1.2732682846008319,2.8688310751341866,0.5547448099977179,2.086335400118872,2.000263600412177,-7.814139765154941
0.6924586078385458,0.9195357705993532,1.5699762355945734,0.5771131278118733,1.9455694467551294,0.8017370753623213,2.6279995119229222,2.051683376083622,2.4209185578747503,2.0245943329462293,1.832930563047324,1.5062580443223705,1.0011244156586254,-6.8661479139394865
3.0882974449417846,1.339007652029749,1.954433826643168,1.3425867053838159,0.33190866610156944,2.490188923551187,1.7545395292685937,0.41690528799513904,1.901464871838861,2.179511611852306,2.930436447661715,0.5395974104744269,1.5151155026249736,-5.5899725942576
0.6875215970532416,0.890920895267997,3.0631811935145,1.5416269368445303,0.4601512345357601,0.9430448600674237,1.2709481149861703,1.3793114851090003,3.026332493116887,2.467491285364793,1.1370623227235686,2.6398505023405905,1.0236128016830797,-7.003843558210918
2.059178743734644,0.9586221100764287,2.142786152688013,0.7687105611561029,2.530355994584954,1.003578772528742,2.1113510627898453,1.7686192858901062,1.4819566177193375,2.8149785040804334,2.6132944054397313,2.715689311336165,1.287938782937921,-7.549761859405744
1.7776760278797423,0.6553233879382714,1.9064019857705812,1.4024612845097406,1.0383587995332835,2.302385729752553,2.7117984988959556,2.278744700853862,2.270327183454011,2.277503473576133,2.7360019740099455,1.685471124405643,0.7755144390099371,-7.593869236851296
1.1025660404807778,0.7240877409355229,0.4943124868080959,1.5278927186190665,0.4177702319216254,2.2128111577378613,1.7809730383564149,1.375739632960054,1.9116807164856278,1.1451810805781661,1.182749133078064,0.7095466124611332,1.0743093352477802,-3.1484564353204703
2.072576207014001,2.7090614744016612,2.2101457191975005,2.1644830184831707,2.325461933855242,2.598640032336278,0.7864518113552126,1.7762451702436388,1.2829856202841852,1.446505473440115,2.099704209811539,0.3874706148600847,1.5358198763008866,-6.013024673120943
1.0926745086842737,1.847699574443763,0.7089044332507872,1.3355822597158384,1.7294062766277827,0.8849811121087026,2.462907976070036,0.8902330760528381,1.1989681463726491,2.92622314328202,0.5365034813193231,0.5430566718083903,0.9287593996710404,-3.2118768881063726
2.9694962351467824,0.4206941902272293,1.6230006057624937,1.6426736656565064,0.5928527136330282,2.165278367822532,0.7179739655316759,2.076049157795382,0.6743315180032033,1.5549284041347182,2.7696272704158256,0.5347907464344342,2.774710734264412,-7.615593473139622
2.523188802446135,1.092926964167888,0.7628564325701757,1.6135238281335467,0.9585571248535554,2.3558791768696072,2.8475062293743303,1.3035025853390705,3.0107398604561024,2.874980026455294,0.36531409624871325,0.8142584612300654,1.9648538414864931,-3.820679884476471
2.8863084858054733,0.37779388024246735,2.234385617468912,1.1921894151316292,0.83187213863375,1.4514365010385408,2.427435238243004,0.9919847202960166,0.9605328488042149,0.8100583013779825,1.482185143344777,0.5268659130269102,1.384923876304869,-7.773142126936301
0.9042890945698223,2.8040476956401434,2.5295632935750594,0.9536162062724094,1.6837547797551946,2.949371347744015,2.227036527201871,0.565034814941342,0.6187774571283802,2.4110722378178244,0.5897808219900837,1.586533490638287,0.8457265268452316,-5.336416539228351
1.0180285988540512,0.45520773389913516,3.1105585074470063,1.7395594451854317,2.5642138121989295,2.6066358485420755,1.1654896184184236,1.9937421818948926,1.7434349855273676,2.944754731152885,1.3462464126062752,2.3525578583057536,2.992898616879129,-8.860564664395083
3.0457714649837047,3.065364617512753,1.0737850313574433,0.6492500148097442,1.9803379479299519,0.8231321102131002,2.6360494415047198,1.1628347114534052,2.0912437761923375,1.3290742258034698,1.6588453012799722,2.191752008485049,2.4180692065583065,-3.323345520152725
1.5757824467638442,1.221620965084412,1.741758758147851,1.9742819928533715,1.8846310798419201,0.4570640501097277,2.6477026996169415,1.4028716119290374,2.4872956078776647,2.9601195077481406,1.2548747825895918,2.579109582931082,2.3564455589394333,-7.240078621380443
2.6840589956654015,1.5912179381350415,2.2586840087643614,0.7041233172723521,1.049218884317627,0.40212404599232726,0.9161461880000945,1.66953486586571,1.311050811296115,1.0551618469256638,2.6656837249862146,2.4222522779058573,3.0877283101502697,-6.055199672351534
2.445108961637076,0.8964678005234739,0.7315961599827325,1.259045521473025,1.6696930695180088,2.596007259969179,1.5925955508590341,0.9692388911073349,2.244854493833591,2.462305974034458,1.9877446534392167,2.408802254063582,2.8012200726998726,-4.755271110883449
1.1057057361372975,0.860295992537395,1.6858333517508677,1.3587786012958942,1.7505693098105566,2.2551637657211394,1.7007775015430358,2.966219149740946,2.5279339609888556,2.5008745739686704,1.8371342387458938,1.2824956149739708,0.6566158633575112,-7.643062952531108
2.239356603286269,2.800029920123949,0.5206443060497172,0.5952846107136418,2.6646506924861506,0.3940440585787074,2.4926868286602373,1.0507014775863581,2.1664923772787037,2.8022236621196566,2.7053589160246236,2.39588838889513,0.4210877260396323,-2.660837439644989
0.47824130546242083,1.8977680519278375,1.5737038136700419,0.8468148912304845,2.320042034799848,0.34171473674782094,1.247565085017085,1.1142332078958774,1.3399639376671555,2.4423513893031075,2.0347647419601955,1.6835565054425752,2.435716511227825,-5.3005568936903185
1.4988268644859812,2.911525137104498,2.8914237484934184,0.4630314735919244,1.7081057132958564,2.179348762205936,2.6622746848146694,1.8514509753062929,2.0826666970169927,2.353181409846877,2.925915502683238,0.7994011839101823,0.7133944377592254,-5.103560422802185
1.9771390349886513,2.6369005619992807,0.5525267727879066,1.2735875198240265,1.1999195608629296,1.0251307679630313,2.6893281100800768,2.8947520468334704,1.8133585887358805,2.773835232322567,2.1892533904545006,1.671414436451081,2.0616324536699397,-2.5870345552080747
2.9206246830787532,2.1195664265373897,0.5886508138750376,1.089794770182483,1.0307467117695237,1.7273239702492056,1.2497913544301953,1.6883594927733825,1.1853340775125896,1.6859440390952747,2.741357304248414,2.6978850777190946,2.553510970260873,-2.7450583562033644
0.8768718851964752,0.46130670791529044,3.161106586573722,1.2941276009082077,2.7678161734421955,0.42193063708145584,1.2174414109300624,2.9495397954146183,2.9393233099325022,2.548526995597074,1.3316796498443528,1.5348938847830766,1.1757959722777356,-8.737375908284399
3.1191264451926655,2.9433029695158095,2.8482132069446386,1.8023784415831807,2.2441128818093565,0.5833191012115428,2.599467984113792,1.5439220681645032,0.9299685400227897,2.2452065997873163,1.3943765515272568,1.163150501006685,1.8563713258593524,-5.9989121312507105
0.4533494924301852,1.4860272723066659,2.248947372820401,1.1198886892836248,0.3357157083417103,1.6733739996564392,2.6770530977451354,3.0665472372230353,1.8779912062901365,0.7383943552541217,2.9680566970483095,2.7052577919391174,2.5621137024405085,-5.423208527592626
2.0298228071993027,2.1535508167279946,2.4969788854801926,2.181477887361493,2.1343089690210792,3.071701654009854,3.0616261419127198,2.4704176290669015,0.4990025021256163,1.2123971958305564,1.2631321130247488,0.49072226996323565,2.5006517628522817,-6.572729330865339
0.664186990881983,2.0468406451748873,3.0480030146017256,1.2858240560150112,2.877231863115994,0.4131521995222965,2.5941775014236876,2.5584495960768794,1.7020647410770489,2.629926635935476,1.976555798959521,1.708939970382185,1.8418210536739839,-7.190991640293926
0.8135344878143611,1.4533570567808374,3.017046318930211,1.8220314558772084,2.0907048455346304,0.491526939129852,0.44097841435950086,2.254246175970918,2.0871814689351065,1.0193607419260675,1.8850153297774241,1.501053888578642,0.5008512750080621,-7.961599001953332
2.6193880469871367,1.5102675450914889,1.3567009979244042,1.409291782945905,2.3245144563563787,1.5219857471785168,2.6815465620971137,2.3721898200026383,2.9952940680484685,0.4544537339868987,2.9589979417640677,0.8291277400348722,3.050167535857372,-5.265887153832451
2.3884895885430253,3.161448010470746,1.7609928306359761,1.0823977078688676,1.7418140454825197,0.6177581953645515,2.177525414940356,2.4537502642086486,1.5741164676150687,1.3135475283715092,0.7993505869991677,0.5439875997820969,1.0628575725384541,-4.2460231587121
1.700345676375445,1.3472882450037036,1.2762559206454784,2.1321960925015224,0.7960153757538357,0.4305966448083941,2.953470914239604,0.5887996949686918,1.4533280561501805,1.6028700309538397,2.565100114365138,2.3549532775426982,1.967260738717114,-4.842992404233796
2.150915623780689,2.1335218995117065,1.8138493438081467,1.6436749075041661,1.7598621885990164,2.0702200193059266,1.9699956072527904,2.4680113357060307,0.35325012179600024,2.576075752882745,2.2759236926969093,1.0443300945319793,1.242726080581692,-5.407513680492595
2.9181705018917254,2.033217564747354,1.2492285581794007,2.1910281102950444,0.5795957821265791,1.2021331759833964,1.5303674581333424,0.9787669590686061,0.5581563432841223,2.0211431422655814,0.4588841247780907,1.4231654163206282,3.038833134943599,-3.6926949675095164
2.8755706511396304,1.4503908952075644,2.0773612521810967,1.8530170449975123,1.8540304418382199,1.5391215758275076,1.0682388098341742,3.0439670002543076,0.5372845022699649,2.431436467000106,1.2217065879549796,1.2873254081529446,2.4087300654697836,-7.292620969313867
1.44506966961362,1.4668146955173524,0.42441678540805283,1.5694051138615746,2.3587982131185443,0.907936295853891,3.0124948336906714,2.647419471356004,1.9063968518518706,1.6290084719324796,0.5189304411971399,2.3677952079742415,2.2867100864798915,-2.697173770584687
2.4253406875265004,1.6536550465048374,2.6565176806571547,1.5654137627005695,0.8358051508454383,0.6964402306881394,2.388732886093423,2.84383377638259,3.0885082341482066,0.961151901298128,0.34057597802530987,1.854552461829454,2.5794137893109235,-6.534021704881351
0.8877595358380974,2.693654541440177,1.4850690953495633,1.5918780649849744,1.484748518842609,0.8100607932460646,0.5918656058827396,1.2524924169818068,2.3844182845577255,1.7086312637949306,2.6688891731474103,0.9331961108866793,1.347256801795484,-4.493886333365107
2.7758092227944635,3.009373666377482,0.45825430675001966,0.7587918055126417,3.045101170305375,1.2348170812198802,0.7427130692511172,1.4265316385529898,1.631128045994789,1.4543442216983173,1.893286112966047,2.2285646452167605,3.109827882974165,-2.8825511047202905
0.6613442701050658,3.0287445988146007,0.9697205353164486,1.0801749905221911,2.7692923726525023,3.0973155338630876,2.1165313420058176,2.6177716609536428,2.6707604973431662,1.6351596027238406,2.8813409379999104,0.9801862257173881,2.5648888921429864,-3.641361042481756
3.1349355587124834,1.4022990103014736,0.8658124875243822,0.5689323937763452,2.276742615528411,0.4496521303058847,1.4940483614030449,3.1075805776945327,2.6957141415120174,2.6874762671323533,2.3768079836528795,2.051207822313518,2.199245800611884,-4.021020673964762
1.6701226863865672,2.839416896738421,1.118895567979065,0.9917617928064142,0.7441305862250704,1.4998275749969678,0.5769495175370014,0.3858512497521178,0.9741097851878493,1.1399872001570033,1.8398030125690936,1.109320614638996,2.62336370116117,-3.1036981032872566
1.4904653945527704,2.2549178884395524,3.0971405289161202,1.833269798578814,0.7623170321461706,2.9203845822040857,2.566208410975647,3.0033062044572802,1.3981949047360658,2.3868872768956138,1.6297890892596594,0.7476437660712154,3.0757418659441487,-6.141069537257449
1.3099983285456924,2.9844456876408683,1.6631976230144314,2.200543789626368,2.741804964158993,2.252932995832941,3.0483380489797773,2.6994211423520085,2.2911514473969903,2.5282038704483565,2.4746350062438482,1.0115490643974256,0.7227190283977072,-4.605977575852782
1.2705870996605813,2.4015706843497027,2.8841946153774516,1.863433826513678,0.6715236188272345,2.826031598614431,2.9539989374721545,1.2351258578846882,2.8224918347579315,1.4663866451881669,1.625508882112284,2.570514272742699,1.9804415551646921,-5.653022279696797
0.8739254258235611,1.0762270291599332,1.562641277962744,2.2479474323561823,0.5520707184438365,0.7472007429476482,2.275865211261539,0.6493836486332139,1.254871175382255,1.579311571125763,2.8191077695809055,1.720107275634449,2.924014187622512,-6.471373976327217
1.3215478117636574,2.9041156550071063,3.0669416735657182,1.5474165899346897,1.9050262368141224,2.4327075653828936,1.4128181508185715,0.8274895896070427,0.5396345013028192,2.5208660334248862,0.4306656756439892,0.579551948507713,0.9000762262107342,-6.245906451515688
3.050847131446068,0.9555651061225108,1.1414310419913212,2.2218842843405024,1.4449943700123173,2.4771927973549412,1.3684310013945917,2.9803272096080295,2.8069796755176646,1.1970314820377614,2.1728660266538062,0.8073115095068524,1.4876435666970258,-6.623836176120471
2.543647194651178,1.8735666343960333,3.0287033045163216,1.7686628644529028,2.9103573501642948,3.0130031450105768,3.1575823923230293,0.8874580233257436,0.9041347889734419,1.9746093312446542,1.8898848234599674,2.688356009507312,2.209021470936473,-7.55616585654259
1.259170492762214,1.9061674009114447,0.6059384783025661,1.5170811603854124,1.505521473224336,1.4087413324624765,1.7954170694904692,1.662839053869399,1.1023254411053198,1.6045577949845864,2.5138550268586703,2.6459777016711894,1.7938403167434933,-3.036754846398038
2.975441250050482,0.5801247640096273,2.8688523530284016,1.2781807887742584,3.10312579561297,2.6563515558671282,2.365445463917633,0.8463910064823543,2.4239588896484685,1.4630981156042067,1.3586075084378175,1.0276493777787965,0.5387523120766279,-8.595015900175035
1.9081992364281326,2.6610877894729,2.5953773608099526,2.1693411062687136,1.5935436398031717,0.9335095493367027,0.7223823931732185,0.831213165708085,0.7001310551481676,0.721199349530381,1.9368814899637867,2.1731186332498953,1.4391203756630055,-6.116693286385426
1.4809835174051729,1.0429869779699472,2.371808924531398,2.115449340309738,2.735614258808084,2.234719984877123,2.3608585020834076,3.087080541359222,2.5208273540543122,2.340307849201142,0.8352112200586906,2.303878647213713,1.9043720815990592,-8.29518434889049
0.8221317715115526,0.7677567392470398,3.0375935783313337,0.5414908457349281,2.897188365596813,3.1254851350346637,0.837921640603787,2.008848481147502,2.0951491649506924,2.371133169851431,2.428233013155677,1.2233605135134697,2.3543242764421373,-7.947629450529896
0.49485370870826006,2.7874178677904884,1.7126074111434892,0.9163686896169482,3.116135449078282,1.6560976217157934,1.7251053265315106,2.9326009196000733,2.226732957362834,2.564621091416971,2.4558671023638956,2.393901590677234,1.8757719669835977,-4.8284443229443275
1.605385522750834,0.6443222710737775,0.8162217871586915,1.7253341021083004,0.8739644145943697,3.109060075992247,0.9063411352618045,0.9832646382120278,2.379766517525589,1.439196268242594,2.3889395970659892,0.837388508602998,0.5328408475616107,-6.485475425396909
0.5549476966747422,2.312286313183784,0.365970758528548,1.2973624460852167,2.556854205825252,2.7544552321835085,2.7577024576419618,2.4327933292821906,0.47691375332326563,0.8340017563936508,2.6646688341016187,1.4299509888376403,0.46661080172519354,-2.589469988135789
2.5110866531851777,3.142946491301836,1.757603921015652,1.7657731648408883,0.8990103779818048,0.5565794640951293,0.9684757710402654,2.1626090937499014,1.8502578717690836,3.0229046397898074,1.56824590616146,1.3708891741195,3.1523569023274955,-4.063502720710564
1.641470287237589,2.760123036057465,0.7968601103295543,1.756977969590139,1.5427287154062166,3.1282409833889444,0.40604965236809587,0.7846789973895132,0.3252770176138554,0.6110287812061728,2.0727442242473106,1.2739023933873912,0.7276079520518348,-3.5416070928661627
1.1792181105256958,2.543503586381272,1.7114681144906947,1.8918103936947526,1.753072165556106,1.3367600271838809,2.8636973174810527,1.6268987651127993,1.517549681992785,1.7252357122190267,1.1284168491966513,1.893730838350968,2.772671887392535,-4.659378150871646
0.9052821008738414,0.8503460583333045,2.767224466762229,0.6209901826727675,1.1131605584839321,2.709734859531719,2.516796791791582,2.520819983943289,0.36979893440224804,1.4864102323410608,1.0293076556589376,1.8355371749935374,0.8514030327626301,-7.002042053179446
2.780185976529864,2.781044767396244,0.703075407663903,1.270979086528121,1.209909154518364,2.473079210249068,1.014641792267027,0.9140932483609432,2.7442632109995984,2.9995052414927668,0.6358491587686954,0.9579024862384873,1.8002004950828951,-2.982190652034479
1.1993839043241024,2.0269122670290662,2.3233450748899664,1.7180632700478895,0.4227838571686318,2.504193051922671,2.487473950917962,0.6924309622397464,1.055150889446306,3.123296421870093,0.7169002909948095,0.6138763694969462,0.33353556445028243,-5.129331730883365
1.4334266822585608,1.0459534149368257,2.3818937097681165,1.0867916292477402,1.6799750643476383,2.0262425503277033,1.6762084807075215,0.9278450010376833,3.010326751346226,0.7178258414941654,2.5948051364287794,2.6166120795605594,2.1857253827432346,-7.5028655876339325
2.1862542986321705,3.130199584564701,0.8701424849329884,0.7915855997420513,1.4548465471892287,1.6157434397408164,1.808179467195204,1.3570162563363544,2.888450076590311,3.0644562900580237,1.6968688786673891,1.7856713037423995,1.6429520186118716,-3.061564644427031
0.7558153606534317,2.4245644767336647,1.6185851540406047,2.146657413141448,2.6227380148324393,0.41783333538398326,3.1290330293511635,0.6984997128542506,1.7986376970680769,0.6323905100726344,1.3766562763982184,1.5938575982754843,2.040737238503092,-4.7514526533802846
2.1429693651855968,1.1933163517074894,3.0922120988251574,1.8289600567450983,0.9183253821952488,1.4219842876846012,2.310749611957895,1.2682641301275452,2.4108926680869147,2.188916642554072,0.8117168718306091,0.4432314962717905,2.364641009408995,-7.3631740878088126
1.4979531236136512,2.0617688051226915,2.3996973210123507,1.9200065610801222,0.611555719065542,2.562318346619427,1.1133186467439737,3.0849971005748253,2.0120930344891668,0.9755237834188448,0.8864532872036327,2.1463579990829276,0.7997724739124441,-5.673438114173385
1.8503030268618588,2.2459170744577523,1.6068265938214228,0.9696337726308113,0.5834776076297885,3.0676402610334055,3.014164074221052,0.4740604030016803,0.6700649325962897,2.7546576856440654,0.9298984327272048,0.7536375425931391,1.546039942812739,-3.8596215978449413
0.7527338798209734,1.2724799033358407,0.5834538396506558,1.8198849470117828,2.377693328549129,1.9447682354267677,2.5243178825277632,2.0117858403603095,2.5757909781912485,1.7389944228199599,1.2339763217917525,1.9655476769785007,0.9147146795862102,-3.4191251148570423
2.7276464013354063,1.5929659023280096,2.133888072222064,1.4445017963849263,2.8933566126544337,2.9739119494345094,3.054835462175679,1.0356682245594249,0.9844859690137733,2.308220304370591,2.746733832291981,2.2495026080392266,0.5202441707388216,-7.050375551875059
0.3679452259803826,2.8102533323309147,2.3380607736430563,2.014813349297907,1.4512518888688963,0.958544506316203,0.41381000568660226,1.3347345034578622,2.861055181541471,2.4693246769320067,1.5269602618383713,0.48528911899857335,1.6685872826349888,-5.693805647523968
0.7726430538368505,2.4718959754403143,2.2253301622098993,0.6759525143667168,1.561331294304211,2.604194353177338,1.6979192683557407,2.8038969373110647,2.81311358417286,2.6680661737631426,2.788370955638862,2.2620524173421046,1.2537523625485922,-5.134439541445789
2.424904629241219,0.9022582900822727,1.5591391109348371,1.8085022871795384,0.40870495046695876,2.579460573332659,2.8974240740781476,0.5397819187161224,1.0439714780793448,0.9563558889572781,1.7312825867630246,2.2902191214867686,2.3603215644701026,-6.440398148731442
0.6498415213713997,3.035871299058097,0.6200566530279253,0.892749919600976,2.5521385737416655,3.0429688446830934,2.0779679440436056,3.148831997859419,0.8443990229543572,1.7065830490300398,2.462375040436523,1.135454688465178,1.2921360973048495,-3.0443210856887544
0.9406595271713718,0.8385454203159453,1.8354904095406315,1.515044634447137,0.4979799256749394,1.9929880976716747,0.5749449295128792,1.3162645875853154,2.349096159036767,2.03340635544726,0.4840739169537571,0.9271315994020495,0.6404723023062011,-6.915590801767118
1.8755633025027323,0.847065663051924,0.6388872523007266,1.3863098889502632,1.0962295851511685,0.7359765632198066,2.472609506316126,2.159118156994373,1.245579673235525,0.9982113901078449,2.687868777129558,0.4768017954583087,2.5168387633533933,-3.8696090252221107
2.3211949177456845,2.4306817979356317,0.4262830406163345,2.188688774376338,1.466089790962774,1.3204291219086832,1.5732229111467926,2.395886016304761,3.1428642592696745,1.5905375928006713,1.5139509663522028,1.355288574965147,1.1897294805030194,-2.5615121961697334
1.1396510124938715,0.9402451642128908,1.6411871654542345,1.5512967484783524,1.0741571303625908,1.4084235941105459,0.6893115356311765,0.59511632864256,1.3678962673949073,0.572435453206718,0.7657182738323591,2.781313088134382,2.6125378927632297,-7.288620115242973
1.8411624733085357,2.4208379186484676,2.9586919788385146,0.8580851791137858,1.0127026469337739,2.9839961911634756,1.6614194689267445,1.094925052820707,0.8285096023378742,3.0907048503412553,2.063037651522312,1.118249484320036,1.1680318155157396,-5.655225875289904
2.8498938247574035,0.5936535717605109,2.5979650399492433,0.6811621148803875,2.2023037825617386,2.671591496822318,2.9707330424981895,2.997912863014615,1.5913906130323288,2.482807083242177,0.9747685131292375,2.572194494585684,1.2653907102644142,-7.85067742729112
1.941787934311619,2.4979722159020827,0.4040909606053498,0.9486629676912919,1.8495862986326466,1.3440111527123297,2.931779582296015,0.9636070962378047,2.4561726073948726,2.1518365945820186,1.3330181066096478,1.0584581691100394,1.391150483056062,-2.4702841610769113
0.45840706415766397,2.9334604445796963,1.5281857076983276,1.1825549506790924,3.083366864564355,0.8592769984935806,1.279288028784814,3.050958365745277,1.515011929270639,2.135382859399288,0.8428978607919345,2.1446767739456223,0.7793703807148504,-4.684290175134783
2.830818115720589,0.702702302152242,1.4329648160993556,1.440730377901659,0.5762384169370023,2.0598141307148725,2.2093896119805283,0.6683911609677424,1.0215023518319704,0.6781197953907807,2.491450480457111,1.628274007456868,0.9874222481872186,-6.896346843863412
1.3358775117175374,2.9521087522897527,2.0137882317198987,1.74891758118026,2.8397631507345555,0.48419321693370004,0.9419532334773857,1.5965948589893004,0.8418093254098347,1.1865445244662298,0.9854039397733784,1.1333458914921337,0.5901663514125505,-5.515636954391174
2.892048936939942,1.151010937105155,0.5587429712739785,1.1273680475011068,3.110124763441616,1.5114914880077517,2.1145643265628746,1.0637302340582806,1.5798607921096834,0.8884513411781834,1.2176521032391152,1.8421088408964972,2.524196590630653,-3.511035082987809
2.063894968247712,2.705350716343187,1.9036145950970684,1.9063764188746832,0.9434843339524934,2.128953741190594,0.6080758551993273,2.905935618503109,1.8033966167974618,0.7951040313185321,2.289195894216281,0.46022379302066513,0.5525010250435638,-4.711890715678354
2.289377025528262,2.277689182495543,1.4698650716376653,2.1985146033128764,0.878933941690214,0.3448971418015998,1.4805499623280187,1.790734532365704,0.5285153211197049,2.2265652108193406,1.0738149690623686,0.3591328352120771,1.9376718758381302,-4.205974690271553
1.608404606178191,0.7351492210187132,3.1282186590966248,0.8955155591309263,1.6654468231390591,2.647157207540012,2.0089949263321305,2.2396040079119235,1.2717992875764446,0.3789348266998245,1.1412691774031367,1.773835974199202,2.7247225295768724,-7.800917725796851
1.1575867644952145,1.0484786784859035,2.933783532103304,1.5827248771832136,2.68686229251013,1.1119063219469165,2.6182632819683995,3.0516650798291622,1.898829189573012,2.2296307277528085,1.6753741153084338,2.1527535089505867,2.3267313732635446,-8.208867628026972
2.779889899345344,0.4933891543368615,1.6017135903865103,1.4321851067975229,1.107083026674044,0.9879385910148148,1.8187275930246756,3.0637625995309854,1.2673151626460193,0.7792391647594901,2.1692675103676957,2.711946254496873,1.5799271082853192,-7.8462631786146915
1.3737502500244734,0.8330715908799213,1.2059337441557647,1.6763071092926916,2.5015878082746137,0.6512504584394514,0.5656542359649911,2.4586478821915487,0.5904081788384805,1.5806325025864105,1.6243443419668635,1.9712770053968454,1.9743215336997963,-7.681511847460029
1.2817931614582292,2.4738813238363386,1.9397432173031446,0.7948555918387292,2.150457197539437,3.034501210842869,0.319623811691367,2.788056883648652,0.9229937574057223,2.9764526690002726,1.9285837920428306,0.3964608854273147,1.9971538796627648,-5.4636934120571325
0.39567798718854086,2.135254785528145,0.6257400808338847,1.7832127630177428,0.9879930454294692,1.5884980547225354,1.6477863048943022,1.0025802224552354,1.4876409410778677,2.9114973951020953,2.9001396939272217,2.469124360058436,2.740419946269275,-2.826166647457926
0.7376455193699387,2.444943437754534,1.0048912956709992,1.7276801154290777,2.0351680705633832,1.7725590526326216,1.2203758788806853,0.5552402663251272,1.396759575120767,0.6126277219096112,0.38722007182474716,1.4036028021711917,3.0609626671247354,-3.9570416019595376
1.4406023518187538,0.6612991832817722,1.0089192911736937,0.6779258126654117,1.651446727326641,2.0405013260903555,0.638992745779928,2.417114224356233,2.33011619742958,1.3263106219416474,2.032961142267463,0.8731290593750491,2.134484177172654,-6.958785994361787
2.589786045148465,1.0619621153159162,2.702887256954117,1.9434220579378603,0.7155641148148741,2.567650123600668,3.027112831237326,2.701759039307583,2.1161592765905968,2.6246415167708577,1.722994387453908,0.4452434763450535,0.31879952743490336,-7.212986874144456
3.022943950215923,0.9454231475851798,0.7431062992633458,1.8618741529120373,0.9896212873142394,0.740742230597595,0.7721084362121451,2.762839094870217,2.5641884668135146,2.248156691046708,2.1784490181417104,1.8331213195209133,1.1806572363692254,-4.670919208833985
2.207721814528669,2.6226458895155753,0.41286871625033905,0.8164472021324869,1.4947420674770282,2.9513275880782146,1.3321629694240544,0.9951636755334199,3.0371255818703915,0.9492903281401486,0.7477916217405424,1.8582137165741515,2.75571325234901,-2.5469352770025164
1.388067777091123,0.4384801061175212,0.7651583257442207,1.9527799925645115,2.2127958693900887,1.7011984509690883,0.4829191798016025,2.244197436787904,3.1091465669667504,1.979316180804734,0.6246087692256478,1.6926405367814967,1.7346450567966576,-8.055557168803784
0.8545106444728521,1.749659043207597,3.0083288820805123,1.779507439212666,1.3580101794748005,2.223154466242741,1.9428106996604488,3.1099552186558084,2.1689018101780797,2.3816474861088675,1.2913363445717576,2.727631233239402,1.504890496143931,-7.157730719767921
0.98633785083423,1.3055814580879377,0.9001206677784517,0.48561742344277004,1.5539050567245312,1.4024543221316284,1.4556536856460653,0.5460911506203364,2.295729441840423,0.4938870788570495,1.3192543706115996,2.1057519137351366,1.652737784533113,-3.9878934213129718
1.5931236030546498,0.36341118312053367,0.5970992062493113,1.681660009100355,0.9856479467517745,1.4472979425417996,2.889774776122598,0.7696220527066757,2.172969113278252,2.5912085582227196,1.3371603307786137,0.5010993674250762,1.7285556692506991,-7.2163323946383695
0.8339617991340935,2.010594106380511,0.5762183136403777,1.1364292100800935,0.5226587024124272,1.6937343338120854,2.5332817198222397,1.744484800255837,2.195143392210578,2.9554258606858306,2.6468718091148773,0.6724549672181381,2.4493555621482717,-2.400506770136648
0.33100983821436514,2.972225720498432,2.14408130932569,1.4224578029288766,1.4059752462902757,0.8316481394789743,0.9999955905487818,1.9370425741046453,0.8597427263075901,2.833678599639665,2.418739952874275,0.9498892657304496,2.1492846633187868,-4.989081700858408
1.7620641659541272,1.4297889121872995,0.787375803003253,2.06959442929441,0.6136702539044111,1.2930205884484767,1.624934766112156,1.7288417815412391,2.6594879494322408,0.3364556474587697,1.7712129551453468,1.9638123334881765,3.0028057263825514,-3.2580941026262904
1.0583436948739215,2.4553655208417755,2.1653844773162727,0.6174966757730469,0.48953922580837717,0.8986461545867386,1.0983550363364718,2.49398975676754,0.8820993350164483,2.366793176996143,2.2732578145453255,1.6974702255577494,2.249354692301997,-4.033844528959965
0.7170713039314522,2.53344839140596,1.3589415512453957,0.8848493980722989,1.31491982100514,1.7089753224605806,1.2357616339241426,1.7009769872395004,1.4025089091420706,1.7263514309320998,2.6254009861883283,2.001368069076304,1.2329655968343112,-3.9820747949275717
0.8184818960032232,0.9840992168152458,2.7352941884223507,0.6832195038138849,1.8240964922275094,1.5795939388134048,3.020828562431733,1.3099633710371539,2.616717280946764,1.9553031916372743,2.6963131935537286,1.1451345568458302,2.068525183530343,-7.307734736000668
2.625729767054052,0.8227076536430813,2.7971738424945936,1.150018852530527,1.735908899114326,3.1621418080383945,3.0761129179347044,2.8910999820884546,2.3452082191092596,0.7808195835068743,2.3376178098092577,0.5914943133070175,3.0733555620994584,-7.817199760523209
0.7604244787738065,1.502553744178444,1.1563120817439119,0.4626303419079484,2.355761139547042,2.342846768227963,1.461562681743546,0.6236754249435771,1.1888704663157716,2.402663910889823,1.2042405148313842,0.43459267486641173,1.8108060438126652,-4.668856191392999
2.456417947319029,2.589621492682175,0.5862565431303206,2.136235371384084,3.0790642462010926,2.4200756965709034,2.8359272866194982,0.8608317813248163,2.1937529192529857,0.937592649578644,2.0448872111412912,2.2713289380265174,1.7495585386316812,-3.066475276738079
1.1462726276231179,2.1181721086259935,1.742660054198299,1.325046565250987,0.4759935430942511,0.8557852615015169,1.6933956669599912,1.1173853838974366,0.7197556504174195,2.760141489648415,2.699394898104998,1.8836285195315343,1.6461164703526614,-4.118908517871625
2.176160046639317,0.8106367052027215,2.179576434744863,0.5931919322473738,2.420295067261067,1.8852518259107018,2.9937101046677417,0.9436400760908108,2.7084563935532464,0.8508562355795077,1.1893261284670344,1.308978432480588,2.072513379706573,-7.480602438441203
2.4981020412838832,2.186773519835621,0.38548310317092893,1.36887988400531,1.158415678161637,2.895976373932482,1.9654876956514924,1.9229235494335915,1.1327751701436597,0.3949117065345724,1.6308451624972211,1.2385414580254874,1.9135234176023328,-2.4384378811145946
1.6277910560371662,2.7258908791741208,3.0217745904257436,1.6691664115078861,1.2190300607334308,1.0607825957879704,0.7100491392236052,3.0381413037411606,0.6042881796691366,0.36504203822769327,2.0860090434173175,2.649949176416373,0.7118984492359592,-6.003020526512318
1.4077063067069953,2.6700033547616444,1.5268902734685885,1.175053635388798,1.2502233486036984,2.2295493780487154,2.7402214621110623,1.6383109141617314,0.3479344440388965,0.4260512011189621,1.7888339474461918,1.0350756308267564,0.4288387318208101,-3.9752016097379674
2.99636310818877,1.262435532192752,1.4143744723538376,0.9067286701689747,0.44586643205925724,1.74237345980951,1.395754605153825,0.4766705730784821,1.3259152777584045,0.37083630072010587,1.7452850107753695,0.5857783929308045,3.020878261586109,-4.792185159772768
1.1430174612216617,1.1258166904237865,2.2163079191261827,0.7487148727810311,0.9358741576250704,1.9757236303548338,1.3904986181209575,0.8762590771060141,1.7761380550411958,0.8023403843540138,1.5650811919642342,2.7791793698042473,1.6294911139899961,-6.605177993663177
0.3982543260875279,2.7482294607756663,1.6688010500893584,1.6861720633552408,0.966217731856954,1.1304856112703459,0.38600883764433147,2.9509402351643197,1.6446950757411252,2.3414681732470974,2.303912275175735,2.511320556511334,1.4773530501740781,-4.378269536687103
2.541006431933726,2.504635071555359,2.9721924015872903,2.0121399867400163,0.7291623653114678,0.7665618154550086,1.0961761903200302,1.8430966473881927,2.0521633433566677,1.128520662541854,1.8694981784987497,1.3694178902070102,2.4437584963430123,-5.856002395528317
2.8238909182500924,2.6562490870144053,2.380180313884403,0.502781937208143,3.0639295007368355,2.2256796761699333,1.6199384544618027,2.194278011585758,1.6915919575561857,2.647568783890784,0.9023215218249565,1.3676682705072871,1.2511626615309426,-5.456078810733358
2.478401389930681,2.3360862653012258,1.0355243507574758,1.939989906107973,2.9816772820562703,2.4758399092485632,2.1911277895256354,1.5868520467061495,2.7987750363487973,0.7658450202613131,2.438939473055891,2.1254963644905875,0.6841514168892222,-4.08632162083976
1.2364077708899048,1.4460047139569814,1.1333338588286637,2.0086163753640505,1.1041821823628066,0.5217114439125934,0.5634493425828409,0.3991966679262778,0.9128934376082858,1.4769780937440735,0.776889337698178,1.9806561127145397,1.785940660125237,-5.030587023160999
1.436379483493715,1.203000790622762,1.1230043681087925,1.3943419147994462,2.436201657037451,0.9543428218065377,1.51758189198825,1.8059552917577588,3.1597647854077366,2.3625418477693714,2.8085246708442906,1.644869981448,1.4925338499629,-5.718246058114693
2.145996612236028,2.4391805225240293,1.8097689877887455,0.950905957106859,1.6672267498661113,2.9112828961647064,0.5318835392289345,2.490924015270076,2.6018418521611264,1.5202783193743563,1.6627579330407887,1.0789053640789292,2.024908115371454,-5.115243812400981
2.106690540536968,2.6493959526408233,2.2135053122642216,2.0780249826908195,1.655845790806098,2.9397007938330533,1.298220171367708,2.0295986364009164,2.3725840472084303,1.61295092726448,0.4728193988113129,2.2177621539686125,2.9571407501123663,-5.640653548735742
3.0856658931828007,2.6258853911926043,3.0755761601891285,0.7606817914606678,0.9712589969581285,0.9190541628896234,1.1454252182686753,1.900285994671753,1.726209389114858,2.6155216772218544,2.9129464825865536,2.675475480796887,0.5148413749808542,-5.439615294559856
1.9530642205267643,0.36930232784449235,0.9401133600599865,1.2191799703136648,2.804905711243906,3.157853617849681,0.8635192647741801,2.5845325309271088,2.4620738917630884,3.0609335995582523,1.0081640988333416,1.199004843315306,2.8581625989301505,-8.268399535197283
1.1811359630395468,1.3349358857022862,2.5744767228483045,2.04772008890731,3.13743708340543,0.48913823900651576,0.813265979145057,1.2856493214276619,0.5421876898803272,2.9202082743926407,0.870922005664448,1.9587002242747658,2.45838699611966,-8.258254501327107
0.8701920746843863,1.7427808490144956,2.9879296738357572,0.8948737926379988,1.1197917039471623,2.9302721347987566,1.1723024502685213,0.7257702120403948,2.04411382278034,0.6933837475566821,0.4104980999401785,1.3863227621389937,2.3965159912556473,-6.518471809743346
1.0285043825596676,0.9226603465332954,1.6718024564500644,0.83690330825905,2.938243329323149,1.7508155490113742,0.5299710812302955,1.9081071836404435,0.9677879298575316,3.013996196089046,2.3865204881994293,1.1754952933205818,0.8943310930485302,-7.709838674402769
1.5677672862045766,2.9292783075136954,2.331550009896328,1.2227350588579322,2.0842268752218436,1.2566378838230814,0.32452850042895454,1.2082338585683214,0.868034392781964,1.262138578929722,2.7559788801296907,1.178809776631136,1.7781850422142305,-5.656280630360472
1.2144106888916053,2.203453230212826,1.7594328683547502,1.5811528649068354,2.1440205755026924,1.2634801802420195,1.6885922724376063,1.2975520907806535,2.4453684024849975,2.162023899512995,0.39567728007931063,2.7633412756832247,2.2962617304912225,-5.396958649303626
0.923580783776776,3.0003633374339005,2.7173992261087583,0.9027182156956661,1.9104083818860322,2.059040101344557,1.9841450775209342,0.45162295432312927,0.5043984393586664,2.806518675615193,1.124425042015718,1.7351098155201985,0.3771298764732097,-5.444571035175408
2.491964244067046,0.8242141475630864,1.017458109025466,1.2878751475947634,1.3668736779017676,0.36723199835344744,2.291437056264405,2.042395951397651,3.111995951992158,2.012404951203544,2.5369153098331516,0.909215660669729,0.7195168536087707,-6.236114633541638
1.2534180281965241,2.2570040781508878,0.8456958490643567,1.062428492302406,2.2068190341677347,0.9020745410252635,3.0220163132060156,2.9099619305410123,1.0378212323738143,0.7260589927417456,2.4590754340720817,1.919304195447231,1.5918731349211004,-3.3045625699014223
3.105054688072701,1.4342764633392138,1.2364765713141315,1.33383344623434,2.1474644196184927,2.400253924720981,1.7900596000661588,0.9561147797222851,1.92956770703237,1.385866508548413,0.7223196584004965,2.54828665164387,1.9224454975649217,-5.334391450936023
1.3244287347841548,2.9541947793349173,2.802103153217334,0.4571342683072876,0.6230285722050941,3.0138703526733823,2.3911369205488615,1.9861912183608244,3.0823517771189386,2.2420988675703333,1.739275217069422,1.2476713256505596,0.9933247585020084,-4.236108474253003
2.263572938544455,2.796066296878544,1.7676510026679433,1.949744682472478,0.736053536080157,0.5597657830843497,2.1861261979068147,2.564928777254876,3.0901984888421143,2.218241201066965,1.4195390321967563,2.6454032722285956,0.42596984114621883,-4.002153389905203
0.680092869090988,1.7015351649250912,2.8598634847586477,1.7024554436423278,1.2938785384473404,0.534281904593101,0.8059142031948232,1.3391825745138513,1.9967514075506225,1.8188780585273017,2.4662319316702135,2.326486290469373,2.8429359475446825,-7.172158971345395
0.48574418853724183,3.156185985230882,2.907723422443778,1.1504531720868443,2.6123089053362794,0.6362456026610157,3.14579946145375,0.9754820820402905,2.4508383484906218,2.128530277023865,0.9391359191423255,2.2586144201747635,1.1450372133900815,-5.6652138260391975
2.001673604696863,1.8167723278106664,1.7286282752275837,2.150177372295901,1.3125074537968857,2.1980262296552713,2.26587001459012,1.240443042160183,0.8374010683165858,3.104721825023643,1.610998019422153,1.9784384133791277,1.9815130487216468,-5.570696698863364
1.9940542819922105,2.2888541577521955,2.0469343532360167,0.9629248019863326,1.7789343560026711,1.3036661501015225,2.5065976125507103,1.9708948401513267,2.7235586063533415,1.5092152128225849,2.237679779809887,0.7062371219956662,0.5706945031267324,-5.211784219654705
2.8225945359571343,1.1895175116791044,1.315268945980145,0.6355325319979943,0.4125350204103566,1.2685549418414503,2.957421464288387,1.4084514767831149,1.079800117629377,2.313453729937305,1.508429341035849,0.5749867270664929,2.713712970155868,-4.416250528821876
2.8014858886837013,2.0846139703054414,2.8310963728834126,0.44732165783859906,2.4825337524503786,3.0655969675972092,3.0587326895468405,2.6255530768637327,1.7541205165558273,3.126754074471008,1.5859349235325146,1.902823222442523,1.867195773565431,-6.099636570143062
2.850907007224011,2.870998524489952,2.540954747727211,2.2049226602844567,0.9523859354075714,1.52789481970017,1.8660539356247259,1.0778999666519131,0.8125125885475937,1.501960892104883,0.7623722068741483,1.3269629699654446,1.2365406657382303,-5.230188866140198
1.350895743494079,2.5717902707798155,2.9306189428316634,0.8129711114214175,2.3166611090163953,1.497986828587709,0.7372721884762182,1.6497219589992973,0.6264857048686764,2.673846170478514,1.8483751523025918,0.9298165910379106,0.32098930732899345,-6.302756228933444
0.47111134993295595,0.8179621407541022,0.3983435653585664,1.5262258322366096,1.5334028562806434,2.2838617304064566,2.0853137596832787,0.34256947521118225,1.1301265872476214,1.6314972980869198,0.6974016916322587,1.3125192976652889,2.259236678042551,-3.0970766896105686
0.847320303058078,0.995199882181792,0.5367018877645101,0.46953157285126673,2.6769396118396886,1.9637627301018767,0.7126833700053008,1.7863017088838262,2.30618513519758,2.82002737690089,2.454676588703319,0.7332352717040047,2.358577193253814,-3.9110211855980936
2.7252997060736477,3.0872245670223784,1.3196413402927138,0.8349943010243877,2.1388927642491233,1.83055575679952,0.5979775522460629,1.8233719590585031,2.920371651816114,1.6520399341247223,0.9333124094906522,1.2787243551265768,1.752421802327375,-4.148691582108983
0.6412183816455294,3.055402758129719,1.99294842546426,1.1763470128363123,0.974673154406692,2.201845831512815,2.7812533741924845,0.9191243208007849,0.6235943781821113,1.0217635945655845,1.5275067187996327,0.8998979205314939,2.9993989070200513,-4.179432672980186
2.630204308448623,0.7854981683976939,1.3079446292303407,2.0421000274932584,0.7220882346043969,2.2878169299924807,1.796802117034821,1.889702223244015,1.5719167189099377,1.0999374670089188,1.0680531769170225,2.593925810774748,1.3365194017890611,-7.046085473036139
1.8251878196959184,0.5369091791094028,3.0059908327233584,1.9138414556512897,0.5257278484417269,0.8083994211848295,3.105111969707815,1.94489652875551,0.33555447602372634,1.0862256875239111,2.354787371040108,1.5896673781784547,0.3419417131223753,-7.5686123948950526
0.49935457996837124,2.087284420605563,1.9740579389237072,1.084915652887217,0.5400212717556783,1.6881339323057314,1.9282060272108603,0.7580091020616314,2.257981866287154,2.7865074844688134,1.411294466694224,2.212692549572511,1.8145963431912977,-4.552046678911072
2.3103769848434306,0.7157392291395017,0.5996608619106323,1.445463282374937,0.6669794467470085,1.1582238315098312,1.3144083272514218,2.202842169138865,2.5780393289341967,0.511927453004723,2.9518136612589005,2.481560023397193,2.023433638096992,-4.103994786517531
2.7301273562243704,1.6392130626352075,2.862977357639344,1.4371590931725415,0.6434857460718684,0.7599449737616478,0.7076679056476424,2.4866776297256408,1.5330469609600599,0.35515722670282307,2.879991231700447,0.9202406640154823,2.234458421530032,-6.467779426480073
1.68487523697324,1.6216276250318453,2.313496469405277,0.5960845201248399,2.941860480567045,2.151678689605253,0.6537585433912751,0.6420096508794827,2.5193636466589675,1.2356797308845553,1.3740790736905488,2.759287746091399,1.8164263998868304,-6.897983930550917
0.943951906583425,0.4782685214523146,1.15934031576035,2.1971025877423385,1.7369320672874737,0.5681643243474439,1.0801479167661705,1.7494335287008334,2.172681163932158,0.6794579582029003,0.7017734539575466,0.3698477794993677,3.1420924854941252,-8.315488825731345
2.2895824197890047,2.518279422506917,0.6660485920997896,1.689486568181372,2.7591757584427974,2.0300551403078972,0.36898014501129506,2.4568729143911305,2.0796363246557448,1.3475295736165065,0.7031416357813614,2.5057148550377155,2.590868571498066,-3.833279047970454
2.6165919196146254,2.6111645183933208,1.444722996263226,1.0176635223392327,2.985811033748732,2.658454790997379,2.820518700856388,1.0834921553071006,2.730124176243394,0.6863969556340459,1.9649457600122158,1.9227510652483972,1.6838878300385964,-4.3266740292656305
1.2301497628372675,3.1144221439963,2.622648080187726,0.8895003358303251,0.536005338392309,0.6882350815956468,1.6366848518726813,0.4192905927000409,0.9858508082165285,1.0006200566117176,1.6409056754479738,1.6961497685562128,0.8136419884022916,-4.167690958814741
0.7804562469546583,0.489374608746715,3.030567988622196,0.7630692322311866,2.782622764514469,1.3185653720377006,0.5137875959013591,0.36893797774014353,1.1634709487916772,0.7080091996213942,1.7505794625179585,1.32497346668196,0.8556716851522479,-8.4508192092181
3.0589791734215073,2.868976588059287,1.7983096883847565,1.101908815971687,1.6363427599702418,0.8128740774397598,1.7048160253372426,2.2174731251458275,0.8716196724316703,0.6689064383346288,0.584872457756818,1.770368480069841,2.236501559128018,-4.46940805273409
2.0197072438278174,1.6091853542004588,1.4807536487646773,1.6263640014229825,2.4682138620020164,1.4274472779149237,1.7177524932312467,2.1732510917141212,0.9372085940364072,2.6441604743738885,1.4937672507578348,2.60269535117045,2.455784261858305,-5.837772165796944
0.9735679947125042,2.501758159007831,2.779712153817574,1.2495208527776158,2.538751130807876,0.8784786220918042,0.515422262522198,3.0296935024336316,1.462570319132001,1.180976236611859,2.5050458439529137,2.0095734372614515,0.3464711822068375,-6.63152682144849
1.681913629683346,3.0946024652255453,1.2471927714535571,1.4956355859599129,2.519093127828948,0.5367882035871507,1.9881952608336961,0.3666038843837338,2.9921632981794817,2.6264649685051777,0.7254602017107539,2.7705291369487353,2.2615449251970663,-3.964489741919795
2.978492357605284,3.1506894872694975,2.0629357882060404,1.9086750940009274,1.6300939660447624,1.315455020909211,1.4294160444834505,2.9858774505650327,2.6347912304320724,1.8134005157710111,1.322785758889162,1.010288338275879,1.4455309032583492,-4.934011399085995
2.394782569520767,1.179320594595805,0.4733332474143034,1.7041155072138885,0.9598308995108249,2.893847571995115,1.9475053786533778,1.6286603930387966,0.9988809108860925,1.0939359602200183,1.6521726077652648,1.6798968669487055,2.3980093980107777,-2.9099862159569128
1.079410907717051,2.185776207667761,2.696714329795903,1.0651121444925427,2.390978170307281,2.7322650405250446,0.9285508220481973,2.4499480937249682,1.5442380308898087,2.7797150133140316,1.1045569728471976,0.8516928517313369,0.6044778852162813,-6.711117043741735
2.7217842938088137,1.7900666292683172,2.116034018057705,1.7554078529360357,2.4608426727577344,2.850300617241155,3.00995432642191,2.873680128516987,0.356404964221664,1.0626811515053296,2.732608992284767,1.6997576731559305,1.139602537041779,-6.60126902686093
0.6602561441115171,1.1145800422422392,2.41738455439984,2.138265576746737,2.1846758757993885,1.966353699238199,1.6073379358681574,1.3488857832140995,2.7206222151450006,1.8967589225155623,2.0960439491269804,1.629724492427062,0.8930199749652878,-8.132095723036244
1.8787990826004926,2.5872760620092468,1.7020833414088843,1.093873400491974,1.0136428122838204,2.332437870592397,2.6326587598924456,3.078889496511173,2.074347552995669,0.7170706270005471,2.1200767027275003,2.412928489990963,0.6281515978795551,-4.128961756941132
2.028826207058109,1.6064879293115975,0.8445866521938867,0.6082657930308292,0.5422648204325929,2.3454524729676667,2.157437250049178,0.4402280269838822,1.4411674308420561,1.8474224347630601,2.371182865792302,1.031921086762073,1.9413477520555087,-2.9772432033099943
1.6906152950247775,1.8044179692402196,2.3972463507153456,1.8377013865135086,0.8140759164684827,1.2317743300227095,1.6226850198478802,0.38339911817875705,2.914809190045171,2.2706505935236465,2.656486722549726,0.8614173808262775,1.2971253739249307,-6.280433644810324
0.3712399893389401,1.3868111845465207,1.5483246615665465,1.2375127249533122,2.7504558324817334,0.8912076149230446,1.418132157467709,0.6697840305045001,0.7278364937655917,0.874640934214648,2.559375742845586,1.2348804047175868,1.9461193166181772,-6.493397405939678
2.6060771340506066,0.340134929579078,0.34237754021941424,1.0770277471876522,0.3464568121796469,1.189825315722237,1.8845188211302875,2.8823699877805744,1.6075384389292882,2.4357969438224805,0.4059177982459196,1.9545828625280708,2.158714720965089,-3.834126056260413
1.5386288706596736,1.9552817559104183,2.790872834385497,0.9405722942898531,2.715389590360565,1.0708575908751046,2.795995139188585,1.6913305965750782,2.7737158198985634,2.501956940294296,1.5236208689126025,1.5455176512683213,2.9876096063837627,-6.832923203222888
1.1510920162627436,1.0189128686573417,1.1077308565440576,1.1451444081792514,1.9767016647703175,0.35880814504718683,1.4306378924342524,2.0348177580569757,0.7923698591230558,2.7999490667569775,0.5754070527599059,2.7562814548360373,2.584234700665517,-6.087051628538811
2.9511986403905492,1.0543789394172753,1.5222630906798804,1.5569573828158143,1.4108392136098247,2.4986407160109763,1.1365986682026374,0.39063875284847305,3.022056041788237,0.6619090465212046,2.964082571174984,2.0585876668274588,2.7924909156972864,-7.041792472770428
2.137071801228048,1.808873185189507,1.5946393812547865,1.3752757737154648,1.85783909253771,0.7550564248761116,1.2519672339752155,2.3132600792788436,1.7179725399300714,3.077552667135253,1.6566974715188862,1.5385270655923224,1.8783221318183547,-5.57517511199961
2.2222967761793355,2.1263905059456163,2.352977762363132,1.8556937045459938,0.4294783168632771,2.832739492456627,1.466320831890883,2.5524669769078496,2.1081181218231855,1.534142610644043,2.483217799592474,1.6639816040751172,0.6001430640547119,-5.135963778679393
2.67445163460982,2.593906094996003,3.0702775676689704,1.5111704896313267,0.40316940245232685,1.107150106866258,1.2378432783983888,1.0593548166819282,2.415144772345291,0.45590890954440066,1.7761709814651898,0.36238066983135897,0.885270379242397,-5.0293432607929285
1.892157365280703,0.7451964503682496,2.8438597628861846,1.1537989400296493,2.3995447976821644,1.1950753796416231,1.3814496883827956,1.2820231018928527,0.9466613301406364,1.390891042424009,0.4454713699588215,0.6372800842386606,2.66565703577729,-8.235225361606066
1.5405390666716765,0.5821575675037296,0.6733031168178316,0.4937886361912757,1.343698965427053,2.4133267591875724,2.5622658473021627,2.6966214533325124,2.058856075795191,3.0848264345787886,2.2161047645328593,2.3600603872370076,1.7188394053511782,-5.287070420629741
1.1599030550892173,3.0815455574084436,2.0729786962445105,0.7742504014521319,2.962958572085708,2.555799526527181,2.65212294140052,1.7828515455039737,2.378134666389486,2.67949942382502,1.7484777365665904,0.6588845855068504,2.681835664730406,-4.832310178619294
2.560921618972289,2.1437007746361894,2.4952687516366865,0.6399076548799969,2.6976971784355737,2.7138911431373183,2.704648858210911,2.579857348916403,1.652522896642477,1.1939642869344174,1.3142620905916464,2.6770176927443035,0.4810862947114979,-6.02831441821643
2.643188471745339,2.35364922207922,1.3332666855792994,1.160564751258473,2.2152639277347554,2.805573319768546,2.3174391803407373,2.2558631488522765,1.7909602389519341,0.47382355634324613,2.432308592973313,1.6591542442324871,0.5438142626465758,-4.283144090635171
2.654081653265522,0.8438530160574715,1.4879721881475028,0.9584854348302025,2.348701584293639,3.062675656542251,2.900442271371604,1.3637369155346604,2.2770378286410766,1.6901039446796635,1.3670449077959488,2.679370221443949,0.9107735897215736,-7.385587813951222
1.9012096944563115,2.355930503324957,1.8565695998061775,1.9779004073796629,0.531849572804842,1.7486301599245657,0.8238652338705148,1.6515489904667555,2.44784347374213,1.2784719005675953,0.5012193768375753,1.626402267280169,2.682776961748582,-4.376283558770714
2.925702674825495,0.8267582806850626,2.177025045549463,1.1183136097892519,0.6623056409698657,1.0137862673524167,0.3737442697048658,2.2648848440280336,3.1433963175587993,2.35084476217351,1.1204992006015466,0.6959140034992165,2.571483674961151,-7.054187302695917
2.6227178542725964,2.5414515521880796,2.0549705692828377,0.9002433520386544,2.154139021114377,0.7092804704020794,2.620987746593167,2.7337130132489964,3.050377756802809,0.43153851148302935,1.10885325675142,2.7778150420379726,1.5033950910695053,-4.958919185323743
2.8153359875050112,0.6324419798064033,0.9736572640457211,2.2173122354039783,1.2916819510192816,2.213956757919328,0.9594246843103327,2.956583258690717,2.7534652720342634,0.3836459376066064,1.8475106267760004,1.9913419225185767,1.6968553219473654,-7.49112194848671
2.40672130216396,1.9846968134574121,2.569592028158256,0.551287902808531,0.8895454269732841,2.690484533221549,0.6801934013228031,2.8148903580765023,2.3396733631584006,0.37452174782287834,0.7497265675093472,0.3814617554516329,2.463089175642011,-5.443724642239819
3.155030825505159,1.9404743170964256,2.668217785367546,0.5348322012902214,1.398718221041594,1.6127838210628922,1.4689732239525206,0.9539917000445128,1.331915222483666,1.3816057043677998,2.06005112187297,0.6254123472993588,2.8974606757850516,-5.914109652347822
3.0703871198892636,2.892243341216385,2.4123194811959734,1.6807975682201073,0.8598680614961562,2.8431995042631057,2.0068379813322235,1.3184963820867448,0.8889916904098372,0.944913075523856,0.6681798154369398,1.7728977945666329,0.3243002987328595,-4.860645269254802
1.1630566401935112,3.005667026272149,2.7662541646842143,0.8054745914633356,0.4792099515590046,2.5489980236192067,0.7960197168887633,1.203968415799717,2.0389198600170326,1.5998243354044057,0.37381651275039063,2.0712609118891896,2.4794208653138217,-4.309378380523465
1.963089688686991,1.5886647076841787,0.5108614552126547,1.771034571287745,0.9244779470991109,1.5735251210464638,1.6507305745365672,2.655876297219681,0.7396690045938765,1.3702902584199774,1.3849630657662722,2.038204605272758,1.6317436509170506,-2.7254604899309864
2.9343912251176945,1.0791376124592913,2.9637536549765007,0.6413083450106886,0.7570434571831814,2.1428679514889017,0.35093777978099655,0.4907950875777434,1.9327962713741977,2.526505164701667,0.48702961390628724,1.8890298291044159,2.946082145740401,-6.629429539606685
1.9541462725321828,1.2833862236873557,0.3258555456470344,1.976080404558069,1.9089421571714524,1.1637685325861926,0.4561971894059431,0.3974331599243853,2.657420745838969,1.9026213176439712,2.361917608904628,1.7831307613319411,3.04546419876194,-3.017906388177873
1.0468832319669767,1.3320600683080182,1.2563975397668306,0.4897743544023199,1.3485772513490133,1.3424594118316981,2.364103635132878,1.759194262307088,2.69908582654259,2.03721232020056,1.2657596570639988,1.1762163901756035,0.8670403430553162,-4.701149806519127
2.9279240890132274,2.5775637719097073,1.9816690495841387,1.7414479836105379,0.6452982461669012,1.948396304100842,2.527574825695775,2.5696387985496494,1.9384101021701172,1.2411659148665943,0.779873464776986,2.473782198324454,2.640639429937315,-4.317875311886839
2.5511563297388475,2.2209239778008563,1.6319904049347431,1.9459802879212824,0.6265649744830026,0.6331613972335604,3.042283966203499,0.33277621128285134,0.6083863245853871,2.1915458086154076,0.4938377511679588,1.7588152163370245,1.1330175638611817,-4.061746571769251
1.76866217188636,1.117337774415304,1.8951516849141776,1.658343544010517,1.843119789669044,2.715187661315226,1.5112667272885238,1.7184421307465523,2.4264111256900507,0.36795976212004716,0.6838553503416818,2.202593969517788,0.4440018489877596,-7.552559475781734
0.6675443278691285,0.8657801676760926,1.4618989468851211,1.6051489442244828,2.642396598852484,1.3676876724747469,3.1608201281813666,1.047337294782666,1.8576363853102316,1.5837559636165728,0.9379032782248287,2.2675262238784635,0.589220707722929,-7.778725926806793
0.9667630758041728,1.3718549011165906,3.0413842626098733,2.0567654285681227,2.4569555010230086,2.307931983240978,0.7261613332862381,2.574296865844294,2.7198053528935664,3.0164756321427295,2.9508762352974287,1.3784378215708297,0.3362209876026564,-8.205842554513238
0.9510248527354885,2.7156479611381137,2.27311886544899,1.584828796844759,0.8920648839766487,0.5229721382570643,2.0622961729521387,1.848642342078514,1.687815418518523,1.13488424259243,2.745503348744511,1.9160160414322318,0.48402974245020847,-4.800060333235371
1.448016479521789,0.5605865460962199,0.5684248330544763,0.9381820292380134,2.999122376843025,0.5133414693323023,2.9124483776642927,3.130572906318961,3.0419885261051567,0.929506636020726,2.5437830935506804,1.1945046978846767,1.096120522452772,-4.905344860397458
1.287066125089766,0.641515596543053,2.9914362693387053,0.9850368693414386,3.0971184165945007,1.8690825830964066,0.47252563275168014,2.961012209781816,0.5473465478250499,3.134737031119027,0.7845570820275037,2.1200332428064845,2.428922937527945,-8.518492669911733
1.5068111529767145,1.2606738215109177,0.9983017806907701,2.207194975598009,2.3317197923651727,1.6379358366656755,1.3772972409588946,2.4959686586421928,1.5501123706617217,1.7696550405652087,2.7259163416861236,1.4676777736708733,1.5991409092715163,-5.342171034707787
2.529222691328188,2.397651027765549,1.032835673270589,1.9881930095347211,1.4018495676381422,0.7945604727162281,1.7273102907925,0.8988303777762323,1.005769923218849,0.5233874579959574,1.9745284992328804,2.0030924167727133,0.7073628504618362,-3.639780147077028
3.1108032497221205,0.7280752178863094,3.0027990633772195,0.5252343421523724,3.126620134997798,2.0535650990063927,2.755558499045461,2.2585768604315266,1.3532565273833086,0.6550032695519261,2.2523515597886172,0.4889342620928001,2.7790856508805133,-7.838046391075532
3.0295814330932727,1.7975288813310868,1.1804480978925898,1.7954517086287278,0.8002266155596793,2.4075543640326975,0.4938013630875816,1.0515917433105089,2.6791073634562603,3.009601803719912,2.0498106315267886,1.8780779970251165,1.8036793552450643,-4.310616023442886
3.115223467524796,3.1196602451223474,3.0551536413384084,1.809090551137897,2.307944930903742,1.7409153673924513,1.6103416513664612,0.6591771220672633,1.9139928602888372,2.861708025794992,0.8231236544219198,2.209457426351715,0.6999946212163932,-6.256491739061019
1.6567952616747152,0.47152996758077703,0.6287098209838288,1.7363086551731017,0.4004113867258154,3.0781951345336065,1.4010046100069868,2.9402598606477777,1.8230984672630797,1.281240123364409,0.9478201460693273,1.1032308413681828,3.0917039949850498,-6.025555799997521
2.7179562579677725,1.7337263696563976,2.9364104894806338,1.721250598937362,2.0293476307449456,2.8590037423272103,1.341077092129525,1.9664324255972117,1.9544539162863264,2.0424717363779963,0.7746853574854154,1.962402860650951,1.2083934375557863,-7.484267934863368
1.987408396081785,1.569212118916486,0.8731705328811419,0.5708740690409453,2.1306183439038437,2.4518706561211148,0.42226990212549803,2.3704788568776305,0.4437213856941927,3.0960063874064936,2.4222883164739963,1.476031296309059,2.1047280707296006,-4.321733208236142
1.4514660868289246,2.3771204903199,0.9874203720222856,1.5682345751103028,1.337007473910648,2.048983150082182,0.686886262381097,0.5338238171258813,0.875975711493564,2.788882483513602,2.046820349206476,2.022596664718312,1.9084491271496344,-3.8030657443447105
1.676785634611554,2.137776404772998,0.9299437937809814,0.6931641157827966,1.3086011500547636,0.8484138701050279,0.5573212013330374,0.7636904228128785,0.9012063935110404,0.5693914146940678,1.3257682299045443,1.1730256138812705,2.1128548011027997,-3.462558047973957
2.7094434135153795,1.7414372993280214,0.43317705725835054,0.5443688349479697,2.159937677082816,1.6180020264819928,1.221606034456188,2.8054568742223682,0.796271762592991,2.185416728208353,1.4573498335102195,2.609291258405702,1.374736235230194,-2.7543857404509646
2.5833789875893918,1.6894431687716247,1.173011228378907,1.9859824257435088,2.950103965439277,3.1434030415849543,0.3895405636324428,1.6942465660791504,1.3333349382583668,2.1749722958561524,0.3455646574469777,1.4016841045430755,2.0786781626776456,-5.801503569780998
1.9690298761376142,1.70790049022479,0.7293525138264794,1.9902173888147352,0.6144280639963373,1.54456291209935,0.38154914741830237,2.3754652581320133,1.9610617215048765,1.2955847051702083,0.4148766362281232,0.9163289278551325,0.5498005284474381,-3.0271827684921733
1.0036507476175467,2.1105183631177504,2.5656164680368367,0.713544943061029,1.8139396486236896,0.9981844865503284,1.440668285695182,3.0237785821681227,0.48806888273182913,0.4233150880497482,1.2891890147519511,0.7897029242515512,1.9283711035297915,-6.005790595752338
2.963837966574279,1.3904978577730087,1.2698138294409493,1.405876769446528,0.8833835488084145,2.361771660729396,0.7626502730969356,1.5379935875825388,0.41435971028397645,2.023382847160136,0.5376914547041479,2.4320317025905345,3.1187258502355486,-5.159002316681882
2.004933480231765,0.42885448249534214,2.123781887346448,1.136762155776326,2.363268725503669,1.0764411925369686,1.3930729736909728,0.749539854867648,1.659098517078248,1.9612745182468918,1.5165628332645535,2.7144961989741443,2.8139999240268248,-8.45292675782719
3.1424335521798255,0.4858194016920263,2.6002404458487183,2.2256194248604078,0.9318570843004776,1.1283083276605335,0.34591867056284303,0.614391205599558,1.0531618587327551,1.0975212318113174,2.810992622774812,2.6566132684857386,0.41701122625482334,-8.256614616301922
2.091766689160049,1.7849063676391765,2.5775406682527766,2.129938800721316,2.4991080654145774,2.72722216198479,1.0827145173834796,0.4029139103481256,0.5961026400509093,2.6830037690581263,0.9689261598653254,0.8263875834977461,1.4087596560796105,-7.579691035206088
1.6488486733148138,2.8971121952375833,2.6528665480752687,1.4895754709377236,0.5670252648776235,2.6406248358875524,3.000000922610301,1.3371258938483825,2.663062344776755,1.7984623705202785,0.7305297105918116,2.250954457702712,1.5955599890554268,-4.634158344874593
0.4909812607841312,0.9917330006750129,0.41469523908953787,0.6584158559670767,2.9085019801048055,2.7378561897280904,1.8690875610078275,1.6770718517401932,1.0206112893285741,1.7140899080595289,1.261387335738521,0.5378783119144588,1.2602702537315664,-3.1167925105812655
1.8199364437458478,2.693115762959014,2.87315360465114,2.1096995785099657,1.622158289287482,1.329258179699051,2.7326023630337986,0.5258802558384599,2.1994114625526953,0.9517205072750357,0.8045341940270483,1.9189119604383733,2.547348507773912,-6.08630934330179
3.0606696859998666,1.5586789960011185,1.2391297777314718,1.2266170414911088,2.845936988570167,0.6143252771383363,0.9375319513926927,2.782412271819983,3.128365441169288,0.6366861047673178,2.721169080093264,1.0966839210533863,1.1149975140123962,-5.4645956648143725
2.1147339176300157,1.4608022767869349,1.4244901142532465,1.8889269020616672,2.009056964434536,0.3618761197829074,2.5912970971708784,2.9202083663210425,1.6690704656630542,1.3765283653668254,1.8023008387482167,0.4718428758157947,1.1480821652359905,-5.670176030962512
0.7042083519861642,0.5691985437712063,1.2196087710096823,0.8761027425053864,1.0508789739039337,1.0878000378328654,1.049267306717888,1.4473168664916705,1.0083141950481678,2.7635378895962677,1.8096052972275065,1.0008120778743632,0.51389103482343,-7.249444370867949
1.7078063745424776,2.2752706058005594,0.7242755494685273,1.3216393473681884,2.368552399811481,0.8007002038086226,0.34061678380740723,2.794387888855911,2.470265278215241,1.1658443564124659,0.7565846898302941,1.8850768285133006,1.6754766457324022,-3.7944353684587293
1.9723729582025886,1.647414432195774,2.1378144033312663,1.555002191904623,1.0552243702529518,1.6094936954333199,3.1193943962021873,2.93991363190455,2.2743584361016556,1.9507456977965387,2.531063248772546,1.0410357217903075,0.7424597373872676,-6.220040323006081
1.613725425166686,1.837952998093358,2.019315546228728,1.6075078642411857,2.4952108675115996,2.4049844259973434,2.535630585916028,2.2430841750345936,0.6106808467137016,0.709732850736341,0.8980066503664519,1.406152824965457,1.7469099252466376,-6.328579792735374
2.763021337928062,2.0526998308488085,2.6950306868848743,1.3979873606602196,2.2051730990901737,0.8544711481949709,3.1008398560264476,0.9207943500088396,1.3504455956842454,2.5982258318830382,1.1721511309444366,1.0243936417634023,1.605979441195021,-6.703199926473436
2.819431112995002,3.038797146571487,2.6180109568518852,1.5940770501713803,0.975127524627154,1.8168089304359325,1.028459390767584,2.2246982276025205,1.5202736311163831,2.147629881159061,1.8139276390296595,2.200271124478979,1.5554202585302506,-5.168722003315562
2.7730478095681255,2.210036904045523,2.093275359244281,0.7449683523294499,1.1866698096651749,0.34711826606700935,2.3029161715343567,0.6516566416513705,2.5125625863118355,0.8319953944913905,0.47956810525958415,2.1861980863420483,0.906579646136066,-4.9158648546715735
1.7173213565309065,2.081475832709838,1.365555598897568,1.2903106813625502,2.4915645011846403,0.6226741061294041,2.1450273519460485,2.8502291418042813,2.851708510732827,2.9839874447276213,2.2211466145192214,0.7390690179126991,2.914488457524366,-4.66492625373643
1.3296494871110125,1.3046973787948661,2.64497441361422,2.1529949403458417,1.1843709346558573,1.399842999344287,0.5503611876967098,3.0412973779009747,2.364778488280371,2.793559766071732,0.9664276324331484,2.317480475281023,2.100029724104704,-7.624086696452203
1.2801498416755384,1.8237752997253847,3.00194237706231,1.9688232901555738,3.1217511923900396,0.6261151632284425,1.631567399259612,1.6026337095401937,0.8216432090003889,2.0015567865311548,1.0012662095196248,1.4770004364230827,0.3639147803766873,-7.8425135726936945
2.400745083120062,1.4035014488880555,2.4547612321199024,0.4700523522365095,2.0200241269953514,3.0468050110298206,0.5444429774762874,1.2333955726456782,2.893851971885881,1.117218360478077,2.895746699412265,1.152985250842237,1.0772994452151974,-6.787119049692786
2.5805632268607477,2.698899731577541,1.818760323185251,2.0330120224971195,1.8587246480151138,2.6991701107977835,2.6779109600638296,3.001799665478679,0.8015408668015765,0.7329740910750552,1.5954460503380636,2.4908941480622393,2.3477409564289373,-4.8084884686326514
2.4122736088260965,0.5969989479641932,0.5491920888837436,1.551927833961482,1.2586457285313488,2.5819765556885876,1.3522524597542294,2.7831707784009465,2.435020769688509,0.9326047875257446,2.300981315734655,2.5189329774281854,2.551890522906042,-4.925433309403287
0.8384686403669279,0.750193270785775,2.021665379121084,1.5258653585100317,1.2281184790920185,1.184577014164568,2.1972455789402456,0.43549289331640134,2.881434866346349,0.3467156847710854,2.34914721189097,2.6013970067543966,1.8641943687381965,-7.748188492491468
1.5921087667932916,0.7821812248435822,1.0647661660907632,1.4118569793548457,1.0831366999349392,2.979710170305526,2.518917758268222,0.5503966317011888,0.47142017933667363,1.430538151071921,1.1441183463139435,1.8977230526878777,2.0558521716803924,-6.569874516370561
2.465692355020726,0.5982240563801471,2.5599915933688706,2.124182684194547,0.5038911742238859,2.2967924082198166,1.0518006016912838,1.9817529326908474,0.9661646947802849,0.5836837746321634,2.4937537893366004,0.5473422479085105,2.144152233253293,-7.603622782737328
1.7462664064344287,1.3926802922626296,1.41088022269907,1.4272746066737065,2.253058101568488,0.4456720974946565,1.1202787975513506,1.321788418253785,2.457689264156646,0.3588346311364266,0.8442813359735466,1.7805304989954815,3.113735902819305,-6.038506114634065
0.7127479995895807,2.523052288091088,2.8248959320870717,1.6235094205543767,1.1414617525991342,3.058081998327271,1.2854924351800385,1.46056563512634,1.6289269675111653,0.7746785000981404,1.826507431720295,2.316032098059112,1.6652172993505898,-5.971578685661295
1.246515146665748,0.7414681467494602,2.3049600695533425,2.240053353025345,1.226053027896892,1.890574105787264,2.40865678725586,0.6875801962508306,2.1033239222803775,1.3542736429310722,0.8907150349307155,0.7149257118830644,2.0731286159834847,-8.060921746359522
2.808484271684206,2.8288993470457258,2.5496430983699034,1.5210017851403024,1.6042807661319576,0.5183954313316805,2.412692596698212,2.922209485556106,2.3759671718393602,1.0654186284236622,2.5684919103855623,1.6568734526567495,2.1374891448584363,-5.433940606501617
0.3242773890796778,0.7174447970384509,1.0682725569954927,1.108161784413539,1.7008269559422817,2.1467341960741773,2.386454085845408,0.6266500297560561,1.9431135999423814,0.4445578473514419,0.46371450640304324,0.6825736991108831,2.7521437669931763,-7.053492789360457
3.06724708497333,0.4523811961870128,0.31959007659595384,1.8681881979939512,2.6553298956451066,2.2919458217634983,0.5896122206118308,0.6840978813854586,0.5871557049494103,0.5676485280606012,2.266145005262735,2.5986433919074403,2.7052896071666135,-4.696140913161544
2.659063067570533,0.32823388927136316,1.9196479596382536,0.8798547062570841,2.2991466652265,1.1410890112913916,2.926511943294091,0.7809643644126218,0.4707117261046365,2.990698805446877,2.4319157254959762,1.584910707351245,0.5264191594879573,-8.324702332156729
0.9374279074676029,0.6516965783753859,1.3967506559146854,1.3812244082152274,1.0169069096489227,1.1036066970774319,2.752857683512324,1.1354840264562704,1.5234387602205097,2.5809520242493185,1.6834543225988146,2.3121367389717546,1.7844357070058539,-7.374195598976022
0.4513214181164113,1.0866243157591602,0.38110232940009114,0.6436416519303713,2.666466876828975,2.1618690614024607,3.1550252400878613,2.317743615967905,2.7881091164682053,2.9081503397059314,2.1317814788998852,1.714802703925845,1.8898704526023085,-2.675177590074109
0.4329337631369038,1.5268598779159004,1.0874928617133581,1.936308319807332,2.4315369808875653,2.286327763283638,1.6780038684156475,2.2218730895506353,1.80125887787839,2.3896681229191006,1.6894031190611487,1.4613122556528182,1.6351367667842407,-5.011292964954145
1.2545773816508998,1.358278506022018,2.876261119463019,1.0128273831256684,1.1468317557357808,0.6480187495604945,0.9469367236616724,2.184022717622656,0.8160030960133109,1.5413533353513784,0.9790168306924861,1.3770507882152665,1.111775998542703,-7.007830923778879
0.9885930451711897,0.7777802112543966,1.2170950327677883,0.5648800539431857,2.387972809496879,1.9407412147185938,2.5639759332761183,0.6850203128007579,1.9347875225293976,0.5062704468770107,1.3969010217450175,2.4289699816521915,2.091724894280822,-6.887161214212371
1.916032295805289,2.4587899424690827,0.8909196193763811,1.5580073952701603,2.051623364065654,1.5072380526532483,0.6675910669508589,0.8232314783920169,0.8976938579476172,0.3914523791925781,2.6221397884366224,0.9452273249486576,1.944089665534504,-3.846368579544845
1.1095822278538632,1.1284800056197495,0.6420546317830503,0.6960747668766369,0.4716104613995723,1.2668064028737196,3.108252665144172,2.9892385397302017,1.4488584820402748,2.3486785978438713,2.8773740247754436,0.8238332130911854,2.339397528076295,-2.8212129427452823
2.4359781136384826,2.7745689918755185,1.040528867543394,0.5266682821329106,2.7319406063930174,2.685912260743836,0.3331382419824022,0.5956294686268937,0.9749029190385727,1.1902350833495314,0.7635804076185277,2.0896189380378525,3.146963542237091,-3.998933642163584
0.6984677473487639,1.9525543870298128,1.3514918284444943,0.4958164108664443,1.0352834196990368,1.5510814780286994,3.0385188331873403,1.3862009181294181,0.7707569932819818,1.7564863669768107,1.3838700664122787,1.7334471726700413,0.8250339171268972,-3.799347175904461
1.462175111124894,2.8200454561793413,2.538616938567213,1.423693929632022,1.165404369773023,3.142100999526577,2.667049890644013,1.472927920413976,2.341399912296021,3.130371527295509,2.159480338537245,1.1135122709670524,1.6196227023793162,-5.203766305692449
1.2059258791821688,1.4875568938267127,2.1012796310912094,2.20935258183771,3.1411226226483495,1.2838314767564203,0.7027428824223193,0.7016954858023655,2.4184596341244653,2.316229458096783,2.4436513340961223,1.0752550887804058,0.40333052278262765,-7.846271896384301
2.670928604250406,0.9688471181348199,0.7787654553014917,0.918012227307619,0.7780779968407097,2.8273040099409874,1.3253644684769783,2.996723447134035,0.9354440005065898,1.4514310732498095,2.180415004660197,0.5898234348757696,1.4340551587192205,-4.2031509308130355
1.9345623828160354,2.8227057984682875,2.6902355240262437,2.160233903854104,2.7647030319995234,2.037678787499749,2.356250444536929,1.2546802356304925,0.6969304577549214,0.9350742097421236,2.1563621039556025,0.4388931732169323,0.6183976821207742,-6.208833950929972
3.125200023968142,3.0047135787781323,2.3570370576218105,2.216595542386739,2.867502965557412,0.880353378816989,1.714677819657646,0.5607626610754742,1.5373530594417983,2.197340016914086,0.40342229347293146,2.522091301412998,2.253586364201435,-5.831497093965764
3.077437619129602,2.3492001132899385,1.5086411726463362,1.1641802834241708,0.37396168887034276,2.074243693167481,2.8295741194675124,1.6429884013912983,2.752623635880068,3.055822526733855,1.4254976605477552,2.114275764704208,1.695216846718492,-3.3709558767144894
0.8395125672847976,0.7691763378500216,0.8949032954479803,0.609298201824487,1.0099913331410586,3.010196149527306,0.8576466479165226,2.6445334385985046,2.788299444669682,0.90778310801512,2.889265507692153,1.8688744659684273,2.1911200206793993,-5.6368392486140815
2.347530954599279,2.0366782442322195,2.3738438021661037,1.9308397533589186,0.6022238854049675,1.2795581900267365,3.091937002071389,2.287639394402004,1.888312774741896,0.5337598784248667,0.8267329016769336,2.0658052428522686,2.9907531889650434,-5.442993725508939
1.7547340499838437,0.34431458022301065,0.4740653707957143,1.2030288001484721,2.0171371532042475,1.8865435681095053,2.155672149706443,3.068763805632047,0.39946205200010365,0.7036060236058435,2.1988197154639435,1.8241698130272885,2.9080570193292012,-6.865479028502748
3.08157082152376,0.5278241801419515,2.583033877269658,2.149740565563367,2.249019972938855,2.2383453738436483,0.3869433799548014,0.31926893854810473,2.154054178519465,0.8866413926479375,0.7122752160660983,2.0904962279192465,2.93370986505309,-8.806817368501925
1.544676346981773,0.47565296629407133,2.2547848763331593,0.9669051297983178,2.951732146151065,0.8393808327203756,2.6922862561825274,1.9246844690439167,2.53086777968924,2.835629284973993,0.8640114260611865,1.1397051987185995,2.0635854216205187,-8.422529968713059
1.1491756220374556,2.1816166481253116,1.4983188312786813,2.0449729764535176,0.4476563087540425,1.33981381724901,2.8409443854190517,1.9498208697315034,0.8244381351104284,2.32014015894142,1.2698293502778042,2.044556984248655,0.4058318006647796,-3.692577100027885
0.7492048778414977,3.089716454714533,1.1758350524659997,1.2809832206903262,1.0421017967155193,2.082103707268267,0.8497616164679493,1.4386356736475565,3.1354788884641818,1.995371780778812,1.4216882592985582,0.7817022108921432,1.726658567096237,-3.4756878246528116
2.834400409595228,2.1565892668853364,1.7213383195455072,1.4710195210766883,2.1924443728269707,2.388486607015476,1.2248270278173163,0.4453825548914878,2.4990575727660898,1.5867433633137498,1.3621929896297091,2.074602212491201,2.4259636272321874,-5.512462770299417
2.6132821129805497,1.9354863350271192,1.6747898576303997,1.4830767962198432,1.0755985981223024,1.5335799693635197,2.443334550736765,1.259931769574509,1.2188990703464322,1.1342876941648579,1.9538267027471734,0.9220335985781345,1.3992346054275377,-4.883845459332435
2.7403193063178577,2.5118153708516635,1.8739313498882513,2.04915140317406,2.44064804316077,0.9735197705683301,1.3099482535386688,2.3379260831138975,1.770051885626252,2.2925918180949716,2.7715459808188685,1.4808454313480868,3.0293472657956206,-5.565986834150059
2.8719996989610252,1.1866230966573654,2.587130030815832,1.7269401388565042,2.541936813228646,0.7002767631895495,2.08122316475586,1.1337364375588355,1.2613934773398567,2.8119700340670564,2.0115631099755777,2.421264817365313,2.2795934748583524,-8.014413434845675
2.0456612190859,2.1321473730275233,2.9159111247012417,1.4802775885662676,0.776393820256317,1.5924923326258533,0.7513028679090491,2.4094750037659742,0.7813695743872839,1.8767554631700416,1.7608381385282414,1.0889975571652526,2.350285407822069,-6.152590503713155
1.643597398628144,1.2406144164567572,0.46893026103614865,1.6095805345372192,0.9116465394573696,2.317469279603331,2.1027775065965817,1.576663135296277,0.7885148529930184,1.0732913541029117,2.395440811221822,0.3768863018659879,1.3002306347219434,-2.774493320742577
1.9593815628990559,2.5299945650115983,2.5895716439173357,1.387188441019193,1.7957370466146672,3.016404781656281,2.6869238407702576,1.3515290237904785,2.9225578599415,1.6172105064878217,2.84801509999052,0.6407021844428744,1.75311474932317,-5.851342385571912
2.1573556609860796,0.5135688942644503,2.241493753969331,1.1056056583641276,2.9278716314947055,2.9001450412446537,1.3198497675001832,2.6941665550648164,1.6415312961732775,2.357351720323555,0.5263837862102714,1.9965545999272851,1.2296530875301688,-8.492240056784528
1.470190989182455,1.8941537377160385,1.7911056598423687,0.6032683471247748,1.6229552047281102,2.6024560273832242,0.4979576341910787,0.4998731875079922,3.004250684473538,0.3236539023986932,1.857698020010263,1.0699043408339068,0.8432857069446114,-5.303465569281781
1.3826162457224767,2.974505529692635,1.1352598452881044,0.49090302200804914,1.819823244741492,0.8686389122518781,1.5874079718641814,2.228740168076297,1.4768049224894966,1.123752878488242,2.0254330256047632,0.9028200561428386,2.9728173808755165,-3.3964017808537093
2.7141854104410363,0.929352247641732,1.932374952971256,1.6863218337089612,1.1498879237437218,1.2855475374789782,1.1017945135720455,1.22202961252111,2.8714759270254566,3.1384227138544105,2.34581238515175,0.4520239337659103,3.1434895043588282,-7.518025399470908
2.0494803010502642,2.4639378311298596,2.2012056739865025,1.3286851945083271,0.33911617036003494,2.9820590484509877,2.2773587689376633,2.9163974130226102,0.7577886105090499,3.0482355226524764,2.1675787994818756,0.6880369029382021,0.5640895054386037,-4.114300398049894
1.2282224752124962,1.323313367711246,2.8361524271688467,1.0024046259537844,0.7445445329808871,1.5171283354659078,2.2151416860106963,0.8064523131336072,2.0553550986366482,1.5728446509261156,2.4147152662387033,2.1986479860609656,2.6915968958021277,-6.546342413102145
2.3441439595230698,1.0149085660045878,3.0137248525861424,1.207413805421063,3.1550170019803168,2.020684478396038,0.7293198684320036,3.0905301056717387,1.8389830568439973,0.7700125115438756,2.677270675897253,0.5668536409739022,0.544750024720787,-8.302278627515726
2.2785096269975598,1.269474741096889,1.0272410219120864,2.075170812842935,0.6188881266373887,1.9238572682199382,2.9693941249152824,0.7288108204899204,0.4812541858744902,1.874029889598785,2.4089325031214326,1.1568407212746468,0.4545046457666796,-4.106833315821533
1.9060004472677678,0.8839344623448231,1.985443607668016,0.9222359213354435,2.077176162187976,2.5739272915260365,2.4039928284441068,0.5482490206871754,0.6402926149505422,2.097113478954099,1.6498448442445088,1.8591041205911718,1.0147843027296024,-7.553357695103419
1.792859656732335,0.391853579143394,2.105594244173699,1.3501672214222562,1.7879853356844357,1.8238010865720273,1.8017967636524463,2.0225693553991544,0.4074243170186374,0.558276073056055,1.0232039178458985,2.2452450237791495,2.292824491736541,-8.421069647671608
1.5008993721597947,0.5556891452857657,2.259936788216443,1.7914907070840413,0.6948304393105829,0.951614868555237,0.3367517171232518,0.9105674147023999,2.0996191340556147,1.032256025040878,1.2999621761118951,2.2947521808595694,1.9322188052040825,-7.815015506234076
0.46900408731053145,0.4060328539322632,1.6361238259902482,1.2752818596148714,1.4651892204441646,1.737574473066448,3.062313666772081,0.36474110156234607,1.4058400956999806,2.89284736441643,0.6123488701017157,1.7877682963561414,0.8597934448004885,-8.107514495246134
0.5914623713819342,1.6316632700018918,1.556657649508673,0.6474112090598079,1.2037771765833434,2.9148138266370363,1.977078719148409,1.4355619692029933,2.7852345651270904,0.8501618529191581,2.1017975800294373,1.8008738026111957,2.4730823051137705,-4.938194080108233
2.5945118032435404,2.2297634358872327,2.154427109122548,0.49919458166747926,2.1592203609565725,0.7123731526696858,2.6601403893097606,2.110837671476668,2.6913964075562893,0.4657181487238277,1.5449859285308363,0.743874542445427,1.1087235075041109,-5.110370868848064
0.5164620795699835,1.7008906800775858,0.9190324199267874,1.5726261059992024,1.3335309518181593,0.8712201235577801,1.1096905397027845,1.1124151479148128,0.5271935836518575,1.751538974931856,0.6173835709167221,1.1941445829186808,2.401923337984846,-3.9796304435419767
1.008419637337862,1.3379311695621865,3.0452828670780985,0.9941370311441724,0.7472238786456031,2.8223357384656587,2.3372911618995853,1.436101059847408,0.4291735357367753,0.4982857505531816,0.7346837328378701,1.8202385056076407,1.559037423451051,-6.575606910890614
1.3981564174952523,0.3304347929488848,1.2877784077928633,1.7750581471021523,0.6900944330390357,0.6402477289890495,1.5681726066236157,0.4080911979273444,2.9583006701460177,0.6506693989351684,2.334461703762503,1.1047181344562467,1.4369548089547965,-7.8597800271943195
2.252518248801031,1.556849591187676,2.827815354458555,1.902433960849771,1.9378661615861859,2.4098896255644124,1.8408784621241105,0.8550122928825568,0.7589301402404458,1.3677883287403896,2.390773381680221,0.5540624612329765,1.0304185859691846,-7.612814910254541
2.167576448543265,1.4713966813622674,1.050336946601267,1.0931883928401425,2.7939376403354332,0.5764593796194508,2.4109427889442148,1.9968034457918804,2.1595415270704508,0.6153682878274549,0.5856402895997027,1.8169751394457527,0.3916845100738796,-4.517738448979684
0.3365180826294367,0.3242135980046047,2.895847205984974,1.5604685613377196,0.7367380354626833,3.0822055898762466,1.7482685570778633,2.09546514016744,0.8785019445369493,0.8713958492809728,1.1539510961466815,2.53360781724131,1.0660473373034083,-8.054893328348756
0.629231702948903,2.745121686336531,2.7588235480758665,1.1565371882233688,0.35187445077599544,2.493913654104506,2.7978775887269407,1.8635261839260366,2.6974494308258383,2.828871631515311,1.3808504069532872,0.5928088672401726,1.7437480331934507,-4.345704247250295
0.6253194116008038,2.050909842752512,1.2217719147329666,0.6465751756004396,2.625812974971591,1.8218299795697557,0.9889208555077942,1.598624987799803,0.7656302742182577,2.84746340604578,1.6057849738206378,1.7906496575855773,2.181011527833604,-4.542411446820413
2.907018355560128,2.3069848700987614,3.107212987223176,1.359418021564633,2.8639406716696514,0.5650779874962374,0.9004527018050252,0.35003671144812715,2.3983175508448,2.7572159772856635,2.750222522298447,1.5135810886440753,0.8875018030940633,-7.172579309018212
0.5882078394344441,2.860958250736589,2.8642653589717817,0.8156206243584776,1.091781202210077,1.1702707388799587,2.3318134498137963,2.3329035192164467,1.3768014044276673,2.119193813109669,1.9709988986937883,1.6025797986334895,0.654854129573658,-5.113885371611604
1.624173487456806,0.7994721161453139,2.5821978119838307,1.731963990043939,1.2228114335727969,0.9829980948750905,0.7766836015344408,2.411687788273603,0.3871877738273853,1.914186112156871,2.405137269800168,1.7420368941678561,0.9477417142173019,-7.96081760289061
0.7930271786878978,0.49998649390148164,2.2642689466403016,0.844590373463868,1.3863565786217757,2.515686183425614,1.8459898666541381,1.1578808253281354,1.6938482805056456,1.3062145394142126,1.9596465364284876,0.600158877882277,1.6997834557165166,-7.812372413976669
2.9215148994179074,1.2255228837351784,0.7883104142046584,1.979807912064469,2.3730419274894268,2.0911114808778835,2.003853617676821,2.2349983179927055,2.911860973799119,1.9932058199492126,0.6206561255812649,2.6237358087843186,3.0230449762931917,-4.369511861807423
1.432826580104287,1.5737765308174136,2.7302337808861985,2.0220289927790462,1.129493219288907,2.444872742881324,1.209163850000484,2.7503831939075694,2.673742921981091,2.030810142582974,1.0422701026106562,1.5408057998154936,2.9121653690474534,-7.218949257772794
0.5701138847014211,1.4397308476126291,0.9573167386818657,1.0013409052704099,2.5140898106476186,2.8188963335468373,2.802699182781312,2.875657203161862,1.737668780045014,1.0807426434534126,0.5477712598496067,2.3372193619137898,2.2044277007762485,-4.247070469245947
1.55930639708639,1.912055077538997,0.6532667139647499,1.5076514456854626,0.7404127981474241,1.3708542898919716,2.5408513331185714,2.754834862170778,1.0478391010918404,2.2197778912281882,1.504722194846256,2.4462811467073386,1.0201463071979542,-2.7286369946933995
1.1662630351519157,2.4665098920397344,1.8157329443555,2.143619966270876,1.288796937526654,2.6666463184794407,1.5155643728466557,0.6800309314278785,2.4970216973688806,1.0798785967582756,2.786427415208246,1.2121052598046858,0.789120409265455,-4.98550062954191
1.9269324192032256,0.6291239317589711,1.776761027703197,2.237122028187076,1.139513227142222,2.7640721810665814,1.3110804216213399,2.5784857212128185,1.3466676658232675,2.8858142661004957,2.5044099578918164,0.8051367343040571,0.4853439216071799,-8.02985505194204
0.5959071631261867,0.615746911642697,0.7935812680449692,0.44679761992758066,1.5695541342709483,2.9164088679045235,1.0633161260234696,1.9132111923291946,0.5558164312844023,1.8270025582960436,2.68220079131265,1.6812662443355293,2.321470388310653,-6.161222235460065
2.161241849844971,2.9348968718613677,2.3403711237689175,2.1533785365821068,2.401165938335645,0.4994233772856097,1.860621785712835,3.097010258263482,0.7072502211175052,2.4116430524028325,1.483348712908819,1.5525185019815473,1.925564779367242,-5.687135285059644
2.279696694155412,0.3667118414035088,0.3491256757521622,1.5334185646732017,1.5785227328878797,1.3894335553773287,0.8356501734715265,2.518026658445169,1.4145106459819063,0.8431697543419434,1.5705821923225634,1.2988052821934586,2.7823274189461875,-5.122127310725306
2.1226061362471618,2.6013677097562438,1.100474635465808,1.9507852269741295,2.673494365929139,1.703374294398326,2.7239792083691294,2.074117654758131,1.961896807294562,0.43746627683509265,1.9532045627687973,2.1276862853874277,2.0346364263256826,-3.8749949920585123
1.6586281556549218,2.3608431091540396,2.1637052002734025,1.8830635761209285,0.449819038299877,2.2781582416904853,1.4080577506844059,1.2954303799244935,2.07062991314465,1.5615487735590354,1.1598441401426047,2.1173312151317694,1.2451829584133458,-4.596264793862386
2.699228530132952,1.8708493258260623,2.2152234234192787,0.5722091083657985,0.8530960844639124,1.1143809003769152,1.441543156310402,1.088524985610312,0.7355327804200786,0.36211795584001033,2.6237214998632536,2.390263474016059,2.264261110607176,-5.153918407911149
2.003642013445658,1.6709606769195402,0.7393890818002264,0.9959183778067704,2.5396368956687763,1.3739040240888714,1.3387038078762086,2.897857246067489,0.9264456502923533,2.390011186635491,0.8144615513510947,0.8384865739771816,0.5760452510732916,-3.7821769886666328
2.9448552671500106,1.397370170591922,2.510421725529805,1.7113317083213366,3.1471426072261415,1.0010038956628213,0.4371026883453442,1.6325716061801812,1.559736007644215,2.6085514134688244,1.8181150512272781,2.7472551966508827,0.9624409671476233,-8.078322980502648
1.2115756360483454,2.942703464224791,0.7826536607782075,0.7985098493715175,1.5151975605229362,2.486564993076255,1.5065869188307153,0.42385471199166425,2.682300573260586,2.4208803141794775,1.5491940615638358,0.6847900822622499,1.8861764252215862,-3.073969969030426
0.6123420536558413,1.0714949944801277,2.6088320686135367,2.0939474581312125,3.0842971084634163,2.1346992621203325,2.022901249366167,0.6961861340306528,1.4257001059815673,1.5709728435069967,2.7132500331265224,2.072175511257026,2.121171767983542,-8.44354742254443
0.586503604317553,1.0957567213657347,2.11923024711673,1.2838288035944843,2.9334346071474866,2.510286169500191,2.6952736022794004,0.787764967950159,1.1777461233286426,1.652738231979328,0.9194142634946366,1.026538250291847,3.030640897046008,-7.826601340968723
0.5017992177353534,0.6016927458141514,1.3363727793989197,1.934018489524333,1.733744293364335,1.8089088444299215,0.7839325441491629,2.772195152622783,2.895668354363573,1.4705374750914966,1.241858331542688,1.2934995686039195,2.674525668859022,-8.16239078350731
2.8145355827097407,0.9087250263677957,2.5577619013177655,0.505828722597338,1.7818640950264981,3.020752385074723,2.9245394828751765,2.6725416724704893,1.0623002980357859,0.4123776905149841,2.5205964789827737,0.47431090508358037,2.831184120579927,-7.094697627745196
0.8048909274739234,3.0201986397940046,3.1184695417608554,1.815916639440847,1.500816613099113,1.779397624862587,0.8423339563163201,2.8077210360197973,0.45193995618709776,1.1713198584905713,1.016851514890472,0.8774190231342203,0.3795566653374992,-6.12882840093475
1.8569012936569647,2.7661770720056404,1.1658222401735188,0.7646364339176197,3.004877749858287,1.7880050364509714,1.3279778208868707,1.0744087235902795,1.8694655643060216,2.6758269025648946,1.0874349530541632,0.6743828915630337,1.0164633419836502,-4.065933114551375
0.6320674446767014,0.797128257355235,1.057318439981439,0.8219805054927176,0.5187797991334638,0.9293291962959687,1.0371831694677562,1.4988515958570268,0.7956204820372409,2.9486477747632995,1.7657573718272066,2.1843583904489843,2.0193703767390607,-5.697500459434119
1.243875751336874,0.9447837637386542,2.325455542042216,0.629194735030536,1.564868284915696,1.642447051341643,1.0340443700209925,0.3266343718230027,1.6141940185028083,2.2307719308986296,2.6917367413873983,0.983762701266603,1.500520656826438,-7.213505747837091
3.074342230036723,0.6113160926205751,1.823749704341397,1.65986488895051,1.2427595814700825,1.6644824089870907,0.9368699017204021,1.1947002846680035,0.4632284821207885,2.8301778154080113,1.3785956743703502,2.402331529516173,0.33802107585343955,-7.947055703184766
1.355437075411303,2.76123623871784,0.9694008053337153,0.8066065921082612,0.3944372620480466,2.174424770543869,1.9609047739564331,1.3883482604233224,1.99690838702695,0.9875944113115451,1.2584296457990827,2.524752605042614,0.9221114581179071,-2.5397952666729626
1.0866127542431707,0.34724910116630875,0.6811370641419654,1.3823081414000622,2.956249899498444,2.703152920848426,2.3281782922104663,2.231112203091994,1.2934242430525176,2.6925588946361803,1.7809465438137313,0.9906064876772871,1.3448165837694752,-8.059950859676773
0.6372269564429245,1.4991701254096306,0.6648153773544105,1.9816020319632957,0.6356019954295564,1.7153897056269842,1.444729558556408,2.102376437554745,2.572552899174283,1.9893013870407212,0.5239856251345313,0.428779507993905,1.8519086721110278,-2.979174273751939
2.0233915582641804,1.8841066143159457,2.2242164109041065,0.7216575440821238,0.5515328476708476,0.37691458664190103,0.911577566622821,1.4883021125889486,1.8358752364474797,2.1505704885332726,0.9006589933035773,2.4044899859948954,0.6031426910773774,-5.002348566743767
2.4941695814357447,1.508821167220219,2.9062016980387524,0.9113331752028453,1.5469485203878863,0.6792757146314471,1.4895958143910633,2.025111233279236,1.1454218217303451,3.1501627643652172,0.4597264262945584,0.9778655678053583,0.5806705057901889,-6.983490624117374
0.6949960044677349,0.5656059140255119,0.9393356665653296,2.165757175469409,2.327495268692962,2.9230500765896283,0.9485560729566955,2.0545488684791167,1.4246473326809068,1.150754361497448,1.5950130764497257,1.527087506939275,2.4530031384508524,-8.050277331384432
2.837159887870382,0.3622203493244215,0.5183909377669167,0.5665309201929578,0.7841233932706932,1.6320814126705339,3.131840356690075,2.059528924921743,2.1399146759671246,0.6672981319962197,2.1760683651460093,1.2715461589426589,3.005470797781524,-5.94519984541607
2.4758284986751247,1.3157771280399784,1.5039196341893473,1.3443990042504055,0.8855743994164729,0.5029458112135159,1.4369993945246435,2.9863304713159584,0.9401455958737066,2.2001602948881267,1.1288959221567199,1.6761465543525254,2.4611360857733433,-5.761513189104228
1.285861086079508,1.3512726245549325,1.6559580465244799,1.5744596500617205,1.129221263714665,1.46027703067926,1.2435138407870576,2.5039405757040893,2.735146878128869,0.6268113476634833,1.273574883714447,2.232105516758592,1.151189915509479,-6.310334079489818
0.6479765453590943,3.1457195719458895,1.6595693804882468,0.8328762634680495,1.5406904593675552,0.6066847182999217,2.259325514357057,1.1425202563730739,3.0743981468604606,1.9245831248823415,1.9928161632270613,1.0772190038515754,1.3541862176276525,-3.9625685579245875
0.7713806209326639,2.198740197458015,0.44362273744927117,1.4485916789744724,2.3374131800982054,1.686903486217533,0.9975060616372144,1.1975125624317098,0.953725074911741,0.6494563191132876,0.3790615769657841,1.5237463641400373,2.80580311148689,-2.9407116366122366
1.3422096792351743,1.3020442150230565,0.5343161604729902,1.366699653727672,1.1322831522311927,0.8206218622208257,0.32779295879672876,2.994202305558532,0.320450842971391,2.3247264472365416,0.821792368946566,1.569853453536228,2.9040594654352834,-3.3504140541982923
1.528805857711383,1.9445551702772546,3.137429696711332,0.6223200921781331,1.6314277375743598,3.1303331212005814,1.167867771985171,1.6673040543924544,1.3176511519774063,1.2709122405580149,2.147909515986395,0.8413012486285367,2.048972294506196,-6.456418510813627
0.7900665587204916,2.5688474996591633,1.4410356455811244,1.0545880632955058,2.9021690665359268,2.569306674417559,1.7369944883446584,1.0194204636852677,3.0657624628460036,2.653704366213347,1.416459425771858,2.151302685547418,2.365453965253151,-4.614444148196556
1.3711684402434736,2.0987433460376317,1.5095899110353797,1.8495148035313014,0.5466557908940902,2.681900435340823,0.40332090076093285,2.3575655866372176,0.4756425477979595,2.428744553021055,1.2110483318269574,1.8914111374381917,2.421204677871046,-4.2151334161034555
2.3517244780891593,2.269241239581409,1.4430514879206506,1.074761335953848,0.7586943272907318,1.3829739791638112,0.8721973577920796,2.7970177664270697,2.5710890148687326,1.810060287449115,2.304480312324286,0.9417179607221748,2.1467913160818037,-3.94235609995159
2.23596506992747,1.862200066099374,0.7128089723522779,1.064083561165087,2.197610901289946,2.8167279441433686,1.1041998012877243,1.467793204827196,1.412733933017635,2.8820302520699492,1.5981905593258228,2.3208654687562116,1.2067111501112926,-3.694507377463798
2.418047677193064,1.1555664816056495,1.8386755669666595,1.3135022335008475,0.8483305268562644,2.6948348308788113,2.783963221407653,1.484510812149501,1.9771503530075785,1.9315166048311085,1.7699433333070556,1.1417118341747343,1.3333387534081733,-6.565399592808594
1.370107527192099,1.496976105580286,1.9115690573554116,0.9979868030160635,1.7210732281634231,0.348830109749205,1.9799027363320056,2.524014786333235,2.5619377691334724,3.0940303440543495,1.7291342704512127,0.4274335066163644,2.7270239950936053,-6.40454145484521
2.746730728253756,1.76821599357689,1.6105532054210943,0.7420286473777378,0.35991245784178977,2.9463291317059803,2.126881090907123,2.863183030362175,2.7664359603979074,2.570418041961684,1.0625879427245972,0.46618454594540193,2.6043688192017123,-3.9370954222766485
0.6460633088674694,1.2743474598025892,0.47924663043724,2.101278846930375,2.216551126000422,1.1886449790657012,1.0028247571097055,2.351964586169298,2.1143699919373473,0.7887128021121417,2.76114954312152,1.3048399574413052,2.30548253386215,-3.482268157541505
2.5458049307222375,1.5154180937307564,2.996204214041233,1.184736867138784,0.4359307351166142,2.8973209904331347,2.3682399655143027,1.0693366554612351,2.706819291380656,2.775380599884818,1.3497876594552503,0.3857655728791045,1.2638882537078477,-6.04205417185328
2.6666652238082866,2.6987469851571007,0.7708718227021895,1.6326396295089414,0.4518953083262597,2.9642893099090677,1.0222304464149317,1.3226400114472077,0.9817286510317778,2.2562504903547507,0.7871854122520696,0.5061512484985821,0.37083201289628936,-2.46419729096961
0.3568779396482473,1.2157805150187948,2.016087595341448,0.47485660746140823,1.765157865545176,1.8320244858585972,2.2301688507117983,2.197814729100259,1.4399553075585647,2.005210763914107,2.112760860802992,0.817610705087808,2.6256342651072924,-6.519765366017908
0.4833340286358755,2.844122671049253,1.1978602596162093,0.4786903745719465,0.4271274530992578,0.6625964565620168,1.3369942027537898,2.2992116472558295,2.5249560443148313,2.4869540340724945,0.7722447403607429,2.630219273889348,2.835654231454875,-2.5641859289970803
2.8580487495183653,0.9635072624071774,1.280998591510039,2.2490094442264272,0.6632124020167112,1.2262239129863726,2.434150163945457,1.9412864719769618,2.7027120359567647,1.638354968188765,2.658373368413363,2.3732831297121875,1.6504518877450294,-6.340656955568804
1.2687796382438534,1.074941009144473,2.712819073567461,1.5466751187590868,0.7899139403979218,0.9846197863341855,0.8764760732878214,2.1526098472944986,0.3179347726179471,1.3751430209316453,0.4765586347368705,0.8352542583385607,0.45870836059267367,-7.264537994224696
1.777115238925627,0.7225759383268588,1.6466093671495603,0.7723983815804298,1.8206303078011157,2.512307029867453,0.3785129358252759,1.1897382166156583,1.4216657570243567,0.5028151429234495,1.5204688198347285,1.504039562514021,1.038780648728289,-7.608491515928088
1.0058463890687013,1.5122760068540655,2.9760262856933286,1.477113760491153,1.0005964059754953,1.5134571680122078,1.7591089994031823,0.5129524967922235,1.200399387378024,1.7202797489729744,1.1003933385660778,1.7675041482390126,1.677430121176993,-6.9871763859984215
2.1260298075272535,1.8142940907786242,2.7325521263381614,0.679255161554617,1.1751625163257773,3.123530851360294,1.0155488403710615,2.04705336721413,2.6043207752232456,2.579168472448181,1.3909535530519987,2.7266456348003967,0.46876241379720396,-6.186672406449904
1.2988845736998575,2.1058211666316953,0.8249827867528277,1.3964822552670262,1.4198456901560392,0.5486622721581064,0.605721510130216,0.49422523240976,0.9447193944679033,2.9674604838794267,2.6040033054223954,1.608328423228655,2.0984185353269904,-3.58235221791042
1.6378367202417534,2.499674127600079,2.387061073902112,2.044166769143244,1.6475332447748758,2.7298030643269082,0.7315916202369293,1.1198923008326047,1.2536035156446443,0.3430725777112906,1.2010044974461125,2.2876146974185505,2.160846888457468,-5.99260956684079
1.345538718427444,2.147975324298326,0.4846851118686779,0.5615343554662168,3.0402909185411238,1.438465498434595,1.2817773479322456,2.631532634865139,1.7064736129817004,1.7754349820990885,0.37100839684349457,2.65182459010645,0.6105582446497297,-2.906678029741447
2.198894469736423,2.7799641273547726,0.41079391439219926,1.7692390395719164,2.164673117087086,2.7484244022587476,1.8207983664042118,0.8567036035269233,1.5539709637155104,1.8581470568341178,2.873812429175504,1.4178566013921605,1.2905776957049049,-2.719876789698815
2.751611841938447,2.81294025371625,1.4933358041564821,1.662850285077198,0.5602760087712663,2.2304577695964816,2.5433832163717778,0.5210610268986371,1.9031278358912476,2.439259612061295,0.907088366512607,1.6693481469453615,2.2212074753067785,-3.4706656753362704
2.051487049847849,1.3251536279769454,0.6702691645909706,1.8652718944388085,2.596564649963471,2.9758896092746663,1.1260358117271518,0.7725009705258552,2.220129175858793,1.290229013579893,0.9644373127392847,0.4480909959380705,0.46312420119570014,-4.25242783913954
0.7294945421280068,1.9301714925978892,2.357346924513852,1.7339953721122678,2.259147037612781,2.3241209398263596,2.2693334231797158,3.137606641727667,1.9659409409550088,2.6056401533327627,1.0057417395287833,2.753861363318319,1.1715330647325297,-6.7826021674157735
2.262151095673287,2.2849058054329996,0.5445606903125244,1.0305654989683632,1.0975123295724751,0.37475164910459413,2.83889795774526,2.508473596304675,3.139793113353096,2.725141143552231,1.7858305165173298,0.3940795387401971,0.9426397559230166,-2.523970135402669
3.0997968761525496,1.1407460731759842,2.2921020041697395,1.513487548677956,1.9927904484259245,1.4712057810812482,0.7903035516686439,0.5827109493683836,3.1255320980059063,3.0282985912295497,0.35631951586277727,1.214322246380955,0.954850377308887,-7.786237073079476
1.9101115002057927,1.0289569403505636,2.945567170471162,0.8672791739637951,1.4166026880380866,1.1983679255537765,2.886557608442963,1.6859518363021222,1.6418638877331164,1.303948398805098,0.6031455978429421,2.7645639174409182,0.44137723951394847,-7.26290681059456
0.8324334556310522,0.6360556362538852,0.8617851982369957,1.0084096991010685,1.9436048654103122,2.7070865766087095,1.3675198554318078,3.013316045868334,1.2869503677538623,0.48417571588163966,2.8074772893309126,1.7992457897948964,3.080115174678136,-6.882966381601261
2.190449524996329,2.2720821484584346,0.7528007492680708,0.4773964498028048,1.566035618071037,0.7181532266880397,0.8104135872108877,3.0469634679790105,0.3949662404191493,0.4957911551740055,0.4420692600407846,2.067432608110387,2.541312447470087,-3.011722694127712
1.0897366442118779,2.6866166075883773,2.483567359986716,2.059928956094827,1.6881923444462281,2.683601514778281,2.588482196962171,1.6078121249576325,2.8908871516924233,1.0527092125796638,0.856341526830193,0.7409247118307558,3.0245882060562193,-5.697416571820867
2.3428673846400194,1.0291601502861434,2.8539406398595397,1.1421870469149098,3.1572914770747462,2.271594554277913,0.6969736408860907,1.1213129837736178,2.5847045057364175,1.890662019773782,1.6703587395633466,0.3898675813385941,1.8818050624647877,-8.223286394887827
1.208355342026356,3.1518465349756695,2.6374359544468033,0.9102264579129824,1.988973278882237,2.047973483154251,1.6670073722360181,0.6638251709304699,2.2717434055081918,3.147155646263563,2.8709085727105395,1.2461411212088433,0.36651804958457884,-5.343991441177166
1.4089838888438282,1.6357234142112462,2.4028478275648473,1.3919260318556832,0.8399032774015966,1.8472565003583408,1.3614751558362352,1.1442701123942043,1.4097271133132057,1.0369896129415148,1.674804456341371,0.6996225280633963,0.6899526765578998,-6.3850291915415545
2.4431792955550593,1.0529390141663861,1.2919029928556045,0.548063202408212,2.9297862981272025,2.6323266922035007,1.5438926458175481,1.9536398339973795,0.950870448788584,2.744470890734485,2.3314072950233413,0.3829127924637652,2.3123671821922014,-6.3706211215165265
2.5329070493075423,2.8259979988788992,2.4091946208368724,0.5218347516356219,1.6583409011934378,0.6732522976412831,2.1756301249702736,1.247308919310595,2.209735857670209,2.4509108755396656,2.227213096593304,2.477549642514862,2.7538471464534755,-4.80456919335906
1.472463902264766,2.6678058282026385,2.6056679366556326,0.683704558210438,0.6319509992581299,1.9860927448322798,1.147654690211332,1.0905589686415882,3.0138078436435567,0.3215929003110218,1.4688783578687608,2.2638965271528537,2.5188070852792306,-4.5118387190575735
1.690332192028171,2.8358008116121978,2.9421391346899037,1.1999629777284242,1.4525814086749762,1.784675585169216,1.4243406717086693,2.190695145455344,1.181239133188446,0.5875878082159789,2.5830798500602006,2.085211268652125,0.36035955723091584,-5.7324669578045295
0.38811274033530635,1.457762408910243,2.170317478838054,1.5178542959598909,2.305108903882238,2.3950886053146285,1.9220443515780574,2.5159104594023654,1.2568769255352206,1.8647880484778308,2.3237737271195757,1.492792361638528,1.8502898167735664,-7.3297275246916795
2.240730968912312,0.3850685925330379,1.9366264055737714,0.6669531735490566,1.9366864338287515,2.0978841177258873,0.8199345956784088,2.1253075310379987,0.4039967367893373,1.7393912570794074,1.8070272170945088,1.9861953084711959,2.2298548517507895,-8.045396334616468
0.5280385499733563,2.32010738997539,1.9497357095675298,1.0404418818667274,2.3437477788612457,2.955032259406117,1.207232521341808,1.2872762956242811,1.9478674919993557,2.1571162493479967,0.5707372423163355,1.243367489762913,0.6755245587675693,-5.59359889621696
1.949724470698045,1.7274446046807723,2.1274961865382878,2.1344018867067893,1.9329273530232243,1.860742750544237,1.5966321247912507,0.7359944428609899,2.2553370176798917,2.069756350783424,2.0071832627540074,1.5465730291630548,1.640455264312754,-6.912330216515625
3.0142801222764626,2.8898613770485926,1.8841193287157023,2.1226062305860505,3.0988496949947115,1.914726432532227,1.3184665183854745,2.645561437477381,2.8320679869565533,0.4421558909830521,0.7537570683902638,2.0062759816706817,1.7373862723130007,-5.366855444137583
1.9041157857020923,0.6899380907099745,2.4575260514808708,0.8728395956694031,1.9955240338051385,0.7804816230523002,0.8003875115117385,2.141861828025225,1.4991070811651768,0.38664381327005654,1.8050640177018227,0.9025304531452174,2.6452244510715968,-7.967756567057117
0.5194636797394938,2.3739427523753167,0.9541528793103087,2.0539297170142095,1.5500380018569255,0.9463500375081768,2.8044953834130295,1.715215148176739,1.4513379517975846,1.3624729482411462,2.766731130976553,1.4328535548132209,3.1029500605385283,-3.4496422023240934
1.3480672556079463,2.5980482447903666,1.405325698801889,2.0818838045880925,1.6121834308740164,2.171658980992254,2.1460240532549446,1.2770597970303401,1.8963634738519166,1.084410923244087,2.039032472140023,0.5209908307228002,1.2706354567069607,-4.265233510017707
2.4307332539463045,1.4832849287473964,2.300130684728883,1.4584114885148058,2.7287103622642355,2.8577795936278814,2.9867668913908276,1.5144780155070212,1.7415285280619972,1.3812266722547863,1.4634655416526345,1.9497164116511791,3.08616043395627,-7.39178361469314
1.740402741773342,1.3276820722860918,0.4366942874654413,1.6665155656318433,3.026304009363469,0.9258439679619959,2.1410924684564696,2.0392700830263517,2.431373152305517,0.5972151864901145,1.1226598100653873,0.75170358662587,2.05308669147168,-2.971830656696001
1.5707581715204113,2.0199993547256887,1.3397876931209542,0.8986321587021242,2.4285282577469585,0.9232411488986259,2.028270406956462,2.4406844946179462,1.8048154609694869,1.4382107632878813,1.148005614386622,0.961589474674549,2.469616739237276,-4.545721925909726
0.8629560782808168,0.8037369658656556,1.5176811868712812,2.1680325300962706,2.9162286351719398,1.0661731181908143,0.7946771435686695,3.156352211630619,1.125190665003174,0.6185525848611465,1.6368947924296804,2.141780702031561,2.696483637594862,-8.34980604218694
1.0001977985724715,2.3670260121730364,2.9114207127840745,1.1900900166640018,0.7273943038408606,2.4672731407558337,0.8701042489359241,2.727023999131296,1.3734222758278263,0.8225428383779578,0.469374294218014,0.7168493743025366,2.9383750680274825,-5.637316877111977
2.2215456858744753,1.4935823883695194,2.1610096219560155,1.2580871002366807,2.458662896898593,2.105564142727297,1.54595950154038,1.57210675621768,2.6424709435942657,0.5791016401959328,1.4437656015595028,2.6669237093400455,0.524538867405667,-7.169752076653673
0.3475496721596443,1.152677472408439,0.851899643325317,1.006633913835102,0.7513889770641893,2.246813936038339,2.716578850357911,1.5307416404449916,1.3224293394474518,2.837496693907087,2.7850274536730755,0.8435346367684888,1.5187061084187237,-3.792134741488779
2.5737573153043374,1.5613049632682359,0.7910468129059907,1.9609563035461524,0.3406913310508882,3.102078989413126,2.6428832320081965,1.634476860465228,1.972567365953067,2.885274732952227,1.7913337869796297,0.5835748644524434,1.329979050328826,-2.8611814400284445
2.1755833519248906,1.367182331552415,1.0103266342903068,2.219650229383522,2.4640193651324958,2.9918242716751764,1.0125099284594017,3.072881516995602,1.5264859838312126,1.4345826988153572,2.6509079366234536,0.7739611366985585,0.8408617391855868,-5.408969382112463
2.5767148071136567,2.9495460610707176,1.7048775181378835,1.8664585686287134,1.5084583175369914,2.7895630953879778,0.4758340896528941,0.3735304281239959,0.5355249165939788,1.5002019226059162,1.5848627439131366,2.3802130430858437,2.3902448937975254,-4.8092126257132595
2.912008835204288,2.30380284993914,1.6769590297882955,1.3090119359889725,1.4764248007297203,1.1558760682649187,2.1524460014938738,1.816191749330564,2.9854128102373654,2.7283747821062785,1.175413133624196,1.9237548532430149,0.9313341924549579,-4.696489795940075
3.1499977660661664,0.8535843932597822,2.3091518822036217,1.197056641400185,0.3182444380612157,0.7760251160399527,1.2290855201104056,2.8318139850784987,2.488613036291579,3.0520118197643407,0.6768368414676358,1.3564149162708357,1.427366073457781,-6.381005429154946
1.7716479709215855,2.7759515937305093,2.2956399219395736,1.1463774409161185,1.404722983965882,2.5500459283625556,2.773503882812727,0.7109660292111311,1.699249650196059,2.1136578901073646,2.9050766093910783,1.7156041527616133,2.542897828161239,-4.977634411393052
2.2848936846250547,1.3871249643812726,2.7003617045741763,0.9503400024382636,2.7074417274842233,0.5518424872244705,1.5347094699080503,1.042929732143804,2.28891851093838,1.3398114596127042,2.403056022774045,1.9290385822295288,1.2758020027602768,-7.518517016719722
3.128551388509861,0.9581853810961976,2.0383609053506446,1.9648497859006495,2.742639023302159,2.8421390243542874,0.31625745558087553,0.9985852754627613,2.5820575014054166,2.0812264835840746,1.284915078281125,2.455577477951119,0.5953875060146254,-8.34274033250579
1.4817548462907517,0.5242166264144101,0.974971028885911,1.2115264079505499,3.0055420219617868,3.0026770403439724,2.264697089910712,1.0382431200254665,2.567315258948578,1.6764688502758374,0.9713731549271748,0.7690455882462433,0.3935487614014842,-7.913170453202794
2.5596236974584246,1.9643816607028959,0.5043101551814921,0.7414777865254173,2.1286800127380454,0.5424626048834501,0.5624548678856516,1.5536356048367983,2.3543460008809403,2.126729597895954,2.8627440493680254,0.8113914935751695,0.5626619855018842,-3.0021944651353247
2.8556550650114643,1.6061762384739797,2.8786903907258172,1.7504773050760434,3.105466528252734,1.516240310224929,0.7797488894878443,1.3620779456571301,2.2388682201078374,2.841851258958501,2.5406606031689627,1.5961152488452413,1.9008902215749053,-7.987600806818833
0.6172679081279286,0.4238093295614084,0.3329809080664449,1.6501025121312252,1.4356193989285373,2.1622624753783133,1.348621490619255,0.4576885271179897,1.6521467868334159,0.48575330858127397,1.4380478230392229,0.8934779059184765,2.930546461536216,-4.045490576937236
2.6870677793202975,0.905250127328262,1.6483743722720283,1.831996661964326,0.9047167902089877,0.865441566958429,0.34856937355738976,2.3845757287084126,2.0848525451124154,1.2402621751999543,0.7201925285325533,2.1238588327540455,2.8827385283128923,-7.34894154863778
0.82508009585714,0.7887378399050577,1.261365519851005,1.0562744008907223,1.2982575990769685,1.881875828660268,2.29382590416771,2.7663900320401678,3.101823802796054,1.6636244025767417,2.191644991482225,2.111888648299223,0.9076465131893536,-6.963201214357879
2.879396214330584,0.8714439511025325,2.188064905829758,1.1692217610251479,1.3422256952256963,1.1091422480614461,2.8340171479376934,0.6024024362672242,1.9720811424817408,1.940740703762695,1.4089726603536985,2.3079385608516056,1.5274944419515277,-7.440493781405718
1.6671772737250605,1.7823273295628639,3.085321969485477,0.5494574678027682,2.648545253811733,0.3259359753790132,2.8563093151485774,2.35081227512755,2.135242347695962,1.7595183612207603,2.3514831234217004,0.50799371328672,2.5950243664427655,-6.7640437378127505
1.9194569300951043,1.3216691238087468,2.00625555063016,1.6181984105113405,0.9918179271718999,1.801382270365123,0.8320682870514557,1.5462542633216276,1.6975589133280935,1.7676988365656927,2.4457566847005436,0.5725086209478517,2.4087809863477894,-6.864799574047259
1.9449161994337687,0.39689502351981615,1.4738480163942285,1.1288219197959548,0.5776118085111785,2.1590096764736617,2.96445504836469,2.0653658450619505,2.8975026716344314,0.6640397776421082,0.6648897617139236,2.306271519639866,2.4760370704141934,-7.295486316843597
2.9085485604974117,3.0692140446775813,2.7959853991646373,1.7637489085864517,1.0649032478715243,1.0561676742408228,3.118100931648913,2.7685466358300506,1.2235143561476438,0.37799267357903016,1.4507663962741058,2.1400961201667683,2.332706708648728,-5.1015816777175305
2.339438802046547,2.25077717713597,1.380687074112589,1.918557301566169,1.39056029611718,2.39527568169843,2.375100858078136,2.7159736469686484,2.3187190189530877,0.8008985910863773,1.6983492318311149,1.2061848521431857,1.3119804451179229,-4.300337135398767
1.4892533114890898,2.5818041067936726,0.6129491151455135,0.9199996318628787,2.1527418165232466,2.1397999332297184,2.1487631312556226,1.2069832258324344,0.9702053469513436,2.2677917955746727,2.2808672794654106,1.6600001609649178,1.9918784576203763,-2.9706755978778645
2.143975738730994,0.4681867701900882,1.251450433036516,2.017019668282112,0.9625149765452048,0.7017467066102276,1.7662985050662368,2.2480803310747977,2.687059169641757,2.2086575992888067,2.8651875728084883,2.578736019252485,0.8720323438829816,-7.85363097478149
2.4051571774423923,0.4162605773046584,2.2927923241180834,1.5388495387774677,1.3300172764414302,1.713909602320002,2.3127685917628114,0.4478906467965545,0.36043325356551614,2.999885198728885,2.7021868064208157,0.8839083057523365,2.8113630596933654,-8.225952920796242
1.7962850766342677,0.41181790914301875,3.1014000462057094,1.1340257219982728,1.5834137389218175,3.036619022489572,1.6143422017850346,1.7727485611254246,1.8599360957108921,0.47155728049256673,0.423868279710521,2.641690204384171,2.9754165791849223,-8.30394116885934
2.971515525131697,1.1850531653903025,1.7283512752357273,0.58434378887817,2.793156304664731,0.935068734326195,1.2022138921419396,2.435763373153938,2.8186612153243713,1.2879012175644193,1.8937150051704916,1.1381848066703033,1.4300140496336269,-6.869542633526225
1.3603343744084557,0.7570543554711613,3.1544970989658645,2.0354982780994364,2.3094472518921627,2.872235476028439,1.7408591695929059,3.120678810671129,1.9859561843876428,0.3307118715333028,1.1578992555859595,2.4357953616422066,1.3552164555325321,-8.615945898516129
0.32753952767346556,1.5676267984242356,0.9516417588837807,1.7167269591413743,1.5131979574688101,1.2227731879729051,1.358985072485755,0.6224722437854819,1.763786365567566,0.8056048786527693,1.0726131174575833,1.8470414752976656,1.1042855907503117,-4.256898800095501
0.9111482986312633,1.8654449875161565,1.428763753658852,1.248136215582477,1.7702444487582645,2.9093200468148877,3.084847905528121,2.744723353985028,1.8308494371402126,1.9576551508204496,1.6686312232270402,2.3256045403903927,0.9703711769411423,-4.708083869757369
2.6517568945931136,1.0158194367702693,0.7040337764376406,0.689917974088771,3.0403176464856156,1.3497337689358322,1.8702599433664011,1.2259944800137172,0.3639303180558199,2.1765882426377177,1.0936839111594954,1.1069584997569322,0.9911217394014114,-4.214599952793013
0.6724796470818016,0.446458346900354,1.0013479789752537,1.9658343602844834,1.3279536777902599,0.4369267258349365,2.4146534290588084,1.8692709128382266,0.6891442580407124,1.4465278282743754,2.5161452975627236,2.5384074517710404,1.5981939232206641,-7.9650105609509465
2.8035269824430014,0.8352213477050239,1.5863722927322792,1.1717408399144722,1.3806611293101179,2.9962835524714606,0.9310966681964261,2.314757633552,2.8356359013707766,0.9832913680404449,1.9275363369791674,1.5582754381557007,0.7047088660646009,-7.377497694622723
2.826521770243387,0.5150843471927986,3.0524037351037423,1.6251439298521606,2.413104310954415,1.990667043556876,2.228075139956897,0.48713683492351856,2.769752171943954,2.898804059632517,2.6392774706700077,2.502342023843092,3.1319637253901873,-8.65909661068488
0.7405970770830002,2.769916244672606,0.35157869790551394,1.453615741971075,1.9253229428011989,1.5234858009435956,2.0885457500335676,0.6175762504805318,2.8177518015386953,0.4042104118146758,1.0376540906226617,2.4661688881807393,1.0117207707486313,-2.431643968433019
0.3393959197421975,0.5388452160439026,2.6765531292181888,2.1404968213240565,2.2899849223658504,1.6756487330953163,2.3064499524912283,2.594517852211521,0.5059659485040215,2.2534755454013817,1.8818239798685925,1.3177492128586707,2.193591327851508,-8.770244923616033
2.307622606932775,2.485115858438589,2.4495290178709954,0.9424730630542029,0.9126832349064156,2.8830614541944186,0.3786016043351992,0.9175681225209342,2.594046541047742,1.005087889645748,0.5698054847165464,0.7845357838699423,2.859806009107771,-5.240946871137179
1.686937616838747,2.9563307535151373,2.3623677297602614,0.4816826564239735,2.42581042672453,3.1073087020968773,1.616825618881601,1.1291541273736905,0.9885921994562796,1.9770029778464544,2.4208292815546057,0.9655707280316974,2.7099158570924144,-5.034125100787447
0.9963022838481876,0.38916933162598727,2.114180428975676,1.3555079699315173,1.498886958964508,2.241618664793472,1.1839424963566534,2.9731476297438646,0.43816140663548203,3.1094016120070243,0.9608012165379838,2.234797210897921,1.3663238807129454,-8.314852122878339
2.2966245268861356,2.0397971053796597,2.966896321266907,2.0045731284430786,2.723381981206981,2.5933849697709457,0.8310380730343347,2.0939585242721326,0.6540115780965627,0.5465271881195086,2.5111332931233736,2.475870230500838,0.7593220800587144,-7.568724223537759
1.3122357070384953,2.6513567424863123,2.7818199454310535,0.5526485849695083,2.4424633306884402,2.372059576501364,0.39298411439623426,0.6367905133508087,0.5097450248318475,1.0109504463871406,1.6132883957521942,0.5334865786814775,2.656093387632521,-5.938489247370252
0.7204502336419865,0.7308290653371801,2.8571983457521233,1.9998423080256122,2.418697255618933,1.855798730565957,1.3242459779590088,1.4911426019238363,2.9246994664197983,0.4501915933821301,0.4992188088246389,1.7492380962913803,1.2857687087537704,-8.650220725414277
2.2169326827059677,0.5171020502399846,1.3725618722135327,2.1268025678957145,2.1212861046709683,0.9623997186503206,2.7291666405421973,0.731109715503816,0.5727530925111175,0.4062589361208637,2.706519842206232,2.5184394699275643,2.5378672831251388,-8.404085438325469
0.5072666422687,0.8746898711121307,2.602212804868935,0.5423047507734344,3.0708719176370183,2.851003425549007,1.5059248843459403,1.813699282927565,0.8930279602384814,0.5745418608875904,1.0588631194513576,1.5919150084724925,2.2893634023994176,-7.752883802482757
1.2643802034982092,2.8862094663487805,1.4201829412230254,1.3787790613485345,0.5907595979680653,2.7970915257783537,1.354421058132828,0.674297618819572,2.002915695487557,0.7732857657969293,1.94001261478776,1.9450416391389846,1.625989995589399,-3.4011744088284717
0.9200779288734668,2.3466246089458633,2.4273457229722326,1.292659693538222,3.011437941097915,1.028287270449222,2.2474765105281627,0.5292102349657509,0.6374021110220045,2.6622547629746256,0.7684940763135759,1.521606249501474,2.4307594385635953,-6.265638769875709
1.040234985145326,0.5634159389271552,0.8333141948778509,1.5763592811130749,0.3798076003500007,0.6281334336845847,0.5947018832471594,1.5394895866944003,2.6681870199819318,0.32771562573300245,2.7650922042683854,1.8438487885679722,1.911431582733977,-6.349749435631362
2.270152325756042,2.5470031295913214,2.4046088459351367,0.48844512092182446,3.0157583700253907,3.030153591253739,2.573166619364865,0.8013454291215555,2.9084201157870218,0.3252356913083128,0.3480169723596344,1.8068567995169098,1.7021738118629177,-5.302664332240597
0.9824548418855994,1.3820078929703286,1.5357156880600398,2.1769231539304017,2.9143099984515106,2.1861627745978547,2.9408108935903585,2.281826250882092,1.1405238787427854,0.492159184997757,2.23509063706081,1.8044910643383143,2.5274314032135488,-6.434090504535522
0.9073469365166746,0.40896822257256454,1.751657025382904,1.6835475574902707,1.5100419538312901,0.7236588830968467,2.8536907900959236,1.4121542520744954,2.6181115049555284,1.1126777968044332,1.471167565446299,1.9839181556700893,0.36845193802142173,-8.339304971178153
1.7108904816840418,2.905764297295623,1.7086746338461685,0.5023681150723345,0.35951469143600234,2.470575188095241,0.41282643223010596,1.9617100006722012,2.5906510775257083,0.5219976625266213,1.1562627419736418,1.216809008383311,3.0005441201540384,-2.923248943457695
0.7845216762048115,0.37912765933539905,2.901394680869228,0.7518916506869994,2.3433961316805534,0.7615516148613231,2.9046324228527474,1.2756189223062404,1.8773110108929045,1.4268525835706856,2.2825576971073236,1.4841820090534519,1.454278140855144,-8.30982016572862
1.9700688104414665,1.7532633428409556,2.0499244925062876,1.2257623004315175,2.8356961200947994,0.9606498672181918,2.762956520923343,2.6630298166329465,2.7806363037069577,2.0139953795118384,2.5722340936186887,0.5099404300722535,1.3153422921273143,-6.48068928962256
1.1268145858035132,3.15700932164437,1.886758076956789,2.1777074572327875,0.9687295509339546,1.3919793394125417,1.7775924182212792,0.38019606229299086,0.6915276964298713,0.7451830134553885,2.164152215320981,1.8995492277039996,1.9365170883789065,-4.242080478934938
2.387015766876404,2.3422587452624795,2.9804788456277316,0.6273231502479599,2.2308841525405905,1.041963911468429,2.2452841376575914,0.7206044375023,0.580580529036144,1.6617515539595729,2.030831991547798,2.164875228375954,1.4499553115519315,-6.1248511474931195
3.0806066068843774,1.2080351464504506,1.0479019047845066,1.0042924418295254,2.454278167591661,1.0075187093920936,3.11209700801986,2.1876548110060403,2.236064977272726,1.321871286784362,0.9255203324486265,1.2802777997091688,1.9617136119020087,-4.801774773839621
1.5439017278163114,1.0656254729017591,2.2309546989286706,0.45125487346315274,1.5245652985804685,0.7897629528531774,1.9625532048758332,1.7629693469231889,2.4115405244405115,0.45724224693592364,1.1922969936618144,1.8093233186477302,2.620375610068841,-6.679112680678513
2.374321594205375,2.7101745724713098,2.7274713340496892,0.926751356628251,2.9210211091163654,2.874404539975862,2.0121342835335154,0.8504428392368815,2.608559401257628,1.2308206132016974,1.8615187604816827,1.5532942087013673,2.7712354789046447,-6.01614167526608
1.2052151994467262,1.4486522816560776,0.9331294454096848,1.4309535535859994,2.979002631656577,0.83823853390865,2.6092095113248397,1.9561956876463276,2.5445308774231865,1.8066616967345424,2.3407324847112863,0.47253845808151174,0.9478604076144577,-4.29990393597489
2.112483958835692,2.8822256487569597,2.6515530405524377,2.2447504984712583,2.0252783890818953,1.8701282109139632,0.9783875356605156,0.7585290526079649,1.5968451289699854,1.6931729803583844,1.341850093560286,1.1675191069517186,1.3246256467307702,-6.2026233665606165
0.4031383805139338,0.923660272014942,1.6834985018347983,2.091005435076064,1.4838827804595978,1.252266045834737,2.61658968216171,2.2067336217397373,2.511464838527364,0.9149500236120554,1.0196189583252446,2.4814256979785787,0.8326879315712574,-7.676816853012857
2.681093151754176,2.751245844625904,2.972882735941306,0.8276487838352075,2.78417634952294,0.7793495399092898,1.8636059976654318,1.9340754427349993,2.3253297140601163,1.640372742550744,2.372550836597693,2.498489781375913,2.7857214326097424,-6.10892656186279
2.537380418215615,1.0588004503991695,2.137381358793378,0.4742647846411556,0.8520533901506073,1.3586546212152795,0.4915698947137961,2.7205593745547505,3.1173330032217907,0.3502647479191633,1.2131171830236613,0.5518554182820402,1.2977639745278948,-6.304906595311301
1.9391349325855698,3.0777091632483375,1.360309908373996,1.8302538982329586,1.8171246223686974,0.398051616940108,1.071252711727881,0.5719738544483846,0.5743291282997849,0.8551611686398608,2.7763772608844253,1.873396625516793,2.4657672142126934,-4.149988785468243
0.7097263145892128,2.30868271540932,1.8507713736643532,0.5553669804709148,0.9804663775310007,2.8384748354953726,0.32978953521149085,0.9332843058230595,2.9411300271000753,2.8654363494591184,1.0945213952095165,2.1763981006274586,2.669138900790399,-4.555838265364201
2.6790573426343234,1.414026352561361,0.33815442676964647,0.6048924263566989,0.9951512285863389,2.9903425925706144,1.554883064021892,2.4712743219630733,2.9634132351724465,1.4593974498633595,2.0060912414296963,0.8197285591454844,2.1069339107083542,-2.3437351276796243
1.2406332890680898,1.3459728096007664,2.8159982679001456,0.6878039021132194,0.5124478554025886,0.7574180580606902,1.8523324933608045,2.2354414078115794,2.1577482417570546,2.6562890990179002,1.4227516863180834,1.5081949602087539,1.9945701603174328,-5.90176371137034
1.0445464041708934,1.926591261347163,0.8289540756575624,0.5146190498262633,1.191938789107546,1.622564818575228,1.483855531895172,2.2598114427078495,1.246083678162867,1.6476064526926895,2.5914145954468335,2.2468260750763402,2.246601201324522,-3.1690340534194776
1.8529772181428614,1.551949462398199,3.149774616965724,2.024149375616873,1.170948642850732,2.193096313571165,2.842449979639693,1.8753013326396104,1.2349660363989945,0.6837725748437345,0.9413220159377813,2.062498742443463,2.16367392035002,-7.31216322647485
2.0254332624129443,2.2646497742647482,1.5440639439333774,1.5873914498337887,1.0781564651213345,0.581059766031751,2.7284765219307756,1.2186717667409046,1.4850734216972206,0.4892083155011251,1.7639722175946468,1.9527501055509617,0.6261796510127651,-4.202084674104132
0.40253951557700296,1.719915736473284,2.0359190529376248,1.853782969125765,2.1750211002013797,1.90417604691181,2.1368040845980145,3.0592250682633084,2.590279295814249,1.541940812897801,0.9812638581651293,2.7014571453992384,1.3087155510977007,-6.699889333344662
1.4950002434314549,1.9948314107426475,2.5023667668955683,2.0568370586487235,1.805089745370597,0.5746651063645538,0.7598085214857726,1.0002032826179765,2.733685669499797,1.8510739908563805,1.9455315798737263,1.942032598237931,2.737959391530067,-6.987425422596235
1.14224688091652,0.9345377931925765,0.5146078068324107,0.6975304144954092,1.151380733140546,1.9265195310589465,1.3873932273703073,0.5815041670956986,0.704033155960464,0.5926327223747909,2.557386186563715,0.4867208391980078,2.2158867876835964,-3.290349954249348
0.41213421199664657,0.8615964232812316,2.182759398027246,1.6897996195565437,2.29421863874,3.074899798221939,0.8555785435076533,1.3940414510463248,2.177777716390474,2.730010789090736,0.3518817121179822,2.2824665004555738,2.8752244317931597,-8.271222522399835
0.9134014422360048,1.2531869108635494,2.8709157441616133,0.670725355660339,0.4564450935152307,2.44325012625232,0.6438488060279424,0.9484549699774967,0.43278704535005175,1.7842541003548562,2.946533253775189,1.613523211092697,1.4601652342395324,-5.978746332298355
2.8731401544628272,2.1657341537922794,2.125658508961384,2.2357294490300608,1.5854204757527393,2.8016581728738026,0.4205109162212972,2.0723283587249925,1.0932755033595691,0.9960873233231842,2.0749485162698873,2.7393851368735036,1.7041352924456599,-6.275975543730424
1.7146262671432213,0.8681815213743838,0.8417678340527135,1.2400135235033245,2.5052614926583043,1.4681330549531506,1.8738705148594033,2.388545341427151,1.342707828793413,2.8449904001243875,0.6554182554228615,1.7780457732533335,3.017841821559581,-5.518794857523784
0.5599635893944284,1.2663413785761728,2.8413396960673385,1.520119628791631,1.6755244779725227,1.8273972558338754,0.6102297614076538,1.1998663052335112,2.9494177674585176,1.911969339380631,1.5558350998614863,1.5824967626959783,1.3813713651843922,-7.757403629044358
2.441053575404789,2.381688319890793,2.6338983691784477,1.7482288125657528,0.5447930049159964,2.8905785530809744,1.2614879135814252,2.5092291109072304,0.448565437680519,1.8482624330245556,2.4014973269646234,2.2401424662634435,0.608149551514765,-5.3336468847989975
1.9929321892556933,1.0022035005071555,1.3093289171682578,0.7261533918435374,1.2957955196699953,1.5780044036062344,2.3522253374649855,0.9396668227666749,0.6311346131904698,0.8311600818036662,2.1493158153619247,1.9893479932518958,2.1875226607895164,-6.052079071165346
1.4577792354739716,1.7874891977534981,1.5316703510483247,0.5979755541934928,1.1163024433363684,2.155580026711645,2.815757669860011,1.5490485125592817,0.7371055101997092,1.0425318966775445,0.6447244057342292,2.273495808582714,1.3495036482428517,-4.434104211977921
0.9471499277992508,2.537921439727207,3.0890268817322695,1.1170849092011699,2.1408525812873354,2.5926176549689894,1.68276648160105,2.097208380179646,1.3049114851742625,1.5038511517106452,2.7236177516375903,2.744069419907857,2.9838587795815177,-6.446750782091033
2.5269390034439105,3.1056525661275787,1.9147722714783648,1.9255432976634796,1.8530701359395658,0.9750721990538154,2.5044298022315874,2.442117162549901,2.0623032400488057,2.8091182436875153,1.5329320602702918,0.8682484422218917,2.9600305039489805,-4.668861354050407
2.4874929264857255,3.1225942197317877,0.750209572784607,0.4599664629550414,2.3600889813582335,0.6099393172200711,3.1460563609767993,2.8601315166366175,0.3727362932312187,2.2330140664943543,1.9140425135189538,0.5243494332536103,2.602376126080737,-2.8699024502806942
2.5561522935224286,0.45829609725645304,0.8114114102661327,1.14164856763423,1.3004368880795292,1.9604840478252825,1.8273293380995768,2.5401487222960326,0.8527164987755802,2.6713477845887463,0.9970344047261942,2.2535093225484966,2.589973194701471,-7.300277452106584
2.0563552820996387,2.9093892336527185,2.3163618656241973,1.3117768208744252,1.2138758706603507,0.5106957635319715,1.242529957640752,0.8025842466303801,1.7941299419633336,0.4611589121872609,2.2397547778850053,1.16939169463029,1.1409644365633225,-4.925729771289782
2.9582151711375997,1.6185777467598264,1.8006541560568476,1.1698139509681513,2.6904866415565007,2.353723549864995,2.5143828079577113,2.3822476246513182,2.6235969556666308,1.3003281534132671,1.985876219667161,2.1959252500516664,1.0900897725201253,-6.250862934872254
3.045522619579644,0.606896214626849,2.327747941560859,1.0384422300701293,1.2070337115185175,0.8451513698724527,1.806119846116242,1.6461938434021874,2.1894286412755606,1.6737595485070205,2.497687766156,1.3440426666692256,1.258253236373645,-7.6760544507284125
1.8090421173002562,1.11967987499006,1.1106962347944398,2.020491193656859,1.5875739903902748,1.4708582997538764,2.9633729957497468,2.0447943318822377,3.0395775087014183,2.422515716511211,0.3532620990282808,2.664061367685568,0.5171386650452471,-5.423720791924374
0.9356823088452924,1.5808834393967048,2.649974040573834,1.2668459004758528,2.1874230257386564,3.055262592823842,0.975569581705257,2.544261080107953,2.472091793967527,3.1357700351391653,2.4756395268588856,2.5644368186805195,2.8916917403018942,-7.416025842375707
0.60137000812225,2.4334879773080598,0.7673149717999481,2.233368416551147,1.9229692025343867,2.761769898728424,2.5374290033233113,3.027224622867628,1.4082338912755192,1.4915269796383621,2.246315669914911,2.2796635139229338,3.122206036766534,-3.334534588323315
3.0113335143049578,1.8196735241818223,1.8018077551486125,1.6016367531908784,0.39675200394303833,0.5964997987012549,2.0727174608452654,1.6832779229053259,2.4074899563383756,1.5599360074341162,0.8660216293825024,1.3307537665594626,2.928804415255616,-4.5153654336003335
2.2490439886753286,1.4805215731959591,1.4124846469839776,0.8417961427050502,2.0337256001286232,1.8916972899140203,2.779054984246586,2.122300074339737,2.5598032246434714,2.5065023250552403,0.37643506464323373,2.2044347318320754,2.8712153569952847,-5.248875822256823
2.991393633177411,2.4103356011127803,1.4646201504240484,1.3002846263089631,0.7085386308764943,1.0115105067881822,1.916903176111746,2.114666651457117,2.164389311218249,1.808021226977873,0.7506357095479094,2.4590841156603105,0.3982661680259131,-3.7456096660945977
0.8168220919026803,2.4141671586991587,0.8970857500628602,1.2571314039819337,2.5822424455009143,0.4431735810560611,2.0930997029168923,1.771324185878842,1.5342102800775768,2.104466194617755,0.7383493565602444,0.7769017085406227,1.874161465005611,-3.5677800401847515
2.7110292561065554,0.38132527817772566,3.06908858550811,1.92794973867029,0.866669625006576,1.1008497006503346,3.0983890002058017,2.1317513617780146,2.0014739330844975,2.9390509855396574,0.4007595609022989,1.6001539383702086,0.8102003794269959,-8.116209843135675
1.4255565657195246,1.408537371773135,1.266256271849872,1.8255448343168175,0.6763494634601295,2.6638698211784053,0.9717429635619779,1.9034687450990262,1.8164465217327446,2.4633293865577395,1.666161624403074,1.4542511351682863,0.4535822675645381,-4.930548418356147
0.768025745904388,1.2991829327220676,1.680989045051121,2.1219562146976223,0.6502026605667439,2.6533837049245252,1.9382690772406286,1.2305389342120845,2.803583051828822,0.5367095313928779,1.6078965702511812,2.182410269064694,0.92430402834372,-6.151438122275349
2.230245366507009,3.043084923803595,1.970155136837269,0.6335389154778219,2.06331489487505,1.5652148291048527,0.8521355365948975,1.212896166638198,2.3840613278505196,1.285074816647033,2.262503813875715,1.6889682987627257,1.3413495465722884,-4.697873602072057
2.7951122589174626,1.0111531671273812,3.0900060261229116,0.6543490392078213,1.4312832613825868,0.8183587359845585,1.6465373394233624,0.40451213458731894,1.5105946584883014,2.721139273797747,1.8113023422727954,2.3993354788785672,1.1290873450749972,-7.164807304643292
0.9637806809284426,1.1388968757194908,2.458762855968531,1.0515464670514778,1.2712255069558431,0.5912606004006707,3.0679630646518565,0.6008255976913135,0.34345984887685166,1.6255990480271065,0.48935643175108556,1.5297696339236106,1.6482831823485482,-7.088962113744305
2.3043071306959897,2.403519503253578,2.39309368020126,0.8497243790870121,0.4426878993679385,1.2444362686362322,1.8238441887345258,2.107394124119382,0.7733549816130528,2.3995476221440843,2.0415221409607804,0.7598982333979871,0.6350422444047985,-4.374307261193653
1.816496338681807,1.5825696319978109,0.7465345439835731,2.1459544926866685,1.1677581843017266,0.506845453616501,1.6430841921160646,2.9755694534981387,2.037262252126594,1.508499783946654,2.0879239061595056,1.34915633354733,1.986783207164229,-3.4479797434323376
1.6937131713258247,1.1011513332340976,2.439567845895526,1.790852426378735,0.8648896041455765,1.4781982685966404,1.7161850455037742,2.0829286123025117,2.9550387536995677,1.8708923187417608,2.805555261892688,0.9114332589194678,0.6612989617221811,-7.278416650447899
3.1174818710838506,1.882126760667104,2.2886436679019955,1.8039697690088579,1.9172503788048798,1.4452842567856383,2.1056968479228315,2.3230175762840317,2.3204352962140855,0.3871849453777015,0.5143764835635944,1.3814008401530629,0.8086672399422579,-6.572820675748634
1.6456924719797386,0.9780977377394557,0.9116592276403388,0.9255339249670689,2.2374242595709855,0.8743547082930596,2.180333363936844,2.758355925554848,2.5048694542465704,2.2573325301049336,1.2389593621181245,1.981883361493821,2.23931700950556,-5.11590409410133
3.1568664676487774,1.089057284869704,2.4769379304737664,2.1707583837542157,0.937717027712704,2.414214784774739,2.262313504447848,1.919663868371943,1.568660414123209,2.56798220429026,2.3164983448461323,1.7756582390879945,2.6871738947432204,-7.461729363937563
3.0694250470179587,3.0572858481429535,1.3835085633328845,1.269264962606785,1.8395266139791269,2.6920579077991698,2.4330004343653098,1.658424804750723,1.2967050656073567,2.1404630502421154,1.7192085761912403,2.1743811164769733,2.240746694823399,-3.9636666516950267
1.4852210868148839,1.679887681303726,2.992479434801216,0.8907927719443904,3.019753528637761,2.5082545624764196,1.2153719680284132,2.530902587209544,0.6139971259065462,2.550854102722531,1.530875841006707,2.040355554896476,1.7740406314882409,-7.432661172354752
2.2592385563269204,1.1988376115740296,2.6846896710345045,0.9648444905922622,2.0011375271911906,0.5165085235576752,0.8153006035340371,1.752064566175378,2.4816909201045103,2.5599059731543687,1.0658489217745495,2.0315464784281585,2.11773761508091,-7.551585463955836
2.3674009480266305,1.430357982031299,1.6523830373005464,1.7993739870955963,1.9563729055905552,2.3161532004563226,1.3510128758810092,1.753755407183826,1.0487130644242635,2.1115100791371177,2.0541510935721674,2.1323025916681417,0.6916738261261335,-6.659423356371422
0.9323565701168448,2.5211722130344896,2.953448218922652,2.0298519553192063,1.0456165896876388,2.4619860909070357,0.520317117465996,3.1273367301083907,1.161284297550325,2.6416161603210555,2.3268360179726417,2.019913023590128,2.289982784348578,-6.30037624531252
1.6004306808344921,2.878421265467292,2.9673776589056065,0.9719500801395016,2.5202552746131617,2.479234288278023,2.979128406009659,1.6399637790276118,3.1484782880904945,1.8210724293533451,2.6607142159357373,1.64905493155836,1.3293837059879539,-5.888252932208283
1.1258942405239987,0.7920701322242207,2.7566098390594758,0.5601662869488426,2.7044751410136523,1.6533713301211412,0.5995035274500501,0.9656333196928344,1.9809236880657692,2.4471288521198233,1.797069837901451,0.8887061749143845,0.7350983555380108,-7.88306408970623
0.46518613068224307,2.1690690621424054,0.6323529311688177,1.4627884101005846,1.4362461847267,1.5553945251900363,1.5379608223634496,0.343452021546625,2.5306195399385985,2.9268487345713496,1.0707054577452808,1.6385317661008298,2.8677898615547672,-3.0246895894885903
2.9315855907075563,2.056479694847051,2.9971102529295814,2.068410683680685,1.4119440759183897,0.6356754028538001,0.656392317010248,0.5438488421375371,1.2766891749632565,2.1006216981278354,1.179061479858026,0.4173125632027824,1.4740049340966492,-7.0879640070366445
1.7942952115791035,2.8615261425314578,2.2674933749524238,2.006037953745718,2.256643962832616,0.9936720830086818,1.1404395764835107,2.480084388734692,0.45740379286091065,2.7135590571171773,2.3280923080029376,1.2086940026191284,1.662422999956581,-5.7762453816254276
0.7780814225415498,1.2210135127193085,2.617336783020078,1.2204116283379483,1.1781176669918765,0.4616597927407158,0.44775345351310836,2.0130394439828323,2.807673502174514,0.43966393135917026,1.8962905337559899,1.4817260215570163,1.9563383591664296,-7.305937936397011
0.33395882241613106,1.2447774710281247,1.4327014891119303,0.7095384347867864,2.4740242321728227,2.971985702680914,2.2193944914293264,1.5078078377197615,1.781002319460444,2.330566665083004,1.5915600350518277,2.0479246599599,1.7653584031367677,-6.099239987502421
2.520118461020415,1.122371029433129,1.6528853029688544,1.2677815494653777,1.9185516498377562,1.2496259146280586,1.1547325133322202,1.708183030806228,1.4724755084300347,2.770679009970908,1.9936049409218795,1.2761291142533715,2.6478652340495197,-7.184677966174322
3.1443882225596784,3.139585817201388,3.0796196097759574,1.0106855631432485,0.7799268529157809,2.9268929777104025,2.3955007874214505,2.719394821230171,1.49451240518565,2.782243200865784,2.527014537289527,2.4382355168612513,2.708459164430442,-4.930709255134727
2.4806595213894873,0.34271988892872807,0.377126408946458,0.4821329995147423,2.2648145469958982,0.5851082811485485,3.0658514433136035,2.7073298629377898,1.8626900160402058,2.4534240936419742,0.9268707732086674,1.9936324844802797,0.7610290355244715,-4.590625394159148
2.1189848339403725,2.3903354564540478,2.4871450793269214,0.9366419498708565,0.9296144406186608,0.4079914928172702,3.0706783158941127,2.135248778589038,3.1580522072680033,3.1570096321601797,2.7291734812495863,0.9949304113485322,0.7937653934397713,-5.0816158218644105
2.116603427093744,1.4183649908427318,1.8455965068631297,1.02593302114396,0.37265300827281417,2.08735529880343,1.7083702050947647,2.3256048146017583,2.971030694502993,2.3010010417439815,0.5634812665270961,1.632648421176542,0.8060912140617196,-5.199278982658433
1.0250906635602135,2.016071257974485,2.820174378309581,1.4788338919507478,1.74508195490184,2.6736344937135823,2.485604545665858,1.7955273212684524,1.0899860884935253,1.0777475320131429,1.63373933620399,0.37843063780554487,0.620781485848962,-6.767627231458129
1.5799427048680974,0.5057286533151827,0.3971909334252089,0.7354634317424522,1.5260328034799082,0.5304403524961937,2.2011195823045595,1.0776967048656159,2.5530554588373997,0.658382055951471,2.7508573194743704,1.571984926332403,0.7496514852158058,-3.605513116388588
2.984653564490994,1.7919128453708983,2.422353483130639,1.0498657395589117,1.4694176861837227,2.151226536857362,1.8781895796924915,2.6112784396702122,1.1949358915655417,2.514304863539884,2.574335270983968,0.7946877132882988,0.7027062006391581,-6.409076267733103
1.2165098596801633,2.690405986184767,0.5505934508733416,1.550103315414785,2.5168040036572683,2.758288383007162,1.7915902604774552,1.3440972080935087,1.1741211442784252,1.429758332395393,1.7029754188906598,1.2363812951679478,1.6821156050010966,-3.059015506324305
1.653799180499208,2.3013214646927946,2.227592172440002,0.9886342875795373,2.8371353050010355,1.9829113939164835,1.0567447008927913,1.1744775607514282,1.8531405948348838,2.646259695319624,0.9502296090662786,1.8677958032993078,1.1940895830301703,-6.128851047121647
1.3796489458041281,1.9595679367197207,2.5067954536256623,0.7854556878289283,2.0581148193141963,1.2276854612441375,1.6575057028844193,2.7483662920251226,0.5771464425629963,3.0417953325916405,2.932236154825266,1.4980646600731315,2.27659993061285,-6.367254887548902
3.025879454140324,0.7389660025534375,0.9847888626724128,1.695895699260153,1.645874801569133,1.684853242916291,2.3572805426312518,1.978581793468054,3.0790957845944993,0.6232409356280089,0.5595154220056854,1.449698476736888,1.1586941844425176,-6.844342020764025
2.391620648245561,2.0086575838457503,2.6589898927147444,1.787356465616392,2.630882581959075,2.062055373251348,2.2845438996744307,0.585994570701813,1.443977415602397,1.587889583440712,1.722589070866738,1.7198028533214924,1.1632680684529493,-7.11020350421362
2.0884443004587223,3.0498968448287496,1.3289173020948692,1.351125951661331,2.0789118894670273,1.0491564662607118,1.4990123613642192,2.0801756517695544,2.278980648449704,1.885337574346571,0.5046193079481854,0.7638834127877551,1.5655944616712834,-4.077290887477596
1.0838229056234434,0.6868153640219958,0.7475306605900192,0.6192969812593109,0.6803098045276876,1.7881816548055702,0.9867506734870601,1.4437869411794415,1.0306326334861171,1.147339739276901,1.8987963076100374,1.8295564234471124,2.2230149270962993,-4.997985358208944
1.423632198915023,0.9905143351248027,1.3426309776962544,1.4283446251714582,1.7487751738667772,1.6782759703284047,2.9078893400112498,1.9733717100179737,2.6884619743858855,3.1166283032419226,0.6660355133900463,2.7307449384988125,2.666324181326027,-6.839254353928587
3.129974796603271,2.5099306130623162,1.0617022536738394,1.3192844202584655,0.4353552383735344,1.1676016373677487,1.5321629513446333,1.0048540965547275,2.7958661496262938,1.7658535542190295,1.084898012460836,2.529132807663779,0.8155546264057709,-2.7860026467964922
2.7068363831679756,0.5021555068441352,2.9376783855701505,1.8120028178314151,0.32160561697296336,1.3626310093323752,1.8761894017572824,1.6228728176000775,1.949307474282033,0.8975066503462945,2.8312687952991187,2.3393845447111903,2.879150660095948,-7.197854135706964
1.0717875795639107,2.5828081540175627,0.6505208239085709,2.1182979220954583,2.313326108327449,2.1218200329268817,2.1226176212475525,1.1259645576392354,2.3698811698306916,2.039883783033809,0.5105958466394678,0.9982744651091742,1.3586754264708671,-3.18466740116119
1.5562175906196682,1.0837169896803436,1.163864904233043,1.2152130167925839,0.7660670151516044,0.747950445890037,2.033509347526398,2.28487978108442,1.0338155371801503,2.709987507242745,1.4035900286294987,2.169172471681077,0.9411368808856635,-5.227247014265226
1.8602747396125427,2.9818068209568094,1.2144299629341697,1.455130209260594,0.5960695541356353,0.6464070334395264,2.0242779703629776,2.4763097807561274,3.1349341222672154,3.113035448686026,1.4551734564382126,2.3706517347866622,2.4841623007075953,-3.035692966815049
0.4751739038299253,2.3635432492612303,1.8545865973991238,1.0695846123848871,0.478155646947331,2.623911539848227,0.6286110830386077,1.8812681136088014,1.95632191073617,2.8529788079373186,2.157138403920076,1.0421000759790084,0.8902068705959438,-4.0885917318278
0.9915703050491131,1.1704279532785553,1.563236262736268,1.3451199986256512,1.2348954714301335,1.7934928792688523,2.451483958796292,1.184546410344689,2.141571271460746,0.7146454721017971,2.7186997926728553,2.167948905860374,1.7117806226800674,-6.468782867972146
3.0294164585954966,2.0242980084120603,0.8816865417039741,1.413843304942527,2.8506842585689514,1.6256920032431403,2.6728111385480418,1.0241161456206398,2.1834832387248286,1.7104034245998425,2.585422570717121,0.40736887014443895,1.7750419261156083,-3.7070006201814
0.9771323006852835,1.0615920400899848,2.2753872708865663,2.0835918481767415,3.1313714481801025,2.3003076638331437,2.3419831132625974,2.168034972781825,0.37947589363774337,1.7433448550129478,1.5812468403688755,1.5609054699998077,1.5892304710548442,-8.332248005881269
0.577803482325298,2.4189326721098015,2.630898901090267,0.8026359473293407,1.3765897738471844,2.6776239825347234,0.49652713754797456,1.6175123144757202,2.8260338043807542,2.688713433674808,2.2679052552660037,0.9519555191020161,1.9491412173745017,-5.789402075658755
2.8109964545251294,0.9966679188585106,1.5142688214593063,1.7406645477095326,0.32530607353071617,1.4123677059777993,1.414859242019386,1.6720144246209783,1.56123459186504,0.40059322691886334,1.2359116491012647,2.5850713399802987,1.5402804820678342,-6.017707176625881
2.1334947238369857,1.9190246935437731,2.5668400278139205,1.8875060774583263,1.756815188318321,1.0508123679010264,2.880583616251048,2.635661297809998,1.116004657353749,0.7673272579383483,2.053112144717115,0.8501561961114232,2.0433383833820797,-6.79655727295083
1.9459460318976718,1.3685441248902195,1.0137699722608782,1.9950638863848285,2.2838099543033796,0.7643891905597799,1.1589742189045769,2.3671673192875424,2.441434061911451,0.8386054666040221,0.426060660533417,2.7341049059652027,2.322152588096131,-5.154822081313385
1.131341520746839,1.8891675033614472,0.3890613872145802,1.0439145345005387,1.3607101678065934,3.135913240643666,1.73282885668015,2.9115612983751706,2.768920262007277,2.269713160833051,0.6947568422421955,2.0142161799032063,0.8225906396753193,-2.5692459014107554
0.429349223904506,0.9724255402182831,0.5903645567291478,0.6902608793428222,0.9546659896362992,1.929622389649017,1.1061959549827047,2.608218314013928,0.9090352662301531,1.837676010475463,0.7940451450866954,0.5168130898934945,0.35508484810821567,-3.5076090878334827
3.007246132680469,2.316059272323932,2.2463290575261086,0.7201519255885556,2.115454495164774,1.6590759771694652,0.6202171987524183,2.4363208860064463,2.392072360101047,3.020544473095132,0.6462556708750279,1.0375794128510967,1.3841100554591106,-5.795126409589756
2.8339093182927275,2.345249788166753,1.8265138836437145,1.318058761799366,3.1285019906677065,1.1164108674567268,2.7488739013415415,2.110275609339174,0.34204474637659305,3.154140504289581,2.2919897627164465,1.1312903471038096,1.0525369346227653,-5.256054621673434
2.247430526265109,1.7798312298821775,1.186903259938266,0.7560422058950699,2.859979049722065,2.4975739170826294,1.8910342917726992,1.1815146852382614,2.902675906809208,0.9815979136238016,1.539880773600873,1.704723813730735,2.316049623968896,-4.571662626334564
0.4432603388107862,2.0931280581092118,1.9663896486603933,1.5908133931208535,1.9848424998267404,2.2643820014048788,1.8368504067749387,2.4207170415169994,1.907584183895746,3.0376178220447256,1.4127545138482889,1.1222023438267135,0.7519800072092314,-5.845418505778865
2.954216581191764,2.195320087056049,0.8607917913702079,1.65005396461387,2.905501060714016,3.0936843071433873,2.0314271318274257,1.053608461628075,2.4758450324804966,0.971376893665185,0.8742536355386997,1.1266705373710908,1.1666110768455165,-3.8325779877020465
2.934703463154578,2.827813186984227,1.295541295049161,1.2462246286633758,2.9257462942459305,0.423258421121831,1.4776729084851967,2.534308196502819,3.068056300512628,1.2626130445726975,1.988996011942893,1.315881111806653,1.1361170350319567,-4.283170078676496
0.3202631900544195,0.5478630368244364,0.9031910158667669,0.8014976156942801,1.362574294756602,2.0363284734456757,2.0572876561538074,1.6121598677200915,2.4281187806624267,2.2386099059987745,2.8602847684012715,0.6758242787715405,0.385866033843021,-7.009348826881026
0.8069603211626949,2.331961994807782,1.1252386094057842,0.536213390299535,1.0192165934176702,0.7284004211496966,0.5394362369019422,3.158978176589231,2.1290719996805505,1.696071842711814,1.5893439734169827,1.4870437703211754,1.7165395449738399,-3.3845595413234655
1.225967350054071,2.398333627431205,2.9434149434463186,1.400775577180947,1.9505510751482467,2.077617423565767,1.906330211415064,2.6869588913992533,1.4671490542820753,2.1631133546898393,0.8784019194800465,2.241173212416238,0.3893274333003604,-6.534176604146149
0.6754239144633906,2.0148797535893106,2.481839655749563,1.5231734276450524,0.9285096886173674,1.2358039700051484,0.5383030843726822,3.1256670564118156,1.3636059142727175,0.8675462347377354,1.6859421031672117,0.9476309208052602,0.9593260265286685,-6.141551594858653
1.30349950438894,1.3110723010183867,1.7464874299162247,0.6324757144736602,1.2701027548571286,2.1312983188041277,1.193480663301387,0.34859532107534585,3.006796235895427,2.337981105299231,1.518326431171586,1.6218311976538118,1.6068182791361614,-6.102558275334636
2.9929370772803296,0.5087962436434117,2.7449606975423144,0.9559738758129188,2.6324878255468898,1.5824156177523792,1.3828469223562467,1.8025207554997198,2.304953355968894,0.9645334501053464,0.6516034907496455,0.8585780423843079,0.6600579036350269,-8.397721532036826
0.44036362882111457,2.754714442680301,1.0519927015809347,2.0666919965149977,0.4320191826046766,0.41108666025233553,3.154119208050875,2.5912477488651917,0.6855583915994978,1.9337690732025128,0.8587898526589203,0.4371639887883934,1.3647034396631235,-2.7702916025727626
0.479824764425011,1.704464589756138,0.694761982100828,1.2440428121438938,1.8660978136204753,2.5027417532678005,1.0202094427339496,0.4796552983758833,2.7751542385129415,1.6662719723606256,2.109475694811071,2.027425662156739,2.388472127754158,-3.697401722045163
0.4560718702694601,1.5637859191577697,2.9508528975350874,0.8659609265820749,0.5573574956287032,2.0558827564696927,2.4957364620258273,1.859758702476861,1.951041046370977,1.215508736111042,0.4961185510764197,0.511390025062503,0.6486826302549963,-5.945469779202007
2.5121685893769135,2.0727997529996984,2.662638939191411,2.1634569707184537,2.4732091710368493,0.9012221575249477,1.9890269355627739,0.4563323271259261,2.299425850924898,2.051230990031876,0.8464500755894055,1.517903371365375,1.4561417366129308,-7.139872213982591
2.692150739070649,1.5346484773874143,1.7961071652431828,1.4040502191794264,2.2962051017405813,1.0332561318657705,1.4262643319410078,1.8393988473763294,1.0425502519604242,2.480715256609412,1.399221447490884,1.5628992939528585,0.4366055236009101,-6.647193532518646
2.180788070663691,2.5995677759952125,0.9947479747772461,1.2894035748705648,1.6918018338734993,1.1384469518671128,2.576135853946736,2.8379360818717707,1.6655877454764452,0.5184267111730606,0.6853017356985299,1.1483627436889696,2.131617759000909,-3.4223970359653517
2.806033053370303,1.1582328189375792,3.0328154348778127,1.2617244612353777,0.898446510753278,2.846235248337268,1.1231050240257723,2.6203590817908555,1.315259417335961,1.660545401884033,2.956933164738529,2.2963396273182726,2.077814379793571,-7.1601708718443176
0.5346530550625723,3.0728750313525217,0.6567095403226694,1.0108887302822438,1.4414088035367314,0.9903976044938978,1.0086146374500549,0.9720179803370266,1.7617650591461436,1.2286591991697542,2.3363212566584375,2.671455406896096,1.2382688328370983,-2.8013125162927173
2.9020735378848954,0.7841714802905173,2.0527023718503763,1.935935734838842,2.8288004163709606,1.288310111743538,0.4097395243762643,2.305332302467189,1.286119186885082,1.8872727201467034,2.5020467589068334,2.4864393564006417,2.8946753304022534,-8.538217915033245
1.8549243706734406,1.0001571629118438,0.8045018489108438,0.46728096600387126,1.9863096035660803,1.3951193669964475,2.933634324002181,0.87367345325383,3.114484799627787,2.6332125124730745,1.497116844218969,1.597623234534917,0.47167324472998584,-4.09125050326199
1.8986397575577592,1.6978984913443258,1.313527776092336,0.8250579516713945,3.035521161527828,2.380464555379102,0.6248011071564968,0.6791602789746887,1.5061867295465194,2.9631160931948646,2.317711908449166,2.440177279495761,0.7656536792402157,-5.53015616697922
2.4833412256853147,1.437224709146568,1.2750302626794734,1.3639003019669942,1.4609717858002718,2.617444130214342,1.0063773052739142,1.8181041813477734,1.6784258801784568,1.2242712231786013,2.853338819636667,1.4127074367127614,0.7923300533105397,-5.41606195370616
2.9154704590902574,2.9375689242744563,2.573734472174516,1.252439585506476,0.7717952129627688,1.7285886494671767,0.4698946485370882,1.798641344853658,1.3212432577500808,3.0731195181056816,2.710935202061183,0.8663868904397134,2.176392997424144,-4.929709656879902
1.3161908055274625,0.8404053016769042,2.685988659893537,0.8108616768662913,1.2398931115135683,0.3628099481525802,0.8679297409799955,2.689452613598813,2.5399714553560817,2.5620616793977193,1.6428100800677312,2.5019796904955243,2.8194649225701025,-7.408464133941508
3.1381130293911483,2.9183728060684717,1.821156182386414,1.4756900905214194,0.8712422602838543,2.3789180551756357,2.8276305060839264,1.428794659646542,2.0610425583996466,2.534300692632143,1.5798510606181673,1.8511523581643425,1.6872288819754822,-4.070003775550844
0.8975020717994375,1.2374914372623438,1.6957266142327452,2.1142316370597216,0.369748155879931,1.2730328553147117,1.525555142553782,0.6457141646460893,2.0476608032652206,1.173633725463465,2.717389564737763,0.374530102969667,1.8228483969522211,-5.906043610279119
2.1562108148482304,2.462925341431002,1.5520127333398823,0.6114313861945767,1.2623697656558728,1.669669381959504,2.4169304860008785,1.7650152649117927,1.475500212720405,2.2616529071396094,1.6466438752025827,2.3450442095305415,2.631597164966312,-3.9703017695611167
2.7610912819094695,2.7216081188501406,1.025480850825375,1.5828932760166796,2.8957698752308647,1.7184367958089606,2.712585209401796,2.0072715555936096,1.5013157013431295,3.1138999912353644,1.4659833859542033,0.7566801547999771,0.3284030552094742,-3.7386900058300894
1.5106731527053912,1.851592720950316,1.0209725882832323,0.8245412877544679,1.1620793176260193,2.5658742492681177,2.770305788417003,3.1159047952463133,1.7501845245010392,1.204552758263728,1.0446822903398187,2.683927556417253,1.8284683902155627,-3.594176361217654
2.396315820349078,0.6128892546604464,0.8075747533512347,0.573620787080291,3.0876183463818965,1.6520414649218267,0.9327183142888946,1.929167655773239,0.6202043331840909,0.7546273047974419,1.5022247254277683,1.9105722391727273,2.274201134515299,-6.736820161793811
1.9649609424247845,0.878372320918712,0.34386560757618395,1.023793443874198,2.007412188565043,2.4357315964626403,2.550697040936567,2.3795598238901103,1.3851926692090426,2.00224935552943,0.8849114198525079,2.771479967866633,1.520819936857923,-2.7394320561213252
2.3789152807016745,1.7527113768073292,1.2260009372824243,0.9297828194780673,0.507734278497904,2.463505696699761,0.5817620193075135,0.9367663588284554,0.3942313330539715,3.033933629672671,0.6324755985628577,2.377964628413107,0.38184264385698674,-3.7502682138476757
1.8691870611193173,0.6982985424017658,1.8296668994269647,0.5805934760288941,2.8130116029869034,1.9841104390228892,1.9918786002636077,0.816456752913642,0.7211825821103506,0.553505548185668,1.3210255323203177,1.3519696206294396,1.611396109702544,-7.673854908239121
1.8430373617871447,2.9276391805010067,1.8992140583978003,0.885420907364418,1.7141220522609477,1.8574698685514033,2.447624521323331,2.954239687772918,1.99357606076284,0.9897311488858402,0.69887400833259,1.3820038923459257,2.6292722704587206,-4.443079339474983
1.1749696421290328,2.000994765453187,1.8749073624114774,0.8608094104210833,1.031875935227481,2.864539923814351,1.0896053490089759,0.5541332172892383,2.2492998628552834,0.7839771284720953,0.5277103805737526,1.4155361113987366,0.6707714862077467,-5.068606317529749
0.7188990346558299,1.9452753222762045,2.475701455315984,0.9748121655799056,1.685722683095031,2.8847267125087446,2.100939328130933,2.840540422721637,2.2180334322738733,1.443347816834057,2.3940152948186366,2.7419736443953333,1.4955109311710297,-6.287640546342352
1.9328170658039086,1.1691157779003751,1.929001199785738,1.0333807766343963,1.5194790281206167,3.1503861241628965,1.5574993106747843,1.0290428553414235,2.8397224906051868,0.35188182059932366,1.999568878110405,2.526683285927007,1.8304914761158746,-6.992658501001276
2.016842908534022,2.338482640859806,1.6928242081783138,0.5991679249066322,2.6920461812429597,1.4193174095993573,1.9505203225855345,1.0129819025668296,1.2626024881973448,2.2029211569508838,1.6398212321581875,2.187535034689419,3.0670929101950106,-4.77533884433798
0.5510719984379524,1.4210570997967578,2.420115843537675,1.92215548547469,2.11058876880453,0.8511854403845887,0.625405237491194,3.0763956519880775,2.863594776623176,2.869983213177002,2.141792289469505,0.727790062846553,0.4121926544141907,-7.795686269306558
1.3175615762837187,2.550562423666703,1.5373711014215483,1.885866389084429,2.0022092008558325,1.6920733516352635,1.3723849720477639,0.822308686144019,0.7997120232465662,2.9806755426192066,2.018460717218227,1.5748342595092402,2.5023707181339794,-4.819929654843755
1.1542642776911487,3.0318445816859874,1.8444821211692426,2.0232919734490995,0.8610501746494095,1.770998460308324,0.912658113749522,0.5075562290360722,1.2395796539979722,2.4758976033973927,1.6042358373124168,0.9321137053040964,1.059643443060337,-4.296845339607978
0.8658415757089217,2.617669238861646,1.5784404300958659,0.6384679367103443,2.878749435846941,2.364986634184832,1.6059676791594928,1.6200829974941877,0.8556135583327671,2.1313983023832708,0.40874540467973935,0.8151122660442435,0.8620772362536864,-4.586752753517962
2.96550139592242,2.6329551431349687,2.5173579882831754,0.7622083671987689,1.6089397938585357,1.123182220391465,0.7568413809242809,1.1507999622987335,2.2610018827778586,2.0599312556761324,1.0902636865266913,1.4110225631464701,1.5616839582930546,-5.49653371045168
3.0179042712182667,2.24231669635505,1.2127409772223599,0.8479336219936369,2.0966722859182085,2.005427099349202,1.9507096980129712,1.4694450684074594,2.6845596393613005,1.8335555592197927,2.3437144772957,0.9645707263611745,1.0562676109678977,-4.099507596224682
0.5375424625889904,2.7985794709224296,2.204387615623,1.946677462533058,2.8865143247312552,0.8275384150732876,0.5693617151713952,1.1004086069762113,2.6224749641740988,1.2944600004613511,2.4362698454069633,0.7833851936448109,0.5858574588652687,-6.092001930120949
1.9901948451564195,1.9972931406555234,0.5616312001183317,1.501616533549107,0.856820298708969,2.118498888357838,0.43336730401220347,1.3277948370221535,0.4177355136668234,1.867296253341129,2.816543609914821,2.433540073616567,2.014084311990623,-2.7398051985199934
1.9137950105162878,1.7346522099780404,1.5533004776282502,2.089056199759773,0.514207776417621,0.41645269137842045,1.9951872691508,2.4288994086598463,1.7473825840484027,2.471515782615829,1.9188924299104924,0.9350924394134035,0.49913874691636173,-4.504985720346392
2.7326574464891276,0.5791337739374189,0.6020261024705572,1.0735830816831489,1.2557999252940566,0.4810064609015592,2.8108509802356814,0.5591894493547219,1.2905913912192062,2.952560495226506,0.892899928496409,0.7473544901414706,2.7339481502338394,-4.834223536635209
2.9997517810253114,2.09530990508924,1.9948585246743238,2.017737472534476,1.7749122810746392,1.3480274787913433,2.501621522580019,2.678186904032269,0.5203045782602551,2.994907796602809,1.3423073787552013,2.587286160476394,1.3684242388295196,-5.758867976966236
0.787599280625624,2.2269257752840663,2.3649482583881483,1.1248067735602723,2.302206070324142,2.5438281177778537,2.878147232728358,1.5206739519477543,0.5676049512573729,2.7836398899806034,1.8736869114897157,2.5412197861082544,3.058440764525399,-5.997541742149575
1.4738327076351456,2.3170256609012747,2.4996503313095495,0.7006462707666964,2.3752798740825867,0.43401364282373095,0.47991519094532553,0.8798163460118316,2.867447363670395,1.220417435036396,0.7893709241195888,0.8932661102565114,2.128904925103433,-6.131427109433041
2.5961019816009165,0.46500347584517476,2.9031224080234956,1.4853441877630393,2.026730488351212,1.8977556001775544,2.3239328788426485,2.856719027687278,0.43144686045270914,2.916440404597505,2.076692524118651,2.5126826780706297,2.064808707004324,-8.516883295743792
2.586235923358745,1.9162173942470293,1.1579596264424847,1.7150126453436236,2.701425026083366,1.8736059599553192,1.901368067874704,1.5917069939648854,0.8177836838476447,2.905496774420884,1.245511227761824,0.8883254088590833,1.656207390199923,-4.637408279528996
1.0396838904766887,2.7557497834847773,2.665875442530562,2.2505524986168037,1.062092367204024,1.7552924786737523,2.398846787158756,1.5563171871694492,1.268782691634471,1.4072792115628225,2.1847711931207785,0.8029190051881583,2.4132875211250506,-5.534045243555099
1.7809547176567944,3.0130818615484745,2.847500106391125,0.8077538588603455,0.805509821276079,2.0088510174526726,2.8493419211443767,2.8557314818602673,2.8449262720744417,2.659369786272447,0.8485212514914974,1.4268758071224552,0.595736192951546,-4.702817749597432
0.9296513445463226,1.4770978868513462,2.7711778738446884,1.8481847250481434,1.1989946162546075,1.9803158061413386,0.8922395634276923,1.3016541631493224,0.6801516105117319,2.086987030401979,2.2040222470423485,0.7117411748468399,2.422318767481843,-7.356226389146947
1.4680884243958645,2.190426006387684,3.114958675624411,0.7078469640211296,2.5758295100164608,3.0846147627060683,2.602843949242299,1.9164250198802755,1.8521756474629367,1.2693659211707193,1.2475730063269408,2.347812092567358,1.5429464547898308,-6.552463722753813
1.6976413332189941,1.6294545979883104,2.131285993416196,0.7709154731296881,3.068879517573841,2.63055477783418,0.4644266593576627,1.0698059911047344,0.41089843286866035,2.211277169956102,2.3107292379160587,2.061459313125921,1.9049420012525797,-6.989397123063884
2.035303245150719,2.0405125736077396,3.1440921199273575,2.192034915500987,0.9216733476788774,2.741224211436602,2.8220635415988444,1.807288530246442,2.241573098449565,2.3689885721798287,1.7936683507079414,2.362266571318176,2.140569606787194,-6.687772938331574
2.2982864670991456,1.3744366281269416,1.9209071873800116,1.8709266976577943,1.3873043233786575,3.1182770533978954,0.8283292989156719,1.8005137507896978,2.6513032203912044,1.1594803507248423,2.4805643562125583,0.49505725606926854,1.2232978566932597,-7.059635950698646
2.6456581529553196,2.0227281633387517,1.0381410077733881,0.6021283549867971,0.36441921698606095,0.39675895517657284,1.3073224812263653,0.9508601730506914,0.6415174146692593,1.0154885138850909,1.3559356027634293,1.5775689248400295,2.3448689803774787,-2.6241011100628238
0.5639037127510156,2.8830971419753815,1.8715594274277338,1.4514492725609445,2.0723148834533736,2.1256673720212973,0.6788643002637279,2.729119397156666,0.42639166476493684,2.5170361072621525,2.3628644796928553,1.9756534599334348,2.7220075864446214,-5.1966019453203245
1.065028105145323,1.9561108979335111,0.9887117065431141,1.5721009315110988,0.34880181187101994,1.8663998387997047,2.0968010273431634,1.4599235085381448,0.3570692035924302,1.8936277753540394,1.0406739339473186,1.1804014243581746,1.4791219530071629,-2.8746208729778013
2.0438133478190337,0.7756736969924011,1.1859379815811735,1.1854096644708676,2.8013217396704517,1.2419620240498264,0.6656883101255142,2.121042287293063,1.1803928711963718,1.7798815081544048,1.2304267535601268,2.056936529193398,2.718863924950167,-7.6248773744329705
2.0105570605476273,1.0392604872779863,2.9220292182512315,0.7844268224859909,0.6586709486489869,0.654190288560383,3.0446280961736147,2.5502810012818036,3.1500855549692237,3.088797582316549,0.6594995095203919,2.708493676539001,3.1405841655093587,-6.505515082506114
1.6197684489618003,0.3269752321303472,2.5345148221685054,1.6063434673959875,2.545816935846872,1.7454143243612168,1.7631594915919262,2.870866473830953,0.46163756334558814,1.1297744969678007,1.48680880833612,1.4515454316494334,1.8070916737984144,-8.884142671182493
1.0596330252986434,1.8277164987229892,1.2299775740030114,1.7533004999608839,2.6780543734682847,0.9421984298821444,1.598308371622596,2.275933057408016,2.6100888768126858,1.002806638173465,2.6903851104626053,1.3458538535304732,2.7621867984293345,-4.9488226121955945
1.6334988308388922,2.98878680071178,1.0828376868949041,0.6565982103820575,2.507836860635353,2.7747800002831124,1.450178898858762,0.9816705865055266,2.501011457567732,1.3461278950955593,2.589766269887291,2.1076348239363356,1.4134730251337215,-3.727252192673414
0.7239883661710462,1.7454911471468884,1.079954924790357,1.5360656174145335,2.864814521611565,1.4564668896913475,0.5431804288231453,1.8124251337309762,2.9911836096376323,0.880589986138608,1.2155146093422238,1.6113864055172995,2.155165632938621,-5.1746724192628095
2.2277570062866627,0.6229440163074029,1.7864390286035543,1.4621987660135547,2.4802381171899,2.3507126963593334,2.303649273448912,1.8950942534222386,2.585758734390467,2.543943889174645,1.4305462671496327,1.1652915078257606,0.838740258589826,-8.274342793695746
1.0314769086697109,2.3795940266364117,1.9634234257754433,2.22865185202511,2.4037696662252364,0.49671210526211007,1.6812588924951837,2.800491966389101,1.9897077601343238,2.822693538866216,0.5522860259935032,2.7736024969722384,0.44941124665955157,-5.765266332684746
1.804126729381874,2.8660648546805945,2.738679402272303,1.4360218930295108,1.9730526575251655,0.967781900948947,2.9755003830157265,0.4307093854193707,0.5318395816619282,2.0269426449668195,1.4614703663793505,1.03405055199874,1.0880839734655725,-5.6908620312565645
0.8887221135406609,1.8693400437530212,2.811593385606699,2.0866358638182945,1.5202921003080678,2.8303547104656706,2.099331432809134,0.5141168189599762,0.4207870418183094,2.59939753741558,2.6330504789546296,1.907152546759903,0.6150651577802747,-7.128249426220192
2.788533332920341,1.879726235764814,3.1118366116455993,1.958818276193015,1.8975025040467381,0.36980842254796736,0.5168234385808071,2.6851326845495236,0.49701781916387777,0.7961484601279265,2.314267708264639,0.943483299684647,2.4053796076216942,-7.542164922026665
1.8335169273526561,0.5444232339473036,0.9656067736867073,2.1573269746468062,3.117908549659814,1.8027921406198024,2.547100610566344,1.9942521150928965,2.7276089473999683,2.9226934120597505,2.2778664552181143,2.1089113169118336,1.4051129309108386,-8.186127607535138
