m_1,m_2,m_3,m_4,m_5,m_6,m_7,m_8,m_9,m_10,m_11,m_12,m_13,log_idt
1.0561097039981027,0.43351306081358915,2.6278283708271637,0.6594499524029731,1.3041012762232527,1.4863616319969581,3.0798162451724793,1.0832292144433333,0.7631273051873884,3.05746001586151,0.48060936792342945,2.1374316775484568,1.2313448124554338,-3.2238951903044297
0.9261031630130747,2.7367773841686227,1.9596574794050456,1.2284965184111116,3.0330169946733387,1.2150674565699453,1.7117812937256236,2.1465861818570295,2.740722499970891,1.3643595233306958,2.6189896379090953,1.7524804308857274,2.6176411713302574,-2.31671639217994
0.5740623107656224,0.432621535444703,2.4674725374756337,0.5572821103840115,2.1961105643353003,2.0677781497414913,0.7709705879053765,1.7065854236181264,1.2502618981705322,1.3158729402193194,2.2239655960983544,1.4082372502571239,0.5593652768515484,-3.7248282292136534
2.696205971648831,2.873715183787333,3.1033028202853625,1.2046344243288711,0.6292138030683405,1.9512541953093985,0.6457877239695238,0.4145263081043252,2.4935612581932287,1.3870687847897727,0.8077779642816638,1.794524841278069,0.8747923691744317,-4.1449871092588815
1.6200766067317538,2.7204224338594356,2.888884372356396,1.2055240253560842,1.1078166717844942,1.9746650473687193,0.5710911848851874,2.9023657164173735,2.9432066997141364,1.840951595376429,1.679717601892792,1.444766899758462,0.5712242679510274,-4.264435853408432
1.74991568975337,1.1352360393247698,3.134991658231324,1.3238040958132973,2.0741913180585874,1.8775814117717713,2.016912712352176,1.8740772399112595,3.017964835853571,1.1405302314108512,2.1058252204169583,0.7679929705039921,1.4023662458590342,-3.4446036693702355
1.9246901485305958,2.044040016734574,1.1949532310941438,1.95587266495851,0.9795243021123852,0.4587663572526943,0.5091679367559581,1.4637916578922652,1.240627271708595,0.92780484477223,2.9095669329381844,2.723216987555625,2.086610958085016,-2.3126544497200467
2.069542296081685,1.5484141975769121,2.639390642755411,0.5298945036428371,2.9215216089236518,2.0010476045565198,1.2328460998957953,3.013171874115935,2.3101837493662534,2.53322303116637,0.5783461316342025,2.369738445395472,1.6018219725603196,-2.657959545019857
0.5615011414185,0.6215837233601351,1.5874771620528396,2.0717533320928134,2.874466900809553,2.8075240512115407,2.0189453244430373,1.4826531544047268,1.0861292201291373,2.764032027386836,0.7435301210759696,1.3010907646656504,1.397056828695249,-4.229496498619881
2.6321767556467166,0.4517365800242176,0.45508071489161545,0.9332519862819437,1.9029958026274447,2.5461222736355182,2.9747432801579454,0.5041415262409662,1.811908009998671,1.17660846865954,1.9570031283772797,0.8308776666479105,3.010292455764762,-4.178326256073949
2.4588968314187594,0.9484734199971332,3.012718478907138,0.7033505178513619,2.988633663070838,2.23602155820534,1.9151988572212073,0.7759458910558948,0.8288595668710788,1.4804727795042167,2.1517259013744123,0.4979494872579012,3.0351125622724164,-3.4625277328171893
1.3946708732091193,2.080579306391813,2.0805880794131495,0.8558932603515785,0.7183771369034792,1.7568804097045,1.746940995911751,3.1468988711684864,1.4592067774253463,1.525905007089349,2.2004814420604495,1.1120653855687055,2.802348122928107,-3.9936082633368652
0.7642670736501986,2.5556052537363727,2.609380078352049,0.6439739095058894,1.8356820159225598,2.110649515423806,2.197401735753015,1.2147564089168106,0.6611325660263729,0.8775397187655691,1.2279510883733695,1.2570955719293828,0.4471418095123095,-4.032176138779262
1.8658506387378635,1.1598304234583134,0.9597855540489117,1.8808527981363374,2.670612022966202,0.5464224044925575,0.4775685266966763,2.8168795823934833,1.5049991237576121,0.740190807276375,1.9030638487437868,0.3632815702676769,0.8483468016763764,-4.03627006307734
0.4468105488411882,0.3571653443542336,2.754118001044061,1.4432339453582026,2.7104022226163544,1.5533947428310844,3.0299337455169457,1.7107050424252574,2.065021764445757,1.9208659052480734,2.7922716544503094,2.6292744919289053,1.8981119680768122,-4.452716802862713
1.0677121971884385,0.5535633119504684,2.4423940591223605,2.103097224259307,2.3932312756099785,0.7274681997509793,2.2076566412836613,3.09217552101989,1.8325911885645096,2.139096976112463,2.605422418116964,2.696610957992608,1.7617604833284735,-4.367739383534503
1.7573373752811734,2.237513623210233,0.6748983615366875,1.9269176407493347,1.3507536322708746,2.6257466285953344,2.8717114204582743,2.971152741715728,2.034634708992884,1.6710468072904405,2.116709223593981,2.551442900363963,1.0248756619027197,-2.336420005006907
2.015529189204968,2.254203722628078,2.436995807016506,1.5670495518316965,1.8612925984268736,2.4491186052004483,1.6729747467042255,0.8708153915667296,2.6005695667026503,2.0733281328287023,2.1950090524265997,0.7040917536443254,2.8286587893880895,-4.631308071474596
1.1202971881140784,1.4125808481741606,2.407595431368309,2.1135863387209084,1.4405691891172254,2.186638137024873,3.0751002523962123,1.5011276423861313,3.151917666780772,1.3587187828667704,2.3533569209103957,1.3590547444210217,1.9515390696574964,-2.9459401831900407
0.530960202445983,0.8071348080996774,0.9487786411269339,0.6534302409699554,1.792031265188251,2.245506711929924,0.8399618137253402,2.034238795531656,0.8079785722777548,0.5641433804645877,0.8013691243403368,0.9378425683404954,2.33527023792102,-4.021080145860095
0.34977065693699405,1.2177101237853998,1.8405878064705024,0.7993266094155729,1.8677708948127918,1.2764771775238173,0.3988444601982421,1.887076902901329,0.6515554120888716,1.2507373244893552,2.628490304437097,1.0977386128597348,0.8984605034046627,-2.628235041353936
1.199934830408148,3.062879636552515,1.1713133840746037,1.2988220434348121,0.8190664506687253,0.8868582087014134,1.2913162422697448,2.714618039306199,1.8430342732818563,0.8452024301329266,1.1622787571353235,1.0521922038922327,3.1281908672859102,-2.3393959201300176
3.1011189957089536,0.3326628474038121,2.808858777892568,1.3775349241534458,1.490218108201154,1.8479590023462793,0.7416491632456433,0.7141374602628261,3.019605765386611,1.9675090448365942,0.6060318463028895,1.436919180019029,0.9989608703343291,-4.157136092474798
1.7324602148545822,2.962198969140176,1.3022700302486923,1.6120545031096747,2.496705731007353,0.844259964288651,0.3648344391808191,1.8835250413371583,2.265578882106178,0.4696479194583598,0.5416484860482896,2.6591259420946916,0.5076965277277798,-2.3987797432283644
1.6726364222390246,0.7051125112362464,2.6436044494232296,1.493902983241833,1.7238684108760534,1.0953453658024117,2.0390710727105446,2.3935083473194414,2.8110157352168907,1.7735670654218418,2.128189170686153,2.149168699465006,1.4204616723714647,-3.7408406571699886
1.8622812200435892,0.7949527709598112,1.6157456026111172,1.4174786845720158,1.8085661589124382,1.5662047080728239,0.6494017523955078,2.4985375483095384,1.0997271246831992,3.031462733526592,1.552442299275527,0.5819502469044685,0.7873636454271126,-3.523635021836556
1.5514652695201963,0.6937204893111686,1.182055254066879,1.6675011244165538,2.605406369173333,2.1094923274299346,3.082841677535613,0.7547054659850628,3.054803317949255,1.0961411564436696,0.7081544482832193,0.6611573538709095,2.385242722230746,-3.577862209518308
2.3225694272568758,1.8921573284461337,1.0043468666605753,1.3621651278567832,2.9364285476506207,2.1351855281295387,2.9360231513279142,0.8396421622518342,1.480507000905452,2.4934420622935924,1.3106404245575745,2.6349751562052837,1.7139982777648473,-2.3223293799759617
2.7153397710443463,2.7360052298800985,0.9098157157847235,1.3145383069716332,1.6100241463439209,3.0249709277782784,2.913756748013749,1.1792957460536262,1.4326510676722932,2.9734376317115205,0.4446186649094022,0.723869973167914,2.556690072228998,-2.3207997481524907
2.2928773005386756,1.9393870970891849,1.7726211526055056,0.7671674929916302,3.148955114631571,1.4824264183320246,2.494746872997572,2.834472272543711,1.760868508778677,0.6437001648982605,0.7974340452769484,2.5909329819377946,2.8328781004923305,-4.0156111984192036
2.900727845467295,1.4560776143147376,2.0270494359054507,1.8962255187400803,1.3222346128998572,0.3870021250937417,0.7551279106924425,0.8854122920276544,1.369827974833642,0.3341152037836867,1.113923281047208,2.303067471093174,0.7315306707139182,-2.5712367930374214
1.4127012174383038,0.3538230726708264,1.8792076765898822,0.4534883236990776,1.8958028791612627,0.6569558733712677,3.0527185118720386,2.6744856839833613,2.0199034263478275,1.254204129464393,2.3845273842701085,2.6341476993024133,2.6011238567909913,-3.3429808871740003
0.6834763820538379,1.0368111302948864,0.9227734270031385,0.6997911719127134,1.7965752550767529,3.000594385835051,2.164061690903065,2.5991502628539433,2.9876238718916373,2.7177984906741917,1.6942639729562927,2.7504357003284627,3.0348436304221718,-2.316527810676041
2.9976994818782954,1.2800941210530659,2.0577419341608914,1.8979046148848933,2.2707064207141308,1.8362904240642792,1.5507043831153267,1.5668705999685137,1.5932681252683873,1.6837773281984116,2.2973055911360265,2.077449313370356,1.5306607434623798,-3.3246147258456586
3.0904031503921785,1.529471695609488,2.1951898646159353,2.0646033896295,2.2089029631548898,1.0194294923038696,0.6361285226479563,1.369484063305948,2.490101198806967,1.8546791764378547,1.6823486011587763,1.900899371381011,1.3617534167831322,-3.1756933121966555
2.6719099152820993,0.7071539905309268,2.2455870444825248,1.3531835219937927,1.9517698205272658,1.971393462458707,2.333572349796791,0.7374638509749758,0.7683240693011999,2.1224933634387924,2.7956214734241254,2.583108508460515,1.099132160225393,-3.688708652859049
1.5621100202024119,1.506115392514916,2.85075742098498,0.9689905197014796,2.0149925591741416,2.1692077953485924,2.948306916295862,1.3534047318221314,1.7678998780601332,2.4892586693675307,1.8407704149688493,2.614934767534332,0.6792115128245915,-2.7190126757839637
2.6563367734677468,2.5070990717405013,1.437375613303723,1.9702604252245672,1.3532490606937122,0.4641164652018672,2.4548437121879205,2.6015829668706205,1.7565433907634989,2.7416208661221955,2.2074303418125982,2.720519652314428,2.983178752429539,-2.320912476570415
2.0404377646090732,1.206430051794477,1.3748915997954372,0.9138237454210396,1.5798099131054189,2.1820324805447777,2.638571340592216,2.0912682360693426,0.887808283965732,1.1838418154063632,2.8397611942889567,2.229563671487392,1.5823259615154999,-4.349623336322402
0.38066685393390376,0.9016125989730197,2.776894488292623,1.230008656726007,0.701080354875172,1.7648288568562414,0.6328406068337654,1.4444381005951756,0.5697176354455646,0.5559760818996923,1.1958256547731456,0.40605923296581203,1.0425242148585883,-2.7623536506187953
2.4526367499975135,1.5958456828919445,1.4553181784396676,1.464851705128571,1.3195449644661712,2.9454254068966774,2.9165254330433252,0.7153052571841512,1.1366310402822017,1.2571682587734019,0.5348658299996704,2.6212614925197255,1.6164632135630599,-4.315640590347481
2.46939020355455,0.9877563321722427,2.513893880473832,1.6335074772707812,2.0875633179039745,1.5381663299017967,0.9941672187468953,2.1813868713544213,2.9602092875320203,1.7942598209523701,2.824602381081748,0.6645587994305798,3.0678596669468385,-3.732634624827246
1.4417343558604374,2.990855605825668,1.6226338170658747,0.4978154614175182,2.94432103973983,1.9563812182761273,0.3545549845382783,1.5941482088253232,2.1502292454983354,0.6991895575997304,0.6007616551570611,1.6510930784558426,1.636679925498044,-2.3149858179104723
1.7512404959233994,2.6296162651732566,0.3609055773136349,0.5577323994887196,3.090809956099416,2.935022159446212,0.9735165121019165,2.514231180535977,1.8274830191588316,0.9198852583207393,2.4860440093059077,1.7108912984317588,2.690160116390647,-2.3197926762446675
1.250070337912664,1.9219894391215717,1.8889554245749174,1.0212031528313203,1.5968130445230961,1.4033602294300649,2.1340769235182906,2.1600227047910696,2.2332084558258716,1.3501535679987589,1.9355192293054988,1.6193662999516667,1.1069123328206678,-4.23774830596091
1.5825310809124,1.0248545721606237,2.1536301050968425,1.1940458030020182,1.3755743184447293,2.932361134575512,1.2630650304521744,1.9454156650683792,1.065337694936352,0.5866698269744344,1.2778764826273803,2.0282570692950164,0.9377186289130623,-2.9957020523290034
0.3523230892126919,2.26563839612548,3.1469855147653454,1.7977031700665145,2.4451821222148524,3.1486667112861917,2.792121328025133,2.0025616566490316,2.7148296830862315,1.5240823437917106,1.905464564887636,2.6658332238664135,2.964374171825052,-2.6290415345581923
2.4146399692521494,0.5886455813391575,0.8381772755472143,1.6749080108430647,2.6503951813291073,3.0503567190109795,3.088368408936866,2.2026181120595543,2.9826610143335954,2.752809111367944,1.5774326626757997,0.5702130260778557,3.1265425631342785,-3.2394205462746855
2.197129942549357,1.105215911921108,2.351427924520538,1.3483598343326133,2.509120924185973,1.0164455768056326,2.6642846479367543,2.735198860116492,1.543904213076102,0.5036824974069742,2.5966018134184674,1.1470590423189124,1.0693865981259352,-3.4396353725364692
2.3379715675339465,2.179652517630343,1.9897898250194668,1.616459958704051,2.637484695410245,1.6230318439120492,2.873595487858238,1.1473308558203537,0.7437950656005735,0.5322379476147844,2.7541483813584584,1.4378364856593424,0.9736893582247221,-4.501328164913803
0.6549327423517148,2.1127949876520864,2.3434537851082755,0.8688790005561278,1.393161182928315,1.7240989482631142,2.07085241673387,0.9058897436366455,2.1319810881082315,2.9798695628944416,0.9220806501841468,1.4570481681894674,2.971880550589521,-4.2776187485099255
1.376453687836199,1.9897045242732376,1.9990626299628822,1.0480433093602355,2.818423235918269,0.6049845090987851,2.708707153052942,2.0635913946041526,2.756174409908322,2.0443105038924956,1.8508660009215236,2.008484607418698,2.5801751286358185,-4.390626399567298
0.7355845293561314,1.6938030884759294,0.4029168249632749,1.2138842658440094,1.575918568577867,0.61473749278539,2.860535389005821,0.6618641932892599,0.37556914089911514,1.5561116296791826,2.038477414403447,2.194092414458131,3.0923435127832932,-2.3630194552592454
2.1304036118847685,3.0593090226632795,1.3931140602639154,1.8380935072804925,1.5332167123253089,1.2470115312996537,1.4001734540385673,0.5767836212744522,2.6311227626679754,3.013106282107365,1.872960319944499,1.8868910756736226,0.9757337289979315,-2.340853154923365
1.1173162244501444,2.5448480945881764,2.4279400760730008,1.5020621584518237,3.051675817774055,2.4404029294898253,0.6742537149332268,2.5032047678572855,0.551338064022084,0.8728436942742324,0.9916658222405182,1.062190190632846,2.5083126836551926,-4.393259973766391
1.2964370752970125,2.8157446673700717,1.4031425761688183,0.9316808270906739,2.947238992065075,0.6425298975358571,1.2759272808114617,1.3135335265078685,1.361011995165521,2.0503606138142283,1.207333029739218,1.754961517868443,1.806348340854498,-2.3266476935934333
0.9969489759907861,1.0069304283212341,2.5240033413527154,1.02776829511437,2.703365622069679,1.8114227734281108,0.8862637310987589,1.5134204155089972,1.0764492848497027,1.0381721773642967,2.2573135522063414,0.7027772500522576,3.137730210299392,-3.627424427707667
0.624584933535866,0.7728264705645651,1.9753998344438244,0.6305086800000773,2.8082635344217555,0.6034571592292766,1.4858240675757994,0.47254122395344383,1.9253371685327643,2.37362534059762,2.1084880455844077,1.6246861605962604,1.4944786279049054,-3.3822034175220566
3.0954830420648793,1.7602061223012064,1.1166296396204265,2.107288682902016,2.881905982738471,2.257410792943232,3.1424263712399627,2.8244835387350284,0.32831663949044465,0.8283224183448394,2.6945296372279177,2.350547409287224,2.3681591103783495,-2.314144087905075
0.7613400715867156,0.6672923383352405,2.5518772878333715,1.1809005824818382,1.1455330295666286,0.3200724248545071,1.9739183896630006,1.8567307605463854,1.5128387034728932,0.3178085864375769,1.9325660724497413,2.567067051573435,1.0074574798983802,-3.2855377548668327
1.7363383653506195,0.5275795888564219,0.9146699219792085,1.2362758418977131,1.08386317025211,2.3920779310926403,0.8980689206744195,1.866611417351491,2.5336216433565055,0.43462062159940856,1.7784441997260776,0.6780781993192244,2.9949639379873383,-3.0332710252772865
1.0229677070138405,0.9762615789660711,0.8860268719194881,1.8746407429664158,1.1352732970489945,2.811144020347994,0.5258664388968659,2.6381621324100286,0.8957610284024287,0.8835478585760947,1.1363997661689447,2.5560856460635097,0.8203655700225889,-4.113517267536906
0.4256873845552542,0.3498528592903962,2.0859137538900865,1.7352390858164362,2.593724042614204,0.6210641261912908,2.1684024493556806,0.959411537212203,2.302483520887421,1.3545572541541668,1.757178074688806,1.241537888023142,1.3242629059939874,-4.518173474508891
0.6342733780163794,0.44208259040791853,0.6921783080768378,1.7544097885030925,0.6865729630704416,1.6627140666272513,2.3000922625684943,1.5764800144803182,2.84725326786432,2.1700001438807166,1.8453461690038833,2.386289364437124,2.006582724790155,-2.7157089067495073
2.22575327450636,2.917694973356531,2.7498064960335538,1.4564196305605641,0.6206818689766392,1.3082394089582918,0.45137882785262584,1.5337730387167465,1.0038005003429116,0.8161590467668745,2.3669198833684026,2.163048030065573,3.102570953816949,-3.9891909661517806
0.5225717844722007,1.5390149754699407,0.4504605647247114,0.5143983440191434,2.1356858780699395,0.6935593436279974,1.4520317137929104,2.6715758848363658,2.899864238861132,1.5757083912757288,2.2250287273521097,0.47911648210935476,1.3889131378299993,-2.3564449384271993
2.601217065430851,2.967017363365427,0.9068109952019936,0.7790149227667773,0.8075943477694644,0.47634790477029926,1.9239822996476934,2.942805164049112,1.865451014346042,1.299046544777391,1.0973332885398128,1.225081154788804,0.3490172934528896,-2.328434050721616
0.9207419223925526,0.6534836200825012,0.8688175748011335,1.341622030093608,2.380538140543422,2.8764951475839986,1.7730453450677581,1.3064341245244808,0.9582045317199144,1.1095482829885335,0.5623041164739683,2.717654629848404,0.797552129850327,-2.819519828315857
2.057255460741545,0.6759542065711248,1.0937625854908746,0.853610475019565,2.4087108953594543,1.2738875634356461,2.4982272982747835,0.42711095156244155,1.874331011616588,1.9457900204099692,0.43301446778805636,2.69230062126942,1.1311068416397676,-3.0140127933129883
0.7980328863935797,1.544704563752147,0.7165617803250713,0.9281917865167029,2.7578980953436925,1.3221168401183125,2.945019729109476,1.4782402724001478,2.8560326546466572,1.4843352280740545,2.933915086721065,1.4323534652871668,0.8813201998096611,-2.3148667002633054
1.3856630486392867,1.2501600918282538,2.6735052191999986,1.8236658929091574,2.0604900392727292,0.5888856871664532,2.3213042935415733,2.13478933833203,2.95092926511158,1.8434107355418703,1.6017589465702178,2.4888153522217262,0.8353281637923542,-3.456856331698554
1.8227429675570812,2.0656034805799925,2.0864945143458042,1.0977313664952904,2.117459199944858,1.7345217813001816,1.06581213568644,2.6536935759958427,2.1241280333854817,0.7559755132874681,1.5350253707711896,2.0419779852147166,1.2166184454344073,-4.287679825040134
2.96089732601538,1.900681764238118,0.9284228819978222,0.8825402825982842,2.9953944322894226,2.2067354597656554,2.947869344770425,1.4143692315150387,0.729002908570558,2.554716938623082,0.8303474699415574,0.5988732469636362,2.01190363377205,-2.318074510082298
1.45669462548043,2.1723167423455854,1.0951573389290672,1.2345814807407578,2.8039111615440144,3.10287802551462,1.0260659543839503,2.2726220511382147,0.40050202670926377,0.8562154170048482,2.546397630019448,2.0162233853433524,1.2125249668577929,-2.3284306615021615
1.4015385223935148,2.6060690678970717,0.6239827177645945,1.1223518045015153,0.8374051997730065,2.5356473986693713,1.639272333155975,0.6526120534414064,1.0161702053989925,2.3169034484826576,2.321185522023616,2.238288395564685,1.267870104330906,-2.3509601300834944
0.32550623955712915,0.3757401724778932,1.346834099746254,1.9080328240712074,0.35430518303100944,0.33524313344839846,2.3474870749262884,1.0971084011568544,1.0986013438980045,2.1559289094399188,2.5607295788119826,1.3203108728174113,0.41645020084746837,-2.9062788805514743
0.6703611336866275,1.5765978819199677,3.1207821142494607,1.5993151116267952,2.6110602687446667,1.605016348134284,2.091540901350265,1.0563392052420641,2.73886374262678,0.9177360107072856,1.5609792725989793,2.033120585455848,1.6136988743844418,-3.388987985921525
2.314112899320199,2.2131755103175954,2.8392591200708797,1.8433719808049867,2.608113436156627,2.718944990664776,1.8428820260073815,0.9735961252039287,2.929469539198499,1.1531727001030367,2.734275637389806,1.1244227029535825,2.1262126912430395,-2.5033120775921645
1.8704057700906915,0.6913588304874281,2.613718326936342,1.6983318408605834,1.2799590172599367,1.1205222213272301,2.582238380843019,0.4339228783452552,2.5960880747944466,1.788879007756945,1.0785301933807623,1.7279369323468765,1.0346528705984628,-3.5744076968779903
2.4642327919395015,1.9042114307254774,0.4659503753698648,0.8336472691944696,1.8998931560949295,2.9571974922140654,3.1138924075084695,0.8815608319639245,2.640934643577441,1.8235618953021488,1.5547641092739715,0.5298913067850409,0.8307436964894499,-2.3567434648137406
1.578425644056669,1.176000843578311,2.3216767220756855,0.7378421251227962,3.0304138803422003,3.134276356801721,2.891645478218839,2.627506503077247,2.998047494459994,0.48061391163113965,1.9833019283479096,0.7259638398474628,1.8454614364245971,-3.055051897351359
1.1854467952199144,1.1474225791377424,2.468685640025041,1.2159764309204915,0.7049872338505265,1.0071120698742633,1.1801822326328921,0.7667398312925658,2.516145105777593,2.7667357840055495,1.9500429439885407,2.5347788711189536,2.173870120041273,-2.3392389994763074
0.4970772829339922,0.759270469889842,1.5392151584847205,1.65656137158848,2.600399015673916,1.2610718372773646,0.8085595182873093,3.116362812796277,1.5287882289073373,3.1200209993148547,2.828373646031066,2.4527876252764202,0.5664465116812825,-3.8976794795402028
2.896000565773964,2.0072676617807073,0.6990051957989545,0.9827963788665517,1.090964383953725,1.8190208367647602,2.468214272238874,0.5234242270857952,0.4517041707588165,0.7351977694448933,2.6417242323343393,1.307515939699342,1.8393196377228116,-2.359141776882023
2.0819391860917773,0.508465327336415,1.603788410097369,0.9157909677250238,2.16618166881326,0.8772234767336586,0.9087324722196168,3.101313710746176,0.5822485715390329,1.6804952116394476,2.920094731941729,1.3119173822715373,1.4680777752497904,-3.7644159094275604
2.860925042520681,0.445844727054429,0.7175099516577763,1.8186178068220882,1.9630471224052153,2.2050095245564503,2.32655547646398,2.7060139942031087,3.130814696536198,2.328712662939807,0.5725709343963566,1.0141332565456516,2.9352890573929735,-3.5045287153663067
2.5474394544646755,0.9655680753648774,3.0604956807109422,1.9425823738451657,2.7491038169637725,0.9176043452083147,2.4006431823829586,2.6593409326961743,1.150801219434394,1.904996962508732,2.2506857160738005,1.7507539937689016,2.0369840872265867,-4.061189815471781
0.6106025981988603,1.1659824050904892,1.293379009910947,0.7870469618120634,2.645934306482383,2.1910902396125596,2.4703683578307785,0.6108408170895014,2.965839679939461,1.9282729954756235,1.8230883735495753,1.0664757847018844,2.7487109515652257,-4.287778296626743
1.5975721927983109,0.754433175337856,0.7573422494075709,0.5194623164748163,0.40789661194539484,1.0582214861629367,1.4577936930480089,1.9527844485240387,3.0001113694258272,1.6450801757855416,0.6527324522860206,1.3731087221561171,1.0287834847468447,-3.533528985421284
2.842538519753139,1.992256361865926,1.3537239421099303,0.6134841408625659,2.728264063413858,2.704963850284816,1.2929030105129435,0.9004898413712377,1.5494925681669005,1.2186685373501147,0.7411898040270755,1.2598074882766608,2.268956241482908,-2.31657790392867
0.3183211272679214,0.31985137954522797,2.2702293856506746,2.110851396352375,3.008937051221865,0.8302636967422716,3.12644679720313,0.7615001793586413,2.6549191436533848,2.5872201203892713,2.0697154983716626,0.6509938542134279,0.6439247451131174,-4.765999232214518
1.1708008949311348,0.619684840076614,1.0448893418946474,1.2824876619956787,2.2882244671842646,2.437024333002343,1.2688085423854993,2.927701035445332,0.6480877104245372,1.3098583895412208,0.5166225476318671,0.9685007512725863,1.8852906875528703,-3.4592233336219698
2.8458259921453317,2.7422740541538544,2.9859469892900643,1.6521943591008963,0.9038047064498553,2.7439451580727225,2.790845006054259,0.5683902646077899,1.2037559690106234,2.4383467015349845,1.9802644147461825,2.7848387902847267,2.51429975053319,-4.563052351459265
1.7385895453723206,0.3169110086721173,0.7268371388975716,2.0084556199450594,2.2431457679862996,1.5975458903747062,1.8806134391926543,2.028125197748179,0.3236165346240511,0.8595931682181996,2.5291485752249248,1.5686136458788407,2.2564255101168333,-4.125447559723009
2.8682286522995852,2.2233438355326363,0.5085783159688433,1.11508072681745,2.3527800168723862,1.6488886720595868,0.342894600376854,0.7079780700096012,0.6031033106087329,1.3203197676328355,0.8194527074181127,2.0971955246436726,2.213152829996503,-2.3523104384698144
2.6401353493377613,2.1154749886960715,2.8141963488339115,0.47181268126485726,1.672852579883512,2.5216163811863757,1.728711125204928,1.2706787072642518,2.6272676354930096,2.492521717820327,0.8097130862244784,1.6476103017749144,0.6801294728008971,-2.315554731906575
0.851180628568657,1.0331473456469382,1.7202346636524368,0.8781282379741365,2.3978734702242686,2.4588223551843407,1.1336359437381178,2.321305439859687,2.7587077930612045,1.8630069300735348,2.5335726849737705,2.055208338939578,3.0537145747620658,-3.0345244786104852
1.8110240253736827,2.20215466154293,1.1899520658444018,2.252714341132267,1.0019988758832021,0.7387743085416845,0.4312515308355439,0.4539669085189775,2.4052407434510727,3.035261540030672,2.01991667261401,0.8097481486239109,2.6371716639018588,-2.315010145063502
1.9209115190211727,0.49745483011703595,1.951566100816689,0.6622615579289819,0.821176018794143,1.2392441935572875,3.051064077789454,2.7420254389522554,1.5676876680459304,2.750014007384142,2.1873785818505525,0.6051533768628508,1.19540235083631,-2.6608727456310763
2.5668661296712507,1.983071105522214,0.347630308331631,1.8419257255204917,0.8450424967234571,2.3194511585961513,1.117505447607423,3.098373412841727,1.5768001340333473,3.0456026844524113,0.908382496944831,1.7395958644098415,2.766949543711964,-2.331517560295168
1.4216665290365562,0.4356647071686295,0.7722070909102964,0.5202271810786481,1.326784019464347,0.7975130385455506,1.0762974029982109,1.4752424198180614,0.9941490709609975,1.4883916104958945,0.8780225752809964,2.625328728997488,2.852434151203259,-2.675525012132593
1.8309454722646137,0.7319058751255239,1.0296159935650233,1.2325637086971073,1.4587477036035197,2.94010150323418,1.4344761104008703,0.5754268713409334,2.187707717196061,2.9001508260199294,2.5083126806990377,1.9489363716110872,2.444152418397664,-2.64583041797346
2.033456968319504,1.683133431292683,1.8596035927589925,2.0616751409811265,2.1783718079333743,2.794223458254241,1.9976395535304763,0.4645755524257367,2.2049438028259187,0.7306949202713364,2.671444482887237,1.0039389800332121,0.7731653758769204,-4.829862591739841
0.5391383940197241,1.0084777154348072,2.448549305970354,1.954955256691223,1.0445233244085308,1.0854817019152856,2.0359323643616847,0.6078193918107172,0.7543600642159431,1.5186530277871817,2.1404586177493177,1.4433214673943329,3.161390957759509,-3.1611963835589836
1.8808513249845435,2.3693704037751324,1.525090732313768,1.1237901294663022,0.5866702663613544,0.9109290125666989,2.165240301318124,1.2791592927712068,0.9067885207313218,0.9681073573102084,1.6164727630780062,2.494373406594948,0.9820162549090425,-2.319332595939444
1.300997089254234,0.6601344387008101,1.2051443148923422,0.6736147438742752,2.969286919885132,1.0389654906458907,0.918175288757358,3.08328785498044,1.7125546229227682,2.5187837365336576,1.800127573519734,1.4582341804265222,1.970710664605359,-3.3361931620774667
2.787623009070286,1.536604703303437,0.5401968937756645,1.6198831144650618,2.0418648910430486,1.698151651820585,2.2547185694506067,1.7915477919464233,0.7871525405791888,0.9056916248265825,2.5399700041954745,1.6090438686360315,1.8335184042959296,-2.372843446390156
0.7084197079233968,2.1407066292912615,1.020431202583406,1.4869427353786735,0.8039724103240098,1.5425440332584217,0.8210082215825258,0.946243990728082,1.6660831751144718,0.8648626222763476,1.4787326834308465,0.9829059586119651,0.737352315895234,-2.31436512886613
1.032564298151877,2.0552782003131718,2.896780462379295,1.7643699500660617,2.8299413684923183,2.359177452436887,2.278691515563532,2.792989061592237,0.5534159955807287,0.599586986952751,1.3608063290853858,2.6195746277076704,2.7456353269558202,-2.878399067638116
2.5691745516220346,2.4300687948826822,1.4084582167946977,0.9875931941706351,1.8395432904021964,2.4882599396227523,1.653573881985424,1.8356201211867977,1.9783284321939512,1.4626018308402204,2.4507295594830794,2.312922931267502,2.659846423943455,-2.325030803906653
2.6639000587539314,0.8560350385449997,2.786656514950514,0.946775051775816,2.7219979029906107,0.8961021795398263,1.8125269453640271,2.5275999804050935,2.2925294012760142,1.8787761123700557,1.9978228650851535,1.7312025531680344,0.8269855223565061,-3.6580207373641507
1.464423583013251,0.4189064041434302,1.1698229059840621,0.4498885990015643,1.915068274354839,3.139869420829814,0.8638058260608532,1.108495258235725,0.7831878040110505,2.6798682811102332,1.8803507736762421,2.4261703119665277,1.0071890710700366,-3.2379977304745116
2.6888091124006475,2.193872034576589,2.1462626814397643,1.1729138229946239,1.602302822552325,2.3263767328757314,1.345259392098006,1.5035982260683078,1.1541613894147031,0.7421249665009969,2.8917135599635975,0.6941530042037127,1.9169694756278515,-4.256418204639015
1.7042285002501385,0.492165311073144,1.19345368589052,0.523234662723442,1.307517047858209,1.1245609731361272,2.0799900705558505,3.0093456121490716,1.3809774676542088,2.2870999829015224,0.8934507683320511,0.5561159376393934,1.9753711093436015,-2.7675484197438425
1.5132774611949413,1.1077092565045923,2.487802872219115,1.3059154725584083,0.6711209851894754,1.4576263748318146,2.211334789053788,1.188085983071133,0.8055327458714374,2.0100982849890583,2.7598173806849537,2.4481712341329103,2.1691998647040274,-2.3285405414752858
2.3334774787512096,2.4361428035106973,1.0767446310197393,2.1426705879339423,3.0486906635424473,1.4542584900564082,2.553471655936712,3.0172166660752064,1.4562742888649385,1.7632537726584234,1.1875086873210206,2.558074860157315,1.7087822625013116,-2.3217461126451977
1.278097431248093,1.2277249216546584,2.505502307990364,0.8612444600100755,2.618319198045244,3.0385607958796337,2.6309772019242663,2.7697491728689863,3.0982585156613047,3.1281072709185795,0.6906760150293156,1.020147138410292,1.5099598798987397,-3.063389576397544
1.8380859064758435,1.8210331628725243,2.069269904941802,1.531751672527877,2.869677396872465,2.1029840292299204,2.6562190397605576,2.544663689502666,0.9251818906854798,1.025410869618204,1.9635011924385353,1.4936350015145776,2.7885988782798727,-4.779634312011689
2.201613438042153,2.325039797369511,0.7097285553118655,1.9727492064006151,1.18261002329647,1.7913273371336815,1.5397207792959966,2.3899055868553902,1.345838311143654,2.612595111497069,0.39340657894198583,0.7306517634812106,1.4599839204666596,-2.3279609995870048
1.763840103402714,0.48416627811271684,2.8048599120427764,0.8119279951767693,2.7722461797476705,2.5271648583720694,2.623792312240036,3.0609989139782843,2.6490804534175654,2.455788536629516,0.8161478969631657,0.6244143237962971,2.3299180042069967,-3.9303860426056394
2.591827055528177,1.398419411292099,2.157955066142753,1.6378775059683426,2.3850789809910853,3.007431958909158,1.701454386273848,2.220339020156219,2.9789233963059822,2.1837392921066705,2.8228833542652625,1.3405487299681633,2.530568012093557,-3.133086879969032
2.2460068632593098,2.0046492960282416,1.131622867468336,1.3885882933134097,0.9405558386034034,2.452687549704894,1.1950830533075454,2.6172868512394616,1.725029963204491,0.638973329395867,0.9771605060726818,0.6115357325904549,0.4735003924742536,-2.3210213440894973
2.2043993266489115,1.1125842764171787,1.8966128734787182,1.1962369035355824,2.1834399255079657,2.73525711056006,3.0966642909615647,1.4226614993271443,1.599143800268449,2.117099903527893,2.6552584634927587,1.7443008180899078,2.949360161466131,-2.9952530229826384
3.1358125790129194,0.9522767894087607,2.704373630795493,0.5912371901584765,3.067175737201062,1.4426238412944592,0.7476316557438589,0.9039015760909268,1.6868786450208053,1.0589721508580499,2.1839062929106317,2.462194288387851,1.2799832534934121,-3.4677947014972306
0.8996996846901031,1.661431882361603,2.7258624262433564,1.730338865816292,1.641973440657053,1.8402950374601648,1.2043256019511481,0.7429710027838166,1.0599434875653893,2.707279261021488,1.3656224431992128,1.4724273295467483,1.0487825124717092,-2.8924793860245326
0.5439206660801623,0.39390810734959014,1.1279870975254476,1.3370962029201312,0.7715554151579762,1.3610285079565219,2.702925034924009,2.017681197925462,0.7319797752964643,1.124719285703868,2.057089514462838,1.8519932827132906,1.5509661049846317,-3.187671130088519
1.3903755826774402,1.0421615998750098,1.7537462036221112,0.9743456027847548,2.7969099620729936,1.2057891869773114,2.6550322279204326,1.3654038796746109,0.8488751187097554,1.2055147292707855,2.5177823877206595,2.050062104984466,2.43659190132975,-3.09133528296732
1.16765333448449,0.6984144762933429,1.2994610639094686,1.872761792219312,1.9821507914583534,0.8174902085415934,1.8957019849153256,0.8145325632568866,2.4637156343860043,1.735064136662293,0.9355124879507994,0.7367843391456395,0.5380547738742714,-3.634763241863158
1.6285491123560525,0.8163822715969222,0.4392020415653958,1.3032045370276475,2.2200540887791393,2.4011065738099426,0.8471686363137501,2.556010276194868,1.9693293303119292,1.371215650458676,2.7392075734082058,1.3340883501848213,1.1499882034144413,-2.337070542938118
1.110682450737896,0.8136821949270363,0.8883819854829462,1.4594997116500397,1.2737411718978962,3.0905274087947485,2.463953736226225,2.758683240919426,1.4638906965623038,2.165624336581558,0.7073231194234346,0.41156464645291774,1.6580647245019347,-4.476596293876896
1.2747197989376569,0.558258654345926,1.3918482232938736,1.2018101536871935,1.7673499332046136,1.3694558088390125,2.9195775170003153,0.8322664557651711,2.3592002194791366,1.0901128989788718,0.8510736328208784,1.2982435145471627,0.4312319630071419,-3.503057310539919
0.7449560982458439,0.40290833933556824,0.39018315714178137,0.6657594404286162,2.681614191586188,2.5551101523489237,0.7354342899169198,2.482382796934202,1.302641056092354,0.5387160830459785,2.4110965799958963,1.2533202927043843,1.2749804643388476,-3.7027539147727446
3.0397921702691524,1.63820147597914,0.4985619928670454,0.5862178162502788,2.6348453190037273,2.751494212452024,1.4036465573045804,2.664445429487807,2.0921038550333892,2.4587536408903112,0.9959231894180459,1.5569110296951312,1.204532204652376,-2.3306102196827796
2.3127811054719443,3.1018137933227354,0.8799726250999111,1.3693648668112213,2.6023837113265356,0.772223480825045,1.6697023542830567,0.7176778635796843,2.9776819077851844,2.946270001214096,2.2700519756315187,1.6400067296721599,2.966596993401771,-2.3199230994643956
1.5185072597485776,2.3951474036429463,2.791697391475776,1.1882806739742473,2.476922890062171,1.6078055115126852,2.3770009570300052,2.529855766182211,1.1094761097173107,0.5157695251846861,2.470376016024791,2.4251166097962873,2.783882225319105,-4.64918027053079
2.7920420877294183,0.37072703424555176,1.4844009048993043,0.9541984535179537,2.233067593708037,2.2931464734065266,2.119869247886751,2.4441056029479915,1.0686818438680692,2.4185341757328174,2.255865137016928,2.7674138498390897,1.0841062329270472,-3.9025286400928327
0.35840523729289375,2.857524980583957,2.785004618217187,1.8576649798850318,1.3700434141463589,1.6020400414012592,2.1079385732071163,3.0336755818943635,1.5897612431941663,2.194640888097314,1.7068928652414292,0.4129046162350412,2.5581736822059087,-4.541209452701414
1.804877312820916,1.4651698726551472,0.6454175137012432,1.9623806505137624,0.6566294276505471,1.1362012924614846,2.669652191594779,2.1787328089877858,0.43984498361223107,0.8614845310229235,2.8437490522245357,0.7934734698862428,3.0547543346045636,-2.3348960209210743
0.608724540142316,1.5318228477789455,2.6792004414422883,0.9802676816121136,1.8328453536229865,2.7669398169567154,2.241469063331409,0.48492727996731677,2.367241170268356,2.3649599918802098,1.4286898032504305,1.0876868070933325,1.0474092119466345,-2.6039097184361877
0.5720624741480507,2.1778105277779347,2.801673210656802,2.214358575646306,1.8753738359536034,1.906792496593384,1.3030667378672096,2.2099575707754946,0.6563161922899129,0.8999851728702553,1.0498141745687537,1.8643187149664198,0.5788681378190625,-2.4164325248801903
1.5237653158203925,0.5716950668805647,1.8093428705652876,1.419300257177504,0.8175026837092072,2.3849536927373673,0.8599941780719811,2.8524820263709376,1.9266866803983222,2.9405001695874957,2.7790967360454895,1.8277422874138167,1.571770525811277,-3.2413047459379256
0.44542376871192,0.8960012265811901,2.190260384384174,0.8704217538891603,0.9072518850642779,1.2211948286587266,2.683116112324109,0.8365810036441639,1.1396641252248636,1.9634115909380712,0.963051920010026,2.023573040798778,3.107596670845318,-2.4466929709848393
2.138963015704544,0.5341642244111274,2.031421212941477,0.9009339347072004,1.4477566909937885,0.4038949330005715,2.2719978301337136,2.478036613386657,2.2130247847712337,2.6177561590099074,1.000565676850774,0.9876442568006139,0.8708997282758917,-3.3627767333718106
1.535455777841798,2.645152990812663,1.2451778113449472,1.0987075379839377,1.5914616185583137,1.1739131700857108,2.0678011478473937,3.0059328478663376,1.49567887885438,1.717223375573746,2.914722766626432,1.3319130164805248,1.4841676521488485,-2.3491360961750165
2.0760823925234964,0.5508127723697158,2.5453078386127967,2.2224579656779686,2.1710162773658257,1.3305839801446868,1.1882227158464742,1.523909018441064,1.7828292536190222,3.050091740127865,2.8696682960080553,0.6915798781584686,0.983913485766007,-4.4036069394523825
2.359349392330659,0.7115182817164194,2.043185213727079,1.153488583628404,1.7051292787864882,0.4754272035669903,3.1230186803210125,1.175687705026739,1.7100493419859433,2.536776182802687,2.9032007411880096,2.0807295942657946,2.265715424388749,-3.3794361599643343
0.5481583606668479,0.35532927001507403,2.9550650718118856,1.3651836562414692,0.7872589293585579,3.1549608187615936,1.8124007222687948,2.449134664081368,0.4420848007837427,1.9363370043059596,1.1707769455718753,1.5652320792224248,1.4302759265043856,-3.5543708373150573
1.4155898577052026,1.1037531120209993,2.4327841926223335,1.3261693525275302,2.1219149264342207,3.1535808825590212,2.6102932920241217,3.1240451231929396,1.237547872426069,2.9152227510185367,0.5058662785338279,1.218999095682165,3.1573000326559706,-3.3144894886722356
0.5097381144252544,0.5741174417265114,0.7988007092663361,1.846354122964529,2.5244243350068114,0.42898525511527924,1.9334187691965712,0.8631053092459171,1.6370463692046104,2.264609273256278,2.1146515351990516,2.5083819193605357,3.155420423458916,-3.2854053097356894
2.1088151775331623,0.7617068786568825,1.6898106725291817,1.700991081214024,2.050050018601324,1.0670995075067258,0.5530486730083689,0.5104877490351099,0.8359712748035604,1.4952699194950059,2.2440447376503068,1.7966475841899794,3.0830224903248498,-3.8430020038523085
0.3632764746180125,1.6553590726389908,1.32692554726556,1.4382468357963913,0.7033187591380965,0.977906597084216,0.36575271519272734,0.441396752717081,3.1071024343397315,2.0962566066258406,1.1650009773849377,2.2601286856081146,1.5770012459969984,-2.318633951088025
1.801264630528199,1.8465761469884199,1.8931425544433493,1.148008366553447,1.8821960155768573,1.7118225340786941,2.996108006962987,2.9454495954158944,0.8727194303873373,1.916547716889509,1.853743858333678,0.6348263423395988,0.5480749335134054,-4.431989085991312
1.929917311086244,1.4750414235310334,2.239263463652236,1.595896684333937,1.4754271583646439,2.792007809048113,2.7003584696181404,1.4090552904439295,2.1001095126890945,2.093415414028951,0.6083252013085403,1.1840129239582797,2.3105134475429123,-2.562352200126207
1.6784516670787057,0.9139918649819725,2.2761608557279365,1.3915647161439288,1.6390452599853023,1.9124155837820518,0.8842708291061177,0.5908238885658921,1.8671887027375862,1.0300225421452882,1.9071555751648763,0.391164029101686,1.819390075141497,-3.467504822136524
2.3023710312930277,0.6691898693992638,2.174116979027738,1.0363795065634887,1.8874375394228267,1.9179052637980718,1.2959702266039443,1.419004504682638,3.103416226573683,3.0252457587815216,2.1440601270389847,0.4001438525210149,0.3576551084334819,-3.5893568421519753
2.356700039257834,1.4247385049903967,1.8622341315577382,2.243684642915433,1.5297228170883628,2.778718687138666,2.9913653414096046,0.8083852020351051,3.1552930256531146,0.6011723560005036,0.3848641648330896,1.7017605235830195,0.6362810019099364,-2.348732035178397
0.3774365861896312,2.9957185544791503,2.8342793647360645,0.6946147821890158,2.3341880157033077,2.8870099326694776,1.6255361662964023,1.245714448618415,0.7165433995643338,0.41807306115706006,2.357466802426222,1.5191963427214352,1.463308676606723,-3.9484233877080372
0.5056869325372387,1.2965398717804975,0.44357377534688996,1.9035488758557946,2.0544349005842095,0.5944354176957195,1.9547261557921005,0.9098060392272749,0.8643403550193494,0.5603968190407694,2.8576725103977365,0.6323774263711558,2.4886788335250816,-2.343609337245646
2.8812864170989565,0.9326753964992629,0.5235144152859033,1.161391671081709,2.958698418358044,0.8364087454625873,1.8359824646126617,0.9394072979410306,3.0853572996915766,2.1943995725227974,1.2688308144846507,2.215938540102918,1.056135280276294,-2.3214521050334134
1.9817335935768563,1.68704807485294,2.822788027011795,0.7777837142444973,1.9711497414863535,2.366134790230523,2.530633417679904,0.37121502334741013,2.0148688090725013,2.30477258051056,1.2191199226088494,1.2331987464567982,2.951528249283101,-2.363952375487907
0.8801385169501261,2.2791770000882816,1.9792761173645492,1.5090192969224696,0.8303520321984506,1.5954275278686016,1.1320768178355638,2.82943864412502,1.941859009297558,1.2665206811225374,1.28003148419272,1.2289452832169452,0.6455165916975407,-3.9992394263881526
2.5658774681669505,0.520586049702234,2.74005275911895,2.038711495572917,2.616352244696579,1.5687872707323038,1.1916470979008642,2.2109717777217814,2.331118074250819,1.699067217037536,2.247328424411902,0.8634692203488405,2.41660144395756,-4.534772745775975
2.4864897734485476,1.4692902204269347,2.2805632231768924,2.1953525680271735,1.1540477764971042,3.1143740452832276,2.8666634116524445,2.4653393580859686,2.2814292503040865,0.42174723992720115,1.7734323838021986,0.617826826822442,2.7661015862441367,-2.6356111681404006
0.8835293702986828,0.7423003416008238,2.7612517819767866,1.6607060024773885,2.5530908178771026,2.5232165109137106,2.734616342445748,3.0563202723280596,2.6463625854884967,2.7045917444474217,1.9466374252970542,2.652934101397118,1.62313048628092,-4.056563049914363
1.1926700850001426,0.5424661029619484,0.8851454453179517,0.4654600397444346,2.568776111000537,0.3838650383472324,0.8882450445545969,2.2783927363171674,0.6448365994944314,3.102294476598674,2.46151012030555,0.6541293834664781,1.3723695101184932,-2.9158085077376477
1.018636318268756,2.4706038310326077,0.820733890699999,0.5310457291169345,1.2864013433120718,2.8021082854192128,0.46593775170099205,0.4695156154330456,2.2280850266932686,2.794521257258307,2.6016601349332262,1.063352493328622,2.887420315927532,-2.3504125358927044
0.7323501039107123,1.143741624456904,2.3019166350689755,0.7550211255733021,1.5447135024903527,1.2099084380398522,2.0012360989638274,1.033357316472433,2.28616091161679,1.5959446449197237,1.7118804482883039,1.6056093509779426,1.2024004972012337,-2.59151916995106
2.3701985847670883,1.2388798044375202,2.1104637805544595,1.2089875801406655,2.0374219343323055,2.8637373095675573,2.476378773049503,2.4049036861795563,1.8849005713924052,3.145566458682298,1.8204016306097277,1.2672266200566897,2.3738491508264965,-2.9248739730870095
2.7340529315399325,1.4103610019181272,1.5836773916153202,1.4163285559193772,1.9550535113828118,1.3247988836671885,0.5227882158723917,1.5289408271793432,1.1926512869081023,1.0705318132986703,1.2525523313981788,1.8764307458190213,1.1604455646428822,-4.468809902813027
1.586662327368771,1.6273521942795235,2.7430299449231117,1.0169184555477597,2.6612623940486375,0.7222098340503276,2.1884926467489505,2.3603284701645095,2.3562815550578695,3.070194979537216,1.5446218224005435,0.6482237050738034,1.6727026644539376,-2.8865814196626833
2.079324017390448,0.3364661064125661,2.7524941106329472,0.7457646006355154,1.318027632495031,0.9704770211746692,1.783592294143661,1.1541382242156573,1.6039250726094323,1.5453493847706388,0.4190545220305283,0.4637789802431582,2.6770963456062273,-3.568246124163749
0.9795142928455245,0.6381391494982565,1.7480882087889844,1.7071526517844369,2.5600119872828393,1.0732422528966408,2.5796410652834814,1.8325936725972571,0.9914603705427227,1.6100036859236302,0.49058368915309425,2.159379777959712,0.49179834396688726,-4.027010333999251
2.33174124308647,0.6719627985769687,1.368682145879044,1.9717678120267832,2.586970500702413,0.5684003457012173,0.9649690921394041,2.0859194622549246,2.119354773467136,2.1457504762900528,1.8642273061260004,0.6968105790002804,0.39740324882144057,-4.02170858624958
0.6426861275944797,1.8041373442399349,1.6285990426556314,1.35408263076999,0.32395479525250126,0.9062327268914459,1.0419090344653308,0.33115688594086434,2.049522307238691,0.8142140349626865,2.2048678261917822,1.6545386911637154,0.717248803937582,-3.718212874675269
2.4201153662944925,0.6275029036490956,2.980797844921518,1.6144588346711408,3.058323271536002,2.6140735260378465,0.6186374503191154,2.6819978157895523,0.8628971004841626,0.3997348752362852,1.715340521306801,0.4199024373501515,2.081472269302937,-4.479583323662417
3.009517092860321,2.5681454278312317,1.2722851885967335,1.7239519121583726,2.6565031306529248,0.6646973017218999,0.943613534227326,1.3256993496216058,0.6770875316817813,0.6215744070592597,2.2854514668118675,0.8254691329731676,0.4346962305222549,-2.3194304051484713
2.4483235855547147,1.765402105939506,3.157703021701479,2.0974176975206733,1.4301173866273889,1.6010153304678398,1.9115780474651531,2.1040624750467827,1.0952429893760502,1.3425925869528046,2.4676397315767655,2.6699271022221502,1.4716446479768512,-2.9167146794688645
2.0983491311786593,2.978480363095879,2.692377718630948,0.9595544836973782,1.2174038960675384,1.6678915467101474,0.5583575476103297,1.906972721287035,1.6836954115271971,0.6911111569624284,0.986732587811229,0.596680843042374,0.7533176174753663,-3.8624794220742396
2.5079972813086076,1.7152365838174148,2.3910747884521615,1.8908835308336365,2.8174151340514153,1.464072476210081,1.2301786849950929,2.1294527130494223,1.310759121548321,1.409975485019947,1.149506341454987,1.294586529308424,1.4420631159125281,-3.1025795746789164
0.7504573113320752,2.427151901776336,3.0740457581624545,1.9940284613710504,0.6474176575295392,1.4926847138059625,1.68551326357355,1.7350121758009796,0.4221580597265174,1.4570595663870625,0.5910617598256689,1.159790423889012,0.493361759699659,-4.6320349306764035
2.9508460846759403,1.3604186016678077,0.6620022354746828,1.166401205937691,1.1802991545378154,1.9229481944440883,3.035498893128659,2.355190594008067,2.9680308115049265,1.8041860574157758,1.7017593175063948,1.8118113440698569,2.091453342561315,-2.3456524182113467
3.0404446195642976,0.6801924803895683,3.035973755407993,1.8943209694015943,2.7195042171024504,0.6874895607215737,0.9849904893683905,1.0302100608367897,0.5153989063635241,2.93697046694332,0.5214688240512894,0.5146523995195198,0.5343562831778252,-4.397465545885536
2.256590626054368,2.06226336466365,0.6581413081107822,1.5607299302974291,0.42020690658565224,1.3522906099652126,0.6501909855803152,1.241878046058245,1.5870159992727462,1.4156391005467222,1.9091809644141369,0.8800101971537821,0.7685831300617312,-2.338951840937824
1.8124399298769103,0.4808448673965755,1.1532838565689623,1.254349963144626,2.489779643811137,2.8538426880702232,0.8795291578793951,0.6724674924733377,1.0154677742496991,0.9038879743416013,2.8490539019636474,2.5958480907931745,1.034133554256345,-3.934010158378168
0.9174486705849925,1.2114205745057882,0.35417824082393556,0.9051879975931985,1.718129456253675,1.8068628587136293,1.2582121655104879,0.7772219573844836,1.5641595159523962,1.7301739961609741,1.6183428364305148,0.8711447659213281,2.7597515225222584,-2.351634530026431
0.4305778157619631,1.9079021196514019,0.5643989239528393,1.0906027947860077,1.8786045959259223,1.7220739273212307,0.673528873049716,2.415383759910617,3.0584004317580518,0.7478415655033385,0.47008894672587176,2.0817649719286413,1.768359196679684,-2.318622544388923
0.828523120051647,0.6052801531860674,0.9810001248225226,1.2634896031844887,1.7434294956727143,1.9082769919123632,1.7568415540832412,2.05848327526328,0.9202221025357387,1.2081426814058531,2.781616100715527,0.48246837362629214,2.166356321802887,-3.164744892128087
0.40591828852945905,2.2075351958430156,3.1264409317186197,0.8544426569173948,1.2476836919974585,1.4286958493078852,2.801163330135623,1.2271592218962137,1.6746742539656214,1.5500038724833933,2.5549347118109313,0.7890694351839571,1.3785603213859041,-2.3134543869451445
2.3292138886183658,0.7490306082402772,1.598709255837627,1.784783108561238,2.224884263383119,2.7218635654277956,2.7433420194607527,2.884621351432807,2.1068827043309595,0.8933391546922238,1.6206434554513076,2.660739625407371,0.6644069369838813,-3.73105961752979
2.274502886244755,2.999209120511468,2.9187946252064205,0.7959110355900457,1.0577012690009733,2.375264516534195,2.4383731571074088,1.9591769798061112,2.4016408096617945,1.4959424655460625,1.2746045718144912,2.4644804611455684,1.093047288081337,-4.033971882341649
3.05408616663811,2.76895900348228,2.3777230551924045,2.0367228285812646,1.1967692769075882,0.5294488665139072,0.792564269250488,1.1376604359681326,2.031986155274978,1.9880759804747519,0.52989400183356,2.531755893524435,1.5760678656880909,-2.314845704777188
0.861002357798744,2.071747938583398,2.032592054078451,0.563877719971226,1.2321736127080625,1.5585921023266704,1.8980368408726798,0.4970861386099804,2.4382408719385,1.5361096208453586,2.9618459882454893,2.3913620907111772,1.7394278145507873,-3.81803000581161
3.1534380165814557,2.847640119164517,1.4765761126084538,0.6632947796004184,0.7247330487326333,3.0230331860169914,1.1605858479901785,1.8460145478047687,1.3379015378777195,2.4975666938805285,1.1335704796425494,0.6435461735840934,2.2719632219623285,-2.3255637551039596
1.06229549220638,1.1626946953097486,2.066707100387564,1.9575607927833243,1.9665734095096585,1.212725967405861,1.5231412048469195,0.6298102133019156,0.9783430256389618,1.2236230930892664,1.823565095438847,0.7713327763848747,1.5474316411221134,-3.4151047281982403
0.7769903236573865,2.4898661456990463,0.5416700587453552,1.6539950008498114,1.0229500571727277,2.696837338617592,1.8310319351431645,1.8267233839643213,1.2076584230097354,1.59398823687378,2.0637879757069593,2.470062579701253,2.823242758740377,-2.338438555418735
2.152352680333805,0.3989635283357078,2.8883753502711422,2.2020526490749712,1.8029345318930103,2.835317099837858,1.4922267379578122,0.7954670900415168,2.7158185399736094,1.273241970259949,2.0904605783552093,2.2199241563258028,0.7818440865785875,-4.458826007345689
2.9828734398068066,2.1275937332623474,0.3697405742234493,0.5093681918390874,0.8961519821906416,1.5262922096016642,1.3738675791328414,1.696585980893833,0.5928103337603168,2.557210685664574,2.648740066883292,2.576120354273429,1.7605424682809763,-2.3744963574673275
0.381372188069543,1.9752569780422216,3.130034302748383,2.0795125984940563,2.2227704462243016,0.4715594965813019,2.3709512356743363,1.5694460027896908,1.9206246503258733,1.9438106161323807,0.6607111565336408,0.9138745595698401,1.126463004968294,-3.045784540110075
2.88892388005239,0.6791958707443428,2.527598182180805,0.5066756634670112,2.9710084156363625,1.0811757303557055,1.628867173532917,3.0211285703923294,2.323204710579213,1.1573366686000468,1.4748005532418957,1.8615052745038343,3.0703915772167547,-3.479052424075599
1.0769956268035756,2.3856533638202997,3.0997875822185943,0.8870305349385073,0.6534355176320936,0.6829676829920053,1.9344169873409325,1.495802024566795,2.264483810251353,1.234856349276197,0.5991827943673884,0.720411705344821,0.866357497947754,-4.2884813379424385
2.3523711607110918,0.5856566591146968,0.6175554639542713,0.8740347431223919,1.4808752158144611,0.6682760868031117,2.478800041335724,1.4565691724144594,0.8330515331604371,0.7054205794416295,1.7367880459586702,2.1297277652394695,1.002217512050135,-4.16433501298484
2.2348149222215774,1.081218296311818,2.924126648571125,1.0833743054228036,2.6838651086943566,2.096269344602403,2.1827486412118122,0.7975354078034302,1.2796573257626132,1.0082838070152875,2.8420184279276466,2.092898307168964,3.0956488801088446,-3.518150926980623
2.78302356380835,0.7638286708450956,0.7601354868934158,1.2653944394188579,1.1007165389191158,2.0272891254251744,0.45372241462338936,1.579538050724171,1.6270264129287129,1.7870542128305815,1.302292118299187,0.9254242677741049,2.6608413120082637,-4.0374699839290615
1.9969180739146906,1.1812035909413032,2.008975480079166,1.670974412357964,2.5674601862997224,1.8445756973019398,1.4956724575985767,2.9357277817597915,1.1153016389086,2.397222392055715,2.886904540318797,1.9367525581490972,2.096559645111677,-3.4555470604787906
2.6356206610108526,1.0993273230874567,1.7889439326017469,1.5782082446477976,1.8930614170387126,0.49292315653029417,1.4088044302959337,2.3276782125531654,1.648004332437062,1.7922546644818271,0.642500644550303,0.5182923400825303,1.2817042086593138,-3.1533854537999306
3.10935413652046,0.6388251070326407,0.8558991009137695,2.2318678132093805,1.5586334792164223,2.5584765617841123,2.047962183366035,0.32809990622340807,1.2277025276164764,0.33874785980314787,1.2415979514128208,1.083269093775209,2.7448544027205104,-2.878926440703072
1.10202028265362,0.4050829810474864,0.8186093848356144,0.7341731874977505,0.6414391123684159,2.7738342944983456,1.5815043342882655,1.5503588773756363,2.438928037951388,0.5090997509747015,0.36155976434953196,0.3669792019499409,2.598137504115177,-2.456306676461618
1.525510811724313,1.8344249054089545,1.6992312845036799,1.3990454846933287,1.4179831073962332,1.0293434172666938,2.2377431279972377,2.265521124308397,0.48586379782678324,2.076342375596959,1.726213659603381,1.0080840982938635,1.530138920223831,-4.298115216556856
2.553261388213819,1.3096168735823517,2.345188297593352,1.9122676439156592,1.2760255580866164,2.1018818269576887,2.429168229339851,2.4028493026354947,1.623845175281216,0.7594992818997389,2.5808579406641003,0.4026919185428328,1.1986340467788046,-2.904706942778404
0.8943207640974062,2.5613600502630836,0.40837619552335813,0.9397797309574997,1.6262921996519761,2.786092848161296,2.349209966960407,0.41169243852634924,1.4701855834094264,1.179918820210376,1.4727745209304615,0.41514188549210745,2.521943415127043,-2.3677318176057516
2.165087396062109,1.8585860627085682,0.9614374055678188,1.8356633399859,1.8261568773784673,2.2184422170838993,0.36061894990479293,2.5616300074439384,0.5187602034678842,1.693642888862129,1.3492663763877426,1.1875087488202452,2.4410139558509494,-2.3281859660427378
1.0103133188236844,2.533242379259451,1.7806345173266611,1.4826836669940473,2.9017317456098497,0.44809992141306876,1.093843130620669,2.7800078487401056,1.7172893215322838,2.3244989280082256,2.6153705178546423,1.3911860536413383,1.6898372252262153,-2.313754965592632
1.5328157520510197,0.9824656135897596,2.3881616382410846,0.6509717382649559,2.365510412895197,1.062820018381678,2.698112054791813,2.7116481815023072,1.1565192996511364,1.0429190940416175,2.942134062300659,1.549662942866838,2.855465024416915,-3.012886085789226
0.8570971928771063,2.452886409874958,0.9471785204318981,1.4082371218222316,1.9985489490276735,1.1807282570628972,1.8567302075017975,1.6654709410283142,0.46555925937639914,2.6988108496362986,0.6274863629608788,1.39613141814009,0.5837857898459984,-2.3157783420308022
3.033491965214828,0.829293636423913,0.5799786053529583,1.0682271521890012,0.34538601311602424,1.9207606374149488,2.8076415942052417,2.629973793779163,3.032535878602904,0.9106675370940602,2.0153119762764353,1.3625370140076671,2.9226094381315146,-2.3145980978896676
1.8907338236886333,1.7695423352611206,1.0603493996822533,0.7533709464649849,0.9977669161030933,2.080465938129324,1.0304545691246287,1.5600681970902956,0.7794555674830238,1.102563194651584,0.7815282668112513,0.7179487258266768,2.028873921842034,-2.33073391149159
2.1294122214553237,1.2853446759108296,2.9608590064214164,1.1140133456042536,2.2673330471240694,1.6292295797575698,1.1400166224803288,0.8937252609768092,1.3597499284532109,2.310178761359622,2.448747478461785,2.4185395745840426,2.6426447020902986,-3.3175441934698213
0.41664708976806636,1.8305202958641615,2.2540360049074004,1.8270802454946664,1.0883744751968643,0.9942702690140539,2.5218176773509504,2.3773068076065496,1.1720597649639135,0.8094404860305164,1.2503950945712072,0.45397780141767596,2.6531248860583587,-4.742780515302953
1.1882032098905633,1.8122385445179698,0.9172507218131289,1.923265185779315,2.5770849490692953,2.176112030357698,1.0882302318476362,1.3826896794910035,1.602212236642848,2.5838965895728383,1.0798126336506502,1.7454376125718132,2.674093400920126,-2.3218739799794
1.1756289272810925,2.1226915852785666,2.5206321428860172,1.9924221294023532,0.4407798391733876,2.456991585473547,1.047567779336428,2.3640675723584876,0.3772590862315114,2.8570297796675916,0.9896754467484331,0.44902551458364887,1.1000463823608264,-4.362785862407489
2.8406122989549902,0.888448665613407,2.6806073587712866,1.424631720675426,2.1693506232051467,1.5307129434645586,0.5840396597850567,3.143246162168705,0.7452080241178142,3.0652325161982166,0.8385201504147541,2.6130155597061666,1.5362255951572954,-3.8507881245466797
0.6962221845657577,0.6830652079503381,1.9450676470764083,1.5067745235838395,1.655075720782029,0.7059541663018813,0.8825747688341896,0.3872399616924421,2.8723928687344737,1.622078512786327,0.3691498746355123,2.103140498891745,2.038793079070767,-3.738247080368887
1.081178619353884,1.3641174449879567,1.544525663986262,0.8281639686851783,0.328748916222143,2.3329957407104174,1.7435841354205457,2.5855887230483723,1.9840029291903571,2.589616032856553,2.2967798148192173,1.0222783224910268,0.3321877983840059,-3.880420965182098
0.8784249617443927,1.5548898509226026,1.7346440193301143,1.8990016327576598,2.177099848999216,1.3842492155955883,0.7233028327358952,2.931853145419233,2.3516861437144434,0.4636278805479346,2.6434350362579524,0.685688489932019,2.609005201378503,-4.6858798366117
0.3905129209585682,2.2168080603478133,2.5615000769613476,0.7931577186065435,0.45736785246358613,1.7313423904855105,1.9305765067093044,2.1437751728732692,2.6125861401727435,1.1630451610581056,2.7091723923678552,1.9272433952197827,0.6942050264976208,-4.027182097675016
1.3586807227028181,1.1302697563325097,3.0506495622765173,1.0198962591836078,1.7841819710244566,2.9645468792657867,2.7213033211910447,0.8919839468585495,1.2092580951427694,1.608024087107509,1.8680060874852804,0.40062687633360594,2.7295483986095017,-3.06408922292453
0.4240929916009303,1.9695418285096304,1.4977291873612932,0.7315662078098725,0.5684004611379061,0.5992396338285714,3.1503090565472043,1.3777435655802568,2.200528411248924,2.610780899805018,0.9435864127931763,0.502841998292654,1.6925937587551245,-2.3190375165704795
2.213643439153101,1.673821248074284,2.711111584609335,0.7175859021157196,2.532233691503816,1.5629339095323713,2.4249614715240626,0.3772050823923705,1.4914718180615343,0.7234035935116135,1.1434282365625847,1.5111440908162865,2.850223378154363,-2.5021641371613073
2.074632874634279,0.6657877087033457,1.2279885786698947,1.6736504335666391,1.1130029442126743,0.9273508779497028,0.9229208907805115,0.8199543549927666,3.0483033742782295,0.39236762379279644,0.5660815683221978,1.8190711522848526,1.3946170988682414,-3.22598449556853
0.7020695732426195,2.552467928307693,1.0902672787435863,1.5622818372825265,0.8270961088846545,0.3567136309702422,1.1281257185803972,1.9887108480351043,2.8657009668674704,3.1541855805099854,2.79969474433965,0.8859802954188949,1.8713784621098408,-2.3259402824428435
1.665177784565483,1.1956813255876384,2.7196121180578885,1.489867132742458,2.044384090823841,1.3927979641524217,1.570956739957443,2.8181846460766535,0.6146965306535577,2.572222004506346,1.009877902749891,2.604945657873462,0.5280937950944989,-3.423549091294426
1.4542865704439119,1.9325813468703619,1.9681486137274387,1.4732302112128255,0.5106797834115737,0.9127739078620489,0.7458204922966225,1.0654872177248456,0.7509981359217772,2.9313247911515115,1.3891646847357884,1.9984914823249247,2.0097628760080264,-4.081992509898626
1.6147923529657906,1.7386881651266253,3.1389226527421963,1.1093557354933252,1.7168095855186238,1.8620132425176552,2.204062522384552,2.1765843281929795,2.477204945231572,1.25297489720415,1.0245600364780885,2.225372491057235,2.2077190723268436,-2.591177175104529
1.0362887617991903,2.994000575058837,0.6963598536852404,0.7392199721330022,2.84411536493041,1.4925114531759682,0.5017525665008601,2.775914451558938,2.7924031808631917,0.5254047262294381,2.399608482759252,0.8749583413201631,2.0293499995899125,-2.39673337373483
1.1134375958292708,2.8341782979571373,1.917894045440201,1.01472860424843,2.9918803497955744,3.0790730768171257,1.2656897693924885,1.5105557519260273,3.0598639420763547,1.3305786307769365,0.3434767213563908,0.3702542158147642,0.8543828995008165,-2.313541444228125
0.3930097349448616,1.2556921645821522,3.0197755763758827,2.206564682343245,0.8761659676671081,1.046001452591218,1.848110352067764,1.1311713940119226,2.508892761145115,1.971900292278816,2.218470915631628,1.9386069612220154,2.5327228668319433,-2.9687416737286116
2.749050251083613,0.805455198176263,2.1685360641571054,0.5325823596913677,2.080895647008594,1.150658909626633,1.448165944142127,1.728064414158857,0.6680603647612364,1.2767830523935262,1.2244661536499217,0.6216048627227496,1.4225151156474296,-3.0326195475188955
1.1353236882536424,0.9117943640407185,2.1034187930539257,1.7063690016483954,0.8112320231241323,2.3472899343038836,0.3949973699884103,2.295425159355595,2.15301945486091,1.8312229074309951,0.6377072330506337,1.3995324977898493,3.1115384336044207,-3.0303466228172664
1.405702780648314,0.4273272973122848,2.881354665633614,0.8507315047203409,0.6918179555118982,2.092603743323018,0.5474274832512094,3.0705276622924624,0.45692856280025673,2.6376977178025083,1.6616465155604199,0.8462090431018783,1.5539323267269702,-3.10614695423151
2.095915762588638,1.8444968397559942,0.6364390123874555,0.8310437838096205,0.6973281521702654,2.260798646747262,0.7046830945495692,0.4612664483399744,1.4290532363380404,1.816864112355448,1.4459394697064367,1.4970167892747663,2.8179862356422474,-2.3252003192580637
2.599987687588725,0.6474001687652984,1.4666673544777629,1.2777412719137238,1.0282283222300972,2.0847263055176963,1.5889638070573022,0.48297101077103344,0.9098501934498671,1.1063607950226757,2.607722074615813,0.5620966927098112,0.5550609084998821,-3.0706955129613878
0.4370726417242048,0.9373199074286731,2.9131267390990057,1.3079564594923567,1.3838956264887852,3.0447317315643967,3.007584537274531,1.8779827866105063,2.0754138650666776,2.732172870609968,2.125486609898916,1.674103899134918,2.449418288226076,-3.182813127779372
3.0363151622600855,1.5790715264020803,2.003279420302781,2.1276904384664905,0.38482586015779296,0.4658664518935474,1.5590820669783434,2.962309680451304,0.3850194649607712,1.2020934385628779,1.1844500533237508,0.5591174523275216,0.9161353679442434,-4.378939899029125
1.0978202887192112,1.6150577311988898,1.8819696780744222,1.178191180585037,1.3543823212305526,0.7325945586895108,0.9808547950000879,1.1678102015886784,2.67582189696669,1.0269413662960416,0.680100831967531,1.4417617170607075,1.408470115547144,-4.412464225195704
3.0923417227425074,2.5145902479923414,1.9581512405166936,1.6789299845598695,1.4980118214232314,2.3038746224403295,2.596938113155425,1.8402619217685074,1.6632841817990895,0.4770583065541779,1.9166556656923894,2.34046277131836,2.384244512651711,-4.0314758247607845
1.2384564026556744,0.8721388469753495,2.193511584516717,0.7155244512085119,2.4111231654621017,1.5754470544268027,1.8531591034227557,1.19282096897922,1.748892905919139,1.9398223462082969,1.9672847233839494,0.9180755265469562,1.1206665659806474,-3.242404091633686
1.6608796494217752,1.7989866400652093,2.2209212383329633,2.1936104663315854,3.1617013432135628,1.6392641666147858,1.0834763943669419,1.4936503634671094,0.6717431489016111,1.4219050122561105,1.7462654402120907,2.5491892381765364,2.002435736760338,-2.8154984901357873
2.8618178608711564,1.5180062819125582,1.1154111482840097,1.760668872893606,1.2127807981366276,3.0602171943889913,2.4844906109401124,1.8306293264855,2.5483215893663473,1.5473119337901553,1.199017602155397,1.9695190363927726,2.0840889360941626,-2.3144232649500003
1.6359433894492241,2.6089062306381483,2.623468810334453,2.1563622018109827,1.5723812546549971,0.32887636177094387,1.6929559240645475,0.4276985785710036,0.7029995376854631,2.133839809764915,1.4352396425306582,0.5626360953707754,2.8474961156991183,-4.672165818831691
1.0946052452998865,1.6444562055370062,2.722518944293502,2.011324620117352,2.591112513266555,0.37219884146152243,1.1765453165592759,2.1379247718201397,1.2732682846008319,2.8688310751341866,0.5547448099977179,2.086335400118872,2.000263600412177,-3.4290366529695615
0.6924586078385458,0.9195357705993532,1.5699762355945734,0.5771131278118733,1.9455694467551294,0.8017370753623213,2.6279995119229222,2.051683376083622,2.4209185578747503,2.0245943329462293,1.832930563047324,1.5062580443223705,1.0011244156586254,-2.5116635578097934
3.0882974449417846,1.339007652029749,1.954433826643168,1.3425867053838159,0.33190866610156944,2.490188923551187,1.7545395292685937,0.41690528799513904,1.901464871838861,2.179511611852306,2.930436447661715,0.5395974104744269,1.5151155026249736,-2.314546060162743
0.6875215970532416,0.890920895267997,3.0631811935145,1.5416269368445303,0.4601512345357601,0.9430448600674237,1.2709481149861703,1.3793114851090003,3.026332493116887,2.467491285364793,1.1370623227235686,2.6398505023405905,1.0236128016830797,-2.5116539024958193
2.059178743734644,0.9586221100764287,2.142786152688013,0.7687105611561029,2.530355994584954,1.003578772528742,2.1113510627898453,1.7686192858901062,1.4819566177193375,2.8149785040804334,2.6132944054397313,2.715689311336165,1.287938782937921,-3.1879454779527907
1.7776760278797423,0.6553233879382714,1.9064019857705812,1.4024612845097406,1.0383587995332835,2.302385729752553,2.7117984988959556,2.278744700853862,2.270327183454011,2.277503473576133,2.7360019740099455,1.685471124405643,0.7755144390099371,-3.188889652602548
1.1025660404807778,0.7240877409355229,0.4943124868080959,1.5278927186190665,0.4177702319216254,2.2128111577378613,1.7809730383564149,1.375739632960054,1.9116807164856278,1.1451810805781661,1.182749133078064,0.7095466124611332,1.0743093352477802,-2.312878800986474
2.9694962351467824,0.4206941902272293,1.6230006057624937,1.6426736656565064,0.5928527136330282,2.165278367822532,0.7179739655316759,2.076049157795382,0.6743315180032033,1.5549284041347182,2.7696272704158256,0.5347907464344342,2.774710734264412,-3.318666076137448
2.523188802446135,1.092926964167888,0.7628564325701757,1.6135238281335467,0.9585571248535554,2.3558791768696072,2.8475062293743303,1.3035025853390705,3.0107398604561024,2.874980026455294,0.36531409624871325,0.8142584612300654,1.9648538414864931,-2.3144747574434468
2.8863084858054733,0.37779388024246735,2.234385617468912,1.1921894151316292,0.83187213863375,1.4514365010385408,2.427435238243004,0.9919847202960166,0.9605328488042149,0.8100583013779825,1.482185143344777,0.5268659130269102,1.384923876304869,-3.3952687926545075
0.9042890945698223,2.8040476956401434,2.5295632935750594,0.9536162062724094,1.6837547797551946,2.949371347744015,2.227036527201871,0.565034814941342,0.6187774571283802,2.4110722378178244,0.5897808219900837,1.586533490638287,0.8457265268452316,-2.320106306892035
1.0180285988540512,0.45520773389913516,3.1105585074470063,1.7395594451854317,2.5642138121989295,2.6066358485420755,1.1654896184184236,1.9937421818948926,1.7434349855273676,2.944754731152885,1.3462464126062752,2.3525578583057536,2.992898616879129,-4.516042445715603
1.5757824467638442,1.221620965084412,1.741758758147851,1.9742819928533715,1.8846310798419201,0.4570640501097277,2.6477026996169415,1.4028716119290374,2.4872956078776647,2.9601195077481406,1.2548747825895918,2.579109582931082,2.3564455589394333,-2.8944873140380456
1.1057057361372975,0.860295992537395,1.6858333517508677,1.3587786012958942,1.7505693098105566,2.2551637657211394,1.7007775015430358,2.966219149740946,2.5279339609888556,2.5008745739686704,1.8371342387458938,1.2824956149739708,0.6566158633575112,-3.285302343544558
1.4988268644859812,2.911525137104498,2.8914237484934184,0.4630314735919244,1.7081057132958564,2.179348762205936,2.6622746848146694,1.8514509753062929,2.0826666970169927,2.353181409846877,2.925915502683238,0.7994011839101823,0.7133944377592254,-2.317881604445764
0.8768718851964752,0.46130670791529044,3.161106586573722,1.2941276009082077,2.7678161734421955,0.42193063708145584,1.2174414109300624,2.9495397954146183,2.9393233099325022,2.548526995597074,1.3316796498443528,1.5348938847830766,1.1757959722777356,-4.377300823997591
3.1191264451926655,2.9433029695158095,2.8482132069446386,1.8023784415831807,2.2441128818093565,0.5833191012115428,2.599467984113792,1.5439220681645032,0.9299685400227897,2.2452065997873163,1.3943765515272568,1.163150501006685,1.8563713258593524,-4.641208794738362
0.3735822903806445,1.77686957781571,0.4786761877568353,0.8188101251651436,0.49407290339649307,0.7909669032069429,2.9384224604991513,1.4199813738941645,1.7090001829563275,1.4246907447541026,2.1616515442332522,1.5808534532694973,0.7399000118119876,-2.3166743661890536
2.0298228071993027,2.1535508167279946,2.4969788854801926,2.181477887361493,2.1343089690210792,3.071701654009854,3.0616261419127198,2.4704176290669015,0.4990025021256163,1.2123971958305564,1.2631321130247488,0.49072226996323565,2.5006517628522817,-4.991167280705369
0.664186990881983,2.0468406451748873,3.0480030146017256,1.2858240560150112,2.877231863115994,0.4131521995222965,2.5941775014236876,2.5584495960768794,1.7020647410770489,2.629926635935476,1.976555798959521,1.708939970382185,1.8418210536739839,-2.7678412539001687
0.8135344878143611,1.4533570567808374,3.017046318930211,1.8220314558772084,2.0907048455346304,0.491526939129852,0.44097841435950086,2.254246175970918,2.0871814689351065,1.0193607419260675,1.8850153297774241,1.501053888578642,0.5008512750080621,-3.5668598940721292
2.6193880469871367,1.5102675450914889,1.3567009979244042,1.409291782945905,2.3245144563563787,1.5219857471785168,2.6815465620971137,2.3721898200026383,2.9952940680484685,0.4544537339868987,2.9589979417640677,0.8291277400348722,3.050167535857372,-4.33176738754314
1.700345676375445,1.3472882450037036,1.2762559206454784,2.1321960925015224,0.7960153757538357,0.4305966448083941,2.953470914239604,0.5887996949686918,1.4533280561501805,1.6028700309538397,2.565100114365138,2.3549532775426982,1.967260738717114,-4.407399734437758
2.8755706511396304,1.4503908952075644,2.0773612521810967,1.8530170449975123,1.8540304418382199,1.5391215758275076,1.0682388098341742,3.0439670002543076,0.5372845022699649,2.431436467000106,1.2217065879549796,1.2873254081529446,2.4087300654697836,-2.905704481468778
0.6613442701050658,3.0287445988146007,0.9697205353164486,1.0801749905221911,2.7692923726525023,3.0973155338630876,2.1165313420058176,2.6177716609536428,2.6707604973431662,1.6351596027238406,2.8813409379999104,0.9801862257173881,2.5648888921429864,-2.3524044752885316
1.6701226863865672,2.839416896738421,1.118895567979065,0.9917617928064142,0.7441305862250704,1.4998275749969678,0.5769495175370014,0.3858512497521178,0.9741097851878493,1.1399872001570033,1.8398030125690936,1.109320614638996,2.62336370116117,-2.3508056253386895
1.2705870996605813,2.4015706843497027,2.8841946153774516,1.863433826513678,0.6715236188272345,2.826031598614431,2.9539989374721545,1.2351258578846882,2.8224918347579315,1.4663866451881669,1.625508882112284,2.570514272742699,1.9804415551646921,-4.622989039333419
2.543647194651178,1.8735666343960333,3.0287033045163216,1.7686628644529028,2.9103573501642948,3.0130031450105768,3.1575823923230293,0.8874580233257436,0.9041347889734419,1.9746093312446542,1.8898848234599674,2.688356009507312,2.209021470936473,-3.16284260699091
2.975441250050482,0.5801247640096273,2.8688523530284016,1.2781807887742584,3.10312579561297,2.6563515558671282,2.365445463917633,0.8463910064823543,2.4239588896484685,1.4630981156042067,1.3586075084378175,1.0276493777787965,0.5387523120766279,-4.22438368769687
1.9081992364281326,2.6610877894729,2.5953773608099526,2.1693411062687136,1.5935436398031717,0.9335095493367027,0.7223823931732185,0.831213165708085,0.7001310551481676,0.721199349530381,1.9368814899637867,2.1731186332498953,1.4391203756630055,-4.543632015423021
1.4809835174051729,1.0429869779699472,2.371808924531398,2.115449340309738,2.735614258808084,2.234719984877123,2.3608585020834076,3.087080541359222,2.5208273540543122,2.340307849201142,0.8352112200586906,2.303878647213713,1.9043720815990592,-3.9215780278439665
0.8221317715115526,0.7677567392470398,3.0375935783313337,0.5414908457349281,2.897188365596813,3.1254851350346637,0.837921640603787,2.008848481147502,2.0951491649506924,2.371133169851431,2.428233013155677,1.2233605135134697,2.3543242764421373,-3.5793603533564022
2.5110866531851777,3.142946491301836,1.757603921015652,1.7657731648408883,0.8990103779818048,0.5565794640951293,0.9684757710402654,2.1626090937499014,1.8502578717690836,3.0229046397898074,1.56824590616146,1.3708891741195,3.1523569023274955,-2.3192676676408266
0.9052821008738414,0.8503460583333045,2.767224466762229,0.6209901826727675,1.1131605584839321,2.709734859531719,2.516796791791582,2.520819983943289,0.36979893440224804,1.4864102323410608,1.0293076556589376,1.8355371749935374,0.8514030327626301,-2.5404201617441657
2.780185976529864,2.781044767396244,0.703075407663903,1.270979086528121,1.209909154518364,2.473079210249068,1.014641792267027,0.9140932483609432,2.7442632109995984,2.9995052414927668,0.6358491587686954,0.9579024862384873,1.8002004950828951,-2.3313199810755596
1.1993839043241024,2.0269122670290662,2.3233450748899664,1.7180632700478895,0.4227838571686318,2.504193051922671,2.487473950917962,0.6924309622397464,1.055150889446306,3.123296421870093,0.7169002909948095,0.6138763694969462,0.33353556445028243,-4.343354029367325
1.4334266822585608,1.0459534149368257,2.3818937097681165,1.0867916292477402,1.6799750643476383,2.0262425503277033,1.6762084807075215,0.9278450010376833,3.010326751346226,0.7178258414941654,2.5948051364287794,2.6166120795605594,2.1857253827432346,-3.0993590049470523
2.1862542986321705,3.130199584564701,0.8701424849329884,0.7915855997420513,1.4548465471892287,1.6157434397408164,1.808179467195204,1.3570162563363544,2.888450076590311,3.0644562900580237,1.6968688786673891,1.7856713037423995,1.6429520186118716,-2.3540424599981375
2.1429693651855968,1.1933163517074894,3.0922120988251574,1.8289600567450983,0.9183253821952488,1.4219842876846012,2.310749611957895,1.2682641301275452,2.4108926680869147,2.188916642554072,0.8117168718306091,0.4432314962717905,2.364641009408995,-2.8962063610300803
1.4979531236136512,2.0617688051226915,2.3996973210123507,1.9200065610801222,0.611555719065542,2.562318346619427,1.1133186467439737,3.0849971005748253,2.0120930344891668,0.9755237834188448,0.8864532872036327,2.1463579990829276,0.7997724739124441,-4.461970166130728
1.8503030268618588,2.2459170744577523,1.6068265938214228,0.9696337726308113,0.5834776076297885,3.0676402610334055,3.014164074221052,0.4740604030016803,0.6700649325962897,2.7546576856440654,0.9298984327272048,0.7536375425931391,1.546039942812739,-2.312792037404353
2.7276464013354063,1.5929659023280096,2.133888072222064,1.4445017963849263,2.8933566126544337,2.9739119494345094,3.054835462175679,1.0356682245594249,0.9844859690137733,2.308220304370591,2.746733832291981,2.2495026080392266,0.5202441707388216,-2.642795106195807
0.7726430538368505,2.4718959754403143,2.2253301622098993,0.6759525143667168,1.561331294304211,2.604194353177338,1.6979192683557407,2.8038969373110647,2.81311358417286,2.6680661737631426,2.788370955638862,2.2620524173421046,1.2537523625485922,-2.316723976343175
0.6498415213713997,3.035871299058097,0.6200566530279253,0.892749919600976,2.5521385737416655,3.0429688446830934,2.0779679440436056,3.148831997859419,0.8443990229543572,1.7065830490300398,2.462375040436523,1.135454688465178,1.2921360973048495,-2.3419928752934327
0.9406595271713718,0.8385454203159453,1.8354904095406315,1.515044634447137,0.4979799256749394,1.9929880976716747,0.5749449295128792,1.3162645875853154,2.349096159036767,2.03340635544726,0.4840739169537571,0.9271315994020495,0.6404723023062011,-2.487347385487586
2.3211949177456845,2.4306817979356317,0.4262830406163345,2.188688774376338,1.466089790962774,1.3204291219086832,1.5732229111467926,2.395886016304761,3.1428642592696745,1.5905375928006713,1.5139509663522028,1.355288574965147,1.1897294805030194,-2.3701226362287207
1.1396510124938715,0.9402451642128908,1.6411871654542345,1.5512967484783524,1.0741571303625908,1.4084235941105459,0.6893115356311765,0.59511632864256,1.3678962673949073,0.572435453206718,0.7657182738323591,2.781313088134382,2.6125378927632297,-2.9299380347957045
2.8498938247574035,0.5936535717605109,2.5979650399492433,0.6811621148803875,2.2023037825617386,2.671591496822318,2.9707330424981895,2.997912863014615,1.5913906130323288,2.482807083242177,0.9747685131292375,2.572194494585684,1.2653907102644142,-3.4486920096622153
2.830818115720589,0.702702302152242,1.4329648160993556,1.440730377901659,0.5762384169370023,2.0598141307148725,2.2093896119805283,0.6683911609677424,1.0215023518319704,0.6781197953907807,2.491450480457111,1.628274007456868,0.9874222481872186,-2.516662723586004
2.892048936939942,1.151010937105155,0.5587429712739785,1.1273680475011068,3.110124763441616,1.5114914880077517,2.1145643265628746,1.0637302340582806,1.5798607921096834,0.8884513411781834,1.2176521032391152,1.8421088408964972,2.524196590630653,-2.3502227716933524
2.289377025528262,2.277689182495543,1.4698650716376653,2.1985146033128764,0.878933941690214,0.3448971418015998,1.4805499623280187,1.790734532365704,0.5285153211197049,2.2265652108193406,1.0738149690623686,0.3591328352120771,1.9376718758381302,-2.3137132805125975
1.608404606178191,0.7351492210187132,3.1282186590966248,0.8955155591309263,1.6654468231390591,2.647157207540012,2.0089949263321305,2.2396040079119235,1.2717992875764446,0.3789348266998245,1.1412691774031367,1.773835974199202,2.7247225295768724,-3.3660886604940212
1.1575867644952145,1.0484786784859035,2.933783532103304,1.5827248771832136,2.68686229251013,1.1119063219469165,2.6182632819683995,3.0516650798291622,1.898829189573012,2.2296307277528085,1.6753741153084338,2.1527535089505867,2.3267313732635446,-3.7934234282947705
2.779889899345344,0.4933891543368615,1.6017135903865103,1.4321851067975229,1.107083026674044,0.9879385910148148,1.8187275930246756,3.0637625995309854,1.2673151626460193,0.7792391647594901,2.1692675103676957,2.711946254496873,1.5799271082853192,-3.5051697535732176
1.3737502500244734,0.8330715908799213,1.2059337441557647,1.6763071092926916,2.5015878082746137,0.6512504584394514,0.5656542359649911,2.4586478821915487,0.5904081788384805,1.5806325025864105,1.6243443419668635,1.9712770053968454,1.9743215336997963,-3.4367299358663033
1.2817931614582292,2.4738813238363386,1.9397432173031446,0.7948555918387292,2.150457197539437,3.034501210842869,0.319623811691367,2.788056883648652,0.9229937574057223,2.9764526690002726,1.9285837920428306,0.3964608854273147,1.9971538796627648,-2.3132244359238645
1.4406023518187538,0.6612991832817722,1.0089192911736937,0.6779258126654117,1.651446727326641,2.0405013260903555,0.638992745779928,2.417114224356233,2.33011619742958,1.3263106219416474,2.032961142267463,0.8731290593750491,2.134484177172654,-2.6970699815215
2.589786045148465,1.0619621153159162,2.702887256954117,1.9434220579378603,0.7155641148148741,2.567650123600668,3.027112831237326,2.701759039307583,2.1161592765905968,2.6246415167708577,1.722994387453908,0.4452434763450535,0.31879952743490336,-2.75011505814399
1.388067777091123,0.4384801061175212,0.7651583257442207,1.9527799925645115,2.2127958693900887,1.7011984509690883,0.4829191798016025,2.244197436787904,3.1091465669667504,1.979316180804734,0.6246087692256478,1.6926405367814967,1.7346450567966576,-3.9056525798889
0.8545106444728521,1.749659043207597,3.0083288820805123,1.779507439212666,1.3580101794748005,2.223154466242741,1.9428106996604488,3.1099552186558084,2.1689018101780797,2.3816474861088675,1.2913363445717576,2.727631233239402,1.504890496143931,-2.701353651338376
1.5931236030546498,0.36341118312053367,0.5970992062493113,1.681660009100355,0.9856479467517745,1.4472979425417996,2.889774776122598,0.7696220527066757,2.172969113278252,2.5912085582227196,1.3371603307786137,0.5010993674250762,1.7285556692506991,-3.067769910995699
0.8339617991340935,2.010594106380511,0.5762183136403777,1.1364292100800935,0.5226587024124272,1.6937343338120854,2.5332817198222397,1.744484800255837,2.195143392210578,2.9554258606858306,2.6468718091148773,0.6724549672181381,2.4493555621482717,-2.3295590517305746
0.8184818960032232,0.9840992168152458,2.7352941884223507,0.6832195038138849,1.8240964922275094,1.5795939388134048,3.020828562431733,1.3099633710371539,2.616717280946764,1.9553031916372743,2.6963131935537286,1.1451345568458302,2.068525183530343,-2.8672840345953485
2.625729767054052,0.8227076536430813,2.7971738424945936,1.150018852530527,1.735908899114326,3.1621418080383945,3.0761129179347044,2.8910999820884546,2.3452082191092596,0.7808195835068743,2.3376178098092577,0.5914943133070175,3.0733555620994584,-3.386113676564961
2.176160046639317,0.8106367052027215,2.179576434744863,0.5931919322473738,2.420295067261067,1.8852518259107018,2.9937101046677417,0.9436400760908108,2.7084563935532464,0.8508562355795077,1.1893261284670344,1.308978432480588,2.072513379706573,-3.0990529559716946
1.6277910560371662,2.7258908791741208,3.0217745904257436,1.6691664115078861,1.2190300607334308,1.0607825957879704,0.7100491392236052,3.0381413037411606,0.6042881796691366,0.36504203822769327,2.0860090434173175,2.649949176416373,0.7118984492359592,-4.540043603192919
1.4077063067069953,2.6700033547616444,1.5268902734685885,1.175053635388798,1.2502233486036984,2.2295493780487154,2.7402214621110623,1.6383109141617314,0.3479344440388965,0.4260512011189621,1.7888339474461918,1.0350756308267564,0.4288387318208101,-2.3194857842587036
2.99636310818877,1.262435532192752,1.4143744723538376,0.9067286701689747,0.44586643205925724,1.74237345980951,1.395754605153825,0.4766705730784821,1.3259152777584045,0.37083630072010587,1.7452850107753695,0.5857783929308045,3.020878261586109,-3.978304660654084
2.541006431933726,2.504635071555359,2.9721924015872903,2.0121399867400163,0.7291623653114678,0.7665618154550086,1.0961761903200302,1.8430966473881927,2.0521633433566677,1.128520662541854,1.8694981784987497,1.3694178902070102,2.4437584963430123,-4.579353498175027
2.478401389930681,2.3360862653012258,1.0355243507574758,1.939989906107973,2.9816772820562703,2.4758399092485632,2.1911277895256354,1.5868520467061495,2.7987750363487973,0.7658450202613131,2.438939473055891,2.1254963644905875,0.6841514168892222,-2.318657599038431
1.436379483493715,1.203000790622762,1.1230043681087925,1.3943419147994462,2.436201657037451,0.9543428218065377,1.51758189198825,1.8059552917577588,3.1597647854077366,2.3625418477693714,2.8085246708442906,1.644869981448,1.4925338499629,-2.3137428851729083
3.0856658931828007,2.6258853911926043,3.0755761601891285,0.7606817914606678,0.9712589969581285,0.9190541628896234,1.1454252182686753,1.900285994671753,1.726209389114858,2.6155216772218544,2.9129464825865536,2.675475480796887,0.5148413749808542,-4.152388300426843
1.9530642205267643,0.36930232784449235,0.9401133600599865,1.2191799703136648,2.804905711243906,3.157853617849681,0.8635192647741801,2.5845325309271088,2.4620738917630884,3.0609335995582523,1.0081640988333416,1.199004843315306,2.8581625989301505,-4.066405819123275
1.1811359630395468,1.3349358857022862,2.5744767228483045,2.04772008890731,3.13743708340543,0.48913823900651576,0.813265979145057,1.2856493214276619,0.5421876898803272,2.9202082743926407,0.870922005664448,1.9587002242747658,2.45838699611966,-3.910842133167359
1.0285043825596676,0.9226603465332954,1.6718024564500644,0.83690330825905,2.938243329323149,1.7508155490113742,0.5299710812302955,1.9081071836404435,0.9677879298575316,3.013996196089046,2.3865204881994293,1.1754952933205818,0.8943310930485302,-3.4095955993290192
1.2144106888916053,2.203453230212826,1.7594328683547502,1.5811528649068354,2.1440205755026924,1.2634801802420195,1.6885922724376063,1.2975520907806535,2.4453684024849975,2.162023899512995,0.39567728007931063,2.7633412756832247,2.2962617304912225,-2.3136929273946167
1.2534180281965241,2.2570040781508878,0.8456958490643567,1.062428492302406,2.2068190341677347,0.9020745410252635,3.0220163132060156,2.9099619305410123,1.0378212323738143,0.7260589927417456,2.4590754340720817,1.919304195447231,1.5918731349211004,-2.3293098432011727
2.263572938544455,2.796066296878544,1.7676510026679433,1.949744682472478,0.736053536080157,0.5597657830843497,2.1861261979068147,2.564928777254876,3.0901984888421143,2.218241201066965,1.4195390321967563,2.6454032722285956,0.42596984114621883,-2.315007909269126
0.680092869090988,1.7015351649250912,2.8598634847586477,1.7024554436423278,1.2938785384473404,0.534281904593101,0.8059142031948232,1.3391825745138513,1.9967514075506225,1.8188780585273017,2.4662319316702135,2.326486290469373,2.8429359475446825,-2.719195194634108
2.001673604696863,1.8167723278106664,1.7286282752275837,2.150177372295901,1.3125074537968857,2.1980262296552713,2.26587001459012,1.240443042160183,0.8374010683165858,3.104721825023643,1.610998019422153,1.9784384133791277,1.9815130487216468,-4.545521296958781
1.9940542819922105,2.2888541577521955,2.0469343532360167,0.9629248019863326,1.7789343560026711,1.3036661501015225,2.5065976125507103,1.9708948401513267,2.7235586063533415,1.5092152128225849,2.237679779809887,0.7062371219956662,0.5706945031267324,-2.3128800977975543
2.8225945359571343,1.1895175116791044,1.315268945980145,0.6355325319979943,0.4125350204103566,1.2685549418414503,2.957421464288387,1.4084514767831149,1.079800117629377,2.313453729937305,1.508429341035849,0.5749867270664929,2.713712970155868,-3.8588643343430755
2.850907007224011,2.870998524489952,2.540954747727211,2.2049226602844567,0.9523859354075714,1.52789481970017,1.8660539356247259,1.0778999666519131,0.8125125885475937,1.501960892104883,0.7623722068741483,1.3269629699654446,1.2365406657382303,-4.330515197735227
0.47111134993295595,0.8179621407541022,0.3983435653585664,1.5262258322366096,1.5334028562806434,2.2838617304064566,2.0853137596832787,0.34256947521118225,1.1301265872476214,1.6314972980869198,0.6974016916322587,1.3125192976652889,2.259236678042551,-2.3410886092059657
2.630204308448623,0.7854981683976939,1.3079446292303407,2.0421000274932584,0.7220882346043969,2.2878169299924807,1.796802117034821,1.889702223244015,1.5719167189099377,1.0999374670089188,1.0680531769170225,2.593925810774748,1.3365194017890611,-2.7284364170240867
1.8251878196959184,0.5369091791094028,3.0059908327233584,1.9138414556512897,0.5257278484417269,0.8083994211848295,3.105111969707815,1.94489652875551,0.33555447602372634,1.0862256875239111,2.354787371040108,1.5896673781784547,0.3419417131223753,-3.139828457139693
0.49935457996837124,2.087284420605563,1.9740579389237072,1.084915652887217,0.5400212717556783,1.6881339323057314,1.9282060272108603,0.7580091020616314,2.257981866287154,2.7865074844688134,1.411294466694224,2.212692549572511,1.8145963431912977,-3.960745769094179
2.3103769848434306,0.7157392291395017,0.5996608619106323,1.445463282374937,0.6669794467470085,1.1582238315098312,1.3144083272514218,2.202842169138865,2.5780393289341967,0.511927453004723,2.9518136612589005,2.481560023397193,2.023433638096992,-3.7867731114261804
1.68487523697324,1.6216276250318453,2.313496469405277,0.5960845201248399,2.941860480567045,2.151678689605253,0.6537585433912751,0.6420096508794827,2.5193636466589675,1.2356797308845553,1.3740790736905488,2.759287746091399,1.8164263998868304,-2.500142611900632
0.943951906583425,0.4782685214523146,1.15934031576035,2.1971025877423385,1.7369320672874737,0.5681643243474439,1.0801479167661705,1.7494335287008334,2.172681163932158,0.6794579582029003,0.7017734539575466,0.3698477794993677,3.1420924854941252,-4.0464809783376845
2.6165919196146254,2.6111645183933208,1.444722996263226,1.0176635223392327,2.985811033748732,2.658454790997379,2.820518700856388,1.0834921553071006,2.730124176243394,0.6863969556340459,1.9649457600122158,1.9227510652483972,1.6838878300385964,-2.333624336559203
1.2301497628372675,3.1144221439963,2.622648080187726,0.8895003358303251,0.536005338392309,0.6882350815956468,1.6366848518726813,0.4192905927000409,0.9858508082165285,1.0006200566117176,1.6409056754479738,1.6961497685562128,0.8136419884022916,-3.629707638541869
0.7804562469546583,0.489374608746715,3.030567988622196,0.7630692322311866,2.782622764514469,1.3185653720377006,0.5137875959013591,0.36893797774014353,1.1634709487916772,0.7080091996213942,1.7505794625179585,1.32497346668196,0.8556716851522479,-4.11618817113825
2.0197072438278174,1.6091853542004588,1.4807536487646773,1.6263640014229825,2.4682138620020164,1.4274472779149237,1.7177524932312467,2.1732510917141212,0.9372085940364072,2.6441604743738885,1.4937672507578348,2.60269535117045,2.455784261858305,-2.3137665703539483
0.9735679947125042,2.501758159007831,2.779712153817574,1.2495208527776158,2.538751130807876,0.8784786220918042,0.515422262522198,3.0296935024336316,1.462570319132001,1.180976236611859,2.5050458439529137,2.0095734372614515,0.3464711822068375,-2.3150578653660996
1.681913629683346,3.0946024652255453,1.2471927714535571,1.4956355859599129,2.519093127828948,0.5367882035871507,1.9881952608336961,0.3666038843837338,2.9921632981794817,2.6264649685051777,0.7254602017107539,2.7705291369487353,2.2615449251970663,-2.3462954313773405
2.394782569520767,1.179320594595805,0.4733332474143034,1.7041155072138885,0.9598308995108249,2.893847571995115,1.9475053786533778,1.6286603930387966,0.9988809108860925,1.0939359602200183,1.6521726077652648,1.6798968669487055,2.3980093980107777,-2.3131958381465396
0.6602561441115171,1.1145800422422392,2.41738455439984,2.138265576746737,2.1846758757993885,1.966353699238199,1.6073379358681574,1.3488857832140995,2.7206222151450006,1.8967589225155623,2.0960439491269804,1.629724492427062,0.8930199749652878,-3.746137753062981
2.028826207058109,1.6064879293115975,0.8445866521938867,0.6082657930308292,0.5422648204325929,2.3454524729676667,2.157437250049178,0.4402280269838822,1.4411674308420561,1.8474224347630601,2.371182865792302,1.031921086762073,1.9413477520555087,-2.3386515123680627
0.3712399893389401,1.3868111845465207,1.5483246615665465,1.2375127249533122,2.7504558324817334,0.8912076149230446,1.418132157467709,0.6697840305045001,0.7278364937655917,0.874640934214648,2.559375742845586,1.2348804047175868,1.9461193166181772,-4.530054035025059
2.6060771340506066,0.340134929579078,0.34237754021941424,1.0770277471876522,0.3464568121796469,1.189825315722237,1.8845188211302875,2.8823699877805744,1.6075384389292882,2.4357969438224805,0.4059177982459196,1.9545828625280708,2.158714720965089,-3.779293007096541
1.5386288706596736,1.9552817559104183,2.790872834385497,0.9405722942898531,2.715389590360565,1.0708575908751046,2.795995139188585,1.6913305965750782,2.7737158198985634,2.501956940294296,1.5236208689126025,1.5455176512683213,2.9876096063837627,-2.402329489671121
2.9511986403905492,1.0543789394172753,1.5222630906798804,1.5569573828158143,1.4108392136098247,2.4986407160109763,1.1365986682026374,0.39063875284847305,3.022056041788237,0.6619090465212046,2.964082571174984,2.0585876668274588,2.7924909156972864,-2.7226475169763082
2.2222967761793355,2.1263905059456163,2.352977762363132,1.8556937045459938,0.4294783168632771,2.832739492456627,1.466320831890883,2.5524669769078496,2.1081181218231855,1.534142610644043,2.483217799592474,1.6639816040751172,0.6001430640547119,-4.286202833098323
2.67445163460982,2.593906094996003,3.0702775676689704,1.5111704896313267,0.40316940245232685,1.107150106866258,1.2378432783983888,1.0593548166819282,2.415144772345291,0.45590890954440066,1.7761709814651898,0.36238066983135897,0.885270379242397,-4.25673228066104
1.892157365280703,0.7451964503682496,2.8438597628861846,1.1537989400296493,2.3995447976821644,1.1950753796416231,1.3814496883827956,1.2820231018928527,0.9466613301406364,1.390891042424009,0.4454713699588215,0.6372800842386606,2.66565703577729,-3.8560846974232055
2.560921618972289,2.1437007746361894,2.4952687516366865,0.6399076548799969,2.6976971784355737,2.7138911431373183,2.704648858210911,2.579857348916403,1.652522896642477,1.1939642869344174,1.3142620905916464,2.6770176927443035,0.4810862947114979,-4.246622140072993
2.654081653265522,0.8438530160574715,1.4879721881475028,0.9584854348302025,2.348701584293639,3.062675656542251,2.900442271371604,1.3637369155346604,2.2770378286410766,1.6901039446796635,1.3670449077959488,2.679370221443949,0.9107735897215736,-3.0806965999049973
2.925702674825495,0.8267582806850626,2.177025045549463,1.1183136097892519,0.6623056409698657,1.0137862673524167,0.3737442697048658,2.2648848440280336,3.1433963175587993,2.35084476217351,1.1204992006015466,0.6959140034992165,2.571483674961151,-2.6417693880916726
2.6227178542725964,2.5414515521880796,2.0549705692828377,0.9002433520386544,2.154139021114377,0.7092804704020794,2.620987746593167,2.7337130132489964,3.050377756802809,0.43153851148302935,1.10885325675142,2.7778150420379726,1.5033950910695053,-3.8187756020855197
2.8153359875050112,0.6324419798064033,0.9736572640457211,2.2173122354039783,1.2916819510192816,2.213956757919328,0.9594246843103327,2.956583258690717,2.7534652720342634,0.3836459376066064,1.8475106267760004,1.9913419225185767,1.6968553219473654,-3.3048894721894757
0.9597541064622732,2.8530576917256356,0.3280128684994681,1.8699632369506103,0.5895102148083531,3.0868056749642196,2.1616611031350694,3.1596595427411702,0.3818134444482647,1.1139619155306737,2.136854376644951,2.783785560896032,2.8405760196879326,-2.398080635387862
2.40672130216396,1.9846968134574121,2.569592028158256,0.551287902808531,0.8895454269732841,2.690484533221549,0.6801934013228031,2.8148903580765023,2.3396733631584006,0.37452174782287834,0.7497265675093472,0.3814617554516329,2.463089175642011,-3.973865463483363
3.0703871198892636,2.892243341216385,2.4123194811959734,1.6807975682201073,0.8598680614961562,2.8431995042631057,2.0068379813322235,1.3184963820867448,0.8889916904098372,0.944913075523856,0.6681798154369398,1.7728977945666329,0.3243002987328595,-4.056701167730813
1.1630566401935112,3.005667026272149,2.7662541646842143,0.8054745914633356,0.4792099515590046,2.5489980236192067,0.7960197168887633,1.203968415799717,2.0389198600170326,1.5998243354044057,0.37381651275039063,2.0712609118891896,2.4794208653138217,-3.6397823935065925
1.9541462725321828,1.2833862236873557,0.3258555456470344,1.976080404558069,1.9089421571714524,1.1637685325861926,0.4561971894059431,0.3974331599243853,2.657420745838969,1.9026213176439712,2.361917608904628,1.7831307613319411,3.04546419876194,-2.3652626128262577
1.76866217188636,1.117337774415304,1.8951516849141776,1.658343544010517,1.843119789669044,2.715187661315226,1.5112667272885238,1.7184421307465523,2.4264111256900507,0.36795976212004716,0.6838553503416818,2.202593969517788,0.4440018489877596,-3.210525269379341
0.6675443278691285,0.8657801676760926,1.4618989468851211,1.6051489442244828,2.642396598852484,1.3676876724747469,3.1608201281813666,1.047337294782666,1.8576363853102316,1.5837559636165728,0.9379032782248287,2.2675262238784635,0.589220707722929,-3.464005663912358
0.9667630758041728,1.3718549011165906,3.0413842626098733,2.0567654285681227,2.4569555010230086,2.307931983240978,0.7261613332862381,2.574296865844294,2.7198053528935664,3.0164756321427295,2.9508762352974287,1.3784378215708297,0.3362209876026564,-3.8190293816009224
0.9510248527354885,2.7156479611381137,2.27311886544899,1.584828796844759,0.8920648839766487,0.5229721382570643,2.0622961729521387,1.848642342078514,1.687815418518523,1.13488424259243,2.745503348744511,1.9160160414322318,0.48402974245020847,-4.048768473636099
1.448016479521789,0.5605865460962199,0.5684248330544763,0.9381820292380134,2.999122376843025,0.5133414693323023,2.9124483776642927,3.130572906318961,3.0419885261051567,0.929506636020726,2.5437830935506804,1.1945046978846767,1.096120522452772,-4.251338263863683
1.287066125089766,0.641515596543053,2.9914362693387053,0.9850368693414386,3.0971184165945007,1.8690825830964066,0.47252563275168014,2.961012209781816,0.5473465478250499,3.134737031119027,0.7845570820275037,2.1200332428064845,2.428922937527945,-4.192644731289818
2.529222691328188,2.397651027765549,1.032835673270589,1.9881930095347211,1.4018495676381422,0.7945604727162281,1.7273102907925,0.8988303777762323,1.005769923218849,0.5233874579959574,1.9745284992328804,2.0030924167727133,0.7073628504618362,-2.3241279570335815
3.1108032497221205,0.7280752178863094,3.0027990633772195,0.5252343421523724,3.126620134997798,2.0535650990063927,2.755558499045461,2.2585768604315266,1.3532565273833086,0.6550032695519261,2.2523515597886172,0.4889342620928001,2.7790856508805133,-3.449852374707588
3.0295814330932727,1.7975288813310868,1.1804480978925898,1.7954517086287278,0.8002266155596793,2.4075543640326975,0.4938013630875816,1.0515917433105089,2.6791073634562603,3.009601803719912,2.0498106315267886,1.8780779970251165,1.8036793552450643,-2.3156511939685003
2.7179562579677725,1.7337263696563976,2.9364104894806338,1.721250598937362,2.0293476307449456,2.8590037423272103,1.341077092129525,1.9664324255972117,1.9544539162863264,2.0424717363779963,0.7746853574854154,1.962402860650951,1.2083934375557863,-3.0780804043246612
1.4514660868289246,2.3771204903199,0.9874203720222856,1.5682345751103028,1.337007473910648,2.048983150082182,0.686886262381097,0.5338238171258813,0.875975711493564,2.788882483513602,2.046820349206476,2.022596664718312,1.9084491271496344,-2.3251061968003928
2.7094434135153795,1.7414372993280214,0.43317705725835054,0.5443688349479697,2.159937677082816,1.6180020264819928,1.221606034456188,2.8054568742223682,0.796271762592991,2.185416728208353,1.4573498335102195,2.609291258405702,1.374736235230194,-2.3736907130903084
1.0036507476175467,2.1105183631177504,2.5656164680368367,0.713544943061029,1.8139396486236896,0.9981844865503284,1.440668285695182,3.0237785821681227,0.48806888273182913,0.4233150880497482,1.2891890147519511,0.7897029242515512,1.9283711035297915,-4.266470112754848
2.963837966574279,1.3904978577730087,1.2698138294409493,1.405876769446528,0.8833835488084145,2.361771660729396,0.7626502730969356,1.5379935875825388,0.41435971028397645,2.023382847160136,0.5376914547041479,2.4320317025905345,3.1187258502355486,-4.007498685493227
2.004933480231765,0.42885448249534214,2.123781887346448,1.136762155776326,2.363268725503669,1.0764411925369686,1.3930729736909728,0.749539854867648,1.659098517078248,1.9612745182468918,1.5165628332645535,2.7144961989741443,2.8139999240268248,-4.121741045804499
3.1424335521798255,0.4858194016920263,2.6002404458487183,2.2256194248604078,0.9318570843004776,1.1283083276605335,0.34591867056284303,0.614391205599558,1.0531618587327551,1.0975212318113174,2.810992622774812,2.6566132684857386,0.41701122625482334,-3.9624999155340754
2.091766689160049,1.7849063676391765,2.5775406682527766,2.129938800721316,2.4991080654145774,2.72722216198479,1.0827145173834796,0.4029139103481256,0.5961026400509093,2.6830037690581263,0.9689261598653254,0.8263875834977461,1.4087596560796105,-3.172280818344675
1.6488486733148138,2.8971121952375833,2.6528665480752687,1.4895754709377236,0.5670252648776235,2.6406248358875524,3.000000922610301,1.3371258938483825,2.663062344776755,1.7984623705202785,0.7305297105918116,2.250954457702712,1.5955599890554268,-4.135978851501841
1.8199364437458478,2.693115762959014,2.87315360465114,2.1096995785099657,1.622158289287482,1.329258179699051,2.7326023630337986,0.5258802558384599,2.1994114625526953,0.9517205072750357,0.8045341940270483,1.9189119604383733,2.547348507773912,-4.815185780734684
2.1147339176300157,1.4608022767869349,1.4244901142532465,1.8889269020616672,2.009056964434536,0.3618761197829074,2.5912970971708784,2.9202083663210425,1.6690704656630542,1.3765283653668254,1.8023008387482167,0.4718428758157947,1.1480821652359905,-4.6199852983619065
0.7042083519861642,0.5691985437712063,1.2196087710096823,0.8761027425053864,1.0508789739039337,1.0878000378328654,1.049267306717888,1.4473168664916705,1.0083141950481678,2.7635378895962677,1.8096052972275065,1.0008120778743632,0.51389103482343,-2.899504223089888
1.613725425166686,1.837952998093358,2.019315546228728,1.6075078642411857,2.4952108675115996,2.4049844259973434,2.535630585916028,2.2430841750345936,0.6106808467137016,0.709732850736341,0.8980066503664519,1.406152824965457,1.7469099252466376,-4.7543958643224355
2.819431112995002,3.038797146571487,2.6180109568518852,1.5940770501713803,0.975127524627154,1.8168089304359325,1.028459390767584,2.2246982276025205,1.5202736311163831,2.147629881159061,1.8139276390296595,2.200271124478979,1.5554202585302506,-2.3137542680021435
2.7730478095681255,2.210036904045523,2.093275359244281,0.7449683523294499,1.1866698096651749,0.34711826606700935,2.3029161715343567,0.6516566416513705,2.5125625863118355,0.8319953944913905,0.47956810525958415,2.1861980863420483,0.906579646136066,-3.9561724883446194
1.3296494871110125,1.3046973787948661,2.64497441361422,2.1529949403458417,1.1843709346558573,1.399842999344287,0.5503611876967098,3.0412973779009747,2.364778488280371,2.793559766071732,0.9664276324331484,2.317480475281023,2.100029724104704,-3.206999427044802
1.2801498416755384,1.8237752997253847,3.00194237706231,1.9688232901555738,3.1217511923900396,0.6261151632284425,1.631567399259612,1.6026337095401937,0.8216432090003889,2.0015567865311548,1.0012662095196248,1.4770004364230827,0.3639147803766873,-3.45856314527462
2.400745083120062,1.4035014488880555,2.4547612321199024,0.4700523522365095,2.0200241269953514,3.0468050110298206,0.5444429774762874,1.2333955726456782,2.893851971885881,1.117218360478077,2.895746699412265,1.152985250842237,1.0772994452151974,-2.4196133219182894
2.4122736088260965,0.5969989479641932,0.5491920888837436,1.551927833961482,1.2586457285313488,2.5819765556885876,1.3522524597542294,2.7831707784009465,2.435020769688509,0.9326047875257446,2.300981315734655,2.5189329774281854,2.551890522906042,-4.126232970989415
0.8384686403669279,0.750193270785775,2.021665379121084,1.5258653585100317,1.2281184790920185,1.184577014164568,2.1972455789402456,0.43549289331640134,2.881434866346349,0.3467156847710854,2.34914721189097,2.6013970067543966,1.8641943687381965,-3.3279168999815134
2.465692355020726,0.5982240563801471,2.5599915933688706,2.124182684194547,0.5038911742238859,2.2967924082198166,1.0518006016912838,1.9817529326908474,0.9661646947802849,0.5836837746321634,2.4937537893366004,0.5473422479085105,2.144152233253293,-3.2051412761029434
1.7462664064344287,1.3926802922626296,1.41088022269907,1.4272746066737065,2.253058101568488,0.4456720974946565,1.1202787975513506,1.321788418253785,2.457689264156646,0.3588346311364266,0.8442813359735466,1.7805304989954815,3.113735902819305,-4.431504785582712
0.7127479995895807,2.523052288091088,2.8248959320870717,1.6235094205543767,1.1414617525991342,3.058081998327271,1.2854924351800385,1.46056563512634,1.6289269675111653,0.7746785000981404,1.826507431720295,2.316032098059112,1.6652172993505898,-4.571224927644986
1.246515146665748,0.7414681467494602,2.3049600695533425,2.240053353025345,1.226053027896892,1.890574105787264,2.40865678725586,0.6875801962508306,2.1033239222803775,1.3542736429310722,0.8907150349307155,0.7149257118830644,2.0731286159834847,-3.6579224797944376
2.808484271684206,2.8288993470457258,2.5496430983699034,1.5210017851403024,1.6042807661319576,0.5183954313316805,2.412692596698212,2.922209485556106,2.3759671718393602,1.0654186284236622,2.5684919103855623,1.6568734526567495,2.1374891448584363,-4.344365050719374
0.3242773890796778,0.7174447970384509,1.0682725569954927,1.108161784413539,1.7008269559422817,2.1467341960741773,2.386454085845408,0.6266500297560561,1.9431135999423814,0.4445578473514419,0.46371450640304324,0.6825736991108831,2.7521437669931763,-2.7768275994101366
2.659063067570533,0.32823388927136316,1.9196479596382536,0.8798547062570841,2.2991466652265,1.1410890112913916,2.926511943294091,0.7809643644126218,0.4707117261046365,2.990698805446877,2.4319157254959762,1.584910707351245,0.5264191594879573,-3.984845316869296
0.9374279074676029,0.6516965783753859,1.3967506559146854,1.3812244082152274,1.0169069096489227,1.1036066970774319,2.752857683512324,1.1354840264562704,1.5234387602205097,2.5809520242493185,1.6834543225988146,2.3121367389717546,1.7844357070058539,-2.9984433424107833
1.2545773816508998,1.358278506022018,2.876261119463019,1.0128273831256684,1.1468317557357808,0.6480187495604945,0.9469367236616724,2.184022717622656,0.8160030960133109,1.5413533353513784,0.9790168306924861,1.3770507882152665,1.111775998542703,-2.5588174532574284
0.9885930451711897,0.7777802112543966,1.2170950327677883,0.5648800539431857,2.387972809496879,1.9407412147185938,2.5639759332761183,0.6850203128007579,1.9347875225293976,0.5062704468770107,1.3969010217450175,2.4289699816521915,2.091724894280822,-2.6092459673968507
1.916032295805289,2.4587899424690827,0.8909196193763811,1.5580073952701603,2.051623364065654,1.5072380526532483,0.6675910669508589,0.8232314783920169,0.8976938579476172,0.3914523791925781,2.6221397884366224,0.9452273249486576,1.944089665534504,-2.411515946776041
2.4359781136384826,2.7745689918755185,1.040528867543394,0.5266682821329106,2.7319406063930174,2.685912260743836,0.3331382419824022,0.5956294686268937,0.9749029190385727,1.1902350833495314,0.7635804076185277,2.0896189380378525,3.146963542237091,-2.331211544249192
1.2059258791821688,1.4875568938267127,2.1012796310912094,2.20935258183771,3.1411226226483495,1.2838314767564203,0.7027428824223193,0.7016954858023655,2.4184596341244653,2.316229458096783,2.4436513340961223,1.0752550887804058,0.40333052278262765,-3.491546195679717
1.9345623828160354,2.8227057984682875,2.6902355240262437,2.160233903854104,2.7647030319995234,2.037678787499749,2.356250444536929,1.2546802356304925,0.6969304577549214,0.9350742097421236,2.1563621039556025,0.4388931732169323,0.6183976821207742,-4.751228241843623
3.077437619129602,2.3492001132899385,1.5086411726463362,1.1641802834241708,0.37396168887034276,2.074243693167481,2.8295741194675124,1.6429884013912983,2.752623635880068,3.055822526733855,1.4254976605477552,2.114275764704208,1.695216846718492,-2.31868641391201
0.8395125672847976,0.7691763378500216,0.8949032954479803,0.609298201824487,1.0099913331410586,3.010196149527306,0.8576466479165226,2.6445334385985046,2.788299444669682,0.90778310801512,2.889265507692153,1.8688744659684273,2.1911200206793993,-3.8912226867085367
2.347530954599279,2.0366782442322195,2.3738438021661037,1.9308397533589186,0.6022238854049675,1.2795581900267365,3.091937002071389,2.287639394402004,1.888312774741896,0.5337598784248667,0.8267329016769336,2.0658052428522686,2.9907531889650434,-4.558096094482737
1.7547340499838437,0.34431458022301065,0.4740653707957143,1.2030288001484721,2.0171371532042475,1.8865435681095053,2.155672149706443,3.068763805632047,0.39946205200010365,0.7036060236058435,2.1988197154639435,1.8241698130272885,2.9080570193292012,-2.8517677385615423
3.08157082152376,0.5278241801419515,2.583033877269658,2.149740565563367,2.249019972938855,2.2383453738436483,0.3869433799548014,0.31926893854810473,2.154054178519465,0.8866413926479375,0.7122752160660983,2.0904962279192465,2.93370986505309,-4.53126051810401
1.544676346981773,0.47565296629407133,2.2547848763331593,0.9669051297983178,2.951732146151065,0.8393808327203756,2.6922862561825274,1.9246844690439167,2.53086777968924,2.835629284973993,0.8640114260611865,1.1397051987185995,2.0635854216205187,-4.047624321047905
0.7492048778414977,3.089716454714533,1.1758350524659997,1.2809832206903262,1.0421017967155193,2.082103707268267,0.8497616164679493,1.4386356736475565,3.1354788884641818,1.995371780778812,1.4216882592985582,0.7817022108921432,1.726658567096237,-2.3138214621653863
2.6132821129805497,1.9354863350271192,1.6747898576303997,1.4830767962198432,1.0755985981223024,1.5335799693635197,2.443334550736765,1.259931769574509,1.2188990703464322,1.1342876941648579,1.9538267027471734,0.9220335985781345,1.3992346054275377,-4.152727094591392
2.7403193063178577,2.5118153708516635,1.8739313498882513,2.04915140317406,2.44064804316077,0.9735197705683301,1.3099482535386688,2.3379260831138975,1.770051885626252,2.2925918180949716,2.7715459808188685,1.4808454313480868,3.0293472657956206,-2.313932511056744
2.8719996989610252,1.1866230966573654,2.587130030815832,1.7269401388565042,2.541936813228646,0.7002767631895495,2.08122316475586,1.1337364375588355,1.2613934773398567,2.8119700340670564,2.0115631099755777,2.421264817365313,2.2795934748583524,-3.640490741011691
1.643597398628144,1.2406144164567572,0.46893026103614865,1.6095805345372192,0.9116465394573696,2.317469279603331,2.1027775065965817,1.576663135296277,0.7885148529930184,1.0732913541029117,2.395440811221822,0.3768863018659879,1.3002306347219434,-2.321041585374716
1.9593815628990559,2.5299945650115983,2.5895716439173357,1.387188441019193,1.7957370466146672,3.016404781656281,2.6869238407702576,1.3515290237904785,2.9225578599415,1.6172105064878217,2.84801509999052,0.6407021844428744,1.75311474932317,-4.53512765943945
2.1573556609860796,0.5135688942644503,2.241493753969331,1.1056056583641276,2.9278716314947055,2.9001450412446537,1.3198497675001832,2.6941665550648164,1.6415312961732775,2.357351720323555,0.5263837862102714,1.9965545999272851,1.2296530875301688,-4.164877902849698
1.470190989182455,1.8941537377160385,1.7911056598423687,0.6032683471247748,1.6229552047281102,2.6024560273832242,0.4979576341910787,0.4998731875079922,3.004250684473538,0.3236539023986932,1.857698020010263,1.0699043408339068,0.8432857069446114,-3.6598177753628143
2.7141854104410363,0.929352247641732,1.932374952971256,1.6863218337089612,1.1498879237437218,1.2855475374789782,1.1017945135720455,1.22202961252111,2.8714759270254566,3.1384227138544105,2.34581238515175,0.4520239337659103,3.1434895043588282,-3.1468640094116593
2.0494803010502642,2.4639378311298596,2.2012056739865025,1.3286851945083271,0.33911617036003494,2.9820590484509877,2.2773587689376633,2.9163974130226102,0.7577886105090499,3.0482355226524764,2.1675787994818756,0.6880369029382021,0.5640895054386037,-2.3127444068778296
2.3441439595230698,1.0149085660045878,3.0137248525861424,1.207413805421063,3.1550170019803168,2.020684478396038,0.7293198684320036,3.0905301056717387,1.8389830568439973,0.7700125115438756,2.677270675897253,0.5668536409739022,0.544750024720787,-3.9575742353448424
1.9060004472677678,0.8839344623448231,1.985443607668016,0.9222359213354435,2.077176162187976,2.5739272915260365,2.4039928284441068,0.5482490206871754,0.6402926149505422,2.097113478954099,1.6498448442445088,1.8591041205911718,1.0147843027296024,-3.178103792333774
1.792859656732335,0.391853579143394,2.105594244173699,1.3501672214222562,1.7879853356844357,1.8238010865720273,1.8017967636524463,2.0225693553991544,0.4074243170186374,0.558276073056055,1.0232039178458985,2.2452450237791495,2.292824491736541,-4.068927204803939
1.5008993721597947,0.5556891452857657,2.259936788216443,1.7914907070840413,0.6948304393105829,0.951614868555237,0.3367517171232518,0.9105674147023999,2.0996191340556147,1.032256025040878,1.2999621761118951,2.2947521808595694,1.9322188052040825,-3.4586127209810313
0.46900408731053145,0.4060328539322632,1.6361238259902482,1.2752818596148714,1.4651892204441646,1.737574473066448,3.062313666772081,0.36474110156234607,1.4058400956999806,2.89284736441643,0.6123488701017157,1.7877682963561414,0.8597934448004885,-3.727269186056163
0.5914623713819342,1.6316632700018918,1.556657649508673,0.6474112090598079,1.2037771765833434,2.9148138266370363,1.977078719148409,1.4355619692029933,2.7852345651270904,0.8501618529191581,2.1017975800294373,1.8008738026111957,2.4730823051137705,-3.8554583420911253
2.5945118032435404,2.2297634358872327,2.154427109122548,0.49919458166747926,2.1592203609565725,0.7123731526696858,2.6601403893097606,2.110837671476668,2.6913964075562893,0.4657181487238277,1.5449859285308363,0.743874542445427,1.1087235075041109,-3.811007813110974
0.5164620795699835,1.7008906800775858,0.9190324199267874,1.5726261059992024,1.3335309518181593,0.8712201235577801,1.1096905397027845,1.1124151479148128,0.5271935836518575,1.751538974931856,0.6173835709167221,1.1941445829186808,2.401923337984846,-2.3185346005311933
1.3981564174952523,0.3304347929488848,1.2877784077928633,1.7750581471021523,0.6900944330390357,0.6402477289890495,1.5681726066236157,0.4080911979273444,2.9583006701460177,0.6506693989351684,2.334461703762503,1.1047181344562467,1.4369548089547965,-3.549878179346606
2.252518248801031,1.556849591187676,2.827815354458555,1.902433960849771,1.9378661615861859,2.4098896255644124,1.8408784621241105,0.8550122928825568,0.7589301402404458,1.3677883287403896,2.390773381680221,0.5540624612329765,1.0304185859691846,-3.21019528584456
0.3365180826294367,0.3242135980046047,2.895847205984974,1.5604685613377196,0.7367380354626833,3.0822055898762466,1.7482685570778633,2.09546514016744,0.8785019445369493,0.8713958492809728,1.1539510961466815,2.53360781724131,1.0660473373034083,-3.668897988804238
0.629231702948903,2.745121686336531,2.7588235480758665,1.1565371882233688,0.35187445077599544,2.493913654104506,2.7978775887269407,1.8635261839260366,2.6974494308258383,2.828871631515311,1.3808504069532872,0.5928088672401726,1.7437480331934507,-3.993796402965407
2.907018355560128,2.3069848700987614,3.107212987223176,1.359418021564633,2.8639406716696514,0.5650779874962374,0.9004527018050252,0.35003671144812715,2.3983175508448,2.7572159772856635,2.750222522298447,1.5135810886440753,0.8875018030940633,-2.6687200560727193
0.5882078394344441,2.860958250736589,2.8642653589717817,0.8156206243584776,1.091781202210077,1.1702707388799587,2.3318134498137963,2.3329035192164467,1.3768014044276673,2.119193813109669,1.9709988986937883,1.6025797986334895,0.654854129573658,-4.093664320648191
1.624173487456806,0.7994721161453139,2.5821978119838307,1.731963990043939,1.2228114335727969,0.9829980948750905,0.7766836015344408,2.411687788273603,0.3871877738273853,1.914186112156871,2.405137269800168,1.7420368941678561,0.9477417142173019,-3.5720260928118845
0.7930271786878978,0.49998649390148164,2.2642689466403016,0.844590373463868,1.3863565786217757,2.515686183425614,1.8459898666541381,1.1578808253281354,1.6938482805056456,1.3062145394142126,1.9596465364284876,0.600158877882277,1.6997834557165166,-3.4006949074406068
1.432826580104287,1.5737765308174136,2.7302337808861985,2.0220289927790462,1.129493219288907,2.444872742881324,1.209163850000484,2.7503831939075694,2.673742921981091,2.030810142582974,1.0422701026106562,1.5408057998154936,2.9121653690474534,-2.7762416391654896
1.9269324192032256,0.6291239317589711,1.776761027703197,2.237122028187076,1.139513227142222,2.7640721810665814,1.3110804216213399,2.5784857212128185,1.3466676658232675,2.8858142661004957,2.5044099578918164,0.8051367343040571,0.4853439216071799,-3.69706553153071
2.279696694155412,0.3667118414035088,0.3491256757521622,1.5334185646732017,1.5785227328878797,1.3894335553773287,0.8356501734715265,2.518026658445169,1.4145106459819063,0.8431697543419434,1.5705821923225634,1.2988052821934586,2.7823274189461875,-4.045168851458561
2.1226061362471618,2.6013677097562438,1.100474635465808,1.9507852269741295,2.673494365929139,1.703374294398326,2.7239792083691294,2.074117654758131,1.961896807294562,0.43746627683509265,1.9532045627687973,2.1276862853874277,2.0346364263256826,-2.349362973305066
1.6586281556549218,2.3608431091540396,2.1637052002734025,1.8830635761209285,0.449819038299877,2.2781582416904853,1.4080577506844059,1.2954303799244935,2.07062991314465,1.5615487735590354,1.1598441401426047,2.1173312151317694,1.2451829584133458,-4.036532197218702
2.699228530132952,1.8708493258260623,2.2152234234192787,0.5722091083657985,0.8530960844639124,1.1143809003769152,1.441543156310402,1.088524985610312,0.7355327804200786,0.36211795584001033,2.6237214998632536,2.390263474016059,2.264261110607176,-3.978114296273311
2.9448552671500106,1.397370170591922,2.510421725529805,1.7113317083213366,3.1471426072261415,1.0010038956628213,0.4371026883453442,1.6325716061801812,1.559736007644215,2.6085514134688244,1.8181150512272781,2.7472551966508827,0.9624409671476233,-3.7608044534588205
1.2115756360483454,2.942703464224791,0.7826536607782075,0.7985098493715175,1.5151975605229362,2.486564993076255,1.5065869188307153,0.42385471199166425,2.682300573260586,2.4208803141794775,1.5491940615638358,0.6847900822622499,1.8861764252215862,-2.33023561619522
0.6123420536558413,1.0714949944801277,2.6088320686135367,2.0939474581312125,3.0842971084634163,2.1346992621203325,2.022901249366167,0.6961861340306528,1.4257001059815673,1.5709728435069967,2.7132500331265224,2.072175511257026,2.121171767983542,-4.058132957650893
0.586503604317553,1.0957567213657347,2.11923024711673,1.2838288035944843,2.9334346071474866,2.510286169500191,2.6952736022794004,0.787764967950159,1.1777461233286426,1.652738231979328,0.9194142634946366,1.026538250291847,3.030640897046008,-3.453516563405631
0.5017992177353534,0.6016927458141514,1.3363727793989197,1.934018489524333,1.733744293364335,1.8089088444299215,0.7839325441491629,2.772195152622783,2.895668354363573,1.4705374750914966,1.241858331542688,1.2934995686039195,2.674525668859022,-3.8669948290457152
2.8145355827097407,0.9087250263677957,2.5577619013177655,0.505828722597338,1.7818640950264981,3.020752385074723,2.9245394828751765,2.6725416724704893,1.0623002980357859,0.4123776905149841,2.5205964789827737,0.47431090508358037,2.831184120579927,-2.6891035780964785
0.8048909274739234,3.0201986397940046,3.1184695417608554,1.815916639440847,1.500816613099113,1.779397624862587,0.8423339563163201,2.8077210360197973,0.45193995618709776,1.1713198584905713,1.016851514890472,0.8774190231342203,0.3795566653374992,-4.551921284300097
1.243875751336874,0.9447837637386542,2.325455542042216,0.629194735030536,1.564868284915696,1.642447051341643,1.0340443700209925,0.3266343718230027,1.6141940185028083,2.2307719308986296,2.6917367413873983,0.983762701266603,1.500520656826438,-2.8174529697575523
3.074342230036723,0.6113160926205751,1.823749704341397,1.65986488895051,1.2427595814700825,1.6644824089870907,0.9368699017204021,1.1947002846680035,0.4632284821207885,2.8301778154080113,1.3785956743703502,2.402331529516173,0.33802107585343955,-3.6249648086107022
1.0866127542431707,0.34724910116630875,0.6811370641419654,1.3823081414000622,2.956249899498444,2.703152920848426,2.3281782922104663,2.231112203091994,1.2934242430525176,2.6925588946361803,1.7809465438137313,0.9906064876772871,1.3448165837694752,-3.8752355124141427
2.0233915582641804,1.8841066143159457,2.2242164109041065,0.7216575440821238,0.5515328476708476,0.37691458664190103,0.911577566622821,1.4883021125889486,1.8358752364474797,2.1505704885332726,0.9006589933035773,2.4044899859948954,0.6031426910773774,-3.955060249805341
2.4941695814357447,1.508821167220219,2.9062016980387524,0.9113331752028453,1.5469485203878863,0.6792757146314471,1.4895958143910633,2.025111233279236,1.1454218217303451,3.1501627643652172,0.4597264262945584,0.9778655678053583,0.5806705057901889,-2.5584568547343096
0.6949960044677349,0.5656059140255119,0.9393356665653296,2.165757175469409,2.327495268692962,2.9230500765896283,0.9485560729566955,2.0545488684791167,1.4246473326809068,1.150754361497448,1.5950130764497257,1.527087506939275,2.4530031384508524,-3.8429696671036364
2.4758284986751247,1.3157771280399784,1.5039196341893473,1.3443990042504055,0.8855743994164729,0.5029458112135159,1.4369993945246435,2.9863304713159584,0.9401455958737066,2.2001602948881267,1.1288959221567199,1.6761465543525254,2.4611360857733433,-4.3774436165324815
1.285861086079508,1.3512726245549325,1.6559580465244799,1.5744596500617205,1.129221263714665,1.46027703067926,1.2435138407870576,2.5039405757040893,2.735146878128869,0.6268113476634833,1.273574883714447,2.232105516758592,1.151189915509479,-4.564981594918288
0.7713806209326639,2.198740197458015,0.44362273744927117,1.4485916789744724,2.3374131800982054,1.686903486217533,0.9975060616372144,1.1975125624317098,0.953725074911741,0.6494563191132876,0.3790615769657841,1.5237463641400373,2.80580311148689,-2.401698334580641
1.3422096792351743,1.3020442150230565,0.5343161604729902,1.366699653727672,1.1322831522311927,0.8206218622208257,0.32779295879672876,2.994202305558532,0.320450842971391,2.3247264472365416,0.821792368946566,1.569853453536228,2.9040594654352834,-2.3644312840266997
2.6666652238082866,2.6987469851571007,0.7708718227021895,1.6326396295089414,0.4518953083262597,2.9642893099090677,1.0222304464149317,1.3226400114472077,0.9817286510317778,2.2562504903547507,0.7871854122520696,0.5061512484985821,0.37083201289628936,-2.335217119797743
0.4833340286358755,2.844122671049253,1.1978602596162093,0.4786903745719465,0.4271274530992578,0.6625964565620168,1.3369942027537898,2.2992116472558295,2.5249560443148313,2.4869540340724945,0.7722447403607429,2.630219273889348,2.835654231454875,-2.351926729578378
1.2687796382438534,1.074941009144473,2.712819073567461,1.5466751187590868,0.7899139403979218,0.9846197863341855,0.8764760732878214,2.1526098472944986,0.3179347726179471,1.3751430209316453,0.4765586347368705,0.8352542583385607,0.45870836059267367,-2.8105022543475284
1.777115238925627,0.7225759383268588,1.6466093671495603,0.7723983815804298,1.8206303078011157,2.512307029867453,0.3785129358252759,1.1897382166156583,1.4216657570243567,0.5028151429234495,1.5204688198347285,1.504039562514021,1.038780648728289,-3.302169418583963
1.0058463890687013,1.5122760068540655,2.9760262856933286,1.477113760491153,1.0005964059754953,1.5134571680122078,1.7591089994031823,0.5129524967922235,1.200399387378024,1.7202797489729744,1.1003933385660778,1.7675041482390126,1.677430121176993,-2.5178707840949626
1.2988845736998575,2.1058211666316953,0.8249827867528277,1.3964822552670262,1.4198456901560392,0.5486622721581064,0.605721510130216,0.49422523240976,0.9447193944679033,2.9674604838794267,2.6040033054223954,1.608328423228655,2.0984185353269904,-2.3375363507372082
1.6378367202417534,2.499674127600079,2.387061073902112,2.044166769143244,1.6475332447748758,2.7298030643269082,0.7315916202369293,1.1198923008326047,1.2536035156446443,0.3430725777112906,1.2010044974461125,2.2876146974185505,2.160846888457468,-4.478466321238272
1.345538718427444,2.147975324298326,0.4846851118686779,0.5615343554662168,3.0402909185411238,1.438465498434595,1.2817773479322456,2.631532634865139,1.7064736129817004,1.7754349820990885,0.37100839684349457,2.65182459010645,0.6105582446497297,-2.3608757633808315
2.262151095673287,2.2849058054329996,0.5445606903125244,1.0305654989683632,1.0975123295724751,0.37475164910459413,2.83889795774526,2.508473596304675,3.139793113353096,2.725141143552231,1.7858305165173298,0.3940795387401971,0.9426397559230166,-2.3339060896805885
3.0997968761525496,1.1407460731759842,2.2921020041697395,1.513487548677956,1.9927904484259245,1.4712057810812482,0.7903035516686439,0.5827109493683836,3.1255320980059063,3.0282985912295497,0.35631951586277727,1.214322246380955,0.954850377308887,-3.437025134336331
1.9101115002057927,1.0289569403505636,2.945567170471162,0.8672791739637951,1.4166026880380866,1.1983679255537765,2.886557608442963,1.6859518363021222,1.6418638877331164,1.303948398805098,0.6031455978429421,2.7645639174409182,0.44137723951394847,-2.813080165149111
0.8324334556310522,0.6360556362538852,0.8617851982369957,1.0084096991010685,1.9436048654103122,2.7070865766087095,1.3675198554318078,3.013316045868334,1.2869503677538623,0.48417571588163966,2.8074772893309126,1.7992457897948964,3.080115174678136,-2.6484680277266976
2.190449524996329,2.2720821484584346,0.7528007492680708,0.4773964498028048,1.566035618071037,0.7181532266880397,0.8104135872108877,3.0469634679790105,0.3949662404191493,0.4957911551740055,0.4420692600407846,2.067432608110387,2.541312447470087,-2.363130386376871
1.0897366442118779,2.6866166075883773,2.483567359986716,2.059928956094827,1.6881923444462281,2.683601514778281,2.588482196962171,1.6078121249576325,2.8908871516924233,1.0527092125796638,0.856341526830193,0.7409247118307558,3.0245882060562193,-4.580894313944967
2.3428673846400194,1.0291601502861434,2.8539406398595397,1.1421870469149098,3.1572914770747462,2.271594554277913,0.6969736408860907,1.1213129837736178,2.5847045057364175,1.890662019773782,1.6703587395633466,0.3898675813385941,1.8818050624647877,-3.8869476710396555
1.472463902264766,2.6678058282026385,2.6056679366556326,0.683704558210438,0.6319509992581299,1.9860927448322798,1.147654690211332,1.0905589686415882,3.0138078436435567,0.3215929003110218,1.4688783578687608,2.2638965271528537,2.5188070852792306,-3.7628157160936007
1.690332192028171,2.8358008116121978,2.9421391346899037,1.1999629777284242,1.4525814086749762,1.784675585169216,1.4243406717086693,2.190695145455344,1.181239133188446,0.5875878082159789,2.5830798500602006,2.085211268652125,0.36035955723091584,-4.374636469836686
0.38811274033530635,1.457762408910243,2.170317478838054,1.5178542959598909,2.305108903882238,2.3950886053146285,1.9220443515780574,2.5159104594023654,1.2568769255352206,1.8647880484778308,2.3237737271195757,1.492792361638528,1.8502898167735664,-2.9432500935144597
2.240730968912312,0.3850685925330379,1.9366264055737714,0.6669531735490566,1.9366864338287515,2.0978841177258873,0.8199345956784088,2.1253075310379987,0.4039967367893373,1.7393912570794074,1.8070272170945088,1.9861953084711959,2.2298548517507895,-3.741617996424608
3.0142801222764626,2.8898613770485926,1.8841193287157023,2.1226062305860505,3.0988496949947115,1.914726432532227,1.3184665183854745,2.645561437477381,2.8320679869565533,0.4421558909830521,0.7537570683902638,2.0062759816706817,1.7373862723130007,-2.318130608869271
1.9041157857020923,0.6899380907099745,2.4575260514808708,0.8728395956694031,1.9955240338051385,0.7804816230523002,0.8003875115117385,2.141861828025225,1.4991070811651768,0.38664381327005654,1.8050640177018227,0.9025304531452174,2.6452244510715968,-3.611338894541241
0.5194636797394938,2.3739427523753167,0.9541528793103087,2.0539297170142095,1.5500380018569255,0.9463500375081768,2.8044953834130295,1.715215148176739,1.4513379517975846,1.3624729482411462,2.766731130976553,1.4328535548132209,3.1029500605385283,-2.3309152444569268
1.3480672556079463,2.5980482447903666,1.405325698801889,2.0818838045880925,1.6121834308740164,2.171658980992254,2.1460240532549446,1.2770597970303401,1.8963634738519166,1.084410923244087,2.039032472140023,0.5209908307228002,1.2706354567069607,-2.3343666743104454
2.4307332539463045,1.4832849287473964,2.300130684728883,1.4584114885148058,2.7287103622642355,2.8577795936278814,2.9867668913908276,1.5144780155070212,1.7415285280619972,1.3812266722547863,1.4634655416526345,1.9497164116511791,3.08616043395627,-3.037627759722052
1.740402741773342,1.3276820722860918,0.4366942874654413,1.6665155656318433,3.026304009363469,0.9258439679619959,2.1410924684564696,2.0392700830263517,2.431373152305517,0.5972151864901145,1.1226598100653873,0.75170358662587,2.05308669147168,-2.331926074589084
0.8629560782808168,0.8037369658656556,1.5176811868712812,2.1680325300962706,2.9162286351719398,1.0661731181908143,0.7946771435686695,3.156352211630619,1.125190665003174,0.6185525848611465,1.6368947924296804,2.141780702031561,2.696483637594862,-4.075672599680401
1.0001977985724715,2.3670260121730364,2.9114207127840745,1.1900900166640018,0.7273943038408606,2.4672731407558337,0.8701042489359241,2.727023999131296,1.3734222758278263,0.8225428383779578,0.469374294218014,0.7168493743025366,2.9383750680274825,-4.349567312167088
2.2215456858744753,1.4935823883695194,2.1610096219560155,1.2580871002366807,2.458662896898593,2.105564142727297,1.54595950154038,1.57210675621768,2.6424709435942657,0.5791016401959328,1.4437656015595028,2.6669237093400455,0.524538867405667,-2.817366024664433
2.5737573153043374,1.5613049632682359,0.7910468129059907,1.9609563035461524,0.3406913310508882,3.102078989413126,2.6428832320081965,1.634476860465228,1.972567365953067,2.885274732952227,1.7913337869796297,0.5835748644524434,1.329979050328826,-2.318077062371841
2.2848936846250547,1.3871249643812726,2.7003617045741763,0.9503400024382636,2.7074417274842233,0.5518424872244705,1.5347094699080503,1.042929732143804,2.28891851093838,1.3398114596127042,2.403056022774045,1.9290385822295288,1.2758020027602768,-3.1524010708577612
3.128551388509861,0.9581853810961976,2.0383609053506446,1.9648497859006495,2.742639023302159,2.8421390243542874,0.31625745558087553,0.9985852754627613,2.5820575014054166,2.0812264835840746,1.284915078281125,2.455577477951119,0.5953875060146254,-4.074536038251322
1.4817548462907517,0.5242166264144101,0.974971028885911,1.2115264079505499,3.0055420219617868,3.0026770403439724,2.264697089910712,1.0382431200254665,2.567315258948578,1.6764688502758374,0.9713731549271748,0.7690455882462433,0.3935487614014842,-3.680554461788386
2.8556550650114643,1.6061762384739797,2.8786903907258172,1.7504773050760434,3.105466528252734,1.516240310224929,0.7797488894878443,1.3620779456571301,2.2388682201078374,2.841851258958501,2.5406606031689627,1.5961152488452413,1.9008902215749053,-3.6352827514282993
0.6172679081279286,0.4238093295614084,0.3329809080664449,1.6501025121312252,1.4356193989285373,2.1622624753783133,1.348621490619255,0.4576885271179897,1.6521467868334159,0.48575330858127397,1.4380478230392229,0.8934779059184765,2.930546461536216,-3.744247541843525
2.6870677793202975,0.905250127328262,1.6483743722720283,1.831996661964326,0.9047167902089877,0.865441566958429,0.34856937355738976,2.3845757287084126,2.0848525451124154,1.2402621751999543,0.7201925285325533,2.1238588327540455,2.8827385283128923,-3.011928228142813
0.82508009585714,0.7887378399050577,1.261365519851005,1.0562744008907223,1.2982575990769685,1.881875828660268,2.29382590416771,2.7663900320401678,3.101823802796054,1.6636244025767417,2.191644991482225,2.111888648299223,0.9076465131893536,-2.624902610983508
2.879396214330584,0.8714439511025325,2.188064905829758,1.1692217610251479,1.3422256952256963,1.1091422480614461,2.8340171479376934,0.6024024362672242,1.9720811424817408,1.940740703762695,1.4089726603536985,2.3079385608516056,1.5274944419515277,-3.031091453487425
1.6671772737250605,1.7823273295628639,3.085321969485477,0.5494574678027682,2.648545253811733,0.3259359753790132,2.8563093151485774,2.35081227512755,2.135242347695962,1.7595183612207603,2.3514831234217004,0.50799371328672,2.5950243664427655,-2.3716944935907986
1.9194569300951043,1.3216691238087468,2.00625555063016,1.6181984105113405,0.9918179271718999,1.801382270365123,0.8320682870514557,1.5462542633216276,1.6975589133280935,1.7676988365656927,2.4457566847005436,0.5725086209478517,2.4087809863477894,-2.443434489833048
1.9449161994337687,0.39689502351981615,1.4738480163942285,1.1288219197959548,0.5776118085111785,2.1590096764736617,2.96445504836469,2.0653658450619505,2.8975026716344314,0.6640397776421082,0.6648897617139236,2.306271519639866,2.4760370704141934,-2.906595360391209
2.9085485604974117,3.0692140446775813,2.7959853991646373,1.7637489085864517,1.0649032478715243,1.0561676742408228,3.118100931648913,2.7685466358300506,1.2235143561476438,0.37799267357903016,1.4507663962741058,2.1400961201667683,2.332706708648728,-4.395977965184115
1.4892533114890898,2.5818041067936726,0.6129491151455135,0.9199996318628787,2.1527418165232466,2.1397999332297184,2.1487631312556226,1.2069832258324344,0.9702053469513436,2.2677917955746727,2.2808672794654106,1.6600001609649178,1.9918784576203763,-2.3342550994265236
2.143975738730994,0.4681867701900882,1.251450433036516,2.017019668282112,0.9625149765452048,0.7017467066102276,1.7662985050662368,2.2480803310747977,2.687059169641757,2.2086575992888067,2.8651875728084883,2.578736019252485,0.8720323438829816,-3.566158825545206
2.4051571774423923,0.4162605773046584,2.2927923241180834,1.5388495387774677,1.3300172764414302,1.713909602320002,2.3127685917628114,0.4478906467965545,0.36043325356551614,2.999885198728885,2.7021868064208157,0.8839083057523365,2.8113630596933654,-3.872095453657417
1.7962850766342677,0.41181790914301875,3.1014000462057094,1.1340257219982728,1.5834137389218175,3.036619022489572,1.6143422017850346,1.7727485611254246,1.8599360957108921,0.47155728049256673,0.423868279710521,2.641690204384171,2.9754165791849223,-3.918134606565108
2.971515525131697,1.1850531653903025,1.7283512752357273,0.58434378887817,2.793156304664731,0.935068734326195,1.2022138921419396,2.435763373153938,2.8186612153243713,1.2879012175644193,1.8937150051704916,1.1381848066703033,1.4300140496336269,-2.564541011398845
1.3603343744084557,0.7570543554711613,3.1544970989658645,2.0354982780994364,2.3094472518921627,2.872235476028439,1.7408591695929059,3.120678810671129,1.9859561843876428,0.3307118715333028,1.1578992555859595,2.4357953616422066,1.3552164555325321,-4.2105259171977245
0.6724796470818016,0.446458346900354,1.0013479789752537,1.9658343602844834,1.3279536777902599,0.4369267258349365,2.4146534290588084,1.8692709128382266,0.6891442580407124,1.4465278282743754,2.5161452975627236,2.5384074517710404,1.5981939232206641,-3.680907431030053
2.8035269824430014,0.8352213477050239,1.5863722927322792,1.1717408399144722,1.3806611293101179,2.9962835524714606,0.9310966681964261,2.314757633552,2.8356359013707766,0.9832913680404449,1.9275363369791674,1.5582754381557007,0.7047088660646009,-3.053175353568781
2.826521770243387,0.5150843471927986,3.0524037351037423,1.6251439298521606,2.413104310954415,1.990667043556876,2.228075139956897,0.48713683492351856,2.769752171943954,2.898804059632517,2.6392774706700077,2.502342023843092,3.1319637253901873,-4.292693304748021
0.3393959197421975,0.5388452160439026,2.6765531292181888,2.1404968213240565,2.2899849223658504,1.6756487330953163,2.3064499524912283,2.594517852211521,0.5059659485040215,2.2534755454013817,1.8818239798685925,1.3177492128586707,2.193591327851508,-4.385622980802913
2.307622606932775,2.485115858438589,2.4495290178709954,0.9424730630542029,0.9126832349064156,2.8830614541944186,0.3786016043351992,0.9175681225209342,2.594046541047742,1.005087889645748,0.5698054847165464,0.7845357838699423,2.859806009107771,-3.917832467213413
1.686937616838747,2.9563307535151373,2.3623677297602614,0.4816826564239735,2.42581042672453,3.1073087020968773,1.616825618881601,1.1291541273736905,0.9885921994562796,1.9770029778464544,2.4208292815546057,0.9655707280316974,2.7099158570924144,-2.3131604218814843
0.9963022838481876,0.38916933162598727,2.114180428975676,1.3555079699315173,1.498886958964508,2.241618664793472,1.1839424963566534,2.9731476297438646,0.43816140663548203,3.1094016120070243,0.9608012165379838,2.234797210897921,1.3663238807129454,-3.9770295747804614
2.2966245268861356,2.0397971053796597,2.966896321266907,2.0045731284430786,2.723381981206981,2.5933849697709457,0.8310380730343347,2.0939585242721326,0.6540115780965627,0.5465271881195086,2.5111332931233736,2.475870230500838,0.7593220800587144,-3.1785651126112473
1.3122357070384953,2.6513567424863123,2.7818199454310535,0.5526485849695083,2.4424633306884402,2.372059576501364,0.39298411439623426,0.6367905133508087,0.5097450248318475,1.0109504463871406,1.6132883957521942,0.5334865786814775,2.656093387632521,-3.815768316423816
0.7204502336419865,0.7308290653371801,2.8571983457521233,1.9998423080256122,2.418697255618933,1.855798730565957,1.3242459779590088,1.4911426019238363,2.9246994664197983,0.4501915933821301,0.4992188088246389,1.7492380962913803,1.2857687087537704,-4.261692205274946
2.2169326827059677,0.5171020502399846,1.3725618722135327,2.1268025678957145,2.1212861046709683,0.9623997186503206,2.7291666405421973,0.731109715503816,0.5727530925111175,0.4062589361208637,2.706519842206232,2.5184394699275643,2.5378672831251388,-4.101070623720726
0.5072666422687,0.8746898711121307,2.602212804868935,0.5423047507734344,3.0708719176370183,2.851003425549007,1.5059248843459403,1.813699282927565,0.8930279602384814,0.5745418608875904,1.0588631194513576,1.5919150084724925,2.2893634023994176,-3.3722666859007644
1.33094614767942,1.7212117877991227,0.32392543863210754,1.4684709114123569,0.5724406985836812,1.7066442779843431,1.9561766938644827,1.6549223924389325,1.584669386613295,1.3999301207417778,0.8695194153695791,1.0470429173009814,2.5447695657489944,-2.3848030089824617
2.270152325756042,2.5470031295913214,2.4046088459351367,0.48844512092182446,3.0157583700253907,3.030153591253739,2.573166619364865,0.8013454291215555,2.9084201157870218,0.3252356913083128,0.3480169723596344,1.8068567995169098,1.7021738118629177,-3.772470454455616
0.9824548418855994,1.3820078929703286,1.5357156880600398,2.1769231539304017,2.9143099984515106,2.1861627745978547,2.9408108935903585,2.281826250882092,1.1405238787427854,0.492159184997757,2.23509063706081,1.8044910643383143,2.5274314032135488,-4.941725665356767
0.9073469365166746,0.40896822257256454,1.751657025382904,1.6835475574902707,1.5100419538312901,0.7236588830968467,2.8536907900959236,1.4121542520744954,2.6181115049555284,1.1126777968044332,1.471167565446299,1.9839181556700893,0.36845193802142173,-3.976513852690552
0.7845216762048115,0.37912765933539905,2.901394680869228,0.7518916506869994,2.3433961316805534,0.7615516148613231,2.9046324228527474,1.2756189223062404,1.8773110108929045,1.4268525835706856,2.2825576971073236,1.4841820090534519,1.454278140855144,-3.8971790616177793
1.1268145858035132,3.15700932164437,1.886758076956789,2.1777074572327875,0.9687295509339546,1.3919793394125417,1.7775924182212792,0.38019606229299086,0.6915276964298713,0.7451830134553885,2.164152215320981,1.8995492277039996,1.9365170883789065,-2.3375758036592944
3.0806066068843774,1.2080351464504506,1.0479019047845066,1.0042924418295254,2.454278167591661,1.0075187093920936,3.11209700801986,2.1876548110060403,2.236064977272726,1.321871286784362,0.9255203324486265,1.2802777997091688,1.9617136119020087,-4.080451804777411
2.374321594205375,2.7101745724713098,2.7274713340496892,0.926751356628251,2.9210211091163654,2.874404539975862,2.0121342835335154,0.8504428392368815,2.608559401257628,1.2308206132016974,1.8615187604816827,1.5532942087013673,2.7712354789046447,-4.294846020782041
2.112483958835692,2.8822256487569597,2.6515530405524377,2.2447504984712583,2.0252783890818953,1.8701282109139632,0.9783875356605156,0.7585290526079649,1.5968451289699854,1.6931729803583844,1.341850093560286,1.1675191069517186,1.3246256467307702,-4.534452714294866
0.4031383805139338,0.923660272014942,1.6834985018347983,2.091005435076064,1.4838827804595978,1.252266045834737,2.61658968216171,2.2067336217397373,2.511464838527364,0.9149500236120554,1.0196189583252446,2.4814256979785787,0.8326879315712574,-3.3100449377914734
2.681093151754176,2.751245844625904,2.972882735941306,0.8276487838352075,2.78417634952294,0.7793495399092898,1.8636059976654318,1.9340754427349993,2.3253297140601163,1.640372742550744,2.372550836597693,2.498489781375913,2.7857214326097424,-4.313950403764533
1.0445464041708934,1.926591261347163,0.8289540756575624,0.5146190498262633,1.191938789107546,1.622564818575228,1.483855531895172,2.2598114427078495,1.246083678162867,1.6476064526926895,2.5914145954468335,2.2468260750763402,2.246601201324522,-2.353010942105547
1.8529772181428614,1.551949462398199,3.149774616965724,2.024149375616873,1.170948642850732,2.193096313571165,2.842449979639693,1.8753013326396104,1.2349660363989945,0.6837725748437345,0.9413220159377813,2.062498742443463,2.16367392035002,-2.852473769776792
1.4950002434314549,1.9948314107426475,2.5023667668955683,2.0568370586487235,1.805089745370597,0.5746651063645538,0.7598085214857726,1.0002032826179765,2.733685669499797,1.8510739908563805,1.9455315798737263,1.942032598237931,2.737959391530067,-2.3594858681978383
1.14224688091652,0.9345377931925765,0.5146078068324107,0.6975304144954092,1.151380733140546,1.9265195310589465,1.3873932273703073,0.5815041670956986,0.704033155960464,0.5926327223747909,2.557386186563715,0.4867208391980078,2.2158867876835964,-2.3385605648788874
0.41213421199664657,0.8615964232812316,2.182759398027246,1.6897996195565437,2.29421863874,3.074899798221939,0.8555785435076533,1.3940414510463248,2.177777716390474,2.730010789090736,0.3518817121179822,2.2824665004555738,2.8752244317931597,-3.912203775395359
2.8731401544628272,2.1657341537922794,2.125658508961384,2.2357294490300608,1.5854204757527393,2.8016581728738026,0.4205109162212972,2.0723283587249925,1.0932755033595691,0.9960873233231842,2.0749485162698873,2.7393851368735036,1.7041352924456599,-4.504946310409303
0.5599635893944284,1.2663413785761728,2.8413396960673385,1.520119628791631,1.6755244779725227,1.8273972558338754,0.6102297614076538,1.1998663052335112,2.9494177674585176,1.911969339380631,1.5558350998614863,1.5824967626959783,1.3813713651843922,-3.3432875611850132
2.441053575404789,2.381688319890793,2.6338983691784477,1.7482288125657528,0.5447930049159964,2.8905785530809744,1.2614879135814252,2.5092291109072304,0.448565437680519,1.8482624330245556,2.4014973269646234,2.2401424662634435,0.608149551514765,-4.349218450174725
1.5729309129155569,2.63962977586872,0.3633566567033903,1.2426115792270869,0.6371038708875632,2.427245059811247,2.1940465629206884,0.7400860810469193,2.6646202381676725,0.7500454381798362,1.8874071600489175,2.4073523711253486,1.7576494954233781,-2.3151768383551143
2.4874929264857255,3.1225942197317877,0.750209572784607,0.4599664629550414,2.3600889813582335,0.6099393172200711,3.1460563609767993,2.8601315166366175,0.3727362932312187,2.2330140664943543,1.9140425135189538,0.5243494332536103,2.602376126080737,-2.344718018825484
2.5561522935224286,0.45829609725645304,0.8114114102661327,1.14164856763423,1.3004368880795292,1.9604840478252825,1.8273293380995768,2.5401487222960326,0.8527164987755802,2.6713477845887463,0.9970344047261942,2.2535093225484966,2.589973194701471,-3.08477643742576
2.0563552820996387,2.9093892336527185,2.3163618656241973,1.3117768208744252,1.2138758706603507,0.5106957635319715,1.242529957640752,0.8025842466303801,1.7941299419633336,0.4611589121872609,2.2397547778850053,1.16939169463029,1.1409644365633225,-3.8006761928437767
2.9582151711375997,1.6185777467598264,1.8006541560568476,1.1698139509681513,2.6904866415565007,2.353723549864995,2.5143828079577113,2.3822476246513182,2.6235969556666308,1.3003281534132671,1.985876219667161,2.1959252500516664,1.0900897725201253,-4.566179794578072
3.045522619579644,0.606896214626849,2.327747941560859,1.0384422300701293,1.2070337115185175,0.8451513698724527,1.806119846116242,1.6461938434021874,2.1894286412755606,1.6737595485070205,2.497687766156,1.3440426666692256,1.258253236373645,-3.2857170794478257
1.8090421173002562,1.11967987499006,1.1106962347944398,2.020491193656859,1.5875739903902748,1.4708582997538764,2.9633729957497468,2.0447943318822377,3.0395775087014183,2.422515716511211,0.3532620990282808,2.664061367685568,0.5171386650452471,-4.619997633440996
0.9356823088452924,1.5808834393967048,2.649974040573834,1.2668459004758528,2.1874230257386564,3.055262592823842,0.975569581705257,2.544261080107953,2.472091793967527,3.1357700351391653,2.4756395268588856,2.5644368186805195,2.8916917403018942,-3.0089973972697153
0.60137000812225,2.4334879773080598,0.7673149717999481,2.233368416551147,1.9229692025343867,2.761769898728424,2.5374290033233113,3.027224622867628,1.4082338912755192,1.4915269796383621,2.246315669914911,2.2796635139229338,3.122206036766534,-2.344192625433886
3.0113335143049578,1.8196735241818223,1.8018077551486125,1.6016367531908784,0.39675200394303833,0.5964997987012549,2.0727174608452654,1.6832779229053259,2.4074899563383756,1.5599360074341162,0.8660216293825024,1.3307537665594626,2.928804415255616,-4.100165566122971
2.991393633177411,2.4103356011127803,1.4646201504240484,1.3002846263089631,0.7085386308764943,1.0115105067881822,1.916903176111746,2.114666651457117,2.164389311218249,1.808021226977873,0.7506357095479094,2.4590841156603105,0.3982661680259131,-2.3143057050018063
2.7110292561065554,0.38132527817772566,3.06908858550811,1.92794973867029,0.866669625006576,1.1008497006503346,3.0983890002058017,2.1317513617780146,2.0014739330844975,2.9390509855396574,0.4007595609022989,1.6001539383702086,0.8102003794269959,-3.760449298543442
1.4255565657195246,1.408537371773135,1.266256271849872,1.8255448343168175,0.6763494634601295,2.6638698211784053,0.9717429635619779,1.9034687450990262,1.8164465217327446,2.4633293865577395,1.666161624403074,1.4542511351682863,0.4535822675645381,-4.058225672760857
2.7951122589174626,1.0111531671273812,3.0900060261229116,0.6543490392078213,1.4312832613825868,0.8183587359845585,1.6465373394233624,0.40451213458731894,1.5105946584883014,2.721139273797747,1.8113023422727954,2.3993354788785672,1.1290873450749972,-2.740250847881946
0.9637806809284426,1.1388968757194908,2.458762855968531,1.0515464670514778,1.2712255069558431,0.5912606004006707,3.0679630646518565,0.6008255976913135,0.34345984887685166,1.6255990480271065,0.48935643175108556,1.5297696339236106,1.6482831823485482,-2.64316078410126
2.3043071306959897,2.403519503253578,2.39309368020126,0.8497243790870121,0.4426878993679385,1.2444362686362322,1.8238441887345258,2.107394124119382,0.7733549816130528,2.3995476221440843,2.0415221409607804,0.7598982333979871,0.6350422444047985,-3.8704898175657925
1.816496338681807,1.5825696319978109,0.7465345439835731,2.1459544926866685,1.1677581843017266,0.506845453616501,1.6430841921160646,2.9755694534981387,2.037262252126594,1.508499783946654,2.0879239061595056,1.34915633354733,1.986783207164229,-2.341845914537214
1.6937131713258247,1.1011513332340976,2.439567845895526,1.790852426378735,0.8648896041455765,1.4781982685966404,1.7161850455037742,2.0829286123025117,2.9550387536995677,1.8708923187417608,2.805555261892688,0.9114332589194678,0.6612989617221811,-2.838898226256096
3.1568664676487774,1.089057284869704,2.4769379304737664,2.1707583837542157,0.937717027712704,2.414214784774739,2.262313504447848,1.919663868371943,1.568660414123209,2.56798220429026,2.3164983448461323,1.7756582390879945,2.6871738947432204,-3.0384992066779093
3.0694250470179587,3.0572858481429535,1.3835085633328845,1.269264962606785,1.8395266139791269,2.6920579077991698,2.4330004343653098,1.658424804750723,1.2967050656073567,2.1404630502421154,1.7192085761912403,2.1743811164769733,2.240746694823399,-2.3367219675173954
1.4852210868148839,1.679887681303726,2.992479434801216,0.8907927719443904,3.019753528637761,2.5082545624764196,1.2153719680284132,2.530902587209544,0.6139971259065462,2.550854102722531,1.530875841006707,2.040355554896476,1.7740406314882409,-3.0509192466254453
2.2592385563269204,1.1988376115740296,2.6846896710345045,0.9648444905922622,2.0011375271911906,0.5165085235576752,0.8153006035340371,1.752064566175378,2.4816909201045103,2.5599059731543687,1.0658489217745495,2.0315464784281585,2.11773761508091,-3.1717542099184977
1.6004306808344921,2.878421265467292,2.9673776589056065,0.9719500801395016,2.5202552746131617,2.479234288278023,2.979128406009659,1.6399637790276118,3.1484782880904945,1.8210724293533451,2.6607142159357373,1.64905493155836,1.3293837059879539,-4.398579973736754
1.1258942405239987,0.7920701322242207,2.7566098390594758,0.5601662869488426,2.7044751410136523,1.6533713301211412,0.5995035274500501,0.9656333196928344,1.9809236880657692,2.4471288521198233,1.797069837901451,0.8887061749143845,0.7350983555380108,-3.5310645664834186
0.46518613068224307,2.1690690621424054,0.6323529311688177,1.4627884101005846,1.4362461847267,1.5553945251900363,1.5379608223634496,0.343452021546625,2.5306195399385985,2.9268487345713496,1.0707054577452808,1.6385317661008298,2.8677898615547672,-2.325565912363962
2.9315855907075563,2.056479694847051,2.9971102529295814,2.068410683680685,1.4119440759183897,0.6356754028538001,0.656392317010248,0.5438488421375371,1.2766891749632565,2.1006216981278354,1.179061479858026,0.4173125632027824,1.4740049340966492,-2.6035820257173077
0.7780814225415498,1.2210135127193085,2.617336783020078,1.2204116283379483,1.1781176669918765,0.4616597927407158,0.44775345351310836,2.0130394439828323,2.807673502174514,0.43966393135917026,1.8962905337559899,1.4817260215570163,1.9563383591664296,-2.8791167397725634
2.520118461020415,1.122371029433129,1.6528853029688544,1.2677815494653777,1.9185516498377562,1.2496259146280586,1.1547325133322202,1.708183030806228,1.4724755084300347,2.770679009970908,1.9936049409218795,1.2761291142533715,2.6478652340495197,-2.8467913713641
3.1443882225596784,3.139585817201388,3.0796196097759574,1.0106855631432485,0.7799268529157809,2.9268929777104025,2.3955007874214505,2.719394821230171,1.49451240518565,2.782243200865784,2.527014537289527,2.4382355168612513,2.708459164430442,-4.12566884142844
2.4806595213894873,0.34271988892872807,0.377126408946458,0.4821329995147423,2.2648145469958982,0.5851082811485485,3.0658514433136035,2.7073298629377898,1.8626900160402058,2.4534240936419742,0.9268707732086674,1.9936324844802797,0.7610290355244715,-3.871362550730656
2.1189848339403725,2.3903354564540478,2.4871450793269214,0.9366419498708565,0.9296144406186608,0.4079914928172702,3.0706783158941127,2.135248778589038,3.1580522072680033,3.1570096321601797,2.7291734812495863,0.9949304113485322,0.7937653934397713,-4.227566174141605
2.116603427093744,1.4183649908427318,1.8455965068631297,1.02593302114396,0.37265300827281417,2.08735529880343,1.7083702050947647,2.3256048146017583,2.971030694502993,2.3010010417439815,0.5634812665270961,1.632648421176542,0.8060912140617196,-4.105527966329342
1.5799427048680974,0.5057286533151827,0.3971909334252089,0.7354634317424522,1.5260328034799082,0.5304403524961937,2.2011195823045595,1.0776967048656159,2.5530554588373997,0.658382055951471,2.7508573194743704,1.571984926332403,0.7496514852158058,-3.5353291378867944
3.025879454140324,0.7389660025534375,0.9847888626724128,1.695895699260153,1.645874801569133,1.684853242916291,2.3572805426312518,1.978581793468054,3.0790957845944993,0.6232409356280089,0.5595154220056854,1.449698476736888,1.1586941844425176,-2.6304295417794012
2.391620648245561,2.0086575838457503,2.6589898927147444,1.787356465616392,2.630882581959075,2.062055373251348,2.2845438996744307,0.585994570701813,1.443977415602397,1.587889583440712,1.722589070866738,1.7198028533214924,1.1632680684529493,-2.628124322656847
1.0838229056234434,0.6868153640219958,0.7475306605900192,0.6192969812593109,0.6803098045276876,1.7881816548055702,0.9867506734870601,1.4437869411794415,1.0306326334861171,1.147339739276901,1.8987963076100374,1.8295564234471124,2.2230149270962993,-3.775579769496352
1.423632198915023,0.9905143351248027,1.3426309776962544,1.4283446251714582,1.7487751738667772,1.6782759703284047,2.9078893400112498,1.9733717100179737,2.6884619743858855,3.1166283032419226,0.6660355133900463,2.7307449384988125,2.666324181326027,-2.498127410456794
3.129974796603271,2.5099306130623162,1.0617022536738394,1.3192844202584655,0.4353552383735344,1.1676016373677487,1.5321629513446333,1.0048540965547275,2.7958661496262938,1.7658535542190295,1.084898012460836,2.529132807663779,0.8155546264057709,-2.362476435678626
2.7068363831679756,0.5021555068441352,2.9376783855701505,1.8120028178314151,0.32160561697296336,1.3626310093323752,1.8761894017572824,1.6228728176000775,1.949307474282033,0.8975066503462945,2.8312687952991187,2.3393845447111903,2.879150660095948,-2.7887473506820495
1.5562175906196682,1.0837169896803436,1.163864904233043,1.2152130167925839,0.7660670151516044,0.747950445890037,2.033509347526398,2.28487978108442,1.0338155371801503,2.709987507242745,1.4035900286294987,2.169172471681077,0.9411368808856635,-4.256579954373185
0.9771323006852835,1.0615920400899848,2.2753872708865663,2.0835918481767415,3.1313714481801025,2.3003076638331437,2.3419831132625974,2.168034972781825,0.37947589363774337,1.7433448550129478,1.5812468403688755,1.5609054699998077,1.5892304710548442,-3.966730112712455
2.1334947238369857,1.9190246935437731,2.5668400278139205,1.8875060774583263,1.756815188318321,1.0508123679010264,2.880583616251048,2.635661297809998,1.116004657353749,0.7673272579383483,2.053112144717115,0.8501561961114232,2.0433383833820797,-2.3165265795585723
1.131341520746839,1.8891675033614472,0.3890613872145802,1.0439145345005387,1.3607101678065934,3.135913240643666,1.73282885668015,2.9115612983751706,2.768920262007277,2.269713160833051,0.6947568422421955,2.0142161799032063,0.8225906396753193,-2.3256927987821725
0.429349223904506,0.9724255402182831,0.5903645567291478,0.6902608793428222,0.9546659896362992,1.929622389649017,1.1061959549827047,2.608218314013928,0.9090352662301531,1.837676010475463,0.7940451450866954,0.5168130898934945,0.35508484810821567,-2.320182550638246
3.007246132680469,2.316059272323932,2.2463290575261086,0.7201519255885556,2.115454495164774,1.6590759771694652,0.6202171987524183,2.4363208860064463,2.392072360101047,3.020544473095132,0.6462556708750279,1.0375794128510967,1.3841100554591106,-2.3168647717742066
0.3202631900544195,0.5478630368244364,0.9031910158667669,0.8014976156942801,1.362574294756602,2.0363284734456757,2.0572876561538074,1.6121598677200915,2.4281187806624267,2.2386099059987745,2.8602847684012715,0.6758242787715405,0.385866033843021,-2.7052818575560837
0.6754239144633906,2.0148797535893106,2.481839655749563,1.5231734276450524,0.9285096886173674,1.2358039700051484,0.5383030843726822,3.1256670564118156,1.3636059142727175,0.8675462347377354,1.6859421031672117,0.9476309208052602,0.9593260265286685,-4.487914890807445
2.9929370772803296,0.5087962436434117,2.7449606975423144,0.9559738758129188,2.6324878255468898,1.5824156177523792,1.3828469223562467,1.8025207554997198,2.304953355968894,0.9645334501053464,0.6516034907496455,0.8585780423843079,0.6600579036350269,-4.050554206128912
0.44036362882111457,2.754714442680301,1.0519927015809347,2.0666919965149977,0.4320191826046766,0.41108666025233553,3.154119208050875,2.5912477488651917,0.6855583915994978,1.9337690732025128,0.8587898526589203,0.4371639887883934,1.3647034396631235,-2.325828941594208
2.5121685893769135,2.0727997529996984,2.662638939191411,2.1634569707184537,2.4732091710368493,0.9012221575249477,1.9890269355627739,0.4563323271259261,2.299425850924898,2.051230990031876,0.8464500755894055,1.517903371365375,1.4561417366129308,-2.6090723441710324
2.180788070663691,2.5995677759952125,0.9947479747772461,1.2894035748705648,1.6918018338734993,1.1384469518671128,2.576135853946736,2.8379360818717707,1.6655877454764452,0.5184267111730606,0.6853017356985299,1.1483627436889696,2.131617759000909,-2.348524842796083
2.806033053370303,1.1582328189375792,3.0328154348778127,1.2617244612353777,0.898446510753278,2.846235248337268,1.1231050240257723,2.6203590817908555,1.315259417335961,1.660545401884033,2.956933164738529,2.2963396273182726,2.077814379793571,-2.7048270749902286
0.5346530550625723,3.0728750313525217,0.6567095403226694,1.0108887302822438,1.4414088035367314,0.9903976044938978,1.0086146374500549,0.9720179803370266,1.7617650591461436,1.2286591991697542,2.3363212566584375,2.671455406896096,1.2382688328370983,-2.36095725917268
2.9020735378848954,0.7841714802905173,2.0527023718503763,1.935935734838842,2.8288004163709606,1.288310111743538,0.4097395243762643,2.305332302467189,1.286119186885082,1.8872727201467034,2.5020467589068334,2.4864393564006417,2.8946753304022534,-4.269772549705874
2.4833412256853147,1.437224709146568,1.2750302626794734,1.3639003019669942,1.4609717858002718,2.617444130214342,1.0063773052739142,1.8181041813477734,1.6784258801784568,1.2242712231786013,2.853338819636667,1.4127074367127614,0.7923300533105397,-4.071121999411925
1.3161908055274625,0.8404053016769042,2.685988659893537,0.8108616768662913,1.2398931115135683,0.3628099481525802,0.8679297409799955,2.689452613598813,2.5399714553560817,2.5620616793977193,1.6428100800677312,2.5019796904955243,2.8194649225701025,-2.9892032793300913
2.1562108148482304,2.462925341431002,1.5520127333398823,0.6114313861945767,1.2623697656558728,1.669669381959504,2.4169304860008785,1.7650152649117927,1.475500212720405,2.2616529071396094,1.6466438752025827,2.3450442095305415,2.631597164966312,-2.318126821651822
1.5106731527053912,1.851592720950316,1.0209725882832323,0.8245412877544679,1.1620793176260193,2.5658742492681177,2.770305788417003,3.1159047952463133,1.7501845245010392,1.204552758263728,1.0446822903398187,2.683927556417253,1.8284683902155627,-2.313419839428172
2.396315820349078,0.6128892546604464,0.8075747533512347,0.573620787080291,3.0876183463818965,1.6520414649218267,0.9327183142888946,1.929167655773239,0.6202043331840909,0.7546273047974419,1.5022247254277683,1.9105722391727273,2.274201134515299,-2.5147741511580843
1.9649609424247845,0.878372320918712,0.34386560757618395,1.023793443874198,2.007412188565043,2.4357315964626403,2.550697040936567,2.3795598238901103,1.3851926692090426,2.00224935552943,0.8849114198525079,2.771479967866633,1.520819936857923,-2.3396738234610397
1.8691870611193173,0.6982985424017658,1.8296668994269647,0.5805934760288941,2.8130116029869034,1.9841104390228892,1.9918786002636077,0.816456752913642,0.7211825821103506,0.553505548185668,1.3210255323203177,1.3519696206294396,1.611396109702544,-3.3344773303438484
1.1749696421290328,2.000994765453187,1.8749073624114774,0.8608094104210833,1.031875935227481,2.864539923814351,1.0896053490089759,0.5541332172892383,2.2492998628552834,0.7839771284720953,0.5277103805737526,1.4155361113987366,0.6707714862077467,-3.904018033867869
1.9328170658039086,1.1691157779003751,1.929001199785738,1.0333807766343963,1.5194790281206167,3.1503861241628965,1.5574993106747843,1.0290428553414235,2.8397224906051868,0.35188182059932366,1.999568878110405,2.526683285927007,1.8304914761158746,-2.630218874896846
2.016842908534022,2.338482640859806,1.6928242081783138,0.5991679249066322,2.6920461812429597,1.4193174095993573,1.9505203225855345,1.0129819025668296,1.2626024881973448,2.2029211569508838,1.6398212321581875,2.187535034689419,3.0670929101950106,-2.3134013356810486
0.5510719984379524,1.4210570997967578,2.420115843537675,1.92215548547469,2.11058876880453,0.8511854403845887,0.625405237491194,3.0763956519880775,2.863594776623176,2.869983213177002,2.141792289469505,0.727790062846553,0.4121926544141907,-3.413097687384046
1.1542642776911487,3.0318445816859874,1.8444821211692426,2.0232919734490995,0.8610501746494095,1.770998460308324,0.912658113749522,0.5075562290360722,1.2395796539979722,2.4758976033973927,1.6042358373124168,0.9321137053040964,1.059643443060337,-2.3147413760441378
1.9901948451564195,1.9972931406555234,0.5616312001183317,1.501616533549107,0.856820298708969,2.118498888357838,0.43336730401220347,1.3277948370221535,0.4177355136668234,1.867296253341129,2.816543609914821,2.433540073616567,2.014084311990623,-2.3173960740493142
1.9137950105162878,1.7346522099780404,1.5533004776282502,2.089056199759773,0.514207776417621,0.41645269137842045,1.9951872691508,2.4288994086598463,1.7473825840484027,2.471515782615829,1.9188924299104924,0.9350924394134035,0.49913874691636173,-4.118107390812281
2.7326574464891276,0.5791337739374189,0.6020261024705572,1.0735830816831489,1.2557999252940566,0.4810064609015592,2.8108509802356814,0.5591894493547219,1.2905913912192062,2.952560495226506,0.892899928496409,0.7473544901414706,2.7339481502338394,-4.237585564249685
2.9997517810253114,2.09530990508924,1.9948585246743238,2.017737472534476,1.7749122810746392,1.3480274787913433,2.501621522580019,2.678186904032269,0.5203045782602551,2.994907796602809,1.3423073787552013,2.587286160476394,1.3684242388295196,-4.606441044788242
1.4738327076351456,2.3170256609012747,2.4996503313095495,0.7006462707666964,2.3752798740825867,0.43401364282373095,0.47991519094532553,0.8798163460118316,2.867447363670395,1.220417435036396,0.7893709241195888,0.8932661102565114,2.128904925103433,-4.031949089221152
2.5961019816009165,0.46500347584517476,2.9031224080234956,1.4853441877630393,2.026730488351212,1.8977556001775544,2.3239328788426485,2.856719027687278,0.43144686045270914,2.916440404597505,2.076692524118651,2.5126826780706297,2.064808707004324,-4.149864448411857
2.586235923358745,1.9162173942470293,1.1579596264424847,1.7150126453436236,2.701425026083366,1.8736059599553192,1.901368067874704,1.5917069939648854,0.8177836838476447,2.905496774420884,1.245511227761824,0.8883254088590833,1.656207390199923,-2.3202332986918868
1.0396838904766887,2.7557497834847773,2.665875442530562,2.2505524986168037,1.062092367204024,1.7552924786737523,2.398846787158756,1.5563171871694492,1.268782691634471,1.4072792115628225,2.1847711931207785,0.8029190051881583,2.4132875211250506,-4.5683021979183405
0.9296513445463226,1.4770978868513462,2.7711778738446884,1.8481847250481434,1.1989946162546075,1.9803158061413386,0.8922395634276923,1.3016541631493224,0.6801516105117319,2.086987030401979,2.2040222470423485,0.7117411748468399,2.422318767481843,-2.9155670900160064
1.6976413332189941,1.6294545979883104,2.131285993416196,0.7709154731296881,3.068879517573841,2.63055477783418,0.4644266593576627,1.0698059911047344,0.41089843286866035,2.211277169956102,2.3107292379160587,2.061459313125921,1.9049420012525797,-2.4948039006112945
2.2982864670991456,1.3744366281269416,1.9209071873800116,1.8709266976577943,1.3873043233786575,3.1182770533978954,0.8283292989156719,1.8005137507896978,2.6513032203912044,1.1594803507248423,2.4805643562125583,0.49505725606926854,1.2232978566932597,-2.648081212915565
1.065028105145323,1.9561108979335111,0.9887117065431141,1.5721009315110988,0.34880181187101994,1.8663998387997047,2.0968010273431634,1.4599235085381448,0.3570692035924302,1.8936277753540394,1.0406739339473186,1.1804014243581746,1.4791219530071629,-2.3256744928675555
2.0438133478190337,0.7756736969924011,1.1859379815811735,1.1854096644708676,2.8013217396704517,1.2419620240498264,0.6656883101255142,2.121042287293063,1.1803928711963718,1.7798815081544048,1.2304267535601268,2.056936529193398,2.718863924950167,-3.4013406516753504
1.6197684489618003,0.3269752321303472,2.5345148221685054,1.6063434673959875,2.545816935846872,1.7454143243612168,1.7631594915919262,2.870866473830953,0.46163756334558814,1.1297744969678007,1.48680880833612,1.4515454316494334,1.8070916737984144,-4.552744011925388
1.6334988308388922,2.98878680071178,1.0828376868949041,0.6565982103820575,2.507836860635353,2.7747800002831124,1.450178898858762,0.9816705865055266,2.501011457567732,1.3461278950955593,2.589766269887291,2.1076348239363356,1.4134730251337215,-2.34392890892224
0.7239883661710462,1.7454911471468884,1.079954924790357,1.5360656174145335,2.864814521611565,1.4564668896913475,0.5431804288231453,1.8124251337309762,2.9911836096376323,0.880589986138608,1.2155146093422238,1.6113864055172995,2.155165632938621,-2.324978684244147
2.2277570062866627,0.6229440163074029,1.7864390286035543,1.4621987660135547,2.4802381171899,2.3507126963593334,2.303649273448912,1.8950942534222386,2.585758734390467,2.543943889174645,1.4305462671496327,1.1652915078257606,0.838740258589826,-3.937483166714669
1.804126729381874,2.8660648546805945,2.738679402272303,1.4360218930295108,1.9730526575251655,0.967781900948947,2.9755003830157265,0.4307093854193707,0.5318395816619282,2.0269426449668195,1.4614703663793505,1.03405055199874,1.0880839734655725,-4.488584269852994
0.8887221135406609,1.8693400437530212,2.811593385606699,2.0866358638182945,1.5202921003080678,2.8303547104656706,2.099331432809134,0.5141168189599762,0.4207870418183094,2.59939753741558,2.6330504789546296,1.907152546759903,0.6150651577802747,-2.6723952385837917
2.788533332920341,1.879726235764814,3.1118366116455993,1.958818276193015,1.8975025040467381,0.36980842254796736,0.5168234385808071,2.6851326845495236,0.49701781916387777,0.7961484601279265,2.314267708264639,0.943483299684647,2.4053796076216942,-3.1379542687127637
1.8335169273526561,0.5444232339473036,0.9656067736867073,2.1573269746468062,3.117908549659814,1.8027921406198024,2.547100610566344,1.9942521150928965,2.7276089473999683,2.9226934120597505,2.2778664552181143,2.1089113169118336,1.4051129309108386,-3.9927361307853655
