m_1,m_2,m_3,m_4,m_5,m_6,m_7,m_8,m_9,m_10,m_11,m_12,log_idt
0.41431652631361765,1.022205183192769,1.861446810027775,2.7462648311601363,2.856363981694872,2.411943953996604,0.4331765355688686,0.9206865526709331,0.8305695777592401,1.7801661741393973,1.4729382444965167,0.929214563099896,-4.155507063760296
2.851132988528181,1.0077569415606227,1.3208169188349927,0.8405333475945711,2.5537498778830474,0.7999878509037464,1.9907237393434116,2.5607355811742223,3.076609622413333,0.8432804344716006,1.9526805536700955,1.953103065828088,-2.3127114878910837
2.057997743140683,2.171374898256092,2.0866398619773006,2.4734730073208717,1.0390728842485228,2.6804552741809125,0.3464518242771972,2.1578713756810233,2.263268860247196,2.7783152065585766,1.2901791431212628,1.0572890513965385,-4.37271216001689
1.8724395418973871,0.47343454372011623,1.0468620944654732,0.38211832568596427,1.2822742641311706,0.6485931784096126,0.7668186889597808,1.7643732436607213,3.008982825342978,2.0956032128108113,0.9435714153977559,0.4445902139553019,-2.646477312866546
2.7865091139052445,1.1857659751768934,0.658770226395437,1.2175111753189958,1.3937235285470957,1.3100547126287578,0.7828489660020552,2.1804732318354896,2.6704235355364236,0.7228315716346152,0.6271204217649378,1.4548634689088284,-2.3160818450690464
1.0823452699309455,2.672094023197712,1.1206249988669053,2.3115015058237662,1.6900904232348082,3.02148891456735,1.6493114346241784,2.6133567058974068,1.0576734779276202,2.158642240267092,1.4034154051095642,0.8007859314026581,-2.3426589965291775
2.3526192899741125,2.3099929707120452,1.958274874154007,1.2638844510812837,2.0166145257141865,2.861463596008762,2.1868641214363906,1.2988582820431296,1.0897657079701906,0.7187264057507196,1.7290933240447994,0.9206279054583522,-4.117866280092456
2.672746336170426,0.5942995520717588,1.9510418075612823,1.165128151534446,1.2263181827182337,3.1379684871613196,2.5399676908570257,3.0666070048318823,0.6561284347810287,1.9963378146410822,0.7627449131718307,2.823894501971574,-3.296315099882657
2.9040136822719185,2.2315185158747566,0.7779295876217394,0.938379698307876,1.1090560358109471,3.1349302560965517,1.053769940603426,3.114151060505531,2.517810317397019,2.5355890387395323,1.77941586799462,2.063279898012398,-2.314851221075577
2.4589795664521317,3.145162891163794,1.688711955737981,1.7556224504915536,0.8700649346972598,0.8162336866144515,1.3762294697733688,3.036956618638063,0.6606659369820695,1.8388771304010956,1.2066572425402238,1.37594805326411,-2.3331620156239614
0.634663396097748,0.9074460949915373,2.2397185366380605,1.6376666823253707,1.899339785574623,2.519249125702427,2.9006439805536464,1.630059190125968,0.38795676019680153,0.4588013280064105,2.5853747835080596,1.316018367184144,-3.5463125077592443
1.5583446757218906,0.6620568979210293,0.561160574533211,2.5618737722614786,2.2068065529930383,2.878443773448572,2.321242276399186,1.5876422370013437,0.329163887698941,2.76702115210644,0.5660771935758088,2.6970027579747975,-2.3151540374416917
0.6016050983443036,2.982634900364356,0.5162056429034748,1.601243192314367,0.3170843222286148,0.9095819983229996,1.3915010149185072,0.3166563936454377,0.5521546285505843,0.8733741713014698,0.42555166757075596,2.586543620378895,-2.3417420234794446
2.3313056686850118,0.4809609423124023,1.2248941923791121,2.1906337285054223,2.1916094441663714,0.7374122008644288,0.9544194960137855,2.251543888498606,1.687610438267223,2.0054867120226727,1.116721812251893,1.9147588561401787,-4.219136161947566
1.0549833561407405,2.6038362725348603,0.8887624740698363,2.7789749518881917,1.2763406757807536,2.7941270524061905,0.5172753868094739,1.4932850558236437,2.5379877378235123,1.716140717088527,2.0781820734093213,2.262880925877737,-2.365359343383123
1.9194164698586054,3.034073986134575,0.8197627172982404,1.3071785290620623,0.8679549901734962,2.8723677116068695,2.4300092155515896,3.064346660688113,1.6744631133173402,0.8750613507749149,1.180357452213376,1.6603172261924377,-2.3130460032232216
1.7385261525984916,1.7869513967789075,0.4842813705405113,2.5501399986933553,2.5802985858267844,1.281530504403564,1.0089130469349223,3.013949292375997,1.9299048492855486,2.5053149230482203,0.9222973258138569,0.7598282093372692,-2.3137384495928868
0.8796454005122356,0.3824621113979374,2.137136665927635,1.8910416753191812,0.5231950106879484,0.9302217900860843,0.8953302898406972,2.2560528501763875,2.9192960832776533,2.919686956119955,1.3473667304512185,1.9795122960669236,-3.412540750479586
1.1426824235237192,0.5817964930854159,2.147009900079952,0.9686401310841288,2.2484073859104563,1.6581312053025579,1.8734399727553543,2.633710213914401,0.5654200108663282,1.2594411148876843,1.8991534957686715,2.2745893993207584,-3.745191677096905
2.761412740937923,1.2589071132466827,1.39036217536583,0.930109740448112,1.8612872418256747,2.8852583111841383,1.023101069681561,0.40118064450059243,1.01123237383472,1.586535382999563,1.1742407564879955,2.8890682403104915,-4.2451469253751615
1.4180744671156613,1.4090312372695388,1.7845121368706363,0.946361898753528,0.8276946206999964,0.35598874417597454,1.5008439559039757,2.756652054859594,2.753523247573069,0.6717684368764629,2.623868719768681,1.0084397966700687,-4.27988065546208
1.0357574492544952,2.0570480417228896,0.6184558911313228,0.6825333624362279,0.9389349494085402,2.5178560728202872,0.5908302222842519,0.7239438551474697,1.364609822899499,2.029829793033305,2.5190994625318646,2.010979665838061,-2.3665274938626886
2.644653203139117,0.9860956164959918,2.1494134460680177,0.531792174036801,2.000241602715443,1.9857274608550541,2.1737681460755938,3.134839035134733,1.2957029471907737,2.834414626790365,1.5063881577767073,1.2160889414427662,-2.694731566907496
2.3073337439138286,0.4176318743359309,2.0453991854332414,2.29171369085674,1.0210553969704177,2.009234111921794,1.4810494372011607,3.0234551810533725,1.3901459035351145,2.6950377450031864,1.5196213106321814,0.5342064114900338,-3.9596138296453165
3.019832084590154,0.345587924038865,1.8165691601914369,3.1204224681918182,2.156571905452565,2.277231924216024,0.7808906836997613,0.36363165213463755,2.7398071250106937,1.7832312673476967,0.3720103317479366,0.646926678901959,-4.776786259970256
0.9886083000935286,0.5961946060494876,1.1612511415554634,1.7237038003398406,2.083600673218515,0.9262186221231954,1.039925493783501,1.1058810089977673,0.7858800489506799,2.1858669696425244,1.6106919793288035,1.7050554343873268,-3.7831414953043323
2.986874228066787,1.735114826473685,1.5912510679309617,1.4406594900021614,1.1297117868463975,1.9160841264052677,1.3584602504557033,2.5258723583444405,0.9426442789051075,2.0017468466079134,0.7167515629341412,2.207550807270442,-4.170536625429841
1.1665431401062025,0.3711879368420498,1.9239168167399316,0.5058264075375908,2.919242202224332,0.7971447637028037,1.970239919978643,2.909733266920841,2.4064521018019542,2.429441719565019,1.6857881047575736,1.1585844631430455,-3.7673629511999196
2.4544674851230197,1.8037526290907722,2.194595405436734,1.543868363463598,2.5091796846692023,2.1734373574794743,0.38862537707445743,2.530864144964201,1.2792700038800353,0.530597516032655,0.600807731040766,2.566794122264355,-2.3725607684503403
2.6557106487510675,2.230051175676901,0.7047192323040088,0.7119368357073987,2.7709305576404932,0.3776333869611102,2.9515420477316123,1.594624675049011,1.05653111873439,1.0441902671573975,0.9195799414975185,2.416491050408108,-2.3457825670892105
1.2584554022990275,1.1307419006273156,1.5255333555851058,2.5479698844265264,1.9769833518570221,2.053833680535793,0.540838434459646,1.8994381557042617,2.363908375721644,1.3445388486020424,1.088719107261262,2.085783753544686,-3.228661375874369
2.7336988037349665,1.420285476331874,0.7424269214679078,3.0649374205568614,0.6920065285283663,1.2724438277498042,0.37487739599449926,1.0175050423925183,1.3209229043044126,2.702979081054149,1.1061078234870207,2.72208573408477,-2.3615653592976873
2.8596122879148322,2.836399120345647,1.1073399303619333,2.4754865550576444,0.7779891729089246,0.9488132279276236,0.5739599055036315,0.5251246111085147,1.1118391076680654,1.831994148308145,2.4124591811037828,1.3352975022834204,-2.35126762121166
2.3144564810659256,0.711365882317682,0.8639192083714646,1.822531757724018,0.4437952747651015,2.0006850659051443,0.8246415272395273,1.933174109171143,2.1869318724227105,2.6197612731270974,1.268906533110263,2.9849846567362137,-4.194590685729733
0.698539840687754,1.2198473916190513,2.17692797495678,2.9986240122172925,0.899291342061892,2.3251854142546717,0.7410041911911969,2.651021828371522,2.1708759833987714,1.2478004121320254,2.6815718988667583,0.371477687052394,-3.1340192971870366
1.1719017896281758,1.0953911779463095,1.188580405150639,2.7247895070477757,0.9524433300801107,0.7402434830046248,1.488261439787064,1.7679521117912411,1.16802797951936,1.8805854277769989,2.789069051050111,1.4698930705468185,-4.639379333995242
2.724708210222547,1.7379910950235133,0.4998373472027344,1.2735783949346366,1.3257112392742334,1.0479672964549902,2.9552968486145037,1.5585661417408878,1.7204393438253807,0.5550213932569865,2.3828620286922044,2.268534611391316,-2.3258342749339396
2.802942716303703,1.430065835519409,1.5303939708901066,2.2978996429476686,1.959077261089617,1.9778537463924344,1.6339104519246992,0.476224484264304,2.975947966483359,1.295518231807893,0.8700141877917624,2.9092951603444432,-4.781926799130952
0.8699847042305175,1.080749927077299,1.2393175707846267,0.8030694362239601,1.4804050388896604,1.583615300374772,3.0886203908822725,1.779367039751324,0.41510077691580993,0.5963000460766236,2.7521062441965847,2.819361103960308,-4.281954828864353
0.6855604807035822,0.7031149104055976,1.4729390224217618,0.9399587647891561,0.7686098105697863,2.2257192655894205,1.2244638774579224,3.084001011104539,1.0939193090303623,1.7105692204699063,2.272559041505779,1.4464911302524004,-2.533013832318459
2.9305498056010815,1.078587284066703,1.1560390113412338,1.1611596759845306,1.2345081623830774,2.9282941288174604,1.2630017912257498,2.7253429848733917,0.5772341334264048,1.9695791120441322,1.6202877377237805,0.985476740530687,-4.276583692194743
2.0690281499351793,2.5937814697853248,1.289444385111472,1.7819675537675952,0.8302201511401306,0.832472227573142,0.6299662668504955,1.256464755052675,1.433034137947021,2.1043834391595735,2.645551054210884,3.014949725098103,-2.3314627797624166
1.4287179296945847,0.6046166638266908,1.5607347278576724,2.592837164008299,0.8082401551525178,1.9588074167296678,0.6676312108923286,0.9312721482220274,2.022106996139415,1.9939258324728584,1.9865117171139435,2.7624020168168935,-3.579310798087797
1.7734114003831751,0.7622653360560679,2.0660048006106475,2.6606847980824053,1.49213737009766,2.7718754168220507,1.055899734910294,2.15072297843728,1.8124312402056844,2.5554741594797434,2.679113553326225,2.016765981145894,-3.9512842275620157
0.8352425126591847,0.32790470498835933,1.8792921505815974,2.824374730392128,2.8040108616064576,0.8316948311521875,1.0321992875318695,1.6800901702492084,1.0006910877094366,1.3632529063664502,1.1626493177283836,1.4212864926900586,-4.892803207568936
1.098967316806467,1.4872890886917152,1.366278815556078,2.4966088665517954,2.7762843982081487,1.4565477971764962,1.817017713635699,0.8037679352954692,1.6125182804023428,2.7471611272850067,2.472812912211211,2.0000474468112195,-2.313824694335942
0.47984630917592486,0.5114145129743495,2.1027954853445747,2.9606941506629547,0.8475640749401263,2.448274874348563,2.6415100761616697,2.03168538754758,1.8854844411782457,2.390700385818339,2.6733914043872073,2.7905852449756265,-3.81687191524983
1.589574669127246,0.968451377146442,1.3602027233988134,0.5825305955457925,3.0314962046662535,1.5730697785898817,1.905429104941243,1.1277618074861195,0.6798228662543926,0.9231641649138795,0.510188672711717,2.6154347786525074,-2.5183480626351327
3.151017893026745,0.5315652007110085,2.172978266591266,1.6865256173717889,2.385186306115904,1.4035537693320403,2.0071537231870797,1.7929691082027703,1.665898751263237,1.2103993283860506,2.120747740770276,1.6274233427013303,-4.220166496477557
2.1105349167374468,1.0519227852241733,1.9330753866707582,0.4284127321691714,2.614149539764087,2.3338892017070076,3.1018460179060225,0.4867295312508826,1.1040298751171078,0.8933806644335907,1.2050559808574426,2.186046259845463,-2.52611507677551
3.1212473603114286,0.6639527206902791,1.1987068511002774,2.0811172157700417,0.36630427690016576,1.5118759644203086,2.0210220180801644,1.7861238554685708,1.2056849196344377,0.7472449028264854,2.4077556025402593,1.6017658356592128,-2.355617409342452
0.5162827005662537,2.598905957531688,0.9273167751103563,2.1937234510083194,1.5766786563751645,1.0331930547431236,3.019680583426043,2.8853687547942375,2.4210228163090757,0.751043597508793,1.1107897465887422,1.204111974381505,-2.3226470850782954
1.9973334338719495,2.395418991119161,0.5426878724042749,2.3302227011272794,1.196371570568469,2.2070550248843213,3.1101776120116464,2.3161831103804236,2.207078312730362,2.808520352441369,2.2443548170075482,1.348365064519019,-2.3242104346853973
1.7838904973403271,1.8510282206340989,2.1548316574466613,2.6344052989753557,0.8957628193035001,3.0752461684252537,2.757123460375627,1.8185120669696957,3.0829535701367208,2.5313507062102243,0.44478953930463433,1.1700337196618047,-4.803503103664841
0.320031211641333,0.6852533719550067,2.0313035156110155,3.019679258054585,2.114226002855399,2.7225717014308968,2.0652728980724984,2.797808157335932,1.0240723988503881,0.44181450301976793,1.7176594708814172,2.427538240342602,-4.323226716255375
1.882094576636122,1.7780850248877904,1.6426000395865585,2.7275626010626772,0.3767324689292595,1.6001972622179705,1.5467029893703528,0.5788550317167789,0.9753851825165172,1.814755872193316,2.6369337208924764,2.301764463787969,-4.089578325105218
2.566255147676863,0.9455676729764073,1.5118639090234027,1.6708811235976573,1.76815037106376,2.1291063235397734,0.6740745010123494,1.0455261025732012,0.5753782924146756,2.294522940676584,1.0117509615396252,1.8977860103674276,-3.27657463685274
3.159103939217732,0.6254201393585993,1.3866842498727407,1.68191842719498,3.132381138544357,2.827458675034447,1.7531677906539553,3.0714926151924864,1.5290601737974496,1.0701375569318965,1.1825424215519602,0.8412604564440869,-4.065898153486405
1.370093920436863,0.8455837778758302,1.5994778411474198,1.3171455744166989,2.7993725821697377,2.840727779138139,0.9312973098511481,1.1366826831350376,1.8396445888857222,0.8162072175150381,0.6577054505007858,1.0198030483464067,-3.6842131810404557
2.84682643343263,0.5759774250995808,1.8502947696666736,0.6747408178729203,0.6552927267876498,2.7395676865065286,1.9300438096616546,1.6713158758383662,2.2604878086815363,2.7982049455537377,2.6993592848481445,0.6248111181574162,-2.3940208876042823
1.7078272637251897,1.6996696703722862,1.849574299244213,1.3950608123715107,3.1090372577018073,1.5154057895387578,2.3497853269138296,2.9431310299967746,2.2292758995064967,1.22072145996784,1.1254408940693934,2.750550142736036,-4.6691113517188825
2.516741154970128,1.8427050355880863,1.8243709470782734,1.321189105495132,1.6087970002840797,1.34348968466867,2.3070005774739384,0.7103822461000925,1.280845314453166,1.7180711965062434,2.401822367620121,2.1952704107327334,-4.406468984997267
1.7674527215789928,1.5360832049217354,1.4240762159825355,1.9454262121277954,1.8278277579226963,1.3288647764975015,0.35481002867690553,1.9950537322630146,0.515148380565571,1.1572510899656439,2.4815540731409076,2.362333992771271,-4.293729849650961
2.9392730318216294,2.7903688231251453,1.0995990552050898,1.7833666862733206,0.4127010744113132,0.4966987780742592,1.917572741892558,0.3817578523442504,1.9055174013771392,0.8338136618003396,1.9412153313772311,1.8300817371289912,-2.3290070578457236
1.8150856775089983,3.091867577030068,1.6984373269725725,2.2045579129118678,1.4602522954049775,1.5581929070517164,1.062271786012748,0.9518431475456552,2.1648896841763263,0.37910250049343136,2.549199323117668,1.1522770827339457,-2.339082375155049
0.8241230090864571,0.36798621301056134,1.6339725504715323,2.097905082057339,0.5780677855668185,0.3584958468994918,1.5190508288147873,1.1942425489678423,2.2581916739546126,2.0576898699271706,2.1307371297855546,0.7280106310009082,-3.4965110747522195
2.246411586477081,1.3311509018261205,2.1959044680442976,0.7973516667902797,1.4010243989578233,0.7783660277658999,0.6919681912184553,2.4968504902762803,2.1604429494588824,1.3897475788874507,0.43099711104982735,1.3408430063822179,-2.380090153605758
2.85703143671189,1.9269517902855493,0.6869728502372836,3.055323291012166,1.2463586859361522,0.8044621488213419,1.5780839495794965,2.0912015746890593,2.0183989350549623,2.8949859889765914,2.245443330751633,1.7048279356226426,-2.3157427176961267
2.91594481417238,0.3914103044632608,0.44411284408812907,0.466922319257948,2.388297244803154,0.44528405797283843,2.0723682817295654,0.8225320906107914,1.160555269660082,1.9033283799091605,1.0695105350997967,0.8495644900129371,-3.8270274742710932
1.028956773618839,1.8267185339496321,1.719302889928242,0.7314119979903666,1.6590669204840078,2.3137928469722224,1.6909524511601022,2.5175648222635085,2.341596274860071,0.7314217625548847,1.1958813288119945,2.592748132404137,-3.921945596958013
1.1165066653800895,0.33429620026402684,0.5016503875361281,2.8314444907411165,2.591665709119164,2.5431224850755476,1.23782585908667,2.2690755357810755,2.9708624545342572,2.304998400329861,2.775404528694012,0.9426065622774855,-3.8378294032053972
2.839566244649081,1.586360407968121,1.4938807633768871,2.4499252566448773,1.964791435163141,1.5569104130500002,0.7382819848245801,2.2055410390389385,0.5396055572471792,1.7943114235560975,1.748192800988396,3.1612721130579127,-4.538730212554775
0.5665800526969278,1.623582317994225,1.4626516790961064,2.9655316756077488,0.552803182853043,1.325560115770999,2.465682954111884,1.2120802838602611,2.0331630433550263,1.7008852620006278,0.7324623201857561,3.0893779652584046,-4.303135153400961
0.7055068296713072,0.5691152950251266,2.1582709110213756,1.8150076575910057,2.343695736135184,0.8208207864145141,1.50828204346031,2.920112220077281,2.6326611548332144,1.4534817509003057,0.7082142547372987,0.4695732099518974,-4.241832409333189
1.4572172808220711,1.791375097123137,2.0905872921824105,1.7075867606180304,1.8100196178115444,2.809965394186855,1.9665282874657808,2.6561030618338597,2.5827643456454448,0.9627222550010749,1.06278945828845,1.0977666338431415,-4.762237905886182
2.7235530404787895,0.9235430331509882,2.0955282813168563,1.75068286237726,2.7841953684760194,3.08435295173919,2.9665756415201985,3.0462138689134854,2.03868465106081,2.2490890216328827,1.856106108539464,0.5666544760248342,-3.819319569999654
2.648177270804075,1.8675218891202259,1.810514982501814,1.6633202431972478,0.5115506228930452,2.5624168691264404,1.050420479385428,2.989340305434146,2.607402968409964,2.4007138212195587,1.7317279056207306,0.40802955753297,-4.09009052937226
1.1794099079784701,1.005028908693091,1.1106583082855515,3.081124622703329,2.4556740103705397,2.832568147148329,2.3706656436438562,1.287576711425148,2.9077068888976405,0.4337418547592946,1.5145218598739587,1.3253988052488916,-4.994705572902993
1.7644260464175177,1.9800023523593053,1.8980610707903898,3.1121813449631013,2.945283549028786,1.832100996687246,2.6334742651819902,3.1285529391122684,3.0729183888009493,1.25629866742957,2.4635741285490154,1.6138052724648988,-4.948470724094536
2.0817417335183337,0.8259193054783696,0.896351434845672,2.3319454940451503,0.9734579132072525,1.949805530734002,0.6779191816415637,2.1859127182896443,3.108968271684444,0.8622571975023281,0.7590309515805763,3.036626415770873,-4.452347611538658
1.644479649139951,1.7284392734554335,1.3121488782258108,1.6104430471354485,1.988839778192356,2.2572366153326566,1.115823275590221,1.1608443631561738,1.6560447654992034,1.5779132979456003,1.2397763789880771,1.8423387293399973,-2.3234027279775757
1.2977795476075977,0.34001077094191234,0.760957544292244,1.5875762288957231,1.126821069020627,1.521902730479466,1.3254730257240785,2.295115171019132,0.4778968425659136,1.3592691353203619,1.6801047573687191,0.3255135620920706,-3.56553432258537
0.6071682047406397,1.9370575900986358,1.0321401025044212,1.4235599680450777,0.7014074842231912,0.33047794221017346,1.6065405028504556,0.8822134071224916,1.7416995605842507,2.902907695925829,2.567400111857909,0.8823360355640695,-2.314417165935085
1.6002441489637282,1.0699347604224818,1.6725110498926818,2.7723313641278344,1.7214495346384928,0.7178798120626196,3.1177801666533957,1.1585861900140058,0.9257656300737804,2.0991776355639047,0.8057540305945942,2.3104784032054053,-3.321301099783983
1.7198021011646403,2.0309741323498987,1.0717769410642373,0.3251182170877368,0.45498750995390325,3.078895827614426,1.7764641302229114,2.0042722245150317,2.176798181168261,0.8547803968605883,2.217727538369935,2.4762513708466165,-2.3234962346901056
1.0090797328136707,1.3121280346415245,1.7709329973446146,2.7133432646454807,1.6405288207066162,2.5417215772068205,2.864290566516495,0.7774813504228227,2.195490585010429,1.112646312694937,2.693374029740968,1.9392452756457048,-2.7760817472109807
1.9711245091293084,3.0718270383706576,1.0493017287360062,1.8443279261805818,1.1449110153739859,2.2507140061977546,2.772431677884396,1.4629725073090838,2.1109226191811086,2.790825233147186,2.211973655211401,1.4247550224897751,-2.3239860000783823
1.0576834725738051,2.4938728666125156,1.3165563135519578,0.8418386447440078,1.290787527387359,1.462065387976959,0.8567411966944674,1.6156489602147253,0.4719145887426627,0.6357358024688825,0.7236543149693706,0.9761459745941101,-2.319794099587618
1.3073133732800104,2.8852913051417746,2.175329145205762,1.9854033719421469,3.087653727663866,0.8682323539286114,3.1307240001736436,3.1599989057633255,0.6244640428309305,2.1759463586973404,1.4497811978135182,1.5814829446507885,-2.3185017488537425
0.8273164405554065,0.9528848179458365,1.914020026267283,0.47040285564654394,3.1216527616545244,2.3379939780091146,2.103795370778877,2.174879598225202,1.223480107599562,1.4878175873451192,1.5925602576610214,0.5883935679358183,-2.9493445745262945
0.7210986656296926,0.7883224638859303,0.5200392760677282,1.1197004036245164,0.3972115096322454,3.1141051908702817,3.035100818021594,2.571737567805985,2.9094049715442054,2.3514802871726834,1.427086502718342,0.7161150856305214,-2.3162833835927925
3.1257771839449124,0.6313836031070226,2.1046922024789314,1.762805058328882,2.3302606407376447,0.8383851656210861,1.1409695441361147,1.9578749560356778,1.2836092710700269,2.3165620821576107,1.3291449684757404,2.8787153846997686,-4.156473768453302
0.647597118058058,1.3595252773875293,1.5002715661928063,1.0514997033882794,1.2421447540378774,0.8967509278997443,0.38323082705401845,2.242990975285209,1.1480087471059144,0.4005525242443644,2.7214181390309244,2.593538848664323,-4.166529748998379
0.5659050582025508,0.3852340193553513,1.4583332599798613,2.1187689966622365,3.0741656366135626,1.1968197716727815,1.7280383712150307,1.028046895314614,1.3549018995462818,2.9149503641613768,2.28963820632691,0.554309733725938,-4.5897524253476085
1.12928105674498,0.7573978244413153,1.2640990901791906,2.913000528690508,1.014921562393573,0.8098634568323636,3.0121727940265997,2.9440165403927265,0.3798018763447447,1.0937890976403204,2.4950577247272094,1.4105819870224172,-3.2294202630818276
2.7821028252650404,1.9856671498350202,2.1211706369812564,1.3740793399792832,3.116595215627667,3.0486936536458225,2.3550852429253677,2.6358892344178892,2.467349513193313,1.1421565257383275,2.3982726187707732,2.2573000896702644,-4.649798648522817
0.5755739223802399,1.81337819152326,1.822961548499192,2.651306718712548,0.5327426229605738,0.41976558870809916,1.8692931345770352,2.470583441053843,2.386945105605252,2.5083527803258505,1.5536329804348745,2.9730068985673985,-4.391393895147252
1.6921954776624617,0.6807461541059415,1.8329985450926647,1.9903420955493945,0.9279665425701549,1.953525563391914,1.9170991746702557,1.4305058004154558,3.0362204720713417,2.145056913347198,2.547169070437047,1.5495895747239758,-3.348720303850409
1.3263754736084106,0.37309723973369313,1.5242598144182717,2.4817071799339225,2.052519169150725,0.6377056075286566,2.744460166028832,2.161550458728064,2.8844600766113233,2.5986524694976607,1.4470055743577837,1.3918595204996598,-4.449019583852328
1.5955437207592955,2.437292627953778,1.9038782022217975,2.7811640553124057,0.5810133107650339,2.291701084277832,0.666480584322114,0.5924071547152374,0.5230755214278074,0.8215038616339425,0.5912138414233189,3.1315502922192477,-3.768603379998814
0.3729517754573301,1.5222601389014496,0.6687016217059907,1.5631301188869486,1.2398970323751908,2.616946320609741,2.5763820917067846,2.731783767052811,2.0339423065957867,2.5228196430474146,2.276293833625492,1.6790867018344149,-2.3280970402676644
3.0756326818271935,2.0739699686900943,1.2591909759100146,1.920878114416923,1.9287484405537159,0.714875791394447,2.1643863076375065,2.302058379485259,2.763410003601156,0.4721189431677229,1.5276032137360063,0.596925233346079,-2.3209345856730366
1.4625468146457439,2.0235996728508927,1.4134970664579238,2.172126957635789,1.3862731843531158,2.198284493032018,2.2979453067582187,1.1441553567333758,2.360735129612043,1.3636424105964928,0.8969515000089126,0.4200321963698078,-2.316343887102342
0.5503239348111001,2.0630725385132496,0.6914243084635749,0.6864571703277309,1.6276852519981768,1.5535015248344897,1.1193821504528276,2.4149714512039915,1.9132357144955618,0.5649675896267581,0.5119884820043906,2.411024017526744,-2.3201048404408473
0.4638446980905909,2.0404626316300374,1.5183320306637222,1.9299835232016849,1.9130726994756422,1.5185988949781601,1.840072229950995,2.041556657233934,1.3610232230681505,2.056321434597108,0.9513049821038619,1.5252172518532197,-2.320845262700655
1.2018148771027315,2.0701823420233474,0.894528736272295,1.5892016561326925,1.3731023459527694,2.4669066997063647,0.7996203298915009,2.969993182841978,1.402892061201788,1.6594243115403946,1.6263395553812143,1.3106736105498504,-2.3259062871311436
1.443223235774832,2.9366828527821403,1.4443717222897132,1.480255993875261,1.2728155615732835,0.8106118248959132,2.4789469066020864,1.780181938102399,1.5019826957172433,1.6979797202302414,1.6574927016768681,3.1282453868626474,-2.3488921227684965
3.122958188159711,0.5590993100357526,1.5756799889375208,0.6712222101199925,2.265228071618176,1.162687281619093,1.8099193314564097,2.113702051204631,1.5681966909792655,2.323887597572111,0.999430826378376,2.4129724071029326,-3.405719045968319
0.48490350421198813,2.461498020688131,2.23483912440458,1.087348601616421,0.6679900811659951,1.9572284779460412,1.2731609904335168,1.1485080634319136,0.7782100926696442,0.9398440190645198,2.4418843398094077,2.3330362310506705,-3.9047474313021215
1.254801680591169,1.4027621452665322,1.5519402929056163,1.4602961776497738,0.39104261433717546,1.0638541764636038,1.228892919232196,1.8446084842117556,3.0796872170698006,2.734874971057354,1.2632894083436272,2.007728475476975,-4.108976539070677
0.8841008345556987,1.1830996153039477,1.722253305581811,1.2090317170911813,3.003699386814253,2.156882350746336,2.177505196460038,1.634851971917019,2.75661557876877,2.9334073012406447,1.5255089466953138,1.8248405475081928,-3.0187953736647506
2.0225126872751624,1.1652265148764414,2.110839556557877,2.520254833403638,1.9253759147760012,2.7624513688349626,1.5607005194714814,2.835228289178866,0.9610356163022558,2.4537597018688446,1.7804104272116656,0.6158391368168175,-3.5918581398327
2.4669272346209943,1.4702735946118222,1.4293690010955435,2.086923543078292,0.8226364209186847,0.3852934135239865,2.153868784162151,0.9026564614956623,1.4162258247528896,2.008635098005435,1.2875951231548142,2.096481739666436,-4.413247249545086
2.685420842243717,2.5830816841858932,1.997852112931673,2.7243637761155943,1.317915150082795,0.3819453716392487,0.9109284193109193,1.8033822526942977,3.059963687093273,0.6395934119497992,1.8134561496832773,1.9038151299597055,-4.0330721492504855
2.3510117135578468,0.39944794127208405,1.2921252753975911,1.2435279579009748,2.184284971532556,1.747261170472706,1.4626756624288646,0.9692922375728648,2.241065940342342,2.169784659527711,1.7940162548808556,0.6509362343573197,-3.9930684624756863
2.954467627007285,0.6503970401478106,0.9667668826178784,2.3041150897966225,1.1716070778657848,1.42689552641134,3.016195790744533,2.084952884784246,2.4527575863912974,1.8862647947011684,0.833510916095627,0.8583786186890903,-3.007046834861468
0.7723126041770985,2.2401181429303967,2.252578248644144,2.3591104398177087,1.7529880805628744,2.736254373855359,2.404103434493885,0.9986331205856556,2.993797381172364,2.2445738215985873,1.8309922006002106,0.6976070463656634,-4.774599872241346
0.6429644086809474,0.4659162037257708,1.6528218149841543,2.3531914298698227,2.4387101455511466,0.5227653319742547,2.7772784388266807,2.2538899305229685,2.839177292253623,2.286104232818221,1.0955511909062314,2.810344523059806,-4.418646382442398
0.3281066914494189,1.992461510192909,2.0572588390341706,2.9440372114934994,1.7793190074468817,1.3673173521779887,2.373071996056812,0.3583544247440424,1.9374347936256349,0.7488323628262478,2.6863493993485363,1.054000651378816,-4.912766582326381
0.9486463104241003,1.0663630573419185,0.48675439044942864,2.64179057674231,2.9147056608055113,0.8184985137356517,2.398011181990514,1.867032885385725,0.7379802161078822,1.9217872273652519,0.4892098576061835,2.5614049714917897,-2.3593863310132512
0.9818768420306063,2.7751055037166124,1.6524020040012672,2.7042176694221545,3.1618731392068224,1.561684171351387,1.6120521996223869,0.9822378366031042,1.3039645541126175,1.807091870822292,2.2860761012385753,2.6765660574150467,-2.322535377109298
1.1201221901626526,1.2735800957640275,1.7083471533365497,2.9825640230201964,2.1421067668608056,1.9290832836272407,2.8958520767014932,1.6523573613598603,1.1660387606429425,2.5117588230505428,1.1291126740281272,2.106511773901575,-3.0489910491201346
1.805594325265543,1.893500279858621,0.8556759875115875,0.45969577688428553,1.9472471680440036,1.4091500908343892,1.269782264671252,2.803448252146636,1.4563553783735967,2.0211147971361276,1.7639872773197192,1.1928473041258647,-2.314917336113155
2.1532460298503,1.475703547531175,1.0892349436778597,1.6125932366380773,2.2266003640615692,1.8256142077869533,1.9038988210427035,0.5656771685081626,0.7798548781059436,0.37270137044306095,2.2406345276950246,1.4372142965512096,-3.775368505073178
1.5314365385510664,0.39650477903461195,2.1454281561174464,2.01228766583603,2.724382140730674,0.7725291515296058,1.4528735934358366,2.2418800718391516,1.3849438029996626,2.7060945477757707,2.372710195520495,2.775927933730638,-4.612134372742374
3.143504415865316,0.5833142113971539,1.5279639344549076,1.691772620052166,2.3733810314631985,0.9692291267943529,1.7649478991432406,2.371228772779273,2.646853238560375,1.2322760557136578,0.7784829040161029,1.040107092113764,-4.014611536215184
3.0953182002453845,2.2006993926977727,2.0561246668867277,1.1826411265879502,1.9430939571070875,1.7730033526841422,1.5026711745210997,1.7608163218321369,0.37222561855848196,1.6812257844817349,0.7416472801426743,1.3222938743623835,-4.222176848052288
2.410455070809706,1.1746406474839153,1.2955198219728674,1.1492499170888206,3.030168495276912,2.651033216183298,2.5857592562484237,0.8917581928391334,3.110269707805025,1.8686732639486983,2.615112214960594,1.5453048710692685,-4.533679630800574
0.3941667881114458,3.1190798547162757,1.4693383247103058,1.934278415584974,0.9137384847260064,0.784978913176579,0.522850381414004,2.914610040691104,0.7450579132108291,2.9404642065014945,1.1203074491620466,1.1063790121523223,-2.330976058583914
1.1342759265065683,1.8607401441829663,1.7769834434154277,3.0904544703102284,1.8698396386304688,1.188209895977431,1.258104014745491,2.1477696467761014,0.5585774288700912,0.8847183443762838,1.233143631683661,3.05967295297737,-4.739557051010758
3.047952031072812,2.94022799551283,0.5765990888888068,2.2413917076557204,0.9196725761997702,2.29342039133169,2.2284431518117045,1.0201528641707411,2.2469828429335523,1.5559157659992222,1.2092397189418198,0.7495423874886629,-2.321621819303427
1.3941807558526822,0.41129039090368136,0.9400739144674861,3.031482822532127,2.7436010863638174,3.1268180458976547,2.346957236791525,0.7902646632399697,3.1552613345843583,1.2565529710770265,1.3970127438054756,2.6285329189535895,-4.431788893203957
1.8614852588035966,2.430363019321351,1.3883511833190982,2.0047340999070014,1.4751939739312796,0.9864800371329161,2.9783782100004266,1.2336629437744413,1.0402810236633608,2.277723398731176,0.9477025447643943,2.6517169166301575,-2.3143391327755056
2.6656862196648103,1.8813535278227829,1.8533077291842266,0.5278681135670565,0.9633466817488201,2.2848771673894475,2.1391072791704215,0.908218999414139,2.2379197255273593,1.5342401305335678,1.6193388809048668,1.774543383379279,-3.758134565133751
0.8597805112798087,0.8822023814626458,2.1903522340735675,2.2942458427827357,1.8946834227110567,1.8815322829004542,1.8579264544251277,1.6878762611993947,0.8554858596822132,1.9451860262967842,1.5289526810387573,2.468600801156716,-3.860660896358676
1.0003518097740762,1.3961575818755463,2.0156039182014904,1.0616214567607203,2.982218091128112,1.6031263333501182,0.8366770530339611,0.544202689570218,0.49109286800961516,2.8520127987640285,2.6502694409524157,1.7380692169778833,-2.9932001859657587
2.4426912255852855,2.0546133762224463,0.9534189392563057,1.5515255430046588,3.0134420946560936,1.1658229928932289,0.4295951019119739,1.2144499263142063,0.38467119831395613,1.411535485040925,1.0788125497940393,3.0695853363734735,-2.334481785973883
1.6694336784063977,0.4049034586965181,1.2096688452832949,2.7421382372127705,2.0376541331441445,1.3363751440797405,0.9855706950243364,0.9327622710197592,2.5337244966534533,2.0778908836589585,0.5800469558818757,1.5622433988107278,-4.424071690518318
2.600920093125206,0.9380072305738341,1.2554325519698495,0.9796161819866789,2.0813399686558305,2.2201959053765288,1.112117492812604,2.6605543504454054,2.321209199633887,0.4122437963309597,2.0346538249187986,2.523448978223668,-2.5211611247098276
2.9894857676147466,0.6283702046354136,0.7849222614602702,2.8378814694585373,2.4084371615243008,1.0896233112580476,1.7257533856187892,1.456644957529464,2.5430286012432672,2.4503906561443385,1.6681158144800259,0.5652067074821466,-2.8277399011650153
2.546295331980004,1.2988829738991279,1.5683447330718365,2.756119577892926,2.138566324140189,1.8516505109984107,0.991752231299015,3.050327521647123,0.4530509135954083,2.7591994124032206,1.849913637862843,1.3576227715297953,-2.65279830648062
0.8225881912225164,1.247846271674172,1.7819302812830298,2.7100196614390684,0.9205522352003401,2.7510396172775597,1.7410992981181264,2.296295910908215,1.7641808249832593,1.1149070501689882,2.2480918245713144,0.8766001930581269,-2.5950231400865973
2.2229630263545923,0.6732188743002234,1.3450676262737102,3.0936234413117942,2.1682204524277777,3.1289631220209673,0.68048040370845,3.0618595160821114,1.9943531729101152,2.896409144689734,2.52750127813939,0.8886769368172815,-4.200767441139879
0.7172795541942273,2.363359720510948,1.8960190720532972,2.2250288626997765,2.5261389630584707,2.0753108552392923,1.6879494488618294,2.607207264371026,2.05293328788492,1.532956146910561,0.3707752082868008,0.9737221605425146,-2.3201943052024223
1.341142717484818,2.104091782375917,1.9779929926279822,0.40621345476647897,1.0703653454663145,0.5557957830797995,1.394197878201391,1.2793117437692954,0.9316512485099677,0.6908318036680144,0.4144672436011786,0.5602645827509154,-3.4800227129834136
0.3787917130806213,0.5722433831006102,1.5671462751228213,3.114051835297767,1.5726625070932367,2.32983839199279,3.0618749899814275,2.07549997504667,1.3268043596432881,1.268130978986827,2.1500613971398232,3.1391440416589553,-4.122598177665482
1.2712083012592266,1.459701510997117,1.8756350381240596,1.6460737939368593,2.5443068167539686,0.43926790557374973,1.446163360369038,0.4580271865559672,2.870320014490457,1.072761170953004,1.6907066572283111,2.82674487141262,-2.6356879948403873
1.8653731838091139,2.510415423986645,2.2118018283072582,2.495426077594923,2.4984260891242873,1.9961320652741685,2.4918669248371077,1.323378257945659,1.491764342169341,1.2742875857367597,0.9767727581736465,1.9909039485606437,-4.653238250694031
0.862837211296202,0.3592628584557022,1.502878504119527,0.3752512485176425,2.523652792437635,0.40436888509724084,0.5875006297967345,1.4732290798986616,0.3688646910869513,0.448933491631755,1.9208194160192653,1.67566547984618,-3.595450666205677
1.7592140939759628,0.5543240611955826,0.6982163377118804,1.9376663786858899,2.380202046659775,2.246463454360671,1.2426828650070727,1.1226630448147386,2.0009390022157203,0.5182680078740698,0.9181643918026374,0.6022980146848613,-2.7383804746549907
2.141838249592396,0.6173764509853799,1.5827677111877505,1.2824762525829692,2.4498028102380385,1.4072327877150042,3.149912096786338,0.8645461116007127,3.1361561093557966,2.132081382163911,2.0456321659785486,1.901287426458471,-3.744687529027012
2.913832203582439,2.838462651465353,1.0352059652093484,0.9484038062856806,1.6474668758673605,0.824265197055791,1.657003245077063,2.3575863080706587,0.43382033722042673,0.8043469643308605,0.858872501977078,3.007705444329993,-2.3337990488312466
2.958831893162824,0.9448599875225314,1.6916727106418823,0.9248137481058218,1.546609385035779,1.9352211696100572,1.7365294464887298,1.4840098369294386,0.711142884492169,1.5684258061714307,0.4967700458953264,2.1289265047816426,-2.7635333223561376
0.35810144575352293,2.3454377312864603,1.8381020934050771,0.4872212167675493,3.1098896199019355,1.4838468131944496,2.1205305902150284,2.287591094984366,1.8993866699992625,2.7141104758666685,0.44307517062372304,2.3177330865316597,-2.31836564696101
1.5473523570508008,0.6334055148662256,1.890278687196078,1.2387505187944492,2.42408371344515,0.4681026090800541,3.040686424709881,0.40044772190565714,2.290230492146079,2.209339249196562,2.0818248892004183,1.3034117997490036,-3.7844104340719205
2.258403599095923,2.889529265816776,1.20011362243301,2.2824871725182194,0.8535543802797554,0.5452799115215656,0.6335674062394843,1.4651632016092555,0.46070866420669343,1.336811693827324,1.9638150916889434,3.1132895686510134,-2.363167624613711
2.2095413833184825,0.32149295967763464,0.45171419820606185,2.2009219559741355,0.6732027124362729,1.812681671440571,0.6187437945020482,1.059856951667937,1.9033762680076451,1.4074457030744847,1.058275017548644,1.6326504227116077,-2.8124598450548395
1.343032949299555,0.5231720725696805,0.8058178541408512,2.565787538170527,1.1934571769396407,1.3178289054992671,1.2107586932047698,1.5703538594580768,2.8221147257976726,1.8221076587818703,1.3504093427586765,0.7690434543296492,-3.37105883813863
3.064608776539864,1.8900846191944658,2.1920773778696647,2.397084448316904,2.492849238993938,0.7933687556094562,0.36544766194403233,2.952540112689575,2.705027423950723,1.5236441255451652,2.7431603949447814,1.44259061763591,-2.473627877236426
1.3961205987831848,0.6782959613557626,1.1916937073085454,2.689837865028056,0.6090749636022232,2.6976392391973176,1.5279106148234902,0.8444980033427332,2.8034862771484215,2.2283918288717146,0.5302072467102297,3.1478985344056967,-2.9462514400549913
2.836144162267101,2.9547553794139554,1.426011872916206,1.2129781564401256,1.2964298586196141,2.2317778652604656,0.7536965281151689,1.9664823773161564,0.32701355501845364,1.3186275724058867,0.6573211591165686,2.359031972199823,-2.319850911809155
2.4465210742066703,0.7076117589263508,1.4466727937304735,1.3302883069893698,0.5733413208316049,1.9409856508546972,2.042106651877587,1.5284838134472234,0.9270898059922299,0.7714134855849237,2.126626683407796,0.37841442112537094,-2.4572184366784198
1.6787805718604016,1.6861382125384625,2.2231368362722916,1.3419199698828268,2.2014939994656304,2.612628869251403,1.098290248031625,2.439710542058199,0.33788215143690253,1.9079344928177162,1.4686134794632586,0.8224238912982931,-2.4799750062286887
0.9923444575677909,2.5864448504836064,0.7013851287836759,1.9887380297015707,2.7811776618403625,2.241396805780974,1.3516177399618776,3.0413242488886745,1.2634438135649364,2.756090016446781,0.7329275597070535,2.661435679406328,-2.3603266002932033
0.44826315149936435,2.624346504879764,1.073593482340751,2.93026863337683,2.6004238365362164,0.603627817485431,2.784498462407803,2.542464698003719,1.493517806507445,1.0915969042568308,0.8468371031974816,0.6830997705238642,-2.3257784328789404
0.8517740167757875,0.8171182236203951,1.42674695522694,0.7157328708323978,1.7846413505727807,1.564312035120479,1.472065815890218,1.087821610836056,1.4771889072275715,0.39192521887257875,2.4352578789379895,0.83348393382361,-2.786381097314276
2.7069694043362453,2.450427200965137,1.058665967857146,2.8763414795751157,0.6617830784396104,0.3909117575231837,1.531232397734265,1.8585523123051284,0.9852531973685028,0.6928453881694917,0.7828710412897026,1.450100074606027,-2.3385320840506165
1.5153924502413478,1.6736388594410303,1.5619174341898734,1.6216738495487433,0.8115036706324017,2.2541594764035344,1.1326090888481168,2.0959609543710256,2.929965892470753,2.881675798326013,2.2331971120956386,2.0925029905630894,-4.153118859654901
1.4208068952790378,1.320302264038377,1.6446933565844977,2.6925494200674174,2.653730845272641,2.779116996675035,0.8840020162130648,0.7294707373765111,2.82824997314635,0.6970528672971184,2.1583952072421884,1.7923270345406077,-2.9812706154092656
1.2252474175262311,1.9338538775072953,1.0163009700177548,0.4075940749799165,0.6283899041417964,2.6934481155170253,0.3502452010513142,1.1971844847645472,0.7593397648683542,1.6614122786134187,0.9666036589276197,0.8143054427739109,-2.348294268368794
2.9676787484258806,2.891087803044177,0.5922271113205272,2.9321714389444824,0.9253863580468509,1.6894378404904131,0.5419567855280589,2.0807160629974986,1.7141005687967064,2.875994546970717,2.059950981337306,1.453571193322519,-2.352344807526985
1.7132160121224465,0.9766019330982936,0.9133791832792013,1.9712064371795583,0.8807995398809758,1.018173356281042,0.5150246432221178,2.3948781888810506,0.35349252358243727,1.1732277089002796,1.4201412028863343,0.805543729260397,-4.131504984406742
0.6116888019642501,1.6480500538386973,1.9950909719100327,0.4360870868638097,0.4931006793162419,2.7858652219154876,2.305110542066094,2.596624262126043,2.6911983120450675,1.5435120880752609,0.5939429321797579,1.9727182180763803,-3.767723204492041
1.5072582273124067,1.5702044718697379,1.3073216866104114,3.0486527634920106,1.4624138532074824,2.3163088817414192,3.1577927009500977,0.7605605088146972,1.002604316918768,0.6835022990606987,0.4597664395456525,1.634539931242719,-4.502455877546864
0.4910180941732236,1.6810721784898013,1.9221659855411506,0.5012341656475867,1.8247925349457972,0.9607849756146949,1.3493755139610577,1.333237222806857,2.3817681508054647,1.5183173336457472,2.223616614869848,1.6833871704702104,-3.93217713584916
2.7446146475732585,0.7637919951118661,1.8405957684204932,0.8519379815438946,3.155091633310475,1.9118343504036093,0.8946233795997016,0.3673605809035903,1.5364413853206615,2.2017225837686007,1.3250956799639215,2.5649188776055243,-3.7047273870714044
0.691879661298175,0.6579418687156254,0.9691735775763282,2.7866788546099945,0.7521742755094802,1.0305853788935913,0.6468464767672266,2.311614926749832,1.6829102895231733,2.583001261675122,2.5549327371879005,0.8813003226231124,-2.963321298736097
0.36566937895507,0.3237936605946637,2.1237294632947497,1.422581896812398,0.6986288593801759,2.4075762947147874,1.76826293010098,1.206846006366808,0.7889824676336101,1.393367122597068,2.1168561149975664,1.664597073475866,-3.5096973754529626
1.5780122717482221,2.210703151771366,0.9121398486415433,1.0104618595403185,2.8981723115733344,2.2602949826562675,2.098768004329796,1.1415931682266063,0.8240071833743678,0.7820719165615883,0.7715119126560881,1.381743066568423,-2.358298218577443
1.5078658654271717,0.9410481326389042,1.7319089545018036,2.4844536044361494,2.5860076274321457,1.0982525168779733,1.2355732808680657,2.966594439993581,1.3739499740123582,1.9571404058765736,0.5215571714250227,1.6509663462031083,-3.9487605702517303
0.6185975981431525,0.8069421336160308,0.8676102770243642,1.3772345635856758,0.9323168574161986,2.4354384564718554,1.6710165858431751,2.480606244628125,2.4609448168032886,2.662184214295298,0.38663369335455117,2.6148054640809737,-4.308649110421099
2.2042415065331813,0.8725586800221803,1.3144083517976806,2.0636050870172937,1.8789688350207998,0.48069140747644323,0.8089300954940515,3.084267813512097,1.289150982715466,1.0653820388895423,2.772927056993936,1.887654503305605,-3.3912085607093454
2.230707286598115,2.5121785533193726,0.9259862891148315,2.270041019755293,0.36195226084824883,0.6526558223743258,0.8273920056387811,1.4994398319827849,1.1622151256424265,1.1586246798676971,2.7050515760904914,1.7488882446152894,-2.3456059573840644
2.8249252744170605,1.5071024187105646,1.5886435681959052,0.9837150402936232,0.5078387415249422,1.2442471671137152,1.4830334350131085,0.3837701046536033,3.0203990133478564,2.760906466935113,1.3198477057830171,2.7338185715432726,-4.002946910257355
2.5557284397874898,1.6395396398217268,0.7490420143240776,2.0148365771091545,1.822296588256553,1.160213105542996,0.566853275617968,0.5614834918668734,0.32187056552227566,0.46915857695221475,0.7763104420991529,2.7172435982293295,-2.3566068544492387
0.8129482338872922,0.6686975114993873,0.7816542768868471,0.3516710970339086,1.414878652115072,2.854982501432028,2.030702775812798,2.333754768080271,2.5651989982120664,1.8040849035800122,1.6716057091327508,2.2676280208888193,-3.673589124069663
1.1888732100718764,2.6593572969796466,1.2505970499193604,1.7273681678267054,1.5295279255863274,1.1294291599216715,1.1508929374632428,1.895306198704101,0.9078406904375478,0.7588942028404637,1.9684589361864389,2.235839863300854,-2.324908138944318
0.3972454784409203,0.5146755679448214,2.163993455915541,0.5929629075784628,2.9958322088714455,2.5761552145979576,1.198238556467344,2.118628899781666,2.612161802844264,2.6562503642218003,0.8686136525434056,1.6530198129530302,-3.7879135881750092
1.3630029775958807,0.4419057707541394,2.2201180497086597,3.0671625820543547,2.434821057577999,3.10032707367636,1.196447343776643,2.592875336542919,1.453506450140574,1.1974287741616738,1.5651380173545415,2.4943554544815343,-4.769710177156484
2.662796821126242,0.7301887181932682,1.650098388170089,0.7797051599161359,1.8531777542337622,1.2216736405720212,1.8919181115868797,3.0748605947571743,0.8193195165364207,0.49497748171253725,1.3211264977230492,1.918364849838592,-3.110401165366721
2.05161470623814,3.103105845941073,1.1000368912130183,2.8124621931075056,3.0570826477478676,2.1472557421530256,1.0575868187947506,1.0771585685679501,2.8436216975696462,0.48811085736632853,0.9327955564189339,0.3561398305445968,-2.382009588559279
2.341417149277466,0.8363847736933359,0.6439271447350023,2.1777606539288703,2.549259899703907,3.092956449472259,2.4944140234825483,0.8414611980121836,2.4377233957099516,1.9103438140732973,1.358021409754853,0.7049791951116309,-2.3172299270579555
1.3642194387635949,1.4523872518490664,0.5855814361730396,2.480465877372399,2.6174928165960845,1.7903102457828561,2.646902550437195,1.8144165458802222,3.1379455290546114,0.6079354332397431,1.4421095527485763,0.6108483686200932,-2.335795925893139
1.5200036421302605,2.4270469166508546,1.935238403484645,2.2085527382873957,1.209978211689756,0.8646289410651851,0.34100910634038306,1.5095258878632822,2.619303113385285,1.1848004892262387,1.3712305916384446,2.3551109961293077,-2.3292754141168843
0.33109688219846,0.8502473942912265,0.7261780977305723,2.4057287023757774,1.3465631162889993,0.7243902350459045,2.892706319072834,0.8715022720959014,2.0403791408927834,0.8828098895044518,1.7119357064211624,0.790557262505085,-4.377369259419371
2.2809610743421986,2.8266305647484296,0.8826944576219744,1.95031916479326,2.9176735675653527,2.9699492966771923,1.1651984127943706,2.1232792204900126,0.811663498089594,0.5432299780908425,1.1782952622404959,2.5185537879112947,-2.3809632772991915
1.3843739838814968,3.026662908117782,1.347413472716952,2.5833242197369746,1.5750619182698538,1.8483816114518143,0.45352540885447457,1.0046109610452723,0.8210484649298526,0.5689716201653718,0.39816902462811016,2.8149422324455307,-2.3441026118206056
0.7542315341887046,0.6967589227151525,1.2390031068506455,2.5983920316805826,3.061789998841994,3.159625027987105,0.6906352169615066,0.9148328252442774,2.0105474088439563,2.2339164730603955,1.161177783210887,2.844024077789471,-4.1961990851270405
2.3962475966748737,0.6004981496480487,2.138035858991086,2.109749051806642,0.5391459794807878,0.5340564714589471,0.4505591145134561,2.486097239193757,1.8825404468240639,0.5928449229350465,0.7285222746723354,1.6372458087039234,-3.272308768395036
1.234024775074146,0.4760509288926224,1.655085669752579,3.1565403598698696,0.5456802886051956,2.233500862590543,2.855803948721957,2.249033589360762,0.6430521284030499,0.934993127825018,1.9374637247633177,2.7986950413734832,-3.5135255852437197
2.815647467659175,1.0874933433949894,2.237195724654034,1.5596070728715192,0.5487065276863984,1.4526927675159453,0.7650164921724951,1.1100938775882354,1.0793760121245755,2.3940258037243547,0.45285548384938945,1.1757942433879274,-2.347388932473085
1.6641253272681755,1.0614071753994185,0.6390589791245411,0.857760524782992,2.6206092152090683,2.474524134361728,2.9914024292676653,2.6241257636325543,3.1030288381613755,1.573636875078245,2.1531381163678156,1.1813310173268428,-2.318890881666172
2.5876360021673133,2.081489836747448,1.1719146481348766,1.4090640542083852,0.3572693836446648,2.767472798799095,3.135888041096709,0.6711228257374113,2.5520562389343193,0.8640774547427528,1.4840166096104361,1.500622897219774,-2.317160198528299
2.3695301132563458,1.5798561409745244,1.3352318398250527,2.5535726362470488,1.9162635732739683,0.6680557976801148,0.8856739934443296,1.374408287460448,1.5334371760389256,0.73693639913806,0.5613374913549396,2.5268636215737184,-4.325455189305392
1.6952933793282874,1.544666385734453,1.5552041417507818,2.671877302838327,1.1045276352418953,1.9699724134158336,2.78973661756346,3.0295861760822658,0.3553535843137777,0.7423645340376903,0.987866606021248,0.4386982458950324,-4.702405516542295
1.4328803882520709,1.547283388588838,0.44788334801371255,2.89205304781563,0.9112109785081164,1.6651186899820152,1.7821829521109378,1.0323074829893544,1.3818085862980196,2.7224543375055745,2.563455302484272,1.2825791998812606,-2.352928927541461
0.6393004148468298,0.911827082667104,1.6478477525525708,1.3515259843972125,2.671828761872211,1.0949474628959708,1.8297837823289522,2.584875677262262,1.649390344841198,2.764206601887846,2.48723427793082,2.89730489645088,-3.495464444264856
2.806262359961358,2.875695620684768,1.1242982837176743,0.8872895322760128,1.4071697887062506,1.2458050003778383,1.5825637582563883,1.9421483256668588,1.2020162242283483,1.7249714628096848,0.47291328635347996,2.6692359775752568,-2.3600090046339295
2.4369286940967405,0.5645728288571642,0.9949586721052948,0.5237507409050363,1.6195505515753,1.3297691528061841,0.9638812155051575,0.8122083967672402,0.4733592421143006,1.4740052875702077,2.7851914395281616,1.9253245618933197,-2.7301142161481833
1.426272913720239,2.2082870467486067,2.035349752907782,2.2665371387888134,1.2930373138863698,1.654236444665868,2.837955087903921,0.49004278436887155,1.514229339407366,0.38981291095885434,2.619559698553623,1.3622850133278113,-4.558689840296854
2.279018613447703,1.6169354973673253,2.178074243782886,2.3940073134278803,1.6260205096945646,1.0792228257508685,1.7170289650734274,2.0644694274260464,1.942650441489178,1.4456960139622113,2.5986412124178946,1.853806424211062,-2.6590038724322316
1.849277710184557,2.8011576517110233,2.245425676046503,0.9021616719597456,2.411001804728652,1.3017627354157852,1.7494505286113373,0.35623639453058265,1.9719018364807872,0.9773663459202087,0.8789521988620106,2.772869714864523,-2.31445505619896
0.8638904602640709,0.6514414213631681,1.3567123695170145,3.0716507704472353,2.1614762659121705,2.8127501713915644,2.8057961689087323,1.003846596680283,2.2319953354751387,2.5199677284094513,1.0518610001216846,0.8321142846065144,-4.112179268112965
1.0722434608290474,1.234112544307608,1.2945388385328593,0.7186808046739399,2.249622978430096,2.1211754776965486,2.1553727346195974,1.73183561663541,2.5265533241587086,2.2252457181466196,1.2837912801825122,0.3495936172459141,-4.1297898916947595
1.0041902736566601,1.8099921345236107,1.5773028470823147,0.7716992838180547,2.8700272257656048,0.5662082634892796,0.7350921526823264,2.341071094956983,2.2835864759205715,0.9821643683316936,2.7582941879456655,2.180301111780239,-2.314438989581346
1.6034187275840688,0.6541327862338361,0.8802090775906061,1.5545301482946534,2.9043675399770037,1.7800143615010138,2.6167845051290337,1.620452240634787,1.8381172188140587,1.2936511448699377,0.7531761643838664,2.598573076767054,-3.0150887917158795
1.5224254927543155,2.0503131651423274,1.819148383213106,3.137321901083622,1.9537161760323076,1.073657408268348,1.9766638269398489,2.5994883094141557,1.1797843432670703,0.5344113560347789,2.7400448049831474,1.0334338776716518,-4.683000543285094
1.721649158068969,1.9137686204755986,0.6463260630979337,2.059613849283381,0.6634893640478452,3.031304594207705,0.7869059892581901,1.6494502381565392,1.2287635420625873,2.085867355482905,0.936657979484641,2.0743000247033017,-2.3343584202992025
0.5714226184241682,0.5613502393120152,1.1444533783351913,1.9169976465809253,1.5004779677867217,0.7663325339621109,0.5296597436793784,1.6123584893526883,0.8654829407273144,0.49293917991631164,2.085374693260226,1.7531955322138868,-3.7581924151166506
2.160588339767012,2.1786769937229185,0.6416713175027816,2.2485425233202494,2.830042881716938,1.6141014185366094,2.7122781740856095,1.22619284960874,1.451228005058574,1.1070102547125518,0.5966074920574199,0.3421960444268307,-2.343804954369143
2.512650476220987,1.5129019323287713,1.6313048713072777,1.449102281696272,0.5653048052305841,0.5823114261921092,0.865242867767049,3.0256902700535595,2.357248519977224,0.44509705510507025,1.6966088049973,1.8786758217522066,-4.183416311647547
1.7045029923279107,2.272334445704565,2.2511762023935513,2.81154757121776,0.8250629752433942,1.4670044671381393,0.7263328941475318,2.2621086481573123,0.6073010333400153,1.0216185801061364,2.3848525257077307,1.9462669365309395,-4.4780925190186505
1.8760001268886564,0.7989699438656443,1.6202463914269527,2.792050684149748,2.465854341032225,0.5384719195602619,2.255889056839943,3.0579807354920385,2.0987018839514886,0.8864331277663945,0.5045127118837794,1.7276203620158135,-4.075056939518792
1.854241575313544,0.3380570957573523,1.4341927919589685,2.7488544203758227,2.3134650941361574,0.7430146557315773,0.4152581528120973,2.90760960708724,0.9905469769331734,0.3557929983962221,2.501530002063642,1.3967142641156163,-4.71837505874452
1.0258115108551364,1.93037266316214,0.9005592542525775,0.8777011294716246,0.3314301610549179,1.7378547536208855,1.836769726848755,1.4184760907476732,2.48024475364473,1.1196720212288924,1.7835408625003035,2.794960687888745,-2.3272747056247596
2.71169071530055,1.6053383033602433,1.766126721753013,1.308656030390246,2.967177948209199,1.105168143624207,1.7580275273644175,0.7432239284630175,0.8726273032573442,0.6012131735929148,0.5325192753256548,0.5799035271189739,-4.59729712599303
2.7905954142974028,2.1521139873149857,2.007896166728677,1.5365965738018774,0.8046735617030895,2.600982548781815,2.753213563345971,2.1268941496281513,0.7850443493405359,2.794972992432877,1.9910613839404125,1.5128337125462377,-4.265716901313268
1.1583647156056438,0.8970224749858171,2.225689378465402,1.1753395889357459,2.240630025541719,1.1890986490798159,2.7606517142785334,2.699879695767863,2.5126973829682635,1.8288410963229815,1.6236120741473474,2.1401966135345556,-3.446269553484737
2.3179926826919646,0.4155541495133914,1.988252694792541,2.3366054978284168,2.181195198704646,1.4903888801057372,3.047389722742533,2.0550477443973927,1.715282080846514,1.2805264350033823,1.4325924809046626,1.642169161455568,-4.471269564673509
3.1619503857616067,1.621157337797549,1.0365319004275706,1.0749371693758258,1.1002249387582557,1.7169683746083504,0.3930610620649528,2.646309947813748,2.8507872842171698,1.8191843350986021,0.8420013049149814,2.8417056852313936,-2.313398784487967
1.0659005351982378,0.45316196023844235,2.228701989200637,0.5514402141252137,2.844531194987326,0.9657709131898475,0.5450485033851995,1.6843609931184627,1.017866320068678,1.7267948529767856,1.9804670807046358,3.0730930894133963,-3.8952679984357856
1.801553536851332,1.9529209555819893,1.8540465918261162,1.639474403758067,1.464501458480962,2.9789264456919318,2.408057669086296,2.856294393678446,2.026257942788829,0.3581056624250937,1.0769342719362156,2.0448490178049545,-4.4443994399728295
1.8560707619383217,2.716368717344701,1.0141722904436439,2.7991760356018096,2.685521833189876,1.3005594287948585,0.845074284053168,0.6357630658291081,2.1177663950203645,2.2391123238604247,1.7225312348287842,2.5157510616295777,-2.314834473184854
1.8178065875364748,0.4980000051601578,1.4397655402342229,1.8401648613629231,2.3537762217111955,3.156872563654189,1.9828741025905525,1.0160380538226284,1.3410576827039178,1.8629976743172993,2.0556975122848935,1.9062229020817818,-4.154451967385983
0.9153214977742097,0.5344828630659222,0.970817721771688,1.7099784367986652,2.396481317230447,1.2946600626145357,2.38172742644008,2.9614085056066215,1.9870257470876382,0.8496394042777813,0.7965503049819906,2.458655662332658,-3.736923503081971
0.7116726481708248,0.6854522919694145,1.3984279646866393,2.65640990231295,2.83772558839332,1.3708488219162178,0.7191953546421772,0.5309975704734151,0.7517717965139137,2.602461314790407,1.9585692858436932,0.51023165404063,-4.2953586475222565
2.5930679410618676,1.2103145210431407,1.7472748872419943,1.0413876032892229,2.5198399188738096,2.7159142500801017,1.757499583385592,1.5737287520073668,1.5511947778288295,0.6180849474963933,1.630468338294512,0.7712694586683313,-2.77871922383526
0.7335829423391441,1.1390979210113932,2.2144136169137014,2.7172343402203576,1.0827425733683462,2.6070236623194183,2.3263241586986365,0.5739109357257935,2.72720185400361,2.4787323297242763,1.2235515986569125,2.291228076682708,-3.1985125894391824
1.481639502600662,0.6936604193381501,0.9169902533666408,2.3516033905892626,1.0003045810134927,0.6555465892695398,3.0911938767601885,0.43524838660757725,1.2340972549217593,0.8911086743369556,1.8722610832154927,1.0449293179625052,-2.3867559405669003
1.6058073672785376,1.769009064692607,1.9668077231668422,1.909566454144971,0.3225127203475562,0.3533550898338618,1.6281956396657333,1.1336612425685861,0.5283727423101774,1.5861546721253394,0.6063157811834302,2.1729516901994916,-4.1799319050677415
0.5254963824659142,0.537197559193929,1.2147392502689467,1.295089915608153,2.62395729139697,0.6181625344582669,1.996056585699556,1.8227354822780735,1.726917445199132,0.5398058746288472,2.2690855651312747,1.411660230869761,-3.8338479634838074
1.2739944324207442,0.4572567216337775,1.865518180614067,0.7551850529702155,1.4792274377577717,0.9174372421444166,1.6772839858831305,0.5999374503456464,1.725712294838521,2.4372797326977595,2.202357452321578,0.7222285927893571,-3.397646536663965
0.6613656501885276,1.6704650520180078,1.9257935110530278,0.8913469228476474,1.1029353040326428,0.48745596408737496,2.5671742255372783,0.5110891264281567,2.788571243222939,2.9347859263348264,1.3454379009039,1.7573774418280237,-4.30916311390851
1.102297675027129,2.3589141623433885,0.4734252539996808,0.45142546856968124,2.099556954138109,0.4986126136043174,2.988262918644071,1.8377261364584778,0.6458333691906677,0.7176079668776059,0.847398627228378,2.5469230142927692,-2.326327851451261
2.2130337484291345,2.52494352693598,1.9906626880161107,1.9957519686092722,1.732551559334645,0.586260751324692,2.1860541030691856,2.454430238503586,1.4216213173484697,0.5909160932510036,2.258988455598507,2.5545694563645234,-4.143159694505157
2.077115991051625,1.817204960090017,1.8856321511212621,0.5559051645358074,1.7578898594294914,0.5606647583834348,2.9649247890930983,1.2512873122693589,0.8335749248686173,1.7431506571145698,1.4515056310145276,0.9720778649667703,-3.9837454443355447
2.485385799185755,0.31743241488814466,1.0057942010299223,3.143701342320301,1.0900536194787536,1.8852767157151769,1.0334615486933563,2.5220065935295115,2.149029001579946,1.5417240988589707,0.9118496821655109,2.7788701362564066,-4.178063591546985
1.9538716216815237,1.986841591783782,1.8097771917047034,2.167790387640759,1.444283836281377,1.5383780202827968,1.302904610603581,2.0799144027761987,2.9804527521144064,2.205892327420956,0.8430867615557409,0.7809799150176168,-4.428308211225876
2.4727601653212905,0.5207479558893714,0.8349148347375306,1.8940596365290474,1.2794125767225197,1.6780838047436932,2.313240461898228,0.6595175854258253,1.7929566412117532,0.9186715068772461,1.302857571425853,2.4305067193590753,-3.2141093992722136
1.22801858894876,0.6368418243544853,2.1345367024759345,1.881054985092788,2.0885693875657294,1.855158648853535,1.936584779380608,1.5732946315674798,1.0632263806735391,0.9306204487336283,2.0321070649839523,2.420622502010867,-4.0704540274271075
1.2933757776233492,1.1246009486264308,0.7042788403673023,1.6062918524904743,2.1662043276542926,1.219285395667993,1.4783152812945861,2.2612652029162055,3.08448717966066,0.9589984405969552,2.3007754792756967,2.6875601132783156,-2.319993303464042
0.9171241303176587,2.2345535147079314,2.0807668866247835,2.8011691157793797,1.3838445045134091,0.5224450277953017,1.4278412265133198,1.2221560298927192,1.8297118650656592,1.645667104248658,2.012614738878738,2.0650157810009326,-4.6074204436411215
0.7590233220198546,2.0870360080251746,1.9009938597807612,1.8347978310741793,0.6863901796276723,1.2411910109043383,2.0569581298442636,2.6395627366429473,1.0535436620298655,1.289582541766348,0.46168087912238936,1.365701534049113,-4.213615604165393
1.4299790116560265,0.5504944957447926,1.0967400474512954,1.5562271602270346,0.4158094301071982,0.6090150138210224,2.0264766056671677,2.582929999259853,1.3996327929029155,0.4503081957445291,0.7439191291598192,2.8732893234070733,-2.4491474386300163
2.415420366649345,2.7691594884559954,1.5510226099330506,2.047228336042629,1.6752129349338407,2.807051394290171,3.0708683142502036,0.7843000044203032,1.7757620398823153,1.7974015517516397,1.2614045819132764,1.4620355335362771,-2.3282691901339247
0.9461384592518949,0.4246791316111577,1.3256775632286784,0.6418458765995203,1.2692179887709296,0.6806471092292379,1.2759541964050531,2.937919616723693,1.6045251392922888,1.553947113325865,1.3352536297652373,0.7525522409677015,-3.1543592215197758
1.5753743198178336,3.115602096849208,0.49936783822194275,3.1013620287069568,0.4260652046344088,2.3693116193348973,2.6107254937886304,1.365174203049134,2.3715933487508924,0.9810816442765898,1.9025564784771969,0.8172400849630093,-2.329525224553547
1.4733016335558757,1.2687494185513006,2.1826796330629907,2.3418772274147157,1.004326208098461,1.568301793459237,0.45421285518130905,1.7107164749212742,2.250474189834126,0.6507046686079055,1.0991905564607056,0.7778617599321608,-3.0111381743431114
2.1825900742375937,0.7145034321550497,0.8855563793036394,3.1261273047820146,2.756798007633425,0.4524471913882938,0.5582014588123295,2.859008995511855,2.696881425376369,2.173269987880096,1.2199148776267281,0.4021997088710995,-3.3023927060664597
1.5372777719671573,2.453607358791624,0.8272856000556458,2.639007706398739,1.55558145921207,2.1821552318003055,0.536767658462344,2.808191739049463,0.569349204108665,1.6656941099917313,2.568227080896826,2.40842671330215,-2.3752546152031884
0.4033499942394646,1.0140096159282643,1.0288364744481937,0.9893237502877681,1.1641165653605887,2.4560538379451478,0.7562449942927796,1.2401567647043545,1.7862359258866514,0.43722031449001597,0.39969759491796947,0.5264993852158641,-4.047580086473324
3.0352375306406643,0.9148967829443135,2.2444701574296344,2.4441917234860786,0.6501977257296014,0.4937768594882662,1.7858445979916142,1.6089731960155058,1.2001516447044354,2.7317699319082207,1.747295141920672,2.7149669139183947,-2.9904459044993255
2.0105600107333377,1.919553345835184,1.6156132725868393,0.34354774342268607,1.633212808557353,0.6705136333785064,0.4163555455477737,0.7854612264144334,2.746911714178984,0.5309546481421208,1.594428744567241,1.2219493038129907,-2.9763325415724933
2.6593271876267663,0.49615204261973156,1.184687605464683,2.411397789637011,3.0268146420316575,2.6923967205501675,1.662973188968569,1.9528548134419406,0.5327295027053324,1.1684202480526054,2.60461454044805,1.92962406556308,-4.381218566839917
2.636322590466438,0.5191718156506046,1.2275126695939826,0.5655115587878274,1.0433644084890952,1.069605964141122,1.2767857230454154,3.0120764720240114,0.7161359686477147,1.565009482652779,2.2369533967980773,2.917349604047812,-2.667473013673496
2.4326692761172017,1.4856463357286858,1.5744796687778193,2.237489607860929,2.637407209356432,0.779772040884464,1.7306382125904587,0.8759575909595754,2.0873282384363416,1.145401510498203,0.7906078734025135,2.646519454152957,-4.830004363691305
0.47369964510020446,1.248771124638688,1.919059150461195,1.4135125241715627,2.302476297582048,2.061619912845373,2.6920043583870066,1.2025440758025534,1.1948778459187501,1.0784316563850287,2.4444771828939307,0.7932172723835872,-2.9728990339966885
0.45685386386645527,0.7235482873711503,1.7335023512494099,0.9607161992263478,1.301149313310613,1.5299459609287158,1.8267227553051635,1.523747542640006,1.4182137642457555,2.356665497896807,1.137989536650922,2.946728942169048,-3.0132128349422316
2.765113289508949,0.7384436213110288,1.2212139642642097,0.8007192752036996,1.937212559014369,1.0887036655170397,0.9053175530133106,0.3916868623907888,1.8584017685760517,0.9149603846393861,1.7896830032681275,2.967831360086087,-2.9687484400223902
2.3629318789190643,1.5646091551715748,0.7477067944902185,2.522910098084348,1.7505776409515976,2.975945777839546,2.5597985252914564,1.5404248542709909,2.1848661929441673,0.6127598768256297,2.0999162869173627,0.43154675302211243,-2.323303252925808
1.9859586928243451,1.372019186891127,2.1138226957403123,2.223433578149688,2.2232969137836363,1.742579292564038,0.34350246435522797,1.41026349986839,2.593120526985279,1.0058032962302637,1.5086911357066521,1.2045821691272127,-3.4884607233253284
0.3479381889749845,0.8137235300198699,1.798615872385482,2.44215166062611,2.1495245227651187,1.3770129901987351,0.40488525802372516,1.5610549316097866,0.4369327870135415,0.9372727947196753,0.8075970975908864,0.6310214148838564,-4.122492598992924
0.5955213691999404,2.1587203395494883,0.901944310859474,0.46186059259945333,2.0580097512772926,1.9234668785507762,2.6265387277466363,0.4043292263807753,1.8744385369906944,2.682221881380393,2.63266605525788,1.2319070105970646,-2.313656298177314
2.609533519664354,0.3626629571692907,0.5183799721574693,2.009571996295469,0.8922028077395983,1.7935665263657268,0.8592042237497284,1.595526227363465,2.716492392928151,2.423916202343551,1.0470812966980145,2.753717218810401,-2.9410154403339033
3.1144638276078367,2.1461174692281806,0.4682748100066114,2.5752390789132322,1.5976690266584028,1.5354938072218407,2.592803663854432,0.460317690892041,0.43010309416982095,1.052206144187635,0.7466750980941763,1.7600184807789498,-2.3356745949730473
2.385215639277208,0.503063442088193,2.0939108094077388,2.4031713070233063,0.8354711094694367,0.8877491287380308,0.7909820457156083,0.7680965880753661,1.463262632409831,2.181588090918354,1.9286318570531935,2.046145886519404,-3.786222562926411
0.6063039314735404,2.099746375735514,1.0663673937800662,1.6751615771005572,1.8513559270755011,0.6213148977841612,2.684412028146869,1.6918039769840634,3.102267069665324,1.0544323475415358,1.636097395636439,0.9896507899855749,-2.328269951304923
2.4775166172730483,2.1935325659735327,0.9922411719909674,1.958224422763492,2.092795602866167,0.33768635093056304,2.0812337057740242,2.223281792779574,0.8376435546874705,1.5927777510573422,2.4501181569680015,1.975204298803151,-2.3239342232812468
0.6549609238476514,2.8945156800509895,0.6668446987539056,0.6202841941178512,1.7958330644004061,0.6387366333840824,2.88433604028885,2.4269329515872515,0.843969673349535,1.657487975542866,2.297730869977668,2.4997502067141366,-2.3396763277269654
1.3572726000523554,2.18135883347614,0.7375267707600042,2.461440578840457,1.2487480822839976,1.6872015353502652,0.7722649636116317,1.6738040503565434,2.319200832355932,1.049538285466423,1.1945752051106935,1.7016477436668014,-2.366021982931942
1.5732092967331317,1.2158381101470577,2.0222968608352208,2.682501460066141,2.1715627117993113,2.8649878915141613,3.0296279389768626,0.6544715532760945,2.3484739413348583,1.4998377669366305,0.6709094218879402,1.1789365428612348,-3.519639451168915
2.5276560653231246,0.3423616979804128,1.7148437846288342,1.6533770445568736,2.16026726977685,2.8295342178026357,3.142495507337821,1.281750349515434,2.777720791547835,1.4034150616103438,2.280762437105707,2.988784481568872,-4.307786299549822
1.9411077837842932,2.9177717423129175,0.6021525810313731,0.5587559375174975,2.7013616454655978,1.0415160854199985,2.0549070856869056,0.504322940977024,3.039682370902929,1.9553808674144522,0.5615999784428253,1.6160086434968866,-2.3277163091841104
2.6515383833625554,1.6947990220082547,1.6279037784364299,2.794358759469307,2.294153911756763,1.96300258305993,1.1697630563173087,2.491363523750257,0.4875913274818698,1.8501627581616762,0.5510486952942855,1.495702218880017,-4.733158089285406
2.4458227274318696,0.7498353051136197,1.6621863914467674,3.130913103529811,2.0488818284605204,1.9824496426046045,2.8209683164651373,1.3400150801840436,2.917771292458275,2.5254423819621827,1.6619223633903109,0.4550473982544446,-4.0814263778565
0.5079321589700456,0.8645762517273312,1.0457172891194992,0.41430397481341136,1.3548952063607238,3.0426520947406908,1.954369493009399,2.3184146767940246,2.7140072042853154,1.626970634841995,0.8292218843532009,1.6919744873449556,-3.8016165245363625
0.6976585086785834,0.46073718169040334,2.0515196092135017,1.1072475813062161,1.8584672661137438,0.3630778039040342,0.4672464683809935,0.5554097011479802,0.6930580004467326,0.5050707641158567,1.8019314127046406,0.8553475955713963,-4.002756412700207
1.9585937688907111,1.0483222510422345,1.814531848326783,1.6832459494903464,1.5438408664866747,1.8296380233854022,2.971445677245163,0.4349581525084453,2.665124221570857,2.375328672018548,2.145482478537542,0.9230580711017149,-3.0223410187993265
1.6319961446922506,2.6280415219781803,0.8195351215197303,2.339235077605678,2.07231865346781,2.59061432063334,0.9806491223434903,0.7395000350117842,0.8747222451005183,0.7777611528048778,1.5701690327174163,1.6677278653061687,-2.33029084190143
1.5624282015592288,0.9739000001060389,1.4983392303407093,1.285804875561339,2.6086049115535297,1.710637071595032,0.7114499465054668,0.972708464554279,1.0139417294728932,1.177724779737573,1.1083009601957445,1.6080992843034085,-3.32792658820191
0.840373902641518,2.376552228500947,2.1168871696789386,2.5325138182309934,2.8236205148623155,1.6435981241527566,2.379686914242201,2.6671031786269555,1.387177941836277,1.779008891874786,2.305030516101051,1.1041599264365578,-4.691589327932856
1.0888124559481887,0.642348320457037,2.1502492144645466,1.8509864261130384,0.321086990134182,2.215995879476852,2.327614472733151,2.229557104381242,3.130862831253535,1.0353307274884274,0.651265463887838,1.2999642513573086,-2.500455668928013
1.051617866321522,2.730490900222445,0.9495221184416636,0.9966893294919499,2.8476627611639973,2.637325577150955,2.04794314843481,1.435585892374991,0.7309499982778414,0.925534958981901,0.4020286487038492,1.9556508218843578,-2.3143408887490957
2.316765035002748,0.7693656652096102,1.481387387463593,1.8833880965290568,0.7307435059563943,0.9736953885213551,0.3792608949969991,2.3919064649618016,0.7235611704166928,1.1935054149048583,0.8346644095382019,0.9592496543291134,-2.9916536426584837
2.5806248281589643,2.7475931213569216,0.5117166821113195,2.1254393721080724,1.4567589690919462,2.069571257064481,0.33413130471054353,2.5030835670140243,1.6079850476107223,1.4704378328740866,1.6346273940668183,1.2254207813533589,-2.3830240531084828
2.214703780446338,0.9579111892947076,1.8461933831771018,2.569828675405504,0.5044406542448167,1.8006873171318303,1.7622448718661856,1.3204541838557677,2.9915706024736726,2.047842204682045,1.837934156597092,1.1303482320062181,-2.630395303921091
2.344605469111623,1.060135794550355,1.6459976249192005,2.3902174201039643,2.5151248725396345,1.3329402153444985,1.620371268753076,2.338650479993291,2.5295887214295565,1.4569031993160648,0.3900562860504006,1.4946466033687016,-3.5948945831432555
1.8443228730407424,2.3495288719532152,1.001527684989234,1.507481086679032,2.231640248251379,2.2666074235757003,3.025258018569419,1.6630479256393882,1.7465883981180876,2.2998228128981903,1.4263637159385982,2.8305789060155457,-2.3383486976146814
0.7502674824692186,1.2388646612773855,1.267867133624393,2.968692625477723,0.9874734061565935,1.9383037958778158,0.4967030149142265,3.1340065329607545,0.9182700963551398,0.7830706655262868,2.336352639851882,1.1249037254712262,-4.505367763620613
2.095181103823928,0.4077502835062774,0.7128346369959115,2.0382130243906373,3.0491838698987923,2.6812743011299616,0.43850262016564756,2.3783544198877555,2.575950824507033,1.3782739730944364,1.2151871705596484,2.3788679296538344,-4.102899430710595
3.1037048257861195,1.701760008038609,0.5319188862291507,0.538581405953507,2.4854639388765394,0.4758990277139038,2.261577479371159,1.0953155651167028,2.3770147609751175,1.8983306383663607,2.6268897289311486,1.4302742630212066,-2.3437811139751363
2.4896810786707197,1.388751618134492,1.6789796964742298,3.1487844765664392,0.5871919449665823,2.2384348263873153,0.7602739244896521,0.6898221217758261,1.7013586001336467,0.43910483626666624,0.5585907476068862,2.0521403902940856,-4.578615989303468
2.828881408193472,2.025333788158986,0.9526943063330868,2.5158228176228614,0.8575924500278198,1.676123091102906,1.39716769732909,2.6735236459421414,2.548369123559669,2.8655406122445166,1.9900884806341776,0.8869367083276789,-2.338142370628585
1.5486302380692207,1.9983897383846916,1.0091075440852972,1.4446697890258613,2.648632454208052,1.1354831808863104,2.0151351394143955,2.1425591568033577,1.6346576125657264,2.290139767880764,0.685078996002656,2.1916164325336385,-2.3216608056390813
1.664798038449748,2.852272634050755,1.4572367395923176,2.9900582317597144,2.683528693515284,1.703129551636495,1.5162143493690579,1.0497929104262376,2.8195863584950636,1.03946493107529,1.5332296598957083,0.7542814911972928,-2.326401605417612
3.026664758893598,0.540139628540159,2.1573174862931115,2.579428606555216,3.062788726819804,1.4402719609728827,1.9627135563531326,0.42471504234928426,0.9050116435391826,0.5765031463267074,1.5761209133585175,1.7313485925939391,-4.657628395994545
1.6826016903099221,2.384429695205438,1.419626745682549,2.6296523098250617,2.3507388014999924,2.9661891273781493,2.462455643775569,1.425079558284534,2.1639357345972945,1.852529692217017,2.586773784555555,2.710758059226744,-2.315987355076866
1.416579158507617,0.7326622386330466,1.138295425351011,1.5178004726256042,1.909723065827174,1.5739530638237833,2.8148951193631206,0.7014468857858006,1.2414541337677747,2.9542248640251403,1.3086493748194132,1.7924241781092658,-3.1310309218951375
1.3076792688086687,1.2793017638205009,1.9506129048612995,2.100188435178486,3.1489684605907113,0.4132773728390966,0.9827495841822498,2.3090156113301377,1.2100938928667166,0.5736593809785548,0.8750727386310426,0.8754075101568848,-3.6418436016308435
2.1650911123885987,0.7394124518466441,0.8006397575526281,2.5030691696320244,1.1816651830127842,2.1691584446056043,1.370145390312872,0.6066924048700696,0.445758700568153,1.7455842209631653,2.0751154755224857,3.0587455137466284,-4.595902523978226
0.36802356562923727,0.4496721197795618,2.2318158991715036,1.6962812829255896,1.8335767320741612,0.5090273892880339,1.5722057419441788,3.090741858827339,1.7968658796292023,2.136328944205964,0.7367828859010457,2.224247509783779,-4.175815549626162
1.210549068745505,2.6435272097617153,1.1370175256164827,0.7915413022724758,0.78554764964386,2.1653033865173374,2.924634802176606,0.7517865486203521,1.7061862701460178,1.7377545867641566,1.6155296630811447,1.1178627325104187,-2.3157223281566615
2.2988230299136894,2.878956189328127,1.484107490485283,1.6932280406887488,0.8159933331213298,2.0669701198253847,1.718220073400404,1.5574870507927212,1.866170666604938,2.6365133554984785,2.4927462184929854,1.720968911216122,-2.329184877483256
2.622365818042503,0.9664831210279572,1.3720878940874512,1.8476908033792527,2.010130650712562,1.3853236627541603,0.32575035756306164,1.3195451175195596,2.274349660938121,2.5950499065125108,2.292924611852849,0.31853518287701676,-3.27412987917611
1.2474528078305667,2.203567823523831,1.754961719528876,0.972488348087392,0.9764283835704941,2.2129890988552767,2.9719521676261027,0.3236716931455478,1.0479253717949466,0.578301730781541,1.3142547454031293,0.8533262440898051,-3.7648777847202903
2.4182871140926103,2.0586090458678585,1.6673548405841758,1.9934140532732378,2.0671953265234553,2.72847674297142,2.0938569279008314,0.6643033101331627,1.954316092092208,0.8686736425502583,1.542651908505086,1.5069821119188718,-4.23538366325165
1.5829982910069351,1.9441609854428499,0.8593912854485903,2.5563884889739303,1.1386040655638996,2.1866843134375955,0.7230876212288171,1.8911859268397444,2.06757159153827,2.0696709015335015,1.943461651597669,0.35176710216546203,-2.317399519375721
2.1067330181291024,0.8074753767198948,2.0171488762677128,0.7880776131543471,1.5525495120417747,0.720131881672988,0.4756688811337533,1.5526917224629497,2.9431995946996112,2.909088361764878,1.8457632609629537,0.911144443468868,-3.1466552942511132
0.6246255043152876,0.4334123422711934,1.2325993621197142,1.2839242360278809,1.5381733112773466,1.3946193310478403,2.4605146626501737,1.3539948658221923,1.1910556256716769,0.645841001077587,2.6891062576710163,2.7018265351869504,-3.6478242210405476
0.7672590141530612,2.263502552307723,0.7456216434219025,2.4299591752707066,3.023370886048551,0.32860650904751415,1.6805536680218989,2.809242237733691,0.9971993350515571,1.9800738421126804,0.7491752141737162,1.337369204177385,-2.3366554852378445
0.9358022376716086,1.3686806056405203,2.202569719896103,2.685422490926693,2.3806008223679154,2.3234842502111603,1.1463946111853538,0.9413978573206174,0.37714276942504144,0.4579872175580053,0.9058214435670111,1.9608350976332767,-3.6331034523089665
1.6332255037936032,0.4696797284123657,0.8771166874821414,3.0378654753109497,0.7588573044515383,1.4315575128103524,1.2022364816524334,1.7008708885244086,1.4758356372934927,1.435294339780066,2.096469801869373,1.0233000911779129,-3.4601504029599015
0.9339573410270665,1.1457750247014244,2.1014075305452202,1.24603541478691,1.0296117223384553,1.5030001861181645,2.4433915070825614,2.233813975724806,1.3182277024904427,2.474644823178205,2.1693480079988103,1.816439750126591,-2.4860356639798247
1.7639358724513508,1.3245893588003819,1.197040613600294,1.4172444875015595,2.3623201298665566,2.669164677436273,2.176477616396299,0.8541152916939712,3.1419024897360286,2.517138164568861,0.6025264394529911,0.9074833676662324,-2.3187823631496127
3.10661499025257,1.0015480726707149,0.4607813578632435,1.788585862547445,2.958866555080605,1.3911569048330887,2.6119054868838614,0.6095306546804043,2.893327659633449,0.5656052690395462,1.2011861588362105,0.40620448326167247,-2.3598050339113663
1.3805704308075348,2.9762937447189253,0.8787111287753853,2.430905619328361,1.6658608891737556,0.4170085820977816,1.6298663855875468,2.2271132024739084,2.813048343513311,0.7069489859174053,1.014216044527704,2.867670217006483,-2.3131488059343726
0.942501160346944,0.9975522131411338,0.85157585491297,2.007716311353461,0.344179231606908,2.5320646599669563,2.9975822118373348,2.4458513877760932,0.5443592194026218,1.377492787904964,2.1276331577467107,1.6872040858174724,-3.9056541732731076
0.5012514573217705,1.0910188242386099,2.090108373871673,2.6332950699495714,0.6336369611948818,2.2733864637067223,1.01776493692111,0.42003594036914577,2.858918963797157,0.6273343709924103,2.71110527339657,2.2113424060220686,-2.841507700129237
2.264784629315631,0.7814569594653962,1.7836318098480337,1.370111398568488,2.2098781903679368,2.9272705746347327,1.6232200900468219,1.06236317638336,2.6011885138902073,0.9473293761943004,1.400111360733792,2.8828818380385073,-3.6379292274731623
0.520715230023546,1.8994816921737836,1.920197162739653,1.887073201631854,2.046175412278038,0.37480166993789854,1.403233140800633,0.5458465568222415,0.7969419957091052,0.9164682593735833,2.544563510760989,2.4649928802616397,-4.620926895430726
2.5595761383279587,1.8192488168714556,0.5967317340964147,2.8991546089395883,1.6614718877018215,1.082713339325098,0.4885668178013305,2.851982465420609,0.6398852764685513,0.5120041369571164,0.5385466268748027,2.85148667864142,-2.3738114535048354
0.5164859281928328,1.0936205830002868,1.991053353416308,1.097205744886554,2.2802756820910135,2.994567096198209,0.5519376482848436,1.043920097007647,2.799148140076528,0.9869763000596045,1.4155634852481898,2.838243058901083,-3.313635564729209
0.9978360351187388,2.591830102200395,1.3641462920115635,2.1626148878290894,0.6592579761284234,2.130685601220284,2.4852494209788007,2.346591912293698,2.7926295538157975,1.4364512835142922,1.402524933868948,2.7869315813230853,-2.3212058291495614
1.9641294668668934,0.5087365674327601,1.042379462271475,1.5841529664508005,2.596383594454227,3.068007774209631,2.8316437575712974,1.6463227274632588,2.519452134630009,0.6687284039276228,2.181896672003804,2.100421587850294,-3.8509399935681854
2.8718483862269033,0.48655036346747266,1.3051538029148073,0.32773348109334854,1.5224415998535923,2.8036705150741366,0.500767538250978,1.5074896287101978,1.1735562700609683,1.9677112939668022,1.8279179181817968,0.5181552585099268,-2.832315144888399
2.5698220377559244,1.7160047899160802,1.9721950799054382,0.8841057346013417,0.49817301458076213,3.0257440456314306,2.7272797861787166,0.6997659413795011,2.4901190693171578,2.8304927115436618,2.5948345515739133,1.1857529776802809,-4.11405654850191
2.3242430434888535,1.2841802375456965,1.3848762593705177,2.085718005330426,0.6211999007505675,1.1364810026679388,2.4238042718397077,1.4965817218246011,1.8933340332210074,2.632931310791979,1.8004729127431336,0.3346370830174906,-4.454734313011679
2.0158715757364845,1.4251722027948006,1.7293814911873444,1.001280651015761,1.6937630936151407,0.46015137182672206,2.539555194187485,2.195220347598042,2.4954513952575472,0.9525470728832441,1.8064523644736925,1.743096170519518,-4.479795941667121
2.5085145865564957,1.5611959266444158,1.6808154216847115,1.04525421546426,1.7763132443327705,2.8888629364398617,1.239938293626336,2.53787213853944,1.819048771443779,2.5443774331044544,1.6670779367918935,1.6627839721926543,-4.319897870710301
1.6215575821888355,1.8321665183476183,1.8443722205258763,2.389287287652741,1.3751628104275344,0.5734334303724764,1.4243774531874855,1.920781582405176,2.833392737826984,1.4956651604469446,2.338482845259578,0.82828139313072,-4.647877915061229
3.116687391218327,2.577309013355425,1.2855848115825257,0.9556383634472616,0.951014002777099,1.6230061316701163,0.6858980925152911,1.4885903364490984,1.785920880899334,0.8538887299881452,1.7389367011071735,2.333597630426725,-2.350020547727639
1.8410943341272132,2.6547956315050345,1.5080690224792421,2.738619754798191,1.5185826174819241,1.374440454772678,2.545860191604451,1.577242254741393,3.0435966492763047,2.470767615633302,0.41804906950242,0.9355669853489987,-2.315174881297822
0.35170895856081497,2.14110159718113,1.7536518736346383,1.8706302191153032,2.4026374069253045,0.5108159849635056,1.882811106372622,2.995902549452623,1.2717718848701054,0.4288910423418608,0.7148300674948487,0.6941753864418991,-4.241772916494484
2.7035872495357056,0.43748082934214516,1.8057006346096611,2.71985143619761,1.9337373870179966,2.647113003211468,2.8099023856212826,0.9566981755170645,1.977984274283014,2.167454454534145,2.570524313168727,0.4354151528421901,-4.42426062930289
1.6981934170934674,0.34777784469886885,0.5467984599568252,1.9002677548324747,1.6387442547191888,2.174876662034669,2.274775872387886,1.2616761658159048,2.6238588763898356,2.2820521114117,1.654726234164448,2.1133904958636056,-3.4246016238610344
1.611107544228187,2.9712086145031797,1.415423348305837,2.051615645311362,1.7191095806582901,2.7027065334466522,0.9762660617985188,1.6258960087361183,2.004672730482953,1.3972837420699646,1.4878727370181377,2.908930436119233,-2.3292996721347383
0.5438544854556171,0.9908381219236011,1.8715694442276767,0.5178737882166587,2.44678935846916,2.433203815424786,1.3179616151747169,1.2106158440318366,1.1311377230078212,2.313792448238914,0.6445064054679296,2.3651606720175526,-2.8291770480763807
2.844921907195227,2.7601976108571664,2.09984853150272,2.374193017406066,1.3068085065684738,1.1842438813893417,1.5963866104721243,3.0396773634711205,2.7957944020115204,1.452160415854707,1.7087357403588497,1.892978421278002,-2.3131229158423596
2.947411636627079,1.7067057023386132,0.5307633983890186,0.9430040690632635,1.0792747919974923,2.244513212901445,1.521594709898002,2.8737730276526365,2.202074737210257,0.6570063808846835,0.8579761632984144,2.059103824504135,-2.3764168470614755
1.2830356523131292,3.060343373377226,1.6385629995264595,0.49549756790470445,2.135344514342729,1.7560985018573851,1.5406198658304715,0.3434871191684683,1.2312149701248079,1.934852470568236,2.7503527869390547,1.384320335387047,-2.3291393644466662
0.8739075598403521,0.885924614701521,2.1880448004330963,2.8055127816423395,1.3394744832978893,3.120748637515246,0.6532183123085079,2.1709357537120004,2.615337699469159,0.9422585234073082,2.22578657517331,2.8065004593486034,-3.849122879677749
0.7384787678539684,1.110560428842332,1.288081339537914,2.18870742126103,0.40111509940595125,1.5892675085110632,0.5559972805668667,1.3462014780060596,1.0486157494922046,2.533893368755024,2.3212408976624714,2.4839986425268563,-4.215627690760923
1.4775658666667961,0.8602470732488454,0.9388201250661223,1.2696157665131385,2.0963000984059383,0.40899460798575943,1.3997678236075617,1.371041732528706,2.926252622824228,0.9939202981379632,1.4092132963736332,1.0780111485255608,-4.415348020518188
2.575263335948396,0.7922705890862042,1.149341441242815,2.866485666444648,1.4868817533076,1.8761814803201518,2.872739606138769,2.7597854928078793,0.9511817630204682,0.6031751017243396,2.3334943612968155,2.1625464222337203,-3.218602816849289
2.750226441328956,0.6029504049079415,1.9747438251253908,2.841429255363329,2.227961524939509,2.450844384890386,3.1247573170601943,2.5761888518603784,0.9581069494256194,1.7307991936850249,2.5311332422748842,2.1883261216096423,-4.357940573726998
2.550777553453893,0.5455806371285882,0.7727166904164038,2.8801139069216206,1.11277176221434,1.6457712901363877,1.6102005006231874,1.7611610911486204,0.7386547827286509,2.0885217817048223,1.2176972923074427,0.9329897371863523,-3.12906650995433
0.6503897739851892,2.9973118336696327,0.9198269102438764,3.0980384294805074,1.5872747432799283,0.39400132493433654,1.2858202946848445,2.2098426898460612,0.9928595959152093,2.9476358982085946,1.0170161668848239,1.9309138440200537,-2.3190378163030494
2.174673418391986,0.7057608894940068,1.5641834964228771,1.0364469821650544,2.4637233321023464,2.281635029572457,1.1700522165199905,2.7887748926119214,0.6497875647468461,2.3586624478805343,2.184945428028126,1.352537848725966,-3.5946231292912314
3.0137463647859892,0.7209653580516352,1.1689304113788144,0.6488463290777995,2.7188558976691795,3.040062398789135,0.8730341623662623,1.1782872673822482,2.09157861980065,1.0417664650667633,1.536657200787624,3.0526231397840724,-3.0663340501883543
1.914260192712251,2.7102828542630917,1.6882739845639827,1.1921387110499178,1.3890005337602542,1.899696794606964,2.2862216531883353,2.13556203582185,0.8589847098337093,1.2652178714347033,2.7279460961081634,1.5108946860528978,-2.317780589922121
2.6180940871711185,2.4669084407856006,0.6795230175115374,0.7576801551556929,2.4769633805407127,2.0274033788656602,0.6236517538422282,0.4667014641742506,2.0838307513703342,2.670353321176427,2.5802852124404456,0.551678239784089,-2.3491559562343194
0.6801413103305721,0.426997632883976,0.6066916111559394,0.9991168154181473,1.6722830893573,1.0725350256942645,2.3558633083890146,2.8146221522630195,0.3913950451983967,1.262875177776014,0.5863897719168745,2.502851039528285,-2.7265201565366888
0.4618698087549044,3.1226013593723287,0.8141445758110687,2.0412226084200293,1.4087952674096353,1.784199455116163,2.3382225439950677,3.0901576060175118,1.9496687286564658,0.3884458216516714,2.360705659965715,2.998102922508081,-2.327615862838059
1.0490423464323706,0.3567054013609933,1.4324111581485321,2.5897196508311446,1.404539164735634,2.425502908399656,2.6688203469747576,2.9586571889243145,2.570779781072977,1.3407652293719332,2.558990208684754,1.2670298374154834,-4.241657865867056
0.7619513394827588,1.66280630491699,0.9897385824679925,2.27951766663254,1.5322201388921979,3.0061264997522543,0.5056955975583406,1.237106949834627,1.3445796302504138,1.309098147875265,0.4156731063431211,0.46903163053136254,-2.313144457742105
2.339446279866921,3.0647164723768396,0.5599341912980962,0.8491724646065864,2.5756877972948353,0.6443502074970782,2.468251324878115,0.5014977057285822,1.1146266877555455,0.5387688540351236,1.2281577063977276,2.5716938393993813,-2.3324761271373458
1.6754634549258043,2.773479859238268,1.906543984305092,2.6461083571391204,0.6000256348455144,1.3053770052275253,1.7484749196868592,3.1039476407048796,0.7506529816858698,2.4120659875797097,2.3453690084650045,2.5801168567120287,-2.3140042100368414
2.9423360603033695,1.4948901396675829,2.0476618112984233,1.8097088561242156,2.3471098085668296,2.365113246524634,2.8023835516840414,2.044526110349988,1.5960170433795355,1.216648861868064,0.7552969596714387,1.9215253376265828,-2.768662463667008
2.533421945269155,1.7566049760460285,1.0868034927289159,0.8266315007089517,2.1527863774675855,2.746193039183975,2.415192782137916,2.434955430454495,2.4281678511256413,1.0835250001893073,2.0049974888722475,1.0887993182602664,-2.313399625565283
1.2818413776148039,0.8768908549716372,2.1674211891136985,2.4917999220588585,1.7075696524097477,1.9470509060119638,0.3513961194355307,2.8383807438082553,3.1236189165987334,1.2226268140270524,2.5398608081370875,2.4011029366040963,-4.006346501667898
3.017925959139686,3.005776256630267,0.5948196994312411,1.7192224665693767,1.9725459351103227,0.625806866526621,0.7735803254211093,0.44552001978281874,0.8686368391903878,0.5018318800770298,0.8166324825583002,2.739557546459302,-2.3321225069111184
2.3908688261816233,0.42119651037728845,1.7791256116432932,2.166199767388257,2.506433898708449,0.9565665549314701,2.000942093213845,1.1901392290083974,3.157150259152844,2.3287948416417024,0.9799587383071955,3.1005936103058085,-4.493362705174684
1.6594334589680504,1.2646915756270696,1.6125995136662648,1.5816672651949233,2.666378590868076,0.8745699839825818,3.0073627883252634,2.746660941747071,1.3952485415584224,1.1046769480505514,2.187253999657207,1.584686480150117,-2.440649501248847
3.131928175260668,1.0301945745382275,1.052309496575283,0.6291621005672585,0.6727009338580048,1.7305247777591857,2.142986601190788,2.5115437230000017,0.422639754256567,1.2442557197110409,2.4573064900134787,1.2887733329251603,-3.8362038194894468
2.909272521392405,0.8935829459669071,1.4162246738365973,2.9627336302167118,1.35305957801583,1.2495617655746976,1.5128936847176455,1.8239936098732428,0.8476320488299154,1.0764136730254013,2.61053440785667,3.062345235708428,-3.3935742915494567
3.0321593066322037,1.577383730730957,2.2308741424169396,3.051166866945243,2.4791916938963037,2.9409270478723206,2.698691281992496,2.5662746216361425,0.88986351537818,0.6415900311496969,2.3139602228187677,1.6553493660529357,-3.292707869455734
1.3365589852991302,1.797635534359259,1.7973026848521485,2.607920274582465,0.513900171096604,0.5940297907030785,1.0140640786237816,2.864014192849987,1.817229246313203,1.0165372111405722,0.589706706380064,2.151664948284934,-4.29130123056316
1.955417697806916,0.9267827844083867,1.699409464845413,1.1678005476529907,2.4612826425191034,2.1847018075750113,2.2831642358112227,1.0658112247715592,1.1345117021475255,0.47714846157463686,0.5820325411502965,0.5713334423331315,-3.3029610626833454
1.3753555889373752,1.4614403074552766,1.6648002763568663,2.7771269249261237,0.9558925593671648,1.9723954122613923,2.6216246794265046,2.513761062408623,2.924032943033392,1.149067380096307,0.8982818021812355,1.127568197398384,-4.802556999002372
2.116403996964933,2.0457447497436614,1.6013128754784327,2.2443906867840573,0.7146137841699525,1.4374101950224352,1.4366922663331412,1.4211571562070597,1.438940744391901,0.8262450182396287,0.3687968688048712,1.2466317629815984,-3.8865700328821906
0.7262700446770134,3.000206809847889,1.4055410508282675,1.4857907374077415,1.701403485560486,2.0180361427449265,2.4345931009911093,2.7753603564488545,0.34080553524055385,1.9131173689596965,2.174094931422542,0.42394616460622114,-2.3312509727168944
2.321372170992837,0.37621053429244444,1.7699881152117718,1.56541797236641,1.58295957846374,2.1346775338229587,2.020143131999755,0.42960307672740344,1.0439687200234984,1.9402361641907406,0.7386942541512194,2.703427152687784,-4.038885386915068
1.8859257753967658,2.5199147989459902,0.8729190659861596,0.4816106221892877,0.6810015395167491,0.9016282435001817,0.5723225388708245,0.4398255528435422,1.6010941721438259,1.226738569768039,1.735949342678741,2.7889054870281065,-2.3783359376239925
1.3129819511651395,1.1227955640327454,1.864660832054559,1.6777455211513181,0.7104344401474996,2.222632268233683,2.211206001335241,1.396041102941522,2.135272715524419,0.36239911488407345,0.9689331029315114,1.7124937095836748,-2.3155551161913404
1.3598446710331091,1.678611278297581,1.4673543001686735,3.000066160511488,2.7413015508349234,2.352103298404715,2.5547572789332906,0.47979451496505665,1.258499796949916,1.6236280649683033,1.2519234283496536,2.886429535459388,-4.723048293395292
3.146354830819662,1.3366060675865072,2.0089297956528527,2.768896506384902,1.2593404857490027,2.7746456076456094,2.8767450736910063,1.9046213262081646,0.6646999299409238,0.6585184811470396,2.500336327944391,2.7412566949958963,-2.887835057484316
2.125760476242463,1.6294267795111834,0.6161558052128514,2.399630348880578,1.141356576439943,2.944245647368236,1.6478687465022899,1.071148454321623,0.3236289183732638,2.216028076450904,1.3788640408898074,1.2081435212892733,-2.34691885527079
1.4642871954319123,2.3463712247455906,0.5344623872214035,2.1334649120145253,2.7060667534803415,2.1113479991658886,1.001878899542541,2.654322399458017,0.3737692626627251,0.7394170855159612,2.5767055643727597,1.7485385554078103,-2.4066539617735256
1.9285037010691894,1.9829917218164992,1.8936751487996406,2.9270375512017077,2.5661293552086253,2.48061703374475,2.0092613225035008,2.9846429105730787,0.9857596491755107,1.5606029443277742,2.007519383244439,2.201483958878524,-4.849439576939139
2.2744827034501087,2.122973343432596,1.0948073710477728,1.5223168846783255,1.961834341342667,0.5533206495488809,2.2010996063132406,1.7239401278974216,0.36061107245228885,2.3031743825918607,1.6979768664284045,2.6630059693578043,-2.320218365768165
1.9883444384599498,2.754584738936566,0.9317414259352327,0.804921143496871,2.1211400591344125,0.8825499177303946,1.5886496175100988,0.6502595600560224,1.026198731252343,0.7967993880120776,2.6980491280897048,1.8021421233077617,-2.321907118712203
1.261476341791244,0.9032473064441351,0.5976601578985352,1.5749517742009953,0.5626230871632346,0.6279583802368854,1.5533153581554173,1.603419723954084,3.0915347089317353,0.7347655403961733,2.2555178875806234,0.8255542001111478,-2.320050830434594
2.2255023964101457,1.920667880194414,1.6069729291482953,2.4870062716018166,0.38254534643010785,2.3978668165928223,1.4091540485390237,2.703879333570933,1.4824970704970597,0.37561451664401424,2.4137375663972125,2.2547144636758234,-3.873564025616046
1.4700424142099826,2.4428518127823056,1.129843844149133,1.9064305748922157,1.2873886630362052,0.4001189755249367,2.5034112264782045,2.4954061098760087,2.625984371375894,2.8130403260760986,1.059310706646932,2.7451035870367835,-2.3279751198292895
2.8976239239195207,0.9996867621186001,0.8837535974041455,2.817767792864373,3.017377660473171,2.877173593826824,1.4303288315205187,0.647540274668313,0.5944632435000943,1.4765454930877213,0.7616480282759177,2.1437181470964104,-4.5563708317766975
0.7960656279618579,3.1277406993684487,1.1342625268948183,2.2119160537340328,1.0757045150271636,2.992039350419495,2.577607134147736,2.3636366621459985,0.893396294661005,2.540830503959411,0.7976823388520654,1.9983174002316721,-2.3508457664144
0.47073799180596054,2.640150387419639,0.9565637163478526,1.4732856413547684,1.6505307393622575,1.496383468205909,0.6089275928346589,0.5482514200899651,0.5709532155525763,1.2058518731508188,0.9921359132996519,1.7625112524921465,-2.368004222764643
2.2878474132144455,0.35278532526912976,1.0245945053496313,2.1845604064353914,2.317809335139648,1.211342299250319,2.921298950367747,2.5571121059929482,1.3578736826266737,2.6917800297528442,1.4173075289559287,0.9800727831668583,-4.3018630632470085
2.981925223532639,1.3743817207017734,2.160318141282966,1.8551573665015244,2.318280392156073,2.2963056839404636,2.342648875270456,1.067804969421364,1.1232499382135643,0.78865009711953,1.0729758572153631,0.5133321745871023,-3.1886007701672066
1.7410097759927328,1.9558141289065936,1.9637361341674546,2.385491512906225,0.3695523989708774,2.1005499185940546,2.7205231675562,1.7041337007398725,0.8961628237097348,1.373854534493911,1.0415437278146586,2.135404603086939,-4.260623665022349
0.4857650363910371,2.8413616995299256,1.724976900891757,0.5811269933304816,1.6831712350847907,0.692032275977054,1.1821280042028175,1.8075483729564137,1.509702233896938,1.216019051481065,0.8244138180215625,3.14990694390422,-2.3149128289492684
1.320044303575971,1.6554917105896754,1.6230898778089122,2.0715047081322004,2.1309860633605684,3.0160307979417977,2.4963655955405457,0.6227460913144731,3.0292001566892757,1.6737004057048943,0.8733520374567845,2.6942435847995068,-4.693513406381743
1.6851936255810662,2.742491859422281,2.1274546853380936,1.1822756106911307,2.80142631364402,0.7268369453667435,1.5502130009344501,0.8550833203280608,2.7455163649948977,1.6820880888830447,1.2807210966259375,1.4020464933859278,-2.3225133241308837
2.402655969811172,2.5551139289907,0.4959774065889179,0.8952621180442422,2.676145621145012,1.5000959861178687,2.165206993709961,1.751701376434441,0.7622067464847011,2.8622065701893282,0.8141787746080675,3.1180713483903393,-2.379781162366831
2.1725981367020535,0.574539185119858,0.9650321682244172,0.9877873807092976,1.6822454572009955,2.720186458820693,1.2550434112502225,0.6677352918457126,2.303512971425913,0.47944518456243645,1.3867542768506456,3.123023837886751,-3.0862314389629857
1.9669782177279787,0.45550790466659297,1.324498911715839,1.0837315352632053,3.096774927260143,2.301334870159777,0.8724533921620026,2.896527139546156,2.4251877698861968,0.909766066576329,0.44032223278471705,0.904908216366721,-4.104949589862389
3.0065794784434923,0.33034128832960813,1.2252494290061549,1.941156678842143,2.269471043308381,1.435114266985769,2.9080089373131117,0.4414206668840475,1.445014727910246,2.56379573212552,2.7020634954112834,2.9389378796398797,-4.342580082875747
2.5344418255752688,1.9159110240547692,2.077995247149074,1.5132114640670575,1.0960457400139851,2.8475944723167146,1.8010330828691286,2.877850046313786,2.6434440180501153,2.657684529688466,2.207155947879938,2.9525827477172633,-4.496068956487685
2.1849667476433154,1.3026617763952246,1.982917703699816,1.1522709072198216,3.0090071939485896,2.8815966008526304,2.319245227606848,0.41770544583169134,0.6593771472527874,0.550034675171275,1.9221986861715619,1.5335596341289044,-3.024470784688872
2.254722767016959,0.5263867049420454,1.6856557572169348,1.6307992578512194,1.948822420098785,2.6762753787503386,1.3308344876120775,2.1960357190050677,1.496834418031521,1.899479205847643,2.691728703654109,1.7976024984167842,-4.013195266937877
2.794172213802713,1.5491065103391943,2.1977885345809645,1.4300767788516369,1.4843224753281739,3.0235219441923684,1.6968739223224085,3.0017898888774903,0.614891828968847,1.6015643152105872,2.6431132903009527,1.3303871191419956,-2.3774089241709686
1.9427228592389691,0.3904730207545116,1.9156718278239713,2.043051256013796,2.564316674620487,2.8582771336500308,1.6156804729335819,3.04917976746108,0.7199685167630634,0.9560789702804793,2.4167396508318424,1.6260995210854043,-4.5601705031733
1.7542923900073486,1.664600026207651,1.4646673103987988,1.969302071211106,2.8505441684424877,2.9465514273303155,2.3762903530209187,2.178884091279036,1.2193558906279538,1.3244741910470974,2.4838571995939347,0.4002644243211827,-4.494123952577024
1.8779986226171428,2.803064631616884,1.8006445445447823,0.7690365478500534,2.361498273156549,2.7084955115469724,2.193110202984787,1.1131511613449645,1.431478975205364,0.41822959128930487,1.6025087953992028,0.6326208724922509,-2.3127921137390683
1.6574331583377062,2.1651680509509488,1.8826580787916063,1.1104826387760964,1.7410028783027887,2.6617940835063423,2.5020244676566565,0.6818170679968909,2.9530903477103334,0.5863010849675008,1.979481277393738,2.944267077654001,-4.094736717621645
2.060527267811876,0.4449801405896703,0.9097459157332604,0.5968454054458708,2.533026557328179,0.4506475036334905,0.44316715343624147,0.4262370032638002,2.786730970431709,0.83631033678988,0.8797083594070356,1.7802294690893912,-3.4489501154751907
0.34231003879410554,1.033820855891307,1.8306374074873983,1.9786539911194483,1.147154979745394,0.9797339555066804,2.9277754403606244,0.4508713267431089,0.9153708647755374,1.6436476380442067,1.912203267536107,1.578518684154914,-2.9419124168645427
1.776825868060312,2.808323225322437,0.7904823872488215,1.817953734751926,1.9574477239570565,2.584292018189204,2.2994411132005754,0.9896510471460356,0.6722319995444384,2.492581595481033,1.043776546132727,3.111592183848518,-2.3389543193043623
1.1463232302258934,1.1974613642984624,0.6764394067686894,1.918489003748713,1.0385281574597476,1.7976864593361144,2.634713280290024,0.6404497402162135,1.616219575328538,1.207666233814325,0.48362080836611177,3.0222121415407783,-2.334963686711721
2.9327176428428405,2.8669077854782254,0.7858609874518314,1.7544184949028696,3.1127534743260563,2.360755372206303,0.9347818011604498,0.32217260836293005,1.2487164917111744,2.5867195946596695,1.5899292652293324,2.0932657718550436,-2.32369664396217
2.9759235819098806,2.2758486815569903,1.1025018485428308,2.142550012471235,2.4716133451263405,2.0215261722344917,1.4650840400762033,0.8578887395558541,2.3502593863293586,0.8086405996473687,0.6308473823513812,2.250599254092716,-2.3336685704522604
2.6083584741943318,1.2306568505870936,1.3368315999014155,1.832759966996567,2.9558398532501142,2.816993748767046,3.1213497277615305,2.5191097702541505,1.5407766588803298,2.3454930513626504,1.272915377463674,0.5058646557841618,-4.82303664687553
2.8094027634509358,1.2893330024003242,2.0503055211289474,2.609177154865679,1.6790330955405277,1.4924586792096741,0.4797244262756876,1.5176731693335375,2.496154957623742,1.8362509148178918,1.5028390894235497,2.35185064311161,-3.4192746765008275
2.5018908867468106,0.8835429758467652,2.018700525081783,0.7237949319775628,3.0426643097718573,1.4256684317395187,0.9596831070141325,1.6980698209486311,0.9778023847207706,0.3857990324689345,1.4723005997455143,2.0691463623780866,-3.4758888185710926
2.754175190553726,2.6936443548531477,1.607494221379568,1.0275416536332938,1.9066206160253327,1.8391194291291408,1.9786382248204173,1.2853953470345107,0.5129223269359879,0.4662664161386297,2.4271464707137773,1.823678711600437,-2.3200179264945326
1.0396842405078424,2.3161955365257443,2.140619485779005,1.4662370253088612,1.7661682790625954,2.381739137414668,1.2522183121668424,0.6271655393805364,0.4804011560117282,0.48370179629046894,2.7475492741941525,0.7257923463056105,-4.291835863292999
0.3176710195513483,0.8556363729959726,1.1745153856581232,2.355445974735575,2.0025255672825795,0.8036111745731274,2.02958553422475,1.9616431606363183,3.143537116299463,1.8835366024803029,2.7119979223198247,1.4172992867031984,-3.146006231823527
1.0429482440252291,2.2435901928100077,1.1794464705457595,1.0069060196774329,0.521036256460814,2.55224166516305,0.9157909444908723,2.6993723324156313,0.9703184003051026,0.45386698128727254,1.6763395894732576,0.7334971596617563,-2.351330000149371
0.893072535116433,1.8544066748617105,1.9867962917635489,0.5461233797801156,2.482455574607981,0.4365665483563978,1.010844235992155,0.8483850171566216,2.1570658919328083,0.7074753691581852,1.5804188285667053,0.3930429947603373,-3.9127574710565867
2.592593889298652,2.901159802888893,1.1138845284283012,1.8253439591077407,0.4388494035145327,1.0376184383977027,1.4954116671432331,0.39748221169091635,3.0530786988607055,0.8419963060112527,0.6712604336820607,2.222347566582494,-2.37792299744349
2.3746983160911634,0.5417783982337007,0.5507788476194124,1.4979790636895107,2.712759151723395,1.0530643150209078,2.583619849523664,2.9772111507800716,2.7727590889704072,1.943912289209145,1.0245218945590546,0.7632572004087892,-4.461302695735408
1.5697685900236464,2.066202871693461,2.027505719678563,0.817102423626973,2.8325099989769686,1.8702112636743435,2.661627488755343,1.713486572556234,2.4346342121859874,1.0680593663590616,0.5002220930594488,1.028557428313117,-4.1905458576670895
0.7982635044507913,3.0812250311580507,0.6040989754824261,1.973870473171958,2.1248141951791557,1.4145296151200124,0.7102390742040912,1.5840119821995045,0.6756752196356792,1.2523102276023903,2.6619522178136408,2.217732351070454,-2.3421585363411723
2.3037941956324124,0.5897865869820316,1.7064201643264632,1.7169755658713561,1.7457676086736686,1.8180021178254913,2.3883353547202417,2.8407437893647667,1.791168347662657,0.4264712369238781,1.2798608041476331,0.953600787866822,-3.824660145235456
2.763419168533318,1.7991967207890072,1.7229949273993388,0.5439911090478937,0.47514399078229574,0.9436718197652247,2.0391719926024083,1.8787816304673748,0.3997062487545092,1.7575017093634442,0.44781847735862845,2.541878042026376,-3.615883544417959
1.1066335987699254,1.212786067324596,1.7173632927851572,2.5071185046812277,3.1420523641951728,1.4448351226037899,2.0780124187772167,1.03349442582611,0.42023815659949815,2.307528528953604,0.5696787677691504,3.0782996738542368,-3.495138941374792
1.975943998627927,2.369818904183123,0.4768361955071372,2.2764130111553276,0.4048762336066837,1.1773633091194042,0.79316192443498,1.1452911321641994,3.0989005002512076,0.5991111016918332,2.1667677579671327,0.9551231332524974,-2.3253726463897935
1.867990054498519,0.8666841471188713,1.98043345892616,1.8703560166595188,2.9727258210356537,2.9626875883458617,2.9167740040282815,2.8530001395506477,2.964419464667779,1.1708973391497146,1.7056302914292132,0.8092045687608833,-3.9549695296064376
1.086159067043207,2.2846685256508232,1.3751155262984602,2.382691009204864,2.4690630296559006,0.7096674565656946,2.5889564288195968,1.8834688213534199,1.2131152103354914,2.1242749702660353,2.079377862492242,3.095307276929614,-2.313086104501659
0.577914263934205,0.700173311044984,2.1424830468183895,0.33981721769510137,2.9907034441390272,1.7602972629622888,2.939854877036504,2.765629735736422,1.664118936139392,1.6708189803715756,1.700377890489558,2.013206195338078,-3.0224590028249003
1.533427166240372,2.869185023941479,2.0421134214652312,1.5009709379303646,0.7955512458185057,2.0778256378580173,1.0932283487128072,1.0366563467612568,0.7281309749992513,1.8023096247205042,1.1977423100634077,0.3867543002170425,-2.313892125609696
0.5912536569352487,0.46698996202839504,1.4703045885017951,0.9062124906463058,1.5510255852082537,0.5150231397740246,1.6649127902140881,2.4238466897433475,1.4285239050490064,1.7689278400886344,1.8152333271751901,0.49736196847100544,-3.4703438788159544
1.010919627096033,1.5397107167809652,1.7042511028154173,1.3505433218022853,0.8841663531995612,0.7859386557606213,1.2058791292243582,2.1601315275401363,0.5459734820190203,0.6743786537089222,1.6513334824022805,2.3298613271935387,-4.343150119982824
0.6706408229374627,1.1051475583843213,1.180450124177558,0.9175189950051295,2.6275447312239515,2.636380394565252,2.5720621751002706,1.98189393819877,0.5002444888008658,2.0640452112084344,1.0825195007431327,2.9146111407268767,-4.338926568783577
1.8302563035095891,2.7437912810052305,0.5473378964053843,2.8635086388509468,2.3062743403739643,1.7647121625347897,2.516018175148423,2.891447466050658,0.7567889770614711,2.5013729531054176,0.7997379865437626,2.305116470099885,-2.359293546813523
0.8171753233319772,2.373104972807375,0.5548122152795122,2.0220275133113867,0.9353999591707332,1.7114082403797082,2.931570369462611,0.9275893367221164,2.063350094852509,1.6550553505188472,1.1466504968288067,0.38002300039835285,-2.3813490266025954
2.771470687687521,2.9338952695300686,0.6496643095437662,1.913937677900148,0.3742404861864028,2.626765616966924,2.7824081259381175,1.3766394493179748,1.575648327723356,1.7212242196701717,2.508077132759825,1.9441999586202783,-2.370576708735709
1.2520464320057638,0.5865861659820137,1.5704811638990277,1.6254265843792988,0.5851628584883957,2.8232975142972725,2.456312555733893,0.9869663495403052,1.6314138039690975,2.9243677107037875,2.276934783707336,2.605671999373675,-2.8482829275476136
0.9065437113973922,1.26368816883032,1.8590160965742715,2.4549942606686597,0.8401301544887849,1.0574090217869336,2.141219049531823,2.547100663214114,0.7042061473570491,0.7762734961586797,2.0945837983732574,1.6437457467094756,-2.4781565597378665
1.0853384966213326,0.7838882529465272,1.77209247270065,2.219412189588957,2.041251423936419,2.082467167541944,2.524273579663161,2.02349706505838,1.3052571897424565,2.621619811168034,1.2660618585471188,1.4868187081731212,-3.849912202186384
1.8903841090854976,1.3074409030886298,1.934867906652449,2.940137511199558,2.8925450349249564,0.66440179097851,2.793396823767726,0.8165325433098414,1.73795335954999,0.8002095370239043,2.1472849676056227,0.7430133879151813,-3.5809420327287027
1.4511647070465798,2.269334071070872,1.7404101455582526,1.7335715547481632,2.884064515443154,1.3983624510351609,2.652926060180238,1.089747099341994,1.1003900158977047,2.629832701447606,0.4500444361339262,3.0468997500595405,-2.315065321586862
2.4239924176601293,1.9490373454791425,1.4302578218465245,1.3549362829944553,2.8883613650575244,0.9842186454124207,0.778246842092861,1.468026051494298,1.9082786294143468,1.6075932434328186,2.513977901910544,1.4064907998132143,-2.314536168075465
0.7426953255752367,2.529712505739533,1.1473632078773306,0.7653115758555173,2.018290308753474,1.1175460140568658,1.1550230529792325,0.41147914220527293,2.947909200410381,2.899810092604829,1.1694222625276582,1.7253036027667799,-2.338760206460825
0.4046291611676443,0.9223878542890531,0.8237159096946671,2.3740721592270853,2.2879210706238307,0.9512331451786358,2.437422513286697,0.5700793652861549,0.8617641303563657,2.937922289850201,1.021980647652811,1.847884443978614,-4.5290566446181275
1.0210973571590791,2.330436470470856,0.7623489712093784,1.982035592668366,1.6056133212181847,1.69459472519134,2.843308534800002,1.4758313439576187,1.8522549010683296,1.5373829684095153,1.3170098575145568,1.7154080533752072,-2.332005544516574
2.9200088979373837,0.6402635347926813,1.5935732959023745,1.203245121760166,1.6689714388640224,0.9399488294275513,1.412924136377789,2.7390616324471573,0.36525991981882316,1.5292688114522532,1.7517220044114463,2.147168439160909,-3.488319203395921
0.8854923537042692,0.5531947145672773,1.0640487982053182,1.0504632398047045,1.8559028632615706,2.7001704537064515,1.1100266819768008,2.2040542921257162,0.6995784311057214,0.9661250303596626,0.40469337855281795,2.7682969739332948,-3.3887622206939088
2.285893169464476,0.8339090737397683,2.033554311044411,2.8864965335186232,1.3810997505089964,0.39684206269265915,1.8969452178590507,0.7093306692673049,2.3293717522876305,1.3852710692605663,2.388866607522113,2.931205611753611,-3.7940998653221008
0.723837131825964,1.0262035768014204,1.2066600690016245,2.0550115472645154,1.562997200714059,1.63150316537497,2.882406738882876,2.2808446107502283,2.279336080779303,1.4314358738217403,1.2991911248971526,0.4939259050531635,-4.796373166962896
1.198053494115491,1.3456918730365681,1.533938584509067,2.6682965132713212,1.219602362447919,2.0362635207132085,1.8182576239933994,3.118910304826564,0.8847430260118365,1.05877349592712,1.7399876649710155,1.1918995171162914,-4.810712061265706
0.7787082120917515,1.4175344692027358,1.5851794836513562,0.965368743068707,1.4678662561826654,2.9093071900941436,2.4466317908669724,1.0123512154033403,2.0992953521729927,1.136622777483978,1.673617143768783,2.3554221014175725,-4.362778447604966
0.4996601023547882,1.171989051773069,1.3311502513182754,1.1019990830267103,1.8828515272764534,2.113888675641208,1.700451998530905,2.735642239484207,3.0180092352765286,1.484561882285746,2.4467055592968068,0.3889023175175865,-4.429957350305468
0.8088071840662323,1.203695240633866,1.2228616261689027,1.7046472797016696,0.33356746582914554,3.009072205811285,1.3286929919379291,1.9999952314522504,2.93251948708502,2.2960637373295976,2.4762702634777574,1.5523119853326317,-4.005587916399591
2.3874553566620333,2.718914687555768,0.8980078899058677,1.1916661234718016,1.7147959739112668,2.561747951008074,1.4570189341365423,2.669978170163975,0.7030833499948101,1.0266089560211842,2.003053802132699,2.0415849644991955,-2.367558503350401
0.9622424110538605,0.3636149060334313,0.6244944658489877,1.012283511625092,2.023504386376173,0.7549415806081718,3.1456097368213345,0.7637765637339157,2.59821026952972,2.4625065246344304,0.8860621491738321,0.4257639279613059,-3.262400141843416
2.6266967905545173,1.5103290321824652,1.94239424095779,1.8139096712135954,2.7498369692315743,2.5665931154385535,2.5206533667017266,2.0254461940661113,2.0163027066856816,1.8885567636312108,1.7930003141990538,1.8570848598460774,-2.6371099226712515
0.3391126998790648,2.2521519978937663,0.9588578631170421,1.5710621684871646,2.177703798660208,1.5450543066925753,2.935059079464831,2.992217445038249,1.8567513078571305,1.4172842126291454,1.1534262832009439,2.273910248829964,-2.339561833882379
2.670907194362922,2.787404950280913,1.070051732841526,0.6362242519547825,2.2524325172612785,3.116612772297126,2.63886581800689,0.8693746856330355,1.3488816828238268,1.4721937679144088,2.023995716596,0.5022908632965591,-2.3424236204552975
1.5519704778417522,2.7065133760351183,2.079060732321884,2.3054518287628722,0.7328815181155112,2.004059801975027,0.6370170748827508,2.506931954143824,0.5359528910900585,2.5738602323738258,0.8612512259630274,0.64401991772213,-2.315299416173712
1.5553333416757227,0.9299281766623779,2.131188659748328,1.4573520759591507,1.9841072833193545,2.6313342615445285,1.7791737881129261,1.3900141354794622,2.3378955531174603,2.0528135758267414,2.1333043986904063,2.6327823727476116,-3.503710286057614
2.6124422549848085,0.9838532148739492,2.0751533625151497,3.084198867610099,1.8883922377427325,1.2663888966664574,1.4070368583163912,1.4157536221477205,0.7756554738463897,2.444081141090302,0.4563714838906381,3.086803435439787,-3.942012844231656
1.2439852029838665,1.975536876889429,1.9607771609079387,1.2961105518436324,1.4209936913324814,2.041033801878801,0.7610909607281501,2.791951387707861,2.7422343239523923,0.9753902676250816,0.5206608130742449,2.8955814508371276,-4.252293638957917
2.9968442267144524,1.046095592782276,1.2970312187887714,1.5264207697371792,0.39188738376922483,2.4459613430951594,1.0753641312275029,0.49618032196247097,0.4666893658282093,2.589461042121865,1.3744463244375809,1.5154574008603166,-4.1731126256058575
1.5252384599336521,0.6094778779477423,1.8707959692368223,1.3345774718742998,0.4508219732539944,0.9134256129085974,2.8778242942148133,2.88936427899332,0.4130683790008852,1.5990826266269522,2.552409807243366,0.4736536692702411,-2.4991058782288698
2.474356860662828,3.0876267505617716,1.9032078305772604,2.664112971464682,3.103824580651844,0.8438028420293671,2.400603150164835,2.6793187527913758,2.730885038259021,2.605629933995867,1.9161413363210533,0.9957873005236713,-2.313958683286731
0.8489118468123695,0.8524637831043018,2.209594584883359,2.8534241723442273,1.094907803236063,2.5466224395730026,3.058774699641451,3.100892060595381,2.0942684429835903,2.5799169916821683,1.8940436785374855,0.44183607005666337,-3.5556806770552463
2.8851814382186345,0.8207237815684933,1.6776165937687508,1.9484068871844256,2.7641805295359645,0.7611521201943974,0.5200915831609159,2.7125451689883118,2.9861759949557434,2.2601231183766526,1.8257161932771224,3.0192399249978625,-4.0619089285406265
2.0650173246659587,1.5591013505981886,1.6596458642190417,2.84646625442366,1.4262327415382836,3.046120662211389,2.5118572746412395,2.0505970375367055,1.553453129241856,0.9908459889825809,1.2404448518561852,0.4143348376393014,-4.866238446176285
1.5286457171002559,1.0234555461216908,0.9745010164452328,1.067917561444356,2.950356227097623,2.8665795369137244,2.7382506262785355,1.808132279655638,2.6725212559126486,0.6103106366217472,2.520020330042518,2.65500738467363,-4.283760288113078
0.42192769541129815,0.9572401336950971,2.2164563163290296,0.6515812818717959,2.2349155110777987,2.1956382145060402,2.721591396692193,1.9148328622699264,1.1789797952251606,2.1205888223933096,1.7143244707256613,1.3715821387835052,-2.951170578408435
2.039524333988166,1.7505207579903177,1.7520705760724715,0.508733688820783,2.923909306012729,2.7487928288657835,2.5969385264322473,2.570418031031259,1.6260948538387483,0.46281176905593935,2.4024215230382606,2.8623900393501334,-3.891277169661706
3.082672055168348,2.5626627572125837,0.4828217292534908,2.525937009550692,1.4465239625491348,2.7274849316858245,2.1983042258892347,1.7079366498897097,2.3842812168580374,2.618607995368392,2.429207043567928,1.2649670646546942,-2.353077512182353
1.5808158342937622,1.4396123350207324,2.0970980386336913,1.8018111672881214,1.1579447192173495,1.7010309446205973,1.179405736323271,1.7907299426935952,1.8332421754435364,1.624133458826977,2.3290887189913247,2.9428424945046423,-2.4910106510936987
0.4430965156300084,2.036136539546582,1.0517899641367847,2.7620885764469487,1.0251156168408484,3.0942489109728704,1.0420434629320783,1.7731539270040078,2.204980929990267,0.9889765550734386,0.9523465663444632,0.641233808330342,-2.348726440595075
2.334809866942678,1.8554661824857939,1.5800595270654774,0.8683243627282999,1.8325622275837816,2.9149126538171126,1.1239170313890616,1.0251948277223422,1.1273383822258045,2.160757593156938,1.353612371611769,2.905318393768591,-2.3221010446778867
3.023673075393662,2.33743333085857,1.2295249695353885,2.6472949440389537,1.1344073933344152,1.208982782759434,2.2867657379786217,3.0987658831586633,2.4322824977313604,0.9075794970770189,2.1414052733055318,2.7808234728012904,-2.3262701611620114
1.4079647205537158,0.3794674794838196,0.7165682286522909,0.4499582915396162,1.2060235960727228,2.7889547690855907,2.151697824028481,1.4901430033852316,1.5177491144907749,1.0609912801352808,1.2347650014443263,0.5251176960019714,-2.5245516829167154
2.9717234535944876,1.0700690366126488,1.7755769892730233,2.3254776571768203,2.118888568263978,2.8205916296516405,3.096346795686905,1.600273202913993,2.768490729969092,1.1522148423382559,0.5547599946818639,2.509400903778725,-3.4490762744791583
1.1809008823791811,2.697118217047135,0.6937390700265813,1.7786005922371653,0.8639450068505226,2.4603628165972697,2.3854991085840944,1.3052819406572589,1.329953827750553,1.9264762882348425,0.690231054218913,2.6008574636913773,-2.333741219024465
2.1374014251166242,0.48226402369027654,1.4789304059129886,0.4411342024538089,1.8117997465701696,2.14559952926462,0.3710763757006918,1.073414323363403,1.7041916256086858,1.2294332779070205,1.7672604970254029,1.2431400622864248,-3.2658579106427084
1.3858984801385876,1.2280811534680733,0.525008927859155,0.623822274963123,2.3417673191908577,1.8961973939624266,0.9507733137287591,2.821411435530711,1.372530706473159,0.4089803871156027,0.9733472211332075,2.231059798015663,-2.332988830877442
2.192128291114765,2.574274591816268,1.0602078576483616,2.6798059874963407,2.399260217927419,1.3811568819817475,0.5826153646396384,0.3291074281222443,1.1852220371901767,2.446227664717177,2.0107187479540993,2.8928005180923826,-2.352368452058771
0.6732523453376233,1.2367532313165173,1.2581035721760891,1.1251984673810564,1.8395129882454362,1.5872226264036033,2.742365992164262,0.5341299335558432,1.959635056154117,0.48678494941332084,1.4818490023424997,1.3136833071593543,-4.368748447693319
1.3481640948628282,1.34132553777927,2.1689749929080455,2.6553604153760264,2.8209924674890887,0.34094704691472516,1.5996882743392045,0.9112411039970618,2.314844515059243,1.6924180834023606,2.100232277745561,0.39706812505832345,-3.723863238775203
0.701506163424496,2.323674366111329,1.2800101679831142,2.6160465766399312,1.264108878849948,1.2279234270403097,0.8781808841853116,0.3703634809033072,2.9041691956903195,1.7873685854657688,2.0684559155254068,1.1719904401634642,-2.3287398019244563
0.6006196666273338,0.8888172409819581,1.5324553869043969,2.943057465823312,3.0401183921489534,0.9246007100009255,2.5957853742430146,2.451491111002915,0.686290165478535,0.5817901444238667,1.8181458183782762,2.131140075509336,-4.035650727132693
2.7138474316984236,0.918589581290506,0.9984554423144067,2.9486569509684752,1.5143780742087314,1.213872269535805,3.050786546051457,0.5388874913914147,0.4182973455432949,1.383300600152105,2.3635552547001524,1.9423947476010042,-4.874278795804815
3.1357683377866814,0.727597187103036,1.5730008589480573,2.228958150855943,2.9305214709313923,0.7488756598951777,1.0879358415755256,2.217866318176894,2.367496378774087,1.1911887481564207,0.5371881185136009,2.538675454545346,-4.196208313793916
2.5414822325325788,0.40220387696784027,0.7743694090810744,2.574057338707022,0.7269042531942091,2.3453569435218706,1.68488942788267,1.3998994078648115,1.3151551845767488,2.2844593931806614,0.4092818559738479,2.758438574846569,-3.3466476474459137
