m_1,m_2,m_3,m_4,m_5,m_6,m_7,m_8,m_9,m_10,m_11,m_12,log_idt
0.41431652631361765,1.022205183192769,1.861446810027775,2.7462648311601363,2.856363981694872,2.411943953996604,0.4331765355688686,0.9206865526709331,0.8305695777592401,1.7801661741393973,1.4729382444965167,0.929214563099896,-8.447645507727346
2.121257022576139,2.7243187904933697,1.5558535288611808,1.5354140671802203,1.523881237177342,2.0440569592225803,2.232464678237228,1.9130722791929797,2.9588998114684717,2.5980613454445995,2.370896145368079,0.9490917164254655,-4.292784059610278
2.012550486668369,1.8975566462124256,0.7977443335625651,1.342116676856127,1.2304492300762158,2.581650770088811,2.816096515002072,2.9264967460596822,2.8084445509014087,1.7547556614330901,0.8219075209825564,1.1503072801721848,-3.271481457335225
2.851132988528181,1.0077569415606227,1.3208169188349927,0.8405333475945711,2.5537498778830474,0.7999878509037464,1.9907237393434116,2.5607355811742223,3.076609622413333,0.8432804344716006,1.9526805536700955,1.953103065828088,-6.659761054217365
2.057997743140683,2.171374898256092,2.0866398619773006,2.4734730073208717,1.0390728842485228,2.6804552741809125,0.3464518242771972,2.1578713756810233,2.263268860247196,2.7783152065585766,1.2901791431212628,1.0572890513965385,-5.920974160747489
2.9233203341503353,2.401667657631964,1.4557159464057035,1.3840271164279552,0.7406373061348785,1.7746813590030928,3.005277302348858,0.582248634125186,1.9570377359881261,1.8432978028573925,2.59272819641267,1.2109284160210925,-3.743171496180243
0.8465301249741968,1.1983324999414091,1.3336105239544533,2.907618030158471,2.56923525530673,1.485938333053577,1.3422164189072168,1.9442307148442202,0.5046371170533861,2.5767380601967735,0.6803159748532404,1.8837889325594002,-6.950370261554849
1.8724395418973871,0.47343454372011623,1.0468620944654732,0.38211832568596427,1.2822742641311706,0.6485931784096126,0.7668186889597808,1.7643732436607213,3.008982825342978,2.0956032128108113,0.9435714153977559,0.4445902139553019,-6.927313680523079
2.7865091139052445,1.1857659751768934,0.658770226395437,1.2175111753189958,1.3937235285470957,1.3100547126287578,0.7828489660020552,2.1804732318354896,2.6704235355364236,0.7228315716346152,0.6271204217649378,1.4548634689088284,-3.9143698638605833
1.0823452699309455,2.672094023197712,1.1206249988669053,2.3115015058237662,1.6900904232348082,3.02148891456735,1.6493114346241784,2.6133567058974068,1.0576734779276202,2.158642240267092,1.4034154051095642,0.8007859314026581,-3.9756815810885087
1.907062351450249,0.615124621157535,0.9847150762706298,1.7312392629130857,0.4311366720999295,2.0950349842934424,2.074248053219928,1.9293254690051413,1.9421524429964458,1.4812662234540817,1.3827264024325343,2.535039255722919,-6.518487586277212
2.271527498402316,2.9071950404429328,2.000142197764628,0.8153407984035019,0.8734964670611138,1.5809169291820242,1.636172296129607,2.8765173483520314,2.8008837065876615,1.4138659223544732,1.3873687406562818,1.6074415916614853,-4.133050252664098
1.6285178834264797,1.3485933993768808,1.5910213926389845,2.6749378835583606,1.4189457978189277,1.3394615041896274,1.7892620176307328,1.1032229679372116,2.3707673214548715,1.5062409091307813,1.2499936360547201,0.48291667967931773,-6.608380942763
2.1991749970301684,2.9523367033457193,1.1400110113827224,3.0182254260218535,2.679447577130784,2.6886768992472705,1.3092525749609794,0.5883962607391968,2.950307331891517,1.3481738240968166,2.1609309944976105,0.7388720544111638,-4.325472355061845
2.3526192899741125,2.3099929707120452,1.958274874154007,1.2638844510812837,2.0166145257141865,2.861463596008762,2.1868641214363906,1.2988582820431296,1.0897657079701906,0.7187264057507196,1.7290933240447994,0.9206279054583522,-5.3299287889931275
3.056377390209544,2.6704829070519773,1.795630505813812,1.2304976446224245,0.9050954473179769,1.673052176007487,1.1906983095631902,2.552690503253556,2.603821994504602,0.8991309953496147,1.3383607843946808,2.63520791535249,-4.287969842103709
2.672746336170426,0.5942995520717588,1.9510418075612823,1.165128151534446,1.2263181827182337,3.1379684871613196,2.5399676908570257,3.0666070048318823,0.6561284347810287,1.9963378146410822,0.7627449131718307,2.823894501971574,-7.684767110202595
2.9040136822719185,2.2315185158747566,0.7779295876217394,0.938379698307876,1.1090560358109471,3.1349302560965517,1.053769940603426,3.114151060505531,2.517810317397019,2.5355890387395323,1.77941586799462,2.063279898012398,-3.19817295943832
2.4589795664521317,3.145162891163794,1.688711955737981,1.7556224504915536,0.8700649346972598,0.8162336866144515,1.3762294697733688,3.036956618638063,0.6606659369820695,1.8388771304010956,1.2066572425402238,1.37594805326411,-3.9061445954804985
1.1085125947370154,0.743704405737436,0.9792573037016903,0.37108348454401685,0.9714213849497346,0.4888995967840949,3.0806718848950423,1.5654286254492484,2.9896467978835344,1.5694156309517941,2.088219790256898,2.1959070627534847,-5.421468805165884
0.634663396097748,0.9074460949915373,2.2397185366380605,1.6376666823253707,1.899339785574623,2.519249125702427,2.9006439805536464,1.630059190125968,0.38795676019680153,0.4588013280064105,2.5853747835080596,1.316018367184144,-7.9649693674416016
2.0238763839442084,0.776658620070334,0.6953653812302815,2.0256634479926436,2.806122573257615,0.735044915861265,0.4015829329488308,2.962775334053201,1.6960953489213257,1.9178634226533482,1.1230441477732138,2.9270083875864943,-6.243962899146293
1.978939191494303,1.1781197359402142,0.9179541371852452,0.6473934634554881,2.816976910606177,1.8049298471564938,0.8330692360626912,2.5497455604877253,2.0453158813741434,2.94342811366631,2.423920948216242,1.3921540089705715,-5.09818224828154
1.5583446757218906,0.6620568979210293,0.561160574533211,2.5618737722614786,2.2068065529930383,2.878443773448572,2.321242276399186,1.5876422370013437,0.329163887698941,2.76702115210644,0.5660771935758088,2.6970027579747975,-4.679679025120629
1.5654538762214834,2.542733740354093,0.7333320376990412,2.6991729844125514,2.0755364423597564,2.072557870859444,1.3876443987522937,0.6771872689424432,2.6802547289159127,0.846046669751156,0.4207827216934194,2.393457059162901,-3.4716365839060206
0.9764587951464727,1.5560317770282215,0.4934349044203425,2.1436060748939605,1.7280904870983775,1.458319574582478,0.8900284531208824,2.0181867319960243,0.3318747531880932,2.40364145418442,0.7747699600987852,1.3783620934783727,-3.253011991048525
2.3313056686850118,0.4809609423124023,1.2248941923791121,2.1906337285054223,2.1916094441663714,0.7374122008644288,0.9544194960137855,2.251543888498606,1.687610438267223,2.0054867120226727,1.116721812251893,1.9147588561401787,-8.446805135781267
1.0549833561407405,2.6038362725348603,0.8887624740698363,2.7789749518881917,1.2763406757807536,2.7941270524061905,0.5172753868094739,1.4932850558236437,2.5379877378235123,1.716140717088527,2.0781820734093213,2.262880925877737,-3.671844774198831
1.9194164698586054,3.034073986134575,0.8197627172982404,1.3071785290620623,0.8679549901734962,2.8723677116068695,2.4300092155515896,3.064346660688113,1.6744631133173402,0.8750613507749149,1.180357452213376,1.6603172261924377,-2.862924182672478
1.8993139586459002,2.000135461678974,0.8584312804155294,2.2513660833118188,1.998610242685024,2.164540477628938,2.5224482068959397,1.960709452775254,2.727627878934417,1.3140519497323673,1.546036139807844,1.5660043991892962,-3.660581068734387
1.7385261525984916,1.7869513967789075,0.4842813705405113,2.5501399986933553,2.5802985858267844,1.281530504403564,1.0089130469349223,3.013949292375997,1.9299048492855486,2.5053149230482203,0.9222973258138569,0.7598282093372692,-3.319506072057934
0.8796454005122356,0.3824621113979374,2.137136665927635,1.8910416753191812,0.5231950106879484,0.9302217900860843,0.8953302898406972,2.2560528501763875,2.9192960832776533,2.919686956119955,1.3473667304512185,1.9795122960669236,-7.748393475954615
1.1426824235237192,0.5817964930854159,2.147009900079952,0.9686401310841288,2.2484073859104563,1.6581312053025579,1.8734399727553543,2.633710213914401,0.5654200108663282,1.2594411148876843,1.8991534957686715,2.2745893993207584,-8.125465730191902
2.761412740937923,1.2589071132466827,1.39036217536583,0.930109740448112,1.8612872418256747,2.8852583111841383,1.023101069681561,0.40118064450059243,1.01123237383472,1.586535382999563,1.1742407564879955,2.8890682403104915,-6.132448504228652
2.8228524879145636,1.2225023131341894,0.983101532208335,1.7011904596515792,2.688215827005192,2.0847322110695496,0.7050672911445577,2.1684730456082986,0.40658256962880235,1.8446875767671758,1.9708809259387965,2.656824824026216,-5.73851478747405
1.4180744671156613,1.4090312372695388,1.7845121368706363,0.946361898753528,0.8276946206999964,0.35598874417597454,1.5008439559039757,2.756652054859594,2.753523247573069,0.6717684368764629,2.623868719768681,1.0084397966700687,-5.7609375085340835
2.3724793734459384,1.4113590691233915,0.9936221591673813,0.333504399552814,1.2286579937786484,2.0139868024498067,2.7347083268960612,0.7326764516041979,2.178114236097786,1.463681307240277,1.7433849682686429,0.711661652331324,-3.6627784951653513
1.0357574492544952,2.0570480417228896,0.6184558911313228,0.6825333624362279,0.9389349494085402,2.5178560728202872,0.5908302222842519,0.7239438551474697,1.364609822899499,2.029829793033305,2.5190994625318646,2.010979665838061,-2.767118945037945
2.644653203139117,0.9860956164959918,2.1494134460680177,0.531792174036801,2.000241602715443,1.9857274608550541,2.1737681460755938,3.134839035134733,1.2957029471907737,2.834414626790365,1.5063881577767073,1.2160889414427662,-7.0619844367424625
2.3073337439138286,0.4176318743359309,2.0453991854332414,2.29171369085674,1.0210553969704177,2.009234111921794,1.4810494372011607,3.0234551810533725,1.3901459035351145,2.6950377450031864,1.5196213106321814,0.5342064114900338,-8.26738697112331
3.019832084590154,0.345587924038865,1.8165691601914369,3.1204224681918182,2.156571905452565,2.277231924216024,0.7808906836997613,0.36363165213463755,2.7398071250106937,1.7832312673476967,0.3720103317479366,0.646926678901959,-9.004462238610405
0.9886083000935286,0.5961946060494876,1.1612511415554634,1.7237038003398406,2.083600673218515,0.9262186221231954,1.039925493783501,1.1058810089977673,0.7858800489506799,2.1858669696425244,1.6106919793288035,1.7050554343873268,-8.046101870496
2.4509537782503212,2.978461755242567,1.7014608941745577,2.9552874029922442,0.5592493804917967,2.5943987233011487,2.5582176374892245,1.6578940363024974,1.3688474783859974,2.191333331197783,1.8341078249692657,0.5403959590062388,-3.7456480118960966
2.7784761320520595,1.6188913407870749,2.052414864681369,1.20514600231452,2.527919311658356,1.4225607038111263,1.8075820082667164,1.6792063648966777,2.4697421939447377,1.7524690526527693,0.7132661490196601,0.3638289051086056,-6.792571311202649
2.1180950083578627,2.445085581358514,0.941881140634188,0.846048493743425,3.000514507501146,0.9350169584108861,1.0815935363603004,2.60954754248394,0.9399562002523962,2.211179116726741,1.7036564488386172,2.860763341175943,-3.8914551373304405
2.135490077623637,1.9668385860455195,1.1901463404781385,2.2544669141558322,1.7115357039635233,2.9081014840540136,1.9498186226476975,0.9430837531679828,1.8623882852584106,1.9277740077216095,1.5174049951448467,0.703572605968827,-4.4821357273040165
1.4980518541323924,1.8891349610617085,1.820698189356582,0.515871188102802,0.7421745740352512,1.598443267010313,2.0633439645865717,1.3937447455438703,1.9637574845560033,2.2214285589887037,1.984748286608422,1.810304417173139,-4.461033120259543
1.4986618194225034,2.482299496500233,0.5066663644558549,1.9625232179203589,0.992824080489128,1.1992529748674798,1.2667309963161484,1.6936474138710815,2.8816261042748845,1.4046066953274485,0.5172060861937479,2.8772642999416127,-2.503792631733763
2.986874228066787,1.735114826473685,1.5912510679309617,1.4406594900021614,1.1297117868463975,1.9160841264052677,1.3584602504557033,2.5258723583444405,0.9426442789051075,2.0017468466079134,0.7167515629341412,2.207550807270442,-5.292568783656164
1.4045879677770894,2.2123814055121587,0.7506604248507142,1.0147394165530097,3.0537918208324184,1.6373382803359458,2.780358784631352,3.0726139412458644,2.170830851186021,2.4330467060767447,1.0545931150974612,2.748260688560615,-3.3203022164294462
1.1665431401062025,0.3711879368420498,1.9239168167399316,0.5058264075375908,2.919242202224332,0.7971447637028037,1.970239919978643,2.909733266920841,2.4064521018019542,2.429441719565019,1.6857881047575736,1.1585844631430455,-8.123873803669216
2.6782929401881233,2.611320110342577,1.2358027233624753,1.738140448376067,1.7582833460838372,3.150544617167475,2.5296610324907087,0.885631569227844,0.5194381280355297,1.9905615309241742,0.6944404378676439,1.843299042716089,-3.9884167652593105
2.4975962557423994,1.4344302127484516,0.9583560204329189,1.1113813702687885,2.9023266361081403,2.332709344339466,0.6420962244605055,1.4813848065992818,2.2212771818476083,1.6856936553256983,0.4792703715705984,1.0756308047132568,-5.150906416620725
2.4544674851230197,1.8037526290907722,2.194595405436734,1.543868363463598,2.5091796846692023,2.1734373574794743,0.38862537707445743,2.530864144964201,1.2792700038800353,0.530597516032655,0.600807731040766,2.566794122264355,-7.030342665698509
2.6557106487510675,2.230051175676901,0.7047192323040088,0.7119368357073987,2.7709305576404932,0.3776333869611102,2.9515420477316123,1.594624675049011,1.05653111873439,1.0441902671573975,0.9195799414975185,2.416491050408108,-3.043504722186156
2.16162486029476,2.342770002952113,0.7260252358396171,3.0433446256248113,1.7621901718684052,1.1443337316464264,0.7303861345071666,1.167555204914991,2.4512911932008232,2.108958464642544,1.1659758547827066,1.1841919876760483,-3.5855586634628205
2.179767411504694,1.1947894661149308,0.92949524406913,1.7709645508959693,2.5120948656760453,3.0606014674446334,1.49482564595395,1.338223461767634,2.6416897106678308,1.8237871717487815,0.9097282137217997,0.36228308660086045,-5.19839828356015
2.9941544915081373,1.3281847783687268,0.4557697059872322,1.7441669119541963,1.3269282749453197,0.8947748475658921,1.821449695055901,1.5222070732834154,1.171609596356769,1.1836467541743767,2.6587091951793225,0.681524071452584,-2.808222449483126
2.469337736665983,2.9195898389613233,1.3547698982847922,2.707326681148764,2.2902295474573533,1.9252658536287934,1.8582353171757813,2.065401874891037,2.699678504649967,2.3411974657773156,1.0669310481084913,0.6598730673505016,-4.375406002580569
2.7396723132350913,2.4159988364581912,1.670103424616595,2.1164789487637514,1.0694182064858941,1.1207461111927934,2.0587155658383183,2.4206383266423197,1.7532739344702863,2.6666869296859836,1.360811024113791,1.7878388746527507,-4.514405145915758
1.2584554022990275,1.1307419006273156,1.5255333555851058,2.5479698844265264,1.9769833518570221,2.053833680535793,0.540838434459646,1.8994381557042617,2.363908375721644,1.3445388486020424,1.088719107261262,2.085783753544686,-7.568984266490492
2.7336988037349665,1.420285476331874,0.7424269214679078,3.0649374205568614,0.6920065285283663,1.2724438277498042,0.37487739599449926,1.0175050423925183,1.3209229043044126,2.702979081054149,1.1061078234870207,2.72208573408477,-3.591578163328851
3.0669824524626748,3.1518758688258943,0.5874975882011537,2.9907479748274044,1.50993471124866,2.611348668096821,1.417143401673814,1.72074028447466,1.2223042131928734,1.893303998434074,2.3804620269514483,1.2703971247278871,-2.9257010724516577
2.8596122879148322,2.836399120345647,1.1073399303619333,2.4754865550576444,0.7779891729089246,0.9488132279276236,0.5739599055036315,0.5251246111085147,1.1118391076680654,1.831994148308145,2.4124591811037828,1.3352975022834204,-3.3036310729115392
0.5465586536567912,0.4913320499321583,0.6527255717291506,2.7518225056945087,0.6531542910174083,1.1532302658314544,3.021724270426631,1.919548975176463,2.07880481511761,1.322175554104696,2.781465953652509,3.0548006291053396,-6.4193735031597
2.3144564810659256,0.711365882317682,0.8639192083714646,1.822531757724018,0.4437952747651015,2.0006850659051443,0.8246415272395273,1.933174109171143,2.1869318724227105,2.6197612731270974,1.268906533110263,2.9849846567362137,-5.75158154456537
0.698539840687754,1.2198473916190513,2.17692797495678,2.9986240122172925,0.899291342061892,2.3251854142546717,0.7410041911911969,2.651021828371522,2.1708759833987714,1.2478004121320254,2.6815718988667583,0.371477687052394,-7.524633941303564
1.1719017896281758,1.0953911779463095,1.188580405150639,2.7247895070477757,0.9524433300801107,0.7402434830046248,1.488261439787064,1.7679521117912411,1.16802797951936,1.8805854277769989,2.789069051050111,1.4698930705468185,-5.938438441817578
2.724708210222547,1.7379910950235133,0.4998373472027344,1.2735783949346366,1.3257112392742334,1.0479672964549902,2.9552968486145037,1.5585661417408878,1.7204393438253807,0.5550213932569865,2.3828620286922044,2.268534611391316,-2.6447563440915007
1.3217923141121286,2.785257114892912,0.5267341203545021,0.5212166097661564,0.9447177971989089,2.796952692006362,1.3767488394198126,2.4280823331076227,0.9683309112494014,0.6612174658031613,0.8526854440103078,2.1750237429536496,-2.4079265586635175
1.6711746181630136,1.6975732311439768,1.074410407166474,1.6204060793213857,1.3682275118060836,3.070637906102883,2.866324037656156,2.060601899698325,2.7831907577844315,2.347895968760512,1.4310487586528329,0.4907835724886487,-4.100190700270875
2.4620675233977525,2.8530202908356315,2.043367549662518,1.712024159600691,0.7557973988804059,2.903313880912597,1.1924550448905935,1.9776823891567925,0.4499509876874052,1.1031743111093006,1.2436240844239703,3.1547363857660096,-4.467246315620601
2.802942716303703,1.430065835519409,1.5303939708901066,2.2978996429476686,1.959077261089617,1.9778537463924344,1.6339104519246992,0.476224484264304,2.975947966483359,1.295518231807893,0.8700141877917624,2.9092951603444432,-6.395017670260039
1.4065877891315812,1.1486444552418529,1.5582888430304787,0.4254243235811236,0.7902077207130658,0.5592641751015883,1.3466608186481774,1.0547829995228375,1.0787831888615913,2.7850278790075365,1.155672249583872,3.0316414044801645,-5.466796700821033
0.8699847042305175,1.080749927077299,1.2393175707846267,0.8030694362239601,1.4804050388896604,1.583615300374772,3.0886203908822725,1.779367039751324,0.41510077691580993,0.5963000460766236,2.7521062441965847,2.819361103960308,-5.577594388252747
0.6855604807035822,0.7031149104055976,1.4729390224217618,0.9399587647891561,0.7686098105697863,2.2257192655894205,1.2244638774579224,3.084001011104539,1.0939193090303623,1.7105692204699063,2.272559041505779,1.4464911302524004,-6.9328798594264605
2.9305498056010815,1.078587284066703,1.1560390113412338,1.1611596759845306,1.2345081623830774,2.9282941288174604,1.2630017912257498,2.7253429848733917,0.5772341334264048,1.9695791120441322,1.6202877377237805,0.985476740530687,-5.772800252030995
1.6417913187391762,2.185570184107938,1.3491584202629483,2.5001606177455074,0.46734750837047356,1.8087850987855765,2.2487908724716177,3.096268415230171,0.7170036608151045,2.713069693488582,0.6107568175295935,1.8346313423362737,-3.5706686704029944
2.5191746478102583,2.9650027837827833,1.2714337291783582,1.091468606199888,0.34537202230973363,2.7544413934448384,2.488319716849928,3.0319482980345414,3.117331955929403,2.0169911074185833,1.5713814774433676,1.3060192516342042,-2.8229562451549843
2.4562629273538374,1.3998181194951906,1.2991719971755507,1.093216225167393,2.4144146965387545,2.8443898168500286,1.8513034467469922,2.928264634969483,1.3367991727109236,1.8090727021076174,2.7770506688412784,0.3467988358320439,-5.577676195029981
2.0690281499351793,2.5937814697853248,1.289444385111472,1.7819675537675952,0.8302201511401306,0.832472227573142,0.6299662668504955,1.256464755052675,1.433034137947021,2.1043834391595735,2.645551054210884,3.014949725098103,-3.7111012919224287
1.4287179296945847,0.6046166638266908,1.5607347278576724,2.592837164008299,0.8082401551525178,1.9588074167296678,0.6676312108923286,0.9312721482220274,2.022106996139415,1.9939258324728584,1.9865117171139435,2.7624020168168935,-7.887062547207972
1.7734114003831751,0.7622653360560679,2.0660048006106475,2.6606847980824053,1.49213737009766,2.7718754168220507,1.055899734910294,2.15072297843728,1.8124312402056844,2.5554741594797434,2.679113553326225,2.016765981145894,-8.286835876247391
0.8352425126591847,0.32790470498835933,1.8792921505815974,2.824374730392128,2.8040108616064576,0.8316948311521875,1.0321992875318695,1.6800901702492084,1.0006910877094366,1.3632529063664502,1.1626493177283836,1.4212864926900586,-9.173168158775724
1.098967316806467,1.4872890886917152,1.366278815556078,2.4966088665517954,2.7762843982081487,1.4565477971764962,1.817017713635699,0.8037679352954692,1.6125182804023428,2.7471611272850067,2.472812912211211,2.0000474468112195,-6.0179495391371125
1.6989775308782777,1.553151684630492,0.6577974811289825,0.7438965756714973,2.5952355374258422,2.3536216628651383,2.8032519928050132,0.6838963759611629,1.2168281593116972,0.880015251133149,2.0385280576444598,2.995476169642833,-3.2820734719527147
0.47984630917592486,0.5114145129743495,2.1027954853445747,2.9606941506629547,0.8475640749401263,2.448274874348563,2.6415100761616697,2.03168538754758,1.8854844411782457,2.390700385818339,2.6733914043872073,2.7905852449756265,-8.17130271165963
0.7657613698469137,2.380577406649253,1.5968497850135732,3.0879388916945354,0.48505110956819136,0.978524466193397,1.8741412374916004,0.631013066029641,0.6948697483508705,1.6384734262372407,1.7561420270828114,0.7872455661762265,-3.846399033710814
1.589574669127246,0.968451377146442,1.3602027233988134,0.5825305955457925,3.0314962046662535,1.5730697785898817,1.905429104941243,1.1277618074861195,0.6798228662543926,0.9231641649138795,0.510188672711717,2.6154347786525074,-6.799569694376933
3.151017893026745,0.5315652007110085,2.172978266591266,1.6865256173717889,2.385186306115904,1.4035537693320403,2.0071537231870797,1.7929691082027703,1.665898751263237,1.2103993283860506,2.120747740770276,1.6274233427013303,-8.554652622830613
2.1105349167374468,1.0519227852241733,1.9330753866707582,0.4284127321691714,2.614149539764087,2.3338892017070076,3.1018460179060225,0.4867295312508826,1.1040298751171078,0.8933806644335907,1.2050559808574426,2.186046259845463,-6.861337190552701
1.6241566651915018,1.7259797675750819,2.129839348453974,2.2596675578031755,1.3447260829644436,1.5952212689585523,1.2831636713513805,2.33224071063465,2.124359308286176,2.8218467763305055,0.46748597439443595,2.7304136353633335,-6.7186261108699314
1.094446153218661,2.469547301451652,0.5365481453764482,0.6607812559563147,2.425841167885614,2.6226079600361882,0.49954011253949093,2.324866884600731,1.252331294835954,2.0382771599537612,2.5148787328506654,1.2970247042950143,-3.17778547966051
3.1212473603114286,0.6639527206902791,1.1987068511002774,2.0811172157700417,0.36630427690016576,1.5118759644203086,2.0210220180801644,1.7861238554685708,1.2056849196344377,0.7472449028264854,2.4077556025402593,1.6017658356592128,-6.675856608058729
0.5162827005662537,2.598905957531688,0.9273167751103563,2.1937234510083194,1.5766786563751645,1.0331930547431236,3.019680583426043,2.8853687547942375,2.4210228163090757,0.751043597508793,1.1107897465887422,1.204111974381505,-3.3240302776937622
1.4122796272594202,1.8413040472570767,2.2381179988931534,1.6359921678052527,1.601125542117275,1.662503720542821,1.3370217093686705,1.854714098240203,2.1156932339797363,0.39515880673585335,2.1902704540686835,2.582054622997608,-6.490853984979978
2.033533899112293,1.3836435961949047,0.5149761364422282,0.9136902861286162,1.0814021192305376,3.062746596445107,3.063909051341366,1.983857354577398,0.5979525445756937,2.8387399710046726,2.5415039483039905,2.4481913181521997,-2.796328116569792
0.3978167303928213,2.8208976040031684,0.9244784774792829,1.22118921192782,1.5336234780179703,2.9338107350623104,0.8501940638757266,1.869454700582378,0.9015531223020161,0.7677649748476754,1.363215282048975,2.604530911784344,-3.5345330717069503
0.8772543394782786,1.2046464450759005,0.6206494531218572,2.159763611086103,0.7471315498884709,1.2960750576435944,2.4122408728355538,0.34047783299420875,1.583314528843193,1.6319721698198564,2.355377140044169,2.6239323649422572,-3.103920965973709
1.8977948413450303,1.7474652030845206,1.2437444285749022,2.423190246687085,2.9635869252083546,0.6331985345660986,0.43574392419375574,1.8415430663800827,1.2699473752488672,2.0077626213155932,1.652638977588399,0.3666507714388346,-5.885556593365681
0.4236347339187297,2.994619429196636,1.837604406448221,0.7024835344105025,2.5732676127751453,0.5903636189850167,0.6103423524993058,1.3634381815664585,1.582599972827389,2.103002599719432,2.21336173725039,2.029269548995805,-4.8556095665232935
2.400081038559684,0.8019481147485608,1.2044877584317335,1.2393653185826785,0.7624515360694681,1.362000374709738,2.1003569497938264,0.4723799084974285,1.563025223053269,1.948979121470843,0.582954358348691,1.2332699167793877,-6.513501728288333
1.9973334338719495,2.395418991119161,0.5426878724042749,2.3302227011272794,1.196371570568469,2.2070550248843213,3.1101776120116464,2.3161831103804236,2.207078312730362,2.808520352441369,2.2443548170075482,1.348365064519019,-2.692432936668474
0.3347577485772469,2.6930689108442167,1.4097352861345258,1.0820460420764149,0.8172750599359544,1.635570084414049,0.36207747322579653,2.4585425703470687,1.4454791611590319,2.82596209856176,1.4995794431425848,0.37264230825363526,-3.742882020222638
1.7838904973403271,1.8510282206340989,2.1548316574466613,2.6344052989753557,0.8957628193035001,3.0752461684252537,2.757123460375627,1.8185120669696957,3.0829535701367208,2.5313507062102243,0.44478953930463433,1.1700337196618047,-6.07677465287734
0.320031211641333,0.6852533719550067,2.0313035156110155,3.019679258054585,2.114226002855399,2.7225717014308968,2.0652728980724984,2.797808157335932,1.0240723988503881,0.44181450301976793,1.7176594708814172,2.427538240342602,-8.687941988730447
1.882094576636122,1.7780850248877904,1.6426000395865585,2.7275626010626772,0.3767324689292595,1.6001972622179705,1.5467029893703528,0.5788550317167789,0.9753851825165172,1.814755872193316,2.6369337208924764,2.301764463787969,-4.494746633167865
2.566255147676863,0.9455676729764073,1.5118639090234027,1.6708811235976573,1.76815037106376,2.1291063235397734,0.6740745010123494,1.0455261025732012,0.5753782924146756,2.294522940676584,1.0117509615396252,1.8977860103674276,-7.569519672334858
2.5742908367304826,2.1442147646089715,1.3676655435811997,2.196237207008906,2.867244944022431,2.26260478705645,2.0033158576952386,2.2136996557156525,1.991119959447092,0.6481343156544075,1.4798256713442404,0.4660734734669312,-4.915114528107492
0.98535560937356,1.428930994720426,0.7200258428143629,2.808395965576483,2.6427174286782296,2.6575782533585146,1.1286399833969998,1.054310433232479,1.7454048342565118,2.4249281894067805,0.6543616918767141,1.9705620480119401,-4.411094565287354
0.7833990067055303,1.6687218387894558,1.9283604060909318,2.2342360473590754,2.984205688563677,1.5503614598253372,2.9234117393052124,1.312300870161347,0.8503016135125645,2.227738756363996,0.86501404766546,1.7684105911257764,-6.803105781007117
3.159103939217732,0.6254201393585993,1.3866842498727407,1.68191842719498,3.132381138544357,2.827458675034447,1.7531677906539553,3.0714926151924864,1.5290601737974496,1.0701375569318965,1.1825424215519602,0.8412604564440869,-8.316254078640721
2.2413489676123324,1.865040351195126,2.0132310513884626,0.34634873289510837,3.0512624966376296,1.320792671625099,0.9471652016361483,0.6129043214747869,0.5196139749304619,1.46511521298103,2.3463103063193285,0.35852077970234525,-5.7991527808099095
1.370093920436863,0.8455837778758302,1.5994778411474198,1.3171455744166989,2.7993725821697377,2.840727779138139,0.9312973098511481,1.1366826831350376,1.8396445888857222,0.8162072175150381,0.6577054505007858,1.0198030483464067,-7.976178799777027
1.0164351176754343,1.9691864046673133,0.7644949647824736,0.4759615534211479,1.8648314700668898,1.2514506658545905,1.3656965964848606,0.45569573454254175,0.3175117720842767,1.919686373615413,0.468282254839172,2.3879268337247814,-3.244985705472078
0.951409907137609,1.8286509609621406,0.7107041852391618,0.3162338100987725,0.7507077141237174,1.2241263016010306,1.1359428035345092,2.067973068077694,1.032829481578073,0.7553962867514077,2.510511877382299,1.1559435385205696,-2.5595779064319433
2.0364626610408916,1.1598295979890185,1.6355267079452502,2.600074033357121,0.3877021237515478,0.5981107313990642,2.657165638228441,2.1866258108725685,0.5792850578617061,2.8183664947279263,2.193219520779959,1.2768958039398752,-6.120529029386872
2.84682643343263,0.5759774250995808,1.8502947696666736,0.6747408178729203,0.6552927267876498,2.7395676865065286,1.9300438096616546,1.6713158758383662,2.2604878086815363,2.7982049455537377,2.6993592848481445,0.6248111181574162,-6.816282442203917
0.9669743079995703,1.1346255452620035,0.7076249568907031,2.883834760666098,0.9645613468739891,1.9672244322095485,2.2176121748099624,1.8497918280608852,2.6744823625556746,2.676319784260153,2.04208309034872,0.7001984888865672,-3.7374797450238093
1.3143429900839805,1.1293468970457519,0.8669464464067458,2.5399774501272256,1.315236970553648,2.3111782641325296,2.2677900763735592,0.7058894261029711,1.4689266798786298,1.0033754871629537,1.2756199289763643,1.2915347396977126,-4.510812285820435
1.7320019702855491,2.2957868682045346,1.9291405468623908,1.6034434333318097,1.1991960270788022,1.2066808940311629,2.667683547586294,2.7113084362618523,1.473365379600165,2.9521490283078284,1.7850205467563802,2.498955376215131,-4.958870989015978
1.8137965770511124,2.318465472593429,1.9557056868496143,1.7925839356666518,1.6567963548690068,0.4837754665026044,0.44668818324516807,0.5076187128952029,2.7519851141003073,2.869172499704672,1.8874137539633542,1.554999492553795,-5.771478369673909
2.6749687730949874,0.7569434003371187,0.5574136677598457,2.9096005790043726,2.5384274816707206,2.3411335413998535,1.1530189359558234,2.1175100632450308,0.7999928157519867,2.8097897809993793,2.261563540771367,3.0024666984479786,-4.942721244919634
0.3614160298403984,2.0844740893299605,1.104326420752264,2.090844378962758,2.8645328530969776,1.110713764125658,2.0698440363052004,1.9746761966200317,1.565087828352458,1.7888763550607387,1.5505428543826438,2.122726020035468,-4.372428334237854
1.7078272637251897,1.6996696703722862,1.849574299244213,1.3950608123715107,3.1090372577018073,1.5154057895387578,2.3497853269138296,2.9431310299967746,2.2292758995064967,1.22072145996784,1.1254408940693934,2.750550142736036,-6.392759825500239
2.516741154970128,1.8427050355880863,1.8243709470782734,1.321189105495132,1.6087970002840797,1.34348968466867,2.3070005774739384,0.7103822461000925,1.280845314453166,1.7180711965062434,2.401822367620121,2.1952704107327334,-5.600360464288865
1.7674527215789928,1.5360832049217354,1.4240762159825355,1.9454262121277954,1.8278277579226963,1.3288647764975015,0.35481002867690553,1.9950537322630146,0.515148380565571,1.1572510899656439,2.4815540731409076,2.362333992771271,-6.169313810859936
2.9392730318216294,2.7903688231251453,1.0995990552050898,1.7833666862733206,0.4127010744113132,0.4966987780742592,1.917572741892558,0.3817578523442504,1.9055174013771392,0.8338136618003396,1.9412153313772311,1.8300817371289912,-2.717524960993898
0.5535478885866223,2.9108966956277342,0.8404729398327526,3.135217566289711,1.613100024982131,0.9002974193081357,1.2297540485361476,1.201292774596188,1.895687805957134,0.9032637879099307,2.4976233893574236,2.5063362460176277,-3.383733777303921
1.8150856775089983,3.091867577030068,1.6984373269725725,2.2045579129118678,1.4602522954049775,1.5581929070517164,1.062271786012748,0.9518431475456552,2.1648896841763263,0.37910250049343136,2.549199323117668,1.1522770827339457,-4.476466799788637
0.8241230090864571,0.36798621301056134,1.6339725504715323,2.097905082057339,0.5780677855668185,0.3584958468994918,1.5190508288147873,1.1942425489678423,2.2581916739546126,2.0576898699271706,2.1307371297855546,0.7280106310009082,-7.812942203540488
2.246411586477081,1.3311509018261205,2.1959044680442976,0.7973516667902797,1.4010243989578233,0.7783660277658999,0.6919681912184553,2.4968504902762803,2.1604429494588824,1.3897475788874507,0.43099711104982735,1.3408430063822179,-6.777424702923268
2.85703143671189,1.9269517902855493,0.6869728502372836,3.055323291012166,1.2463586859361522,0.8044621488213419,1.5780839495794965,2.0912015746890593,2.0183989350549623,2.8949859889765914,2.245443330751633,1.7048279356226426,-3.1994314302370177
2.91594481417238,0.3914103044632608,0.44411284408812907,0.466922319257948,2.388297244803154,0.44528405797283843,2.0723682817295654,0.8225320906107914,1.160555269660082,1.9033283799091605,1.0695105350997967,0.8495644900129371,-5.169352167181962
1.028956773618839,1.8267185339496321,1.719302889928242,0.7314119979903666,1.6590669204840078,2.3137928469722224,1.6909524511601022,2.5175648222635085,2.341596274860071,0.7314217625548847,1.1958813288119945,2.592748132404137,-5.243096926903388
0.973446237899871,2.7816141752056143,1.248807739693495,2.9586435638321746,0.9912314736606742,3.0890614841668658,2.717403058002944,1.7979606203895961,1.5433830302407419,2.196084311209918,2.1129986935257286,2.549549860202648,-3.664443583562036
1.1165066653800895,0.33429620026402684,0.5016503875361281,2.8314444907411165,2.591665709119164,2.5431224850755476,1.23782585908667,2.2690755357810755,2.9708624545342572,2.304998400329861,2.775404528694012,0.9426065622774855,-7.8785028669240935
2.839566244649081,1.586360407968121,1.4938807633768871,2.4499252566448773,1.964791435163141,1.5569104130500002,0.7382819848245801,2.2055410390389385,0.5396055572471792,1.7943114235560975,1.748192800988396,3.1612721130579127,-6.27177839318829
0.5665800526969278,1.623582317994225,1.4626516790961064,2.9655316756077488,0.552803182853043,1.325560115770999,2.465682954111884,1.2120802838602611,2.0331630433550263,1.7008852620006278,0.7324623201857561,3.0893779652584046,-4.6410150946308475
2.882465013517147,2.5043649016475453,1.2182355984966462,2.6961838988521807,2.9372554598433305,2.4704338617743913,2.1924810813072257,2.7725688045590458,1.9466983278770258,1.1630496180933636,1.7531627817129312,0.5315438630565883,-4.415022767712918
2.251629254787676,1.380076106230357,2.1330448743905177,1.140144251537634,0.3482292841753742,3.145152828736361,1.3392718091665212,1.8761636568732132,2.394502391984778,1.5278810708340076,1.5225661811408504,2.178315680246376,-5.6268800241161
2.8914275409486243,2.6857009511727066,0.6108117793275413,0.9215659318989304,1.1222862629443122,2.9840233635641633,0.6834668430630491,1.3080114799520919,2.722261919758992,2.927846941030717,0.9288536706570831,1.5986712764153868,-2.794084426258638
0.7055068296713072,0.5691152950251266,2.1582709110213756,1.8150076575910057,2.343695736135184,0.8208207864145141,1.50828204346031,2.920112220077281,2.6326611548332144,1.4534817509003057,0.7082142547372987,0.4695732099518974,-8.598702573682043
1.4572172808220711,1.791375097123137,2.0905872921824105,1.7075867606180304,1.8100196178115444,2.809965394186855,1.9665282874657808,2.6561030618338597,2.5827643456454448,0.9627222550010749,1.06278945828845,1.0977666338431415,-6.464799678763929
2.7235530404787895,0.9235430331509882,2.0955282813168563,1.75068286237726,2.7841953684760194,3.08435295173919,2.9665756415201985,3.0462138689134854,2.03868465106081,2.2490890216328827,1.856106108539464,0.5666544760248342,-8.172994470622974
2.648177270804075,1.8675218891202259,1.810514982501814,1.6633202431972478,0.5115506228930452,2.5624168691264404,1.050420479385428,2.989340305434146,2.607402968409964,2.4007138212195587,1.7317279056207306,0.40802955753297,-4.884120580347804
2.072053364950067,0.9043694673717666,1.2164901525437364,1.8059122081067924,1.060052131909611,0.7514736221339402,3.1487412648645616,1.381219307200461,2.505411042585254,1.7043610463171779,2.6536741029702027,0.5830815999104536,-6.56911852413995
1.1794099079784701,1.005028908693091,1.1106583082855515,3.081124622703329,2.4556740103705397,2.832568147148329,2.3706656436438562,1.287576711425148,2.9077068888976405,0.4337418547592946,1.5145218598739587,1.3253988052488916,-6.408040654029511
2.3801955756076865,2.9222324022145503,1.1232795526603678,0.5361529149525807,1.6320513076485879,2.046246538868552,2.4328186658556383,2.580180381365428,3.0472440558961247,1.357083471961402,2.0489892544896486,0.7648060273234694,-3.357822729093092
1.4951102118101838,1.5248340861370389,1.7879212747318007,2.916990713203708,1.9193504720361576,0.9602311844363698,2.223762777237219,1.7280341337764487,1.0699489739881842,2.2405858515492056,1.6290707938428923,2.4733996472229856,-6.803551345654436
1.7644260464175177,1.9800023523593053,1.8980610707903898,3.1121813449631013,2.945283549028786,1.832100996687246,2.6334742651819902,3.1285529391122684,3.0729183888009493,1.25629866742957,2.4635741285490154,1.6138052724648988,-6.232418518104946
2.0817417335183337,0.8259193054783696,0.896351434845672,2.3319454940451503,0.9734579132072525,1.949805530734002,0.6779191816415637,2.1859127182896443,3.108968271684444,0.8622571975023281,0.7590309515805763,3.036626415770873,-6.059347885370254
0.5049717045940288,2.6393502369204382,1.1668361236569107,0.46632691147562977,2.2962256918205135,2.4152963457449674,0.9383097837623837,2.406402560230791,1.6908017264524347,1.2975257339170705,0.5450141699467123,2.2297112268860024,-3.874195182908582
0.6259968320712994,2.4110197449088617,1.6220563555894532,1.0225259487874054,2.326211454421779,0.7593031703283142,1.4152167767456498,2.488204410906776,2.1021810680686017,2.4138870902838585,1.6387546882758122,2.1042454300868654,-4.881750259571552
1.644479649139951,1.7284392734554335,1.3121488782258108,1.6104430471354485,1.988839778192356,2.2572366153326566,1.115823275590221,1.1608443631561738,1.6560447654992034,1.5779132979456003,1.2397763789880771,1.8423387293399973,-5.274029707497929
1.1236498348900334,0.7527138488742966,0.721084959529618,1.1285319548606008,2.9419958535261697,2.5269745866921656,1.91129289195,3.1417934483082814,0.4285096944555352,2.384840350672846,2.5291477302449183,1.2931572316266615,-5.407048691820812
1.2977795476075977,0.34001077094191234,0.760957544292244,1.5875762288957231,1.126821069020627,1.521902730479466,1.3254730257240785,2.295115171019132,0.4778968425659136,1.3592691353203619,1.6801047573687191,0.3255135620920706,-7.782055247516249
2.639357475208258,2.2659966383556123,1.3738344176777852,1.0345212523787872,2.9613072003748298,0.47542899975708075,1.7136683094339493,0.5187211487374219,1.4989355439665228,2.568860760510039,2.317047896685186,1.5899342374921797,-4.6393268634388365
0.6071682047406397,1.9370575900986358,1.0321401025044212,1.4235599680450777,0.7014074842231912,0.33047794221017346,1.6065405028504556,0.8822134071224916,1.7416995605842507,2.902907695925829,2.567400111857909,0.8823360355640695,-3.3738041266003553
2.3678178991611945,0.4288469815888726,1.033768407269548,0.4117397454949556,0.6898250718729592,1.313003407137389,0.5125723772750362,0.7601784940572731,1.086151713753462,1.3867434212368686,2.3082400651058252,2.305773547453638,-6.608233887446993
1.1552791180053703,3.1536762551781066,2.0297704566755392,0.6037802156820904,0.99586941246428,1.25460442351062,1.8873137417530617,2.1013138813995154,2.4725429875805593,1.3718513394570069,1.4571719342433531,3.0444547468151897,-3.9710797363985857
1.6002441489637282,1.0699347604224818,1.6725110498926818,2.7723313641278344,1.7214495346384928,0.7178798120626196,3.1177801666533957,1.1585861900140058,0.9257656300737804,2.0991776355639047,0.8057540305945942,2.3104784032054053,-7.634381712757008
1.7198021011646403,2.0309741323498987,1.0717769410642373,0.3251182170877368,0.45498750995390325,3.078895827614426,1.7764641302229114,2.0042722245150317,2.176798181168261,0.8547803968605883,2.217727538369935,2.4762513708466165,-2.8231748623348096
0.5127715274673286,1.1529445582281708,0.7939472464753925,0.9270107888660257,0.5277731729686107,1.8543874607337822,0.5798626465598725,2.9322733064474806,1.0364338587169817,2.4421218368649447,1.3811582794616508,2.279314533215497,-3.610853980206301
1.0090797328136707,1.3121280346415245,1.7709329973446146,2.7133432646454807,1.6405288207066162,2.5417215772068205,2.864290566516495,0.7774813504228227,2.195490585010429,1.112646312694937,2.693374029740968,1.9392452756457048,-7.140437976477706
0.4951776031417148,2.9270130649622454,0.48091560700287184,1.448287777403423,1.798772417876439,2.7601961891907663,1.9235216789479248,1.835200387091533,2.2334730894607695,2.7891206211750106,1.1895036807185686,1.8196942477784883,-2.745883133925414
1.1197587025235496,1.4464390721150266,2.024782713575051,0.8311238046525986,1.31282492630536,0.46552851125628686,0.4716306997307937,1.4450539342607722,1.2873085246786424,2.114465191943978,0.6438873770203595,1.2553542675838847,-6.492544311952353
1.1297187824011758,1.708580569405859,1.3542189087922964,0.4916397037527555,0.5026008489912328,0.5698246130075182,0.8226256218555061,2.640031289139868,0.39098586710761685,1.6332214907605516,1.5106079743646548,2.4030479777832374,-3.6412449381877168
1.2912511076311,2.1685123178033825,1.5065747316788674,2.05811335501174,2.836709790206213,2.664124360687047,2.1588184864173057,0.8278112306926477,1.0096817592660263,1.5904499910417704,0.3763151605165261,2.032276767036841,-5.147497465108623
1.794928323188454,1.6599658392435357,1.0201091792082688,3.076038894946987,2.8139435515974647,3.0745835921788527,1.660388606433835,1.4281312559367219,2.254425186454076,2.8706111843786584,0.42512581751528117,1.258714619437065,-4.880967836452898
1.9711245091293084,3.0718270383706576,1.0493017287360062,1.8443279261805818,1.1449110153739859,2.2507140061977546,2.772431677884396,1.4629725073090838,2.1109226191811086,2.790825233147186,2.211973655211401,1.4247550224897751,-3.293750444402021
2.0881065093037767,1.5172145112468998,1.8035410255551645,2.3221136839841314,2.2202682491320695,0.8403435811461399,2.703321033979592,1.1747429072055846,2.269804267042523,2.031904990556038,1.598340850799567,1.2532896028126377,-6.7513047670159585
1.6889162142833245,3.014211550464053,1.6145966563383196,0.6110132565192561,2.487862164997856,0.6993337810081417,2.733755200660818,3.0529202501093526,2.3928638104410593,2.333721330209567,0.6966049133547737,3.1270557777806696,-4.064961481641882
0.735660468854588,2.291752124041866,1.2837710680049716,1.032023192482458,1.2637045506512878,0.3480027389760107,2.8366117731536273,0.781806332952035,0.4955700694660239,1.0100789110987434,0.6315598655602178,2.1393427201755664,-3.7503745190542737
2.330257860878311,3.0234802499492526,2.010922184882371,0.6817279271155391,1.78927660947782,1.778402832746128,3.0545378243250996,2.716799022407233,2.564201070192656,0.6240072656258565,1.6117522300191278,0.4805671038369104,-4.343345601626934
1.0576834725738051,2.4938728666125156,1.3165563135519578,0.8418386447440078,1.290787527387359,1.462065387976959,0.8567411966944674,1.6156489602147253,0.4719145887426627,0.6357358024688825,0.7236543149693706,0.9761459745941101,-3.9345274413451903
1.3073133732800104,2.8852913051417746,2.175329145205762,1.9854033719421469,3.087653727663866,0.8682323539286114,3.1307240001736436,3.1599989057633255,0.6244640428309305,2.1759463586973404,1.4497811978135182,1.5814829446507885,-5.368060882585423
0.8273164405554065,0.9528848179458365,1.914020026267283,0.47040285564654394,3.1216527616545244,2.3379939780091146,2.103795370778877,2.174879598225202,1.223480107599562,1.4878175873451192,1.5925602576610214,0.5883935679358183,-7.293178217976391
0.7210986656296926,0.7883224638859303,0.5200392760677282,1.1197004036245164,0.3972115096322454,3.1141051908702817,3.035100818021594,2.571737567805985,2.9094049715442054,2.3514802871726834,1.427086502718342,0.7161150856305214,-3.003572596513105
3.1257771839449124,0.6313836031070226,2.1046922024789314,1.762805058328882,2.3302606407376447,0.8383851656210861,1.1409695441361147,1.9578749560356778,1.2836092710700269,2.3165620821576107,1.3291449684757404,2.8787153846997686,-8.466295745584151
0.647597118058058,1.3595252773875293,1.5002715661928063,1.0514997033882794,1.2421447540378774,0.8967509278997443,0.38323082705401845,2.242990975285209,1.1480087471059144,0.4005525242443644,2.7214181390309244,2.593538848664323,-5.923746305439915
0.5659050582025508,0.3852340193553513,1.4583332599798613,2.1187689966622365,3.0741656366135626,1.1968197716727815,1.7280383712150307,1.028046895314614,1.3549018995462818,2.9149503641613768,2.28963820632691,0.554309733725938,-8.88121936908556
1.728896508518372,3.011619754465279,1.947739213399705,2.2558952947395796,1.8165329617048656,1.697070548817988,2.10840108017986,1.7191053020527602,1.1876411629619286,2.796378496946243,2.3868267938684884,1.8685971408591997,-4.9041898989098405
1.12928105674498,0.7573978244413153,1.2640990901791906,2.913000528690508,1.014921562393573,0.8098634568323636,3.0121727940265997,2.9440165403927265,0.3798018763447447,1.0937890976403204,2.4950577247272094,1.4105819870224172,-7.514249992201535
2.7821028252650404,1.9856671498350202,2.1211706369812564,1.3740793399792832,3.116595215627667,3.0486936536458225,2.3550852429253677,2.6358892344178892,2.467349513193313,1.1421565257383275,2.3982726187707732,2.2573000896702644,-6.362374572683904
1.9475886633824213,3.045283141410136,1.1548017897899876,1.391074058389163,1.9902064927879655,2.4882042784505325,0.6570929311626699,1.27509432560818,2.4140949252720825,0.713992072483238,1.4060919209765375,1.0613819039029442,-4.061789050666419
2.5270048986435545,2.4914214722772665,1.3973074178423044,0.5900753532661192,2.998491995200968,2.3563554680048173,2.652110118425768,2.27703138653397,0.7333039462172881,1.8343468760508939,2.454541070958668,3.0030175258542866,-4.1719554717152
1.1852365814642962,1.6834270055854168,1.6300680611087068,0.35628593910042217,1.9801195946100276,2.4973413751477516,0.6626882495231408,0.38890082024565165,2.8358559612018186,2.6258016975558283,2.7296945472102734,3.0679404483575023,-5.30031578005568
1.1862184691610504,1.5963039105394825,1.862998506773222,2.5601420504410166,1.8768240913068939,0.5356399835828584,3.0396087410434047,2.9830462979521988,2.9374376989543647,1.9731755114445733,1.8579836279987323,2.7617815163484405,-6.564987023212538
3.085427419611652,1.7430991393848474,0.8622290730715988,2.618104748830665,2.9477579653963106,2.6199005123688446,0.9032771316488717,3.154041280054503,0.6830233971174033,1.9609959898782103,2.0602731201506588,1.9622835135561494,-4.6948109902852115
0.9898670604820654,3.0487806869390757,0.9985990418049295,0.6094568288189315,1.3780433862017543,2.375830868591193,2.4195832386694787,1.9257761396947977,1.7651709910919078,1.0864281672648781,2.0197086949529712,1.7109773470775733,-3.151310412847761
3.088954218397536,2.1489601814720722,0.8103313273101538,2.1220317362099643,1.0185235995262223,2.768843404902423,0.844575123104816,2.753767900765929,1.8086385161500176,2.253219832543464,2.352784932093897,1.6726279486810027,-3.4182942424492864
1.3719052601330985,2.297022262735668,0.9826584510364123,2.1050422862146414,0.48035382314154407,0.3218603170374818,1.6416019964824917,0.7933688113232418,1.9658292604972472,2.1335500671633705,2.5912030009309,1.9648486377273606,-2.849917331243381
2.1025224877519406,3.1104269839131367,1.8930821674624378,0.7840011967186227,2.0267802373922237,0.6134468173215566,2.702052140431823,2.693529154743028,1.0214060636252855,1.7356837109261698,1.6645686137816162,2.6913817591126423,-4.326931249588516
1.231363009656818,3.080591261055438,2.0701481353173152,2.6041085096765175,2.749018880143641,2.917495084458378,0.3162880785746452,1.8871633095351403,3.113102561040284,2.0923849503035736,0.39540339491405,1.5300244996038523,-5.9612535578862245
0.6693819257271014,2.8130020208007185,1.938526348372443,1.0423118957805082,0.7356147703764564,2.782204113407877,2.122715933666272,2.307346480502742,0.7073545420438829,1.329230251761694,0.4977475388491518,2.240671440847486,-4.090229920453246
1.6109657436284386,2.222660450720622,1.7443691343342462,0.9539589282104486,2.6263353725445917,1.6269503551772286,1.4756607279994725,0.7485155510838786,0.44354643011961037,1.59656174553528,1.0044828923799198,1.6927107419590648,-5.304142182789121
2.480684420219875,1.92489722228798,1.5436077818358918,0.6059319054433442,0.5883325316334049,1.4770545869258798,0.5328874713467767,2.4802627888193483,1.5049975391987196,2.246075174612809,2.1634061925694685,1.1341401509328868,-4.010742918910322
0.5755739223802399,1.81337819152326,1.822961548499192,2.651306718712548,0.5327426229605738,0.41976558870809916,1.8692931345770352,2.470583441053843,2.386945105605252,2.5083527803258505,1.5536329804348745,2.9730068985673985,-5.087675318289426
2.632474815598155,1.3353474682038096,0.5380316317812364,1.2140637176675177,3.152139666797336,2.286735215404461,2.6790021511649944,1.6369479945636387,1.8064409985830832,2.337664675154465,2.407196713512008,1.7735487032237112,-3.236348631945243
1.6921954776624617,0.6807461541059415,1.8329985450926647,1.9903420955493945,0.9279665425701549,1.953525563391914,1.9170991746702557,1.4305058004154558,3.0362204720713417,2.145056913347198,2.547169070437047,1.5495895747239758,-7.724876254325505
1.3263754736084106,0.37309723973369313,1.5242598144182717,2.4817071799339225,2.052519169150725,0.6377056075286566,2.744460166028832,2.161550458728064,2.8844600766113233,2.5986524694976607,1.4470055743577837,1.3918595204996598,-8.739923520667523
0.41110890601163363,2.662410685471078,0.7414941650606601,0.39297583885281967,1.009652324269455,2.8395792600326266,2.7467770254346915,2.922463468030868,2.0503252365914477,1.6937135842836974,1.477131942652466,2.6722749408764157,-2.7149500677764347
1.5955437207592955,2.437292627953778,1.9038782022217975,2.7811640553124057,0.5810133107650339,2.291701084277832,0.666480584322114,0.5924071547152374,0.5230755214278074,0.8215038616339425,0.5912138414233189,3.1315502922192477,-4.586967141559423
2.715769438811436,1.4660209144375937,0.7583925244390213,1.4339629021628508,1.6142983692338053,3.099278885138204,2.3653971430246914,0.8465345367425179,2.335817462940074,2.1789869776871775,1.7718261999262337,2.445942405775604,-3.680500166390502
0.3729517754573301,1.5222601389014496,0.6687016217059907,1.5631301188869486,1.2398970323751908,2.616946320609741,2.5763820917067846,2.731783767052811,2.0339423065957867,2.5228196430474146,2.276293833625492,1.6790867018344149,-3.245360461417756
2.048420546596699,0.8408923670566968,1.7105628534906674,1.0233415843549487,0.5426046987052853,1.4174100639346117,1.9947946720808016,2.3519535424839737,1.8725925698680053,2.8590509910538717,1.9745826968108025,1.586394887857078,-6.509527259871829
0.8152006516914068,1.8776631692631873,1.1705082449254818,2.467684261593999,2.7096188380072364,0.3252112905519035,1.8926734825122222,1.9722169804763252,1.4088440614076903,2.3785851225160313,2.7676791956984843,0.7828004095037912,-4.756091230782987
0.6319261552124988,1.876732628269934,1.2429662984400365,0.8755099302339642,1.2365007837250923,1.7184072749629147,0.6577825954053678,0.9362231121620561,2.7680066631200297,2.5543254337994385,1.894708356423884,0.9181659206109312,-4.408762255750228
3.0756326818271935,2.0739699686900943,1.2591909759100146,1.920878114416923,1.9287484405537159,0.714875791394447,2.1643863076375065,2.302058379485259,2.763410003601156,0.4721189431677229,1.5276032137360063,0.596925233346079,-4.373807456540097
0.5587147897482729,3.15624993329481,1.7894882285144744,3.0807069033713015,2.5337908377724707,2.159476279459216,0.5965470932258908,1.6282163938369256,1.107189155568553,1.131265676415817,0.3824367719577518,2.9929217947204063,-5.38346338831987
1.4625468146457439,2.0235996728508927,1.4134970664579238,2.172126957635789,1.3862731843531158,2.198284493032018,2.2979453067582187,1.1441553567333758,2.360735129612043,1.3636424105964928,0.8969515000089126,0.4200321963698078,-4.624620402193943
0.5503239348111001,2.0630725385132496,0.6914243084635749,0.6864571703277309,1.6276852519981768,1.5535015248344897,1.1193821504528276,2.4149714512039915,1.9132357144955618,0.5649675896267581,0.5119884820043906,2.411024017526744,-3.1375384579712593
0.4638446980905909,2.0404626316300374,1.5183320306637222,1.9299835232016849,1.9130726994756422,1.5185988949781601,1.840072229950995,2.041556657233934,1.3610232230681505,2.056321434597108,0.9513049821038619,1.5252172518532197,-5.103820632116185
1.2018148771027315,2.0701823420233474,0.894528736272295,1.5892016561326925,1.3731023459527694,2.4669066997063647,0.7996203298915009,2.969993182841978,1.402892061201788,1.6594243115403946,1.6263395553812143,1.3106736105498504,-3.821945708559031
1.7757237071861263,2.7525051076316847,0.5800081283800151,0.40108029057823125,1.7108416199305911,0.5276274968206537,2.7090580871313454,1.5364941647555512,1.4241908977684783,1.7634631449777778,0.43060345533986627,2.513516655873031,-2.5667140969528677
2.596540879169141,1.1365087185113774,0.6558631899403078,2.5131262175749893,2.8256957349596874,2.136875130312904,2.9854202154451626,2.3808513158465043,2.897260925392355,2.234035442927015,0.7208885577318498,3.1575373084589575,-3.8128169971930954
0.8553164754662359,1.4827489307413009,1.8266535606769483,0.38043570379947955,2.2763157370167324,1.7060520835351967,1.9715614157095713,0.6519045814061978,2.9968115841515943,2.435122639898343,1.0484725524638405,1.2382869667785656,-5.885787591673092
1.443223235774832,2.9366828527821403,1.4443717222897132,1.480255993875261,1.2728155615732835,0.8106118248959132,2.4789469066020864,1.780181938102399,1.5019826957172433,1.6979797202302414,1.6574927016768681,3.1282453868626474,-3.8196634039072603
1.332677465263227,1.8635613361435037,1.6094221316347976,2.0695601642909125,0.6162575726888225,3.0550635339616883,2.9584904222104864,2.0372367631629387,1.4122844225987181,2.930563817887885,2.6008074964439327,0.900572378254439,-4.558457876723721
3.122958188159711,0.5590993100357526,1.5756799889375208,0.6712222101199925,2.265228071618176,1.162687281619093,1.8099193314564097,2.113702051204631,1.5681966909792655,2.323887597572111,0.999430826378376,2.4129724071029326,-7.715439105643614
2.0065499948989856,0.5043731050673014,0.6993595311932845,1.4776950790051768,0.6061556417116725,1.5402894383457253,1.0673951881889197,2.0485066406520134,2.225046291896177,2.6096496808373546,1.8390053587152952,2.532012644321501,-6.445467715454286
3.069678226260151,1.6003943576268296,2.2483071906821115,0.47517687381563445,1.045505415984263,0.6626121059449981,2.7287948540200606,3.1382417988735276,1.6194815897102834,1.9647191575953218,0.9724812955369426,2.426862943317813,-5.589248396792721
2.8136286434781264,2.0102730289069672,1.3820319762096323,0.8075843325681387,2.1168801975934435,2.3084616617472213,1.7945629320275596,3.152088892170091,1.3470731979746926,2.95923925760677,1.9096428439974902,1.7656605660046356,-4.629182570894474
0.48490350421198813,2.461498020688131,2.23483912440458,1.087348601616421,0.6679900811659951,1.9572284779460412,1.2731609904335168,1.1485080634319136,0.7782100926696442,0.9398440190645198,2.4418843398094077,2.3330362310506705,-4.688930572125143
1.4462842638673687,3.030176003706891,2.204303972233254,1.2716087553032906,1.7031870167592646,1.2673090493056052,1.1748186349437595,2.9780232195293657,1.3120282946127875,0.6991072906672793,2.462254961389624,2.347136704320339,-5.051336914260995
1.254801680591169,1.4027621452665322,1.5519402929056163,1.4602961776497738,0.39104261433717546,1.0638541764636038,1.228892919232196,1.8446084842117556,3.0796872170698006,2.734874971057354,1.2632894083436272,2.007728475476975,-4.964469218858797
0.8841008345556987,1.1830996153039477,1.722253305581811,1.2090317170911813,3.003699386814253,2.156882350746336,2.177505196460038,1.634851971917019,2.75661557876877,2.9334073012406447,1.5255089466953138,1.8248405475081928,-7.349957290012018
2.0225126872751624,1.1652265148764414,2.110839556557877,2.520254833403638,1.9253759147760012,2.7624513688349626,1.5607005194714814,2.835228289178866,0.9610356163022558,2.4537597018688446,1.7804104272116656,0.6158391368168175,-7.943321796803252
2.4669272346209943,1.4702735946118222,1.4293690010955435,2.086923543078292,0.8226364209186847,0.3852934135239865,2.153868784162151,0.9026564614956623,1.4162258247528896,2.008635098005435,1.2875951231548142,2.096481739666436,-5.144911117019313
1.7094587814626097,1.6350584003746245,1.2736039313848704,1.358342077380835,3.1282544225176196,2.1425097025941433,2.26149203712608,2.8955886634302255,2.710884718695852,0.8711076857464036,1.7978451772191022,0.965874387003635,-5.126993304984592
1.8589400661281288,1.5035649295283162,0.7766879304538821,3.069855096414879,0.8891407923103474,2.453372179219899,1.4896079012969998,1.8970277097354724,3.027638871353083,2.730404436344191,1.3274574804072725,2.836363948083954,-3.617914756349135
1.16801013147373,1.6303259188936663,1.1282603531329236,2.6140027786655233,1.7941284918508362,1.0002352025187342,1.9288848979014803,1.9974318878347683,2.758860352250868,0.9699786389872642,1.9147968601162306,1.783301327858968,-4.703747590800381
0.921159123031319,0.7748520280320885,1.1322717919850886,0.36319986513407165,1.3209456656007188,2.9561383373243837,3.0103920578151286,2.1386349472395656,1.6700249233059605,1.1381153355932319,2.3962105201345496,2.07766537394161,-5.978957388063795
1.4527903301932412,2.616815630339597,0.846837981786628,2.233351182685631,1.3329687851775118,0.8711667913687668,2.315442052493754,2.681703744562416,2.2181020009077144,1.6206182648900713,0.37801946497754146,2.1686515343181334,-3.17702622102618
2.685420842243717,2.5830816841858932,1.997852112931673,2.7243637761155943,1.317915150082795,0.3819453716392487,0.9109284193109193,1.8033822526942977,3.059963687093273,0.6395934119497992,1.8134561496832773,1.9038151299597055,-5.287516362413269
2.9502968877247557,2.448094106563124,1.54218795360598,2.731323297189197,1.4955239728888365,2.9724404617818356,0.3239275062152563,2.4591606009763223,2.488639917392651,1.2002241798923277,0.49245202111334563,1.0385053481736815,-5.13572175820932
3.1283825287611666,1.1613442341421258,1.4917450677410728,0.5342503519116253,1.1838292002122537,2.3901116270933116,2.4741494346012765,2.740614367248839,1.636620732217464,1.9516180613453085,1.5830979195639827,2.436825996899801,-5.69728489783172
2.3510117135578468,0.39944794127208405,1.2921252753975911,1.2435279579009748,2.184284971532556,1.747261170472706,1.4626756624288646,0.9692922375728648,2.241065940342342,2.169784659527711,1.7940162548808556,0.6509362343573197,-8.263393622644214
2.954467627007285,0.6503970401478106,0.9667668826178784,2.3041150897966225,1.1716070778657848,1.42689552641134,3.016195790744533,2.084952884784246,2.4527575863912974,1.8862647947011684,0.833510916095627,0.8583786186890903,-7.200036003889887
1.6504869968128488,2.9041476673703057,1.343052677399967,1.1779488771285835,2.211697703236345,1.7513028757598144,0.31985879566524117,1.2426358989002906,0.8287730841386225,0.8384768890104182,0.639565666295757,2.2383597912426603,-4.499335828202113
2.5634024459442224,1.8370020377651335,1.2533557381763984,2.2728288836905266,2.6592551783810516,2.7906888356640853,3.161906663822836,1.4118980592883705,1.377010688268036,1.5201676473346495,2.2193042462998425,1.5040141257729407,-4.693237844790075
0.7723126041770985,2.2401181429303967,2.252578248644144,2.3591104398177087,1.7529880805628744,2.736254373855359,2.404103434493885,0.9986331205856556,2.993797381172364,2.2445738215985873,1.8309922006002106,0.6976070463656634,-6.0843823874828145
0.6429644086809474,0.4659162037257708,1.6528218149841543,2.3531914298698227,2.4387101455511466,0.5227653319742547,2.7772784388266807,2.2538899305229685,2.839177292253623,2.286104232818221,1.0955511909062314,2.810344523059806,-8.747482947103805
1.485226075807228,2.631550432270005,1.8884299407931109,1.3362616282885746,1.7432680836715724,0.8893118614457822,0.3590288683349681,1.5511121894979738,2.8264240180616578,1.8666307919410599,2.770066724800357,0.3205616158868159,-5.268104640744188
0.3281066914494189,1.992461510192909,2.0572588390341706,2.9440372114934994,1.7793190074468817,1.3673173521779887,2.373071996056812,0.3583544247440424,1.9374347936256349,0.7488323628262478,2.6863493993485363,1.054000651378816,-6.192369857364535
1.7251779602635302,1.9620895464348371,0.48925679221957075,1.5956093627575783,1.1917370006557217,0.6046483639079057,1.3564841601771718,2.2731415090770866,2.6498337484471595,1.8585809700716327,1.9302950871818947,0.5589826192223348,-2.6236895762033243
0.9486463104241003,1.0663630573419185,0.48675439044942864,2.64179057674231,2.9147056608055113,0.8184985137356517,2.398011181990514,1.867032885385725,0.7379802161078822,1.9217872273652519,0.4892098576061835,2.5614049714917897,-3.31367198552555
2.8527563437795362,3.015439229012734,2.1630968763192238,0.7412500098066727,2.175202941349809,2.4853615901943753,1.8301009493620273,0.9851172478583743,1.7086710725286787,2.355419061867406,1.5360037543446388,0.6905911372490827,-4.895433956206431
0.9818768420306063,2.7751055037166124,1.6524020040012672,2.7042176694221545,3.1618731392068224,1.561684171351387,1.6120521996223869,0.9822378366031042,1.3039645541126175,1.807091870822292,2.2860761012385753,2.6765660574150467,-5.195727563519461
1.6465851567873018,2.8623969556514512,1.4012761318905915,1.1380692526812628,1.1777554629332434,2.4004239410572854,2.995863255644108,1.9058493807823504,1.5592875169429556,2.420108088378041,0.5255819778634793,0.411809107691648,-3.711254913968529
1.2069158579060972,1.7646118907423631,1.1512800639564083,3.0301415989878575,2.5043599176399365,1.8613105576232245,1.4685593344273111,0.9475311523170749,1.292518169216677,0.7611468024344359,2.2070086246325977,2.815959415461625,-5.0240049845992445
1.1201221901626526,1.2735800957640275,1.7083471533365497,2.9825640230201964,2.1421067668608056,1.9290832836272407,2.8958520767014932,1.6523573613598603,1.1660387606429425,2.5117588230505428,1.1291126740281272,2.106511773901575,-7.386634011536695
1.805594325265543,1.893500279858621,0.8556759875115875,0.45969577688428553,1.9472471680440036,1.4091500908343892,1.269782264671252,2.803448252146636,1.4563553783735967,2.0211147971361276,1.7639872773197192,1.1928473041258647,-3.5045460092301117
3.097315370766602,2.1574255891592333,1.48880971843806,1.2891289597832545,2.6981869406994177,2.178760409322593,0.7223994914754024,1.5307432503093066,0.7940318552964375,2.511184293204101,1.9750068115098494,1.4165641219896614,-5.394352829043619
2.653775363306668,2.457751549716316,1.2461530816414512,1.8614846530775182,0.4482905184652256,1.9901812469905782,0.48795226760780513,0.5535851156853173,1.3083706054031974,1.6773736188106285,1.0267423177778063,0.6278061290897101,-3.187968916767949
2.1532460298503,1.475703547531175,1.0892349436778597,1.6125932366380773,2.2266003640615692,1.8256142077869533,1.9038988210427035,0.5656771685081626,0.7798548781059436,0.37270137044306095,2.2406345276950246,1.4372142965512096,-4.798422052644172
1.5314365385510664,0.39650477903461195,2.1454281561174464,2.01228766583603,2.724382140730674,0.7725291515296058,1.4528735934358366,2.2418800718391516,1.3849438029996626,2.7060945477757707,2.372710195520495,2.775927933730638,-8.919776266139328
3.143504415865316,0.5833142113971539,1.5279639344549076,1.691772620052166,2.3733810314631985,0.9692291267943529,1.7649478991432406,2.371228772779273,2.646853238560375,1.2322760557136578,0.7784829040161029,1.040107092113764,-8.300055092120493
3.0953182002453845,2.2006993926977727,2.0561246668867277,1.1826411265879502,1.9430939571070875,1.7730033526841422,1.5026711745210997,1.7608163218321369,0.37222561855848196,1.6812257844817349,0.7416472801426743,1.3222938743623835,-5.7005838186099345
1.1111313528462503,3.113463951418548,1.3269369870588867,1.514185808558639,1.3635956348497418,1.6694314340097864,1.5941351008596722,2.645091433789528,0.7439510377428631,2.8913617443184814,2.030278175765881,0.6173949330662901,-3.8051786119074786
2.410455070809706,1.1746406474839153,1.2955198219728674,1.1492499170888206,3.030168495276912,2.651033216183298,2.5857592562484237,0.8917581928391334,3.110269707805025,1.8686732639486983,2.615112214960594,1.5453048710692685,-6.178964230147305
0.3941667881114458,3.1190798547162757,1.4693383247103058,1.934278415584974,0.9137384847260064,0.784978913176579,0.522850381414004,2.914610040691104,0.7450579132108291,2.9404642065014945,1.1203074491620466,1.1063790121523223,-3.816381790242178
1.4005737170635142,2.6662777812903515,1.79070536506409,3.0125947571787397,1.8921206367797625,0.443190024791292,0.869096250320643,2.998529628403826,1.244279020721714,2.112214291709712,0.63817277994322,2.4773651290945624,-5.35827859210829
1.0615419353531292,2.713195600947581,0.6330996470333996,1.4682713999020618,2.66354942039285,2.2755725201011363,2.133169714187577,1.8307528184165556,1.9820826795515782,1.326413326397959,2.5372081362039363,1.4400056139362616,-3.1435415916373843
1.1342759265065683,1.8607401441829663,1.7769834434154277,3.0904544703102284,1.8698396386304688,1.188209895977431,1.258104014745491,2.1477696467761014,0.5585774288700912,0.8847183443762838,1.233143631683661,3.05967295297737,-6.200952483215912
0.9029273236390911,3.076250799355614,1.0799256783015845,3.006287295394011,1.4306501208179048,0.8280985145445583,1.222655771602314,0.49909712370908077,1.3352551463369569,0.8187696658752375,0.960752744549976,2.081748800199011,-3.633233451941252
3.047952031072812,2.94022799551283,0.5765990888888068,2.2413917076557204,0.9196725761997702,2.29342039133169,2.2284431518117045,1.0201528641707411,2.2469828429335523,1.5559157659992222,1.2092397189418198,0.7495423874886629,-2.596136993553716
1.3941807558526822,0.41129039090368136,0.9400739144674861,3.031482822532127,2.7436010863638174,3.1268180458976547,2.346957236791525,0.7902646632399697,3.1552613345843583,1.2565529710770265,1.3970127438054756,2.6285329189535895,-8.638471853094547
2.693891489753263,1.355521043644671,2.1715416521490525,2.4170314833174724,0.3641309602041833,3.1083115895799245,2.9747251785174513,1.4063521298155222,3.1198929129995743,2.2730573502425777,1.212173814939091,2.1568856396005285,-6.224119109201996
1.8614852588035966,2.430363019321351,1.3883511833190982,2.0047340999070014,1.4751939739312796,0.9864800371329161,2.9783782100004266,1.2336629437744413,1.0402810236633608,2.277723398731176,0.9477025447643943,2.6517169166301575,-4.103376320245467
2.6656862196648103,1.8813535278227829,1.8533077291842266,0.5278681135670565,0.9633466817488201,2.2848771673894475,2.1391072791704215,0.908218999414139,2.2379197255273593,1.5342401305335678,1.6193388809048668,1.774543383379279,-4.74048327048202
0.8597805112798087,0.8822023814626458,2.1903522340735675,2.2942458427827357,1.8946834227110567,1.8815322829004542,1.8579264544251277,1.6878762611993947,0.8554858596822132,1.9451860262967842,1.5289526810387573,2.468600801156716,-8.238058784678294
0.8043660008141038,1.8724288219546568,1.4530151210681164,3.0058725308066525,1.1185719615243552,0.9714163031593854,2.569438644169278,0.6009775042433634,1.9704324880430388,2.183963307040545,1.562133942724859,1.4270409100527148,-4.738312746585449
1.73408240005202,1.0361698831026969,0.4793925689741672,1.5318003574387438,1.0355029752764937,2.152325546244023,1.0364376394228345,3.079835460077475,1.9972584982760389,1.4415835791718927,2.5335462746418655,2.5557934137245226,-3.250987701779611
1.0003518097740762,1.3961575818755463,2.0156039182014904,1.0616214567607203,2.982218091128112,1.6031263333501182,0.8366770530339611,0.544202689570218,0.49109286800961516,2.8520127987640285,2.6502694409524157,1.7380692169778833,-7.363471421760864
2.4426912255852855,2.0546133762224463,0.9534189392563057,1.5515255430046588,3.0134420946560936,1.1658229928932289,0.4295951019119739,1.2144499263142063,0.38467119831395613,1.411535485040925,1.0788125497940393,3.0695853363734735,-4.700307757955778
1.6694336784063977,0.4049034586965181,1.2096688452832949,2.7421382372127705,2.0376541331441445,1.3363751440797405,0.9855706950243364,0.9327622710197592,2.5337244966534533,2.0778908836589585,0.5800469558818757,1.5622433988107278,-8.65021224160823
3.0559054769788028,1.9610139630609131,1.14342168602033,1.664247928732343,3.0694920010416276,2.490984898498921,1.385686079065057,0.8246541545647796,2.11206439473849,2.0273893698280867,2.022654725549308,3.1361169664645407,-4.827135820877844
0.3911951848445673,2.8580743173832044,1.6629621104688412,1.1428139785944789,1.8979237225833603,1.0275836005316836,2.9483502270429764,2.0154062450209245,1.6221458541670422,2.882207012998837,1.862656186632773,0.842100876311461,-4.264066432344455
2.0766240147264896,2.432681445189211,0.7283347225088402,1.3610144095270904,2.364910558922332,0.34433854890028165,2.254217613943668,2.904449215709385,0.7715912413912416,0.3454524422938477,0.8199851679578241,2.02402969157269,-3.162118519349783
3.0030582562879404,2.567640848015323,1.1833878396704305,1.2616427423636034,2.195320641458184,1.5475425259660749,1.1856835746589653,2.3870165128175476,1.6543241663202761,2.886548159245317,0.36542405955031076,1.8016181944536822,-4.201165526802625
2.600920093125206,0.9380072305738341,1.2554325519698495,0.9796161819866789,2.0813399686558305,2.2201959053765288,1.112117492812604,2.6605543504454054,2.321209199633887,0.4122437963309597,2.0346538249187986,2.523448978223668,-6.818626962560437
2.9894857676147466,0.6283702046354136,0.7849222614602702,2.8378814694585373,2.4084371615243008,1.0896233112580476,1.7257533856187892,1.456644957529464,2.5430286012432672,2.4503906561443385,1.6681158144800259,0.5652067074821466,-7.104741776471096
1.2111130050248042,0.9611192774382016,0.9623792758011576,0.44442452304778024,2.8777084378116595,1.4796964757232085,1.3225274495186814,0.3529777543847951,2.3123057380012826,2.8448083982859202,0.506920705258346,0.4484185287048411,-5.467993982922651
2.546295331980004,1.2988829738991279,1.5683447330718365,2.756119577892926,2.138566324140189,1.8516505109984107,0.991752231299015,3.050327521647123,0.4530509135954083,2.7591994124032206,1.849913637862843,1.3576227715297953,-7.224088324477307
1.299789190781657,2.795977843306737,0.936677482222543,2.0314560960441033,1.5117856496718438,1.7881623380725113,2.3328125818737364,1.3875048174211009,1.878710130221988,1.4430747848773309,0.7673896609542084,0.45810081395580726,-3.372838040744416
0.8225881912225164,1.247846271674172,1.7819302812830298,2.7100196614390684,0.9205522352003401,2.7510396172775597,1.7410992981181264,2.296295910908215,1.7641808249832593,1.1149070501689882,2.2480918245713144,0.8766001930581269,-6.9739826276287555
1.173890979171742,2.646595391484558,0.7696942895392584,1.5943855124958393,2.8758026951730553,2.210592922735545,1.2901635742162458,2.527699050496611,0.5955997913408002,2.332176345859217,1.870146971200174,0.9449436055401386,-3.6588902577330265
2.430215931050259,3.0939647370403525,0.8355447897068811,2.1547066063319766,2.337535994852179,3.03464944623561,2.267956717867187,1.1799160400181252,1.6274474884649166,2.847798837736655,2.6751416649818553,1.0696769013246354,-3.446496028877642
2.2229630263545923,0.6732188743002234,1.3450676262737102,3.0936234413117942,2.1682204524277777,3.1289631220209673,0.68048040370845,3.0618595160821114,1.9943531729101152,2.896409144689734,2.52750127813939,0.8886769368172815,-8.423604265529931
2.630304707908894,3.1348631424890088,1.2786715754049356,1.6569477465771476,1.9040537695602744,2.982898021290356,3.000088058831439,1.3321084451545673,1.3924995398555882,2.7506134002832354,2.343111773107615,3.0375576565084548,-3.8206710774813173
0.7172795541942273,2.363359720510948,1.8960190720532972,2.2250288626997765,2.5261389630584707,2.0753108552392923,1.6879494488618294,2.607207264371026,2.05293328788492,1.532956146910561,0.3707752082868008,0.9737221605425146,-5.720061348052583
1.341142717484818,2.104091782375917,1.9779929926279822,0.40621345476647897,1.0703653454663145,0.5557957830797995,1.394197878201391,1.2793117437692954,0.9316512485099677,0.6908318036680144,0.4144672436011786,0.5602645827509154,-4.570553152472908
0.3787917130806213,0.5722433831006102,1.5671462751228213,3.114051835297767,1.5726625070932367,2.32983839199279,3.0618749899814275,2.07549997504667,1.3268043596432881,1.268130978986827,2.1500613971398232,3.1391440416589553,-8.455582240813163
1.2712083012592266,1.459701510997117,1.8756350381240596,1.6460737939368593,2.5443068167539686,0.43926790557374973,1.446163360369038,0.4580271865559672,2.870320014490457,1.072761170953004,1.6907066572283111,2.82674487141262,-7.106307942627894
1.8653731838091139,2.510415423986645,2.2118018283072582,2.495426077594923,2.4984260891242873,1.9961320652741685,2.4918669248371077,1.323378257945659,1.491764342169341,1.2742875857367597,0.9767727581736465,1.9909039485606437,-5.886127006973123
0.4334055179289926,2.095220289947504,1.6392747241448364,0.5870604470687244,2.734975306241391,2.3721338564066654,0.4073398657380782,1.270352699990972,2.0816005549644334,0.5011085021765377,1.0356146045589447,2.433566589207453,-5.310719061746495
1.0346454635529343,2.1982596907758314,0.4622169951428653,1.8740788128509387,1.807447457755421,2.4626096540865854,2.9090933318026253,1.4466303186184148,1.254846204867286,2.9116726444217687,2.6220098892322596,2.4581610952807402,-2.7086726853961447
0.862837211296202,0.3592628584557022,1.502878504119527,0.3752512485176425,2.523652792437635,0.40436888509724084,0.5875006297967345,1.4732290798986616,0.3688646910869513,0.448933491631755,1.9208194160192653,1.67566547984618,-7.890478216720419
2.194945313372374,1.4959860005414634,1.0395037620713723,2.753328991949076,2.894200131627155,2.3480676284208735,0.9221879194083331,0.5571556894917541,2.353316720763134,1.649538335000487,2.19699888040997,3.030828288388402,-5.492800724541674
1.7592140939759628,0.5543240611955826,0.6982163377118804,1.9376663786858899,2.380202046659775,2.246463454360671,1.2426828650070727,1.1226630448147386,2.0009390022157203,0.5182680078740698,0.9181643918026374,0.6022980146848613,-7.002767213516224
2.141838249592396,0.6173764509853799,1.5827677111877505,1.2824762525829692,2.4498028102380385,1.4072327877150042,3.149912096786338,0.8645461116007127,3.1361561093557966,2.132081382163911,2.0456321659785486,1.901287426458471,-8.082667266823922
2.7015429218516793,2.570575998593743,1.3783099549348057,0.5117695104808975,1.79009342261368,1.8711935868992824,0.8157382165639496,1.4020096070678818,2.421910867793873,2.2637952255836886,1.2468080135369966,3.0417746651272712,-4.0757067571272225
0.41903609165608857,1.939861611554513,1.693199569508203,2.413642805264453,2.560549330577458,2.960787070983308,2.551102182756762,1.735588523755478,0.3592958506429133,2.0137571056533647,1.33961884824907,3.0839481279091663,-5.735007891121983
0.6526496699914583,1.1136121593197579,0.7576830963094643,1.9256420065071442,2.5516609625607085,0.42823279637416856,0.7026202988130831,2.34487235909747,1.4602940782417244,0.4980042596454602,1.5682350716850568,2.68190006732857,-5.030712122255578
2.913832203582439,2.838462651465353,1.0352059652093484,0.9484038062856806,1.6474668758673605,0.824265197055791,1.657003245077063,2.3575863080706587,0.43382033722042673,0.8043469643308605,0.858872501977078,3.007705444329993,-3.426736508314629
2.958831893162824,0.9448599875225314,1.6916727106418823,0.9248137481058218,1.546609385035779,1.9352211696100572,1.7365294464887298,1.4840098369294386,0.711142884492169,1.5684258061714307,0.4967700458953264,2.1289265047816426,-7.105667623804444
0.35810144575352293,2.3454377312864603,1.8381020934050771,0.4872212167675493,3.1098896199019355,1.4838468131944496,2.1205305902150284,2.287591094984366,1.8993866699992625,2.7141104758666685,0.44307517062372304,2.3177330865316597,-4.9369579734218965
1.5473523570508008,0.6334055148662256,1.890278687196078,1.2387505187944492,2.42408371344515,0.4681026090800541,3.040686424709881,0.40044772190565714,2.290230492146079,2.209339249196562,2.0818248892004183,1.3034117997490036,-8.158644994871553
2.227722432056725,2.187874950187815,2.0043812671387924,0.9098290755404301,2.127158782101494,2.4294844806046605,0.4005352400970362,1.1561531844485553,0.4551437486156563,2.0758578464593826,2.762701554603411,0.8035298408563984,-5.868158028300351
2.258403599095923,2.889529265816776,1.20011362243301,2.2824871725182194,0.8535543802797554,0.5452799115215656,0.6335674062394843,1.4651632016092555,0.46070866420669343,1.336811693827324,1.9638150916889434,3.1132895686510134,-3.4659450862177636
2.0307510887156366,1.2966522383594556,0.9432715978818067,0.6184679119581713,0.3390113096130668,2.522614081480311,2.42628463535601,2.7442195769567013,2.68650989231752,1.7727573450666727,0.4341145129981818,2.6783978215615893,-3.203494374525866
2.9805047029464737,0.7892869364453428,0.4535309890563915,2.5937012958848165,0.6769544686026673,1.5258341042396948,3.085435731444525,2.5338957923509238,3.152738744607082,1.1272138220765133,2.7154806990431593,2.800659364984296,-2.934963640994392
2.2095413833184825,0.32149295967763464,0.45171419820606185,2.2009219559741355,0.6732027124362729,1.812681671440571,0.6187437945020482,1.059856951667937,1.9033762680076451,1.4074457030744847,1.058275017548644,1.6326504227116077,-6.837286685832284
2.7698322875827737,2.3654660069189943,1.9934180733696734,0.6144598003706634,2.187118838785381,1.6259996128881764,2.0909381389670623,1.3282361869303005,3.003357610058621,1.7482618161902264,1.6465475850482747,2.8696522157528275,-5.037754821463455
2.2899512228661525,2.4801320645924463,1.6754558095267638,1.4362161654569139,0.630076600810537,3.029055162301293,0.9933136437034067,3.0087569925936686,3.127477626702555,1.4885985370386334,0.6223173006051081,1.083097510160847,-4.092840057519357
0.44728887798630157,1.4147045983666584,1.0036497778991078,0.5701709462278988,2.6712101464082396,0.7016936712508092,1.2500721761634073,2.37423628649323,1.844802007729744,1.2379955175341695,0.826876306658781,0.7299814707335025,-4.573545719339115
1.343032949299555,0.5231720725696805,0.8058178541408512,2.565787538170527,1.1934571769396407,1.3178289054992671,1.2107586932047698,1.5703538594580768,2.8221147257976726,1.8221076587818703,1.3504093427586765,0.7690434543296492,-7.537854368667055
3.064608776539864,1.8900846191944658,2.1920773778696647,2.397084448316904,2.492849238993938,0.7933687556094562,0.36544766194403233,2.952540112689575,2.705027423950723,1.5236441255451652,2.7431603949447814,1.44259061763591,-7.240915797538831
1.3961205987831848,0.6782959613557626,1.1916937073085454,2.689837865028056,0.6090749636022232,2.6976392391973176,1.5279106148234902,0.8444980033427332,2.8034862771484215,2.2283918288717146,0.5302072467102297,3.1478985344056967,-7.233981924964668
2.836144162267101,2.9547553794139554,1.426011872916206,1.2129781564401256,1.2964298586196141,2.2317778652604656,0.7536965281151689,1.9664823773161564,0.32701355501845364,1.3186275724058867,0.6573211591165686,2.359031972199823,-4.052188391510347
2.4465210742066703,0.7076117589263508,1.4466727937304735,1.3302883069893698,0.5733413208316049,1.9409856508546972,2.042106651877587,1.5284838134472234,0.9270898059922299,0.7714134855849237,2.126626683407796,0.37841442112537094,-6.844961761533935
1.6787805718604016,1.6861382125384625,2.2231368362722916,1.3419199698828268,2.2014939994656304,2.612628869251403,1.098290248031625,2.439710542058199,0.33788215143690253,1.9079344928177162,1.4686134794632586,0.8224238912982931,-6.9822159603727085
0.9923444575677909,2.5864448504836064,0.7013851287836759,1.9887380297015707,2.7811776618403625,2.241396805780974,1.3516177399618776,3.0413242488886745,1.2634438135649364,2.756090016446781,0.7329275597070535,2.661435679406328,-3.5473440899483397
0.44826315149936435,2.624346504879764,1.073593482340751,2.93026863337683,2.6004238365362164,0.603627817485431,2.784498462407803,2.542464698003719,1.493517806507445,1.0915969042568308,0.8468371031974816,0.6830997705238642,-3.83730310468021
0.336215573907095,1.9045697461600324,1.4773906484354749,0.7768050388560308,0.7978706052791108,1.29119203621105,1.7336448885695637,2.5647434577127077,2.1224641342840767,1.930582471823336,0.4904686046166132,1.6474615592177115,-4.173527386523551
2.9629934899881127,1.1025831135112505,0.4944992640630165,2.5373584050559708,1.780599341744595,0.42431004279284196,2.124973868140318,1.4371692984118956,0.8405958501074104,0.9552312828415382,1.8609836411342076,1.872724088472203,-3.1804363756608107
0.8517740167757875,0.8171182236203951,1.42674695522694,0.7157328708323978,1.7846413505727807,1.564312035120479,1.472065815890218,1.087821610836056,1.4771889072275715,0.39192521887257875,2.4352578789379895,0.83348393382361,-7.113798043792166
2.7069694043362453,2.450427200965137,1.058665967857146,2.8763414795751157,0.6617830784396104,0.3909117575231837,1.531232397734265,1.8585523123051284,0.9852531973685028,0.6928453881694917,0.7828710412897026,1.450100074606027,-3.1724361763209536
1.5153924502413478,1.6736388594410303,1.5619174341898734,1.6216738495487433,0.8115036706324017,2.2541594764035344,1.1326090888481168,2.0959609543710256,2.929965892470753,2.881675798326013,2.2331971120956386,2.0925029905630894,-5.172208843333847
2.130629501064497,3.10799462388224,1.9114436498015928,0.48980039014447097,1.3512504458759829,2.7310692241793295,1.1318182230991032,2.1091703999056204,2.0769187587669364,1.4617906343933789,2.2542354406769887,0.5459570177922053,-4.143617424623897
1.4208068952790378,1.320302264038377,1.6446933565844977,2.6925494200674174,2.653730845272641,2.779116996675035,0.8840020162130648,0.7294707373765111,2.82824997314635,0.6970528672971184,2.1583952072421884,1.7923270345406077,-7.444471889093539
1.2252474175262311,1.9338538775072953,1.0163009700177548,0.4075940749799165,0.6283899041417964,2.6934481155170253,0.3502452010513142,1.1971844847645472,0.7593397648683542,1.6614122786134187,0.9666036589276197,0.8143054427739109,-3.0779513001263497
2.3949567133607426,1.118566606366018,0.6711946262295669,2.97615567118614,3.139679696992843,1.1820307853893972,0.4602701188889037,1.3839597889332844,1.8691928445998642,2.773597395225404,2.3675846560937455,2.0387590482994864,-5.296997863443184
2.9676787484258806,2.891087803044177,0.5922271113205272,2.9321714389444824,0.9253863580468509,1.6894378404904131,0.5419567855280589,2.0807160629974986,1.7141005687967064,2.875994546970717,2.059950981337306,1.453571193322519,-2.6189904011826104
1.7132160121224465,0.9766019330982936,0.9133791832792013,1.9712064371795583,0.8807995398809758,1.018173356281042,0.5150246432221178,2.3948781888810506,0.35349252358243727,1.1732277089002796,1.4201412028863343,0.805543729260397,-5.359221827574084
0.6116888019642501,1.6480500538386973,1.9950909719100327,0.4360870868638097,0.4931006793162419,2.7858652219154876,2.305110542066094,2.596624262126043,2.6911983120450675,1.5435120880752609,0.5939429321797579,1.9727182180763803,-4.604159703579045
1.8349359276694543,2.5339094171297183,1.3204710381658176,0.7276614695476349,2.5410136265195535,1.1727333064932766,2.273009576591361,1.4788421700267662,2.718334913521592,2.043149124341933,2.468318782658547,1.0199720005717245,-4.056456665163126
0.7938238229735026,2.4204151095754494,1.7127598880138308,2.1559138067311987,2.02888870851841,1.7410142866232219,1.1440040502998168,2.5935918144545935,0.5846934977021931,0.7286818307014978,1.3059209253383617,2.530383503866926,-5.290074204408648
2.2368656113453107,2.5794289148839855,1.8346325226469964,0.6654730424971871,3.1022966804998573,1.015186196584569,0.4774023556175069,1.2646784253737742,2.5874521033067963,2.5271514064200025,2.265621138647539,0.775194466343415,-5.32857499121587
1.5072582273124067,1.5702044718697379,1.3073216866104114,3.0486527634920106,1.4624138532074824,2.3163088817414192,3.1577927009500977,0.7605605088146972,1.002604316918768,0.6835022990606987,0.4597664395456525,1.634539931242719,-4.936937442237364
0.4910180941732236,1.6810721784898013,1.9221659855411506,0.5012341656475867,1.8247925349457972,0.9607849756146949,1.3493755139610577,1.333237222806857,2.3817681508054647,1.5183173336457472,2.223616614869848,1.6833871704702104,-5.740104646050817
2.7446146475732585,0.7637919951118661,1.8405957684204932,0.8519379815438946,3.155091633310475,1.9118343504036093,0.8946233795997016,0.3673605809035903,1.5364413853206615,2.2017225837686007,1.3250956799639215,2.5649188776055243,-7.990895128277134
1.3283401720241457,1.794510614302038,2.2415064440089676,1.254780742592873,1.6965229220194373,2.894469373106165,2.0492547651682718,1.4494588236886639,1.9764899491113928,1.3514053357232199,2.524089590433051,2.4622340208892837,-6.433699020575159
0.691879661298175,0.6579418687156254,0.9691735775763282,2.7866788546099945,0.7521742755094802,1.0305853788935913,0.6468464767672266,2.311614926749832,1.6829102895231733,2.583001261675122,2.5549327371879005,0.8813003226231124,-7.199830567089765
0.5630587730943506,2.7255136122812393,0.7153808161750678,0.7751126921211489,1.9421647320123214,1.8395022645372268,1.9591349347912201,2.818456601311448,3.049888715488854,0.524085142598776,0.9913916283824973,0.9920554433366948,-3.030596863786373
2.8663133053064667,2.861130652471846,2.1093379506762915,0.7087670031155422,1.6216198390245857,0.9477648308271738,1.078614451333168,0.9788516752793903,2.2431676079936618,2.3975240109754337,2.234441943202709,1.2616451031773221,-4.783506943693389
0.36566937895507,0.3237936605946637,2.1237294632947497,1.422581896812398,0.6986288593801759,2.4075762947147874,1.76826293010098,1.206846006366808,0.7889824676336101,1.393367122597068,2.1168561149975664,1.664597073475866,-7.880938800515505
1.5780122717482221,2.210703151771366,0.9121398486415433,1.0104618595403185,2.8981723115733344,2.2602949826562675,2.098768004329796,1.1415931682266063,0.8240071833743678,0.7820719165615883,0.7715119126560881,1.381743066568423,-3.751216478690223
0.6602252296140727,2.380163165683651,1.4025537478638141,2.5438484367325818,1.3599860605077685,2.953621507704187,0.997591901925593,2.4625583541381637,2.301824972009051,1.5584703836788343,0.892771880463354,0.6854627209626594,-4.641483590114756
1.9516713758089217,2.0376374621438376,1.5146014788222997,1.463869441918841,1.8027277717230523,1.412408233190438,2.4503700480571013,2.201701779917534,0.343771620971183,2.688902813433672,1.5848390233517005,1.8820056177215103,-4.813890665074669
1.5078658654271717,0.9410481326389042,1.7319089545018036,2.4844536044361494,2.5860076274321457,1.0982525168779733,1.2355732808680657,2.966594439993581,1.3739499740123582,1.9571404058765736,0.5215571714250227,1.6509663462031083,-8.2458182435493
1.0961826014486562,2.620808287375866,0.6005986692825069,2.934781023259766,1.930984439426888,1.5085193256649312,3.043828720182965,0.9755518117962536,1.136530792577404,2.089970235048831,1.9606521785977462,1.5375606728634859,-2.9084929201177747
0.6185975981431525,0.8069421336160308,0.8676102770243642,1.3772345635856758,0.9323168574161986,2.4354384564718554,1.6710165858431751,2.480606244628125,2.4609448168032886,2.662184214295298,0.38663369335455117,2.6148054640809737,-5.503001786651315
3.0433856762153546,2.176806185670342,1.9101418050595558,1.4015005526450446,1.433284633253781,2.227252964942437,2.674601126012631,0.38535982218184517,0.49195317771662245,2.640023545164512,2.2506258641820422,0.9012444183023798,-5.168044948403572
2.5222379560062005,1.7640039112684183,0.4904687312951683,2.9033465836671386,3.068098053438783,1.2792623263974894,2.127538160413826,1.1728909474949654,2.070289539603126,2.044550004846861,1.1423611858694231,0.38257539259074824,-3.080345056383056
1.0051444757265917,3.143279584197081,1.4508037468470454,1.493154843738125,0.694692176807586,2.8501573439526195,1.4424511409580476,1.7882670338353737,2.4162940159417756,0.36851346700236676,1.018852496500493,0.5082794098239494,-3.4535386520782563
0.8425976114354385,2.255302304429788,0.84383597551411,0.4844098174843826,1.5826006291336827,2.0571993444003036,2.4095550363713483,0.8321468017857427,2.1370718674644813,2.744181736903995,0.6875255479423301,1.0157258077870621,-3.135902082153457
2.2042415065331813,0.8725586800221803,1.3144083517976806,2.0636050870172937,1.8789688350207998,0.48069140747644323,0.8089300954940515,3.084267813512097,1.289150982715466,1.0653820388895423,2.772927056993936,1.887654503305605,-7.639153768547428
2.085533306146352,1.256565559329484,1.4857270369919404,2.261678611741793,2.111157425299744,1.8435185543787578,2.393050011964126,0.41569485435847886,1.0650265917742041,1.4287364397527924,1.4559613650448944,2.3185639406497836,-6.693828733904902
2.230707286598115,2.5121785533193726,0.9259862891148315,2.270041019755293,0.36195226084824883,0.6526558223743258,0.8273920056387811,1.4994398319827849,1.1622151256424265,1.1586246798676971,2.7050515760904914,1.7488882446152894,-2.41378335766021
2.8249252744170605,1.5071024187105646,1.5886435681959052,0.9837150402936232,0.5078387415249422,1.2442471671137152,1.4830334350131085,0.3837701046536033,3.0203990133478564,2.760906466935113,1.3198477057830171,2.7338185715432726,-4.79541268040989
2.5557284397874898,1.6395396398217268,0.7490420143240776,2.0148365771091545,1.822296588256553,1.160213105542996,0.566853275617968,0.5614834918668734,0.32187056552227566,0.46915857695221475,0.7763104420991529,2.7172435982293295,-4.08770810214775
0.8129482338872922,0.6686975114993873,0.7816542768868471,0.3516710970339086,1.414878652115072,2.854982501432028,2.030702775812798,2.333754768080271,2.5651989982120664,1.8040849035800122,1.6716057091327508,2.2676280208888193,-5.330909138451877
1.1888732100718764,2.6593572969796466,1.2505970499193604,1.7273681678267054,1.5295279255863274,1.1294291599216715,1.1508929374632428,1.895306198704101,0.9078406904375478,0.7588942028404637,1.9684589361864389,2.235839863300854,-4.049143122597038
0.44056488074254485,1.056291972041694,0.6255464538261156,2.469451530004724,2.4304882045981584,2.105493163995193,2.8545198429630205,2.691158553928022,2.8627800593483412,2.323368969295255,2.73166220734813,2.421906133059354,-3.790697383797242
1.9998019884079834,2.4897611275156204,1.2114323830643348,1.6454238851305525,2.692849296478207,2.379712666473099,1.709055977268614,1.8283811675083996,1.119942874992572,1.5130177099295168,1.9367291078436435,0.8707725971735518,-4.380167669842298
2.2181800232198685,1.7397428688299683,1.4973641750626712,1.0720365648634258,0.8037167743852975,1.4488420592960898,2.0335908951663493,2.1653307724316275,1.7590112003264182,1.7958071220251042,1.2295987987695671,1.7796267831474957,-4.540406517798937
2.5529023007745644,2.3572027890386535,1.8423667404879775,0.6987819560908537,0.7746586072409241,2.742723455246561,2.2500222442777837,2.2662204976000635,1.074807229439541,2.8012554173437465,0.9384469639864628,1.0004857996005907,-4.19116415206708
2.2069187055911716,2.3923501008185153,1.2698275284355913,0.837077481796509,3.0850294588897316,2.361908878415729,1.3719191874782484,2.8308814725777514,2.8675212893537236,0.3488596955894285,1.7192356953289087,0.9875404331765623,-4.399642179622567
0.3972454784409203,0.5146755679448214,2.163993455915541,0.5929629075784628,2.9958322088714455,2.5761552145979576,1.198238556467344,2.118628899781666,2.612161802844264,2.6562503642218003,0.8686136525434056,1.6530198129530302,-8.148080616223783
1.3630029775958807,0.4419057707541394,2.2201180497086597,3.0671625820543547,2.434821057577999,3.10032707367636,1.196447343776643,2.592875336542919,1.453506450140574,1.1974287741616738,1.5651380173545415,2.4943554544815343,-9.072474433795731
2.662796821126242,0.7301887181932682,1.650098388170089,0.7797051599161359,1.8531777542337622,1.2216736405720212,1.8919181115868797,3.0748605947571743,0.8193195165364207,0.49497748171253725,1.3211264977230492,1.918364849838592,-7.446270903654225
2.05161470623814,3.103105845941073,1.1000368912130183,2.8124621931075056,3.0570826477478676,2.1472557421530256,1.0575868187947506,1.0771585685679501,2.8436216975696462,0.48811085736632853,0.9327955564189339,0.3561398305445968,-4.299281264361241
1.3901350578507732,0.7452029130253252,1.448497537648404,0.8335892144189441,0.7943773284005344,1.0807240167281542,2.9047439769953014,2.4662378437739303,0.555389702300358,0.41556303868095684,0.3615425153143472,0.478854799632038,-6.661487956238565
2.341417149277466,0.8363847736933359,0.6439271447350023,2.1777606539288703,2.549259899703907,3.092956449472259,2.4944140234825483,0.8414611980121836,2.4377233957099516,1.9103438140732973,1.358021409754853,0.7049791951116309,-4.501883982010523
1.3642194387635949,1.4523872518490664,0.5855814361730396,2.480465877372399,2.6174928165960845,1.7903102457828561,2.646902550437195,1.8144165458802222,3.1379455290546114,0.6079354332397431,1.4421095527485763,0.6108483686200932,-3.3257105027248675
2.187948246033528,2.6142096230802925,1.5984004530701323,2.995441048336699,2.3570273803154924,3.109154886153899,0.6153089567300836,0.9189966292208378,1.4065091605553808,2.64524096423136,0.7028942982036455,1.489822578987198,-5.478118582822205
1.0671595227154054,1.0188980572678803,0.469753053908477,1.4143157842403262,3.0935531811384407,1.257734650478461,0.5091433785566282,1.845781803519482,2.6643394346254534,1.8909665502628747,2.1066265716726384,2.7079129157840494,-4.236166472686727
0.7858981142380509,2.6897885964614443,1.6031948480187361,2.7366288653402466,0.8762761051349919,1.8610026871153478,1.421080248070658,2.4018259776894015,2.2173771233753308,2.9068605009307165,0.8924652062309153,0.6664116354900822,-4.224609516681863
1.5200036421302605,2.4270469166508546,1.935238403484645,2.2085527382873957,1.209978211689756,0.8646289410651851,0.34100910634038306,1.5095258878632822,2.619303113385285,1.1848004892262387,1.3712305916384446,2.3551109961293077,-5.397385664429161
0.5929024977431555,2.0275828297065464,0.8389826686573267,1.6291021472436094,1.0512774635489799,0.8519827110786309,1.0663299170698255,2.4110353430188396,2.447335924940883,1.0113279456557456,2.6078903443546064,2.159723954749438,-3.3502094213721043
0.33109688219846,0.8502473942912265,0.7261780977305723,2.4057287023757774,1.3465631162889993,0.7243902350459045,2.892706319072834,0.8715022720959014,2.0403791408927834,0.8828098895044518,1.7119357064211624,0.790557262505085,-4.435150706461161
3.0025931049621066,2.412738373448337,0.9484181338823763,0.932642219859759,1.1669529880502973,1.3606753288324476,1.095578588408199,2.4045116284265586,1.5781437248752073,1.3672480922622186,1.0912628727701896,1.6965514451384256,-3.3299116844819445
1.2693649400110125,2.9620037968767368,1.201706916000251,2.150884917019013,1.336220941587088,2.9380592430617694,1.563052710247815,0.6967856512235393,2.344675171347583,2.382626549559075,1.4362375932660298,1.0112570168493562,-3.816671542406309
2.2809610743421986,2.8266305647484296,0.8826944576219744,1.95031916479326,2.9176735675653527,2.9699492966771923,1.1651984127943706,2.1232792204900126,0.811663498089594,0.5432299780908425,1.1782952622404959,2.5185537879112947,-3.9186292298292704
1.3843739838814968,3.026662908117782,1.347413472716952,2.5833242197369746,1.5750619182698538,1.8483816114518143,0.45352540885447457,1.0046109610452723,0.8210484649298526,0.5689716201653718,0.39816902462811016,2.8149422324455307,-4.3391672010443445
0.7088532384844575,1.2253691120948615,0.5410691714540807,2.827087860936806,0.9367570349184065,3.052571490024745,2.239837026628804,0.9635919301918019,0.9218206258847366,2.828601800839974,1.6054926128022775,2.440727603186077,-3.1014283482269165
0.7542315341887046,0.6967589227151525,1.2390031068506455,2.5983920316805826,3.061789998841994,3.159625027987105,0.6906352169615066,0.9148328252442774,2.0105474088439563,2.2339164730603955,1.161177783210887,2.844024077789471,-8.425121406299898
3.0595604302540576,2.6359147677872325,1.0779565229724628,3.1239242847339233,2.4195452407147378,2.5058204653451606,0.9391422485510161,0.7378707385438786,3.094886784426604,1.9981564245601493,0.8035870538442627,1.5404052672786104,-4.43283060282802
2.3962475966748737,0.6004981496480487,2.138035858991086,2.109749051806642,0.5391459794807878,0.5340564714589471,0.4505591145134561,2.486097239193757,1.8825404468240639,0.5928449229350465,0.7285222746723354,1.6372458087039234,-7.637002591337573
1.234024775074146,0.4760509288926224,1.655085669752579,3.1565403598698696,0.5456802886051956,2.233500862590543,2.855803948721957,2.249033589360762,0.6430521284030499,0.934993127825018,1.9374637247633177,2.7986950413734832,-7.838164497054038
2.815647467659175,1.0874933433949894,2.237195724654034,1.5596070728715192,0.5487065276863984,1.4526927675159453,0.7650164921724951,1.1100938775882354,1.0793760121245755,2.3940258037243547,0.45285548384938945,1.1757942433879274,-6.7940554542980465
1.0171955420110548,1.181843088230829,0.9339094732243058,0.8226967530698364,1.5058493870574223,1.0053071999105894,2.4526755622980745,0.7456254585341875,0.6670271044008079,2.7420879271703402,0.5670304552465903,0.5220330868406058,-4.317173755363031
1.6641253272681755,1.0614071753994185,0.6390589791245411,0.857760524782992,2.6206092152090683,2.474524134361728,2.9914024292676653,2.6241257636325543,3.1030288381613755,1.573636875078245,2.1531381163678156,1.1813310173268428,-3.653890355578298
2.5876360021673133,2.081489836747448,1.1719146481348766,1.4090640542083852,0.3572693836446648,2.767472798799095,3.135888041096709,0.6711228257374113,2.5520562389343193,0.8640774547427528,1.4840166096104361,1.500622897219774,-3.118641202665352
2.3695301132563458,1.5798561409745244,1.3352318398250527,2.5535726362470488,1.9162635732739683,0.6680557976801148,0.8856739934443296,1.374408287460448,1.5334371760389256,0.73693639913806,0.5613374913549396,2.5268636215737184,-5.743737658560976
1.6952933793282874,1.544666385734453,1.5552041417507818,2.671877302838327,1.1045276352418953,1.9699724134158336,2.78973661756346,3.0295861760822658,0.3553535843137777,0.7423645340376903,0.987866606021248,0.4386982458950324,-5.531717074803844
1.4328803882520709,1.547283388588838,0.44788334801371255,2.89205304781563,0.9112109785081164,1.6651186899820152,1.7821829521109378,1.0323074829893544,1.3818085862980196,2.7224543375055745,2.563455302484272,1.2825791998812606,-2.6102370915620696
0.6393004148468298,0.911827082667104,1.6478477525525708,1.3515259843972125,2.671828761872211,1.0949474628959708,1.8297837823289522,2.584875677262262,1.649390344841198,2.764206601887846,2.48723427793082,2.89730489645088,-7.826776945037999
2.806262359961358,2.875695620684768,1.1242982837176743,0.8872895322760128,1.4071697887062506,1.2458050003778383,1.5825637582563883,1.9421483256668588,1.2020162242283483,1.7249714628096848,0.47291328635347996,2.6692359775752568,-3.4693104959245233
1.0308070031618652,0.6705216214708927,2.073669869211278,0.43253339381825184,0.35153650705345696,1.615588125946178,1.8481488296037227,0.7717484752126464,2.639353749461441,1.0956845081827824,2.7177671081110644,0.8658868789159782,-5.87346896172089
2.4369286940967405,0.5645728288571642,0.9949586721052948,0.5237507409050363,1.6195505515753,1.3297691528061841,0.9638812155051575,0.8122083967672402,0.4733592421143006,1.4740052875702077,2.7851914395281616,1.9253245618933197,-6.968149550647063
1.2375874346793103,2.9916649613106028,1.2624119585453586,1.235039924777747,2.3910637090348064,1.2043088799061634,0.9682906014826151,0.34801074409726335,2.0581686590867627,0.4096366775905287,0.5268964944369897,0.5942772594412851,-4.155524932284452
1.426272913720239,2.2082870467486067,2.035349752907782,2.2665371387888134,1.2930373138863698,1.654236444665868,2.837955087903921,0.49004278436887155,1.514229339407366,0.38981291095885434,2.619559698553623,1.3622850133278113,-5.327503388632003
2.279018613447703,1.6169354973673253,2.178074243782886,2.3940073134278803,1.6260205096945646,1.0792228257508685,1.7170289650734274,2.0644694274260464,1.942650441489178,1.4456960139622113,2.5986412124178946,1.853806424211062,-7.097973791219026
1.849277710184557,2.8011576517110233,2.245425676046503,0.9021616719597456,2.411001804728652,1.3017627354157852,1.7494505286113373,0.35623639453058265,1.9719018364807872,0.9773663459202087,0.8789521988620106,2.772869714864523,-5.26876385956153
0.8638904602640709,0.6514414213631681,1.3567123695170145,3.0716507704472353,2.1614762659121705,2.8127501713915644,2.8057961689087323,1.003846596680283,2.2319953354751387,2.5199677284094513,1.0518610001216846,0.8321142846065144,-8.397770978797073
1.4420756067061147,2.3037604773456333,0.9878003906459458,3.0347381976261487,2.1452098459884503,1.1758874058191902,2.364361197205816,0.5800094454314837,0.881751828501548,2.276598896508224,1.7698104294800336,1.5594598877868302,-3.845695608547912
1.0722434608290474,1.234112544307608,1.2945388385328593,0.7186808046739399,2.249622978430096,2.1211754776965486,2.1553727346195974,1.73183561663541,2.5265533241587086,2.2252457181466196,1.2837912801825122,0.3495936172459141,-5.660664122541099
2.170714420365123,3.007349689440725,2.2012027232023192,1.50419106040159,2.0143224779882605,1.1015200485009589,2.23482232388442,1.2947479072778423,1.1977299767557332,0.7014337274831328,2.7384590559624256,1.1993867627103754,-5.06234846005752
1.0041902736566601,1.8099921345236107,1.5773028470823147,0.7716992838180547,2.8700272257656048,0.5662082634892796,0.7350921526823264,2.341071094956983,2.2835864759205715,0.9821643683316936,2.7582941879456655,2.180301111780239,-5.672786135778279
1.6034187275840688,0.6541327862338361,0.8802090775906061,1.5545301482946534,2.9043675399770037,1.7800143615010138,2.6167845051290337,1.620452240634787,1.8381172188140587,1.2936511448699377,0.7531761643838664,2.598573076767054,-7.178065153755279
1.4747187457225404,2.705160123724343,1.7395237754250819,0.4539312267442238,1.3041650764413666,0.5299864032857664,0.3374121722646396,2.385383350325248,3.0682084170639383,2.5499657520682684,0.9412522093677671,2.5437826955067995,-4.147575063374701
1.5224254927543155,2.0503131651423274,1.819148383213106,3.137321901083622,1.9537161760323076,1.073657408268348,1.9766638269398489,2.5994883094141557,1.1797843432670703,0.5344113560347789,2.7400448049831474,1.0334338776716518,-5.761069341936882
1.5927725963482147,1.9483803306892387,1.8840472050725061,0.7930102808178008,1.5027064072674372,1.022234691251794,3.0749733471880383,1.546880609664515,2.556869939335614,2.775993483773852,0.40870307485707824,2.3142302570884037,-5.114660323588409
1.721649158068969,1.9137686204755986,0.6463260630979337,2.059613849283381,0.6634893640478452,3.031304594207705,0.7869059892581901,1.6494502381565392,1.2287635420625873,2.085867355482905,0.936657979484641,2.0743000247033017,-2.851203808854983
2.7996489737980657,3.050089170330077,1.4117145150171282,3.103112790947426,1.8730849879104479,0.40187066534866567,1.9088059534780155,2.0104718955010834,1.9340674428693945,0.35271726773068174,0.5143593305058353,2.165392337423709,-4.15498210700157
0.5714226184241682,0.5613502393120152,1.1444533783351913,1.9169976465809253,1.5004779677867217,0.7663325339621109,0.5296597436793784,1.6123584893526883,0.8654829407273144,0.49293917991631164,2.085374693260226,1.7531955322138868,-8.030684283985886
1.7472007702537264,2.396571882483142,1.2093089139324404,2.0272278772591465,3.034131249715347,2.580090221274962,3.103259169307176,1.9687671117223668,2.7340867034752003,2.7090490127181166,2.066379668316734,1.161341615977032,-4.213815201280797
2.160588339767012,2.1786769937229185,0.6416713175027816,2.2485425233202494,2.830042881716938,1.6141014185366094,2.7122781740856095,1.22619284960874,1.451228005058574,1.1070102547125518,0.5966074920574199,0.3421960444268307,-3.202852714353095
2.512650476220987,1.5129019323287713,1.6313048713072777,1.449102281696272,0.5653048052305841,0.5823114261921092,0.865242867767049,3.0256902700535595,2.357248519977224,0.44509705510507025,1.6966088049973,1.8786758217522066,-5.175879719330278
2.509366145331745,2.484108097670541,1.8071638728239037,0.41926460889935924,0.5940498625310932,2.5139944197786765,2.672835782527007,0.662560272270377,2.66071491783993,2.4913662878422542,1.5568228372855686,2.684715426091835,-3.6262529549422737
2.832483327760376,2.0920565021068263,1.0066584392140203,2.8208010040549243,1.9929942403419874,2.2015304706440157,2.1078289913026897,1.0934566035105373,0.5018142779866289,1.871213102610281,0.675029821516408,0.5425873569186941,-4.057253625345416
1.4374984664392698,0.7948743899221966,1.5470615266569436,0.4995279583587612,1.0507972284583533,0.675275546532602,0.9179013570530719,2.352665441330683,1.5254712913263289,0.6322654987796299,0.8383234672398597,1.9121758965908142,-6.624382877189034
1.7045029923279107,2.272334445704565,2.2511762023935513,2.81154757121776,0.8250629752433942,1.4670044671381393,0.7263328941475318,2.2621086481573123,0.6073010333400153,1.0216185801061364,2.3848525257077307,1.9462669365309395,-5.690613564953712
1.8760001268886564,0.7989699438656443,1.6202463914269527,2.792050684149748,2.465854341032225,0.5384719195602619,2.255889056839943,3.0579807354920385,2.0987018839514886,0.8864331277663945,0.5045127118837794,1.7276203620158135,-8.37477953730357
2.8962583930378845,1.3639125756220825,0.7825443070062672,2.09308809852991,1.1249043443333195,1.527715023751866,2.60650686998622,2.2776579663074488,1.92662000515393,1.9779820722172419,1.3323551759695051,1.0657701665649846,-3.6157772826487973
2.8640032065134213,0.9717091876812896,0.5051031556429929,1.6489807067726876,0.4247880340081058,0.3181051509397864,1.7217860661644555,2.0060738132009366,0.8025878821077725,2.4554315601912675,1.297829862414001,0.5867459908851836,-2.6258873118786674
1.854241575313544,0.3380570957573523,1.4341927919589685,2.7488544203758227,2.3134650941361574,0.7430146557315773,0.4152581528120973,2.90760960708724,0.9905469769331734,0.3557929983962221,2.501530002063642,1.3967142641156163,-8.941804762471818
1.9304398342181393,2.124957691054631,2.0832020732115537,0.5622620007348482,2.377026422432608,1.3504607764766867,1.3057091863551593,1.099691233127684,0.5503809374794937,2.854159807540383,0.6088228577798389,2.9362556654571352,-5.601067323750707
1.7883272859789547,1.5901102830200513,1.0926888319836776,0.6912668430026373,1.4383598793754258,1.287016083058257,1.1072199929153936,1.987070367104877,2.462516407714362,2.019498064153079,1.9239391066323914,0.9673503673118589,-4.308123527004817
1.0258115108551364,1.93037266316214,0.9005592542525775,0.8777011294716246,0.3314301610549179,1.7378547536208855,1.836769726848755,1.4184760907476732,2.48024475364473,1.1196720212288924,1.7835408625003035,2.794960687888745,-2.6087650748417333
3.038793448830577,1.4359030232605139,1.8287310939850392,1.8956875120407857,1.0041009399481082,2.1493130922747103,2.913900663045241,1.5895724139744218,2.4087942520898937,2.949684228614408,2.420497259861876,1.0500504534233728,-6.303167710061392
2.71169071530055,1.6053383033602433,1.766126721753013,1.308656030390246,2.967177948209199,1.105168143624207,1.7580275273644175,0.7432239284630175,0.8726273032573442,0.6012131735929148,0.5325192753256548,0.5799035271189739,-6.413508659316492
2.3091087094967744,2.4227088025576755,1.3509596986126657,1.799862586198346,3.1586013864229248,1.608422005547289,2.645155703156452,0.5361722143760611,3.1327881461181923,1.8727533175148812,1.460758660030479,1.5699084516501705,-4.500504650453333
3.1391902601052197,2.845829508877538,0.7661843358425449,2.8356794287289073,1.9222098110971808,0.920403673007202,1.8834541307094812,2.3032244991052933,1.0712745231769316,2.6977756316052712,2.667016951815664,2.2604642528334655,-3.2604174731298285
2.7905954142974028,2.1521139873149857,2.007896166728677,1.5365965738018774,0.8046735617030895,2.600982548781815,2.753213563345971,2.1268941496281513,0.7850443493405359,2.794972992432877,1.9910613839404125,1.5128337125462377,-4.9584130195155955
1.1583647156056438,0.8970224749858171,2.225689378465402,1.1753395889357459,2.240630025541719,1.1890986490798159,2.7606517142785334,2.699879695767863,2.5126973829682635,1.8288410963229815,1.6236120741473474,2.1401966135345556,-7.847725898211723
2.3179926826919646,0.4155541495133914,1.988252694792541,2.3366054978284168,2.181195198704646,1.4903888801057372,3.047389722742533,2.0550477443973927,1.715282080846514,1.2805264350033823,1.4325924809046626,1.642169161455568,-8.795363637266064
2.2439651178117503,2.1084631392634203,1.510334866560256,2.6673945363447915,2.976475009325865,1.7681954237304385,0.42295581925613657,2.4757349900790078,2.5786236972564596,1.0975582836283655,0.9818437650823897,1.6220960904953177,-6.000747225163897
3.1619503857616067,1.621157337797549,1.0365319004275706,1.0749371693758258,1.1002249387582557,1.7169683746083504,0.3930610620649528,2.646309947813748,2.8507872842171698,1.8191843350986021,0.8420013049149814,2.8417056852313936,-4.32971202953369
1.0659005351982378,0.45316196023844235,2.228701989200637,0.5514402141252137,2.844531194987326,0.9657709131898475,0.5450485033851995,1.6843609931184627,1.017866320068678,1.7267948529767856,1.9804670807046358,3.0730930894133963,-8.206531046978313
2.150816784691522,2.0790943765751666,1.3949095284433373,0.9576387092883605,2.7651998459844793,2.4795482023863595,2.8288728611735117,0.8190946892650144,2.8999124746443834,0.5250224583118356,2.630176218047171,1.4332590056951457,-4.5319075432194555
1.801553536851332,1.9529209555819893,1.8540465918261162,1.639474403758067,1.464501458480962,2.9789264456919318,2.408057669086296,2.856294393678446,2.026257942788829,0.3581056624250937,1.0769342719362156,2.0448490178049545,-5.427427275295123
2.0441607255793843,1.5834606576086596,1.3842747342390247,2.9866894769726224,3.044123596010827,0.659898748993623,3.033559123618883,1.1519529949717775,3.0114740448817647,2.9640757060521894,2.1367188141549907,0.4348223986529593,-5.553328545457696
1.542610036378448,1.5005993432386184,0.6318591312294064,2.287279664817146,0.9078762655876789,0.5972889270085888,0.39659816145547155,1.642901815266117,0.93658374587762,2.3115201892294417,0.5725229766060513,2.02216961948094,-3.313951404700747
1.8560707619383217,2.716368717344701,1.0141722904436439,2.7991760356018096,2.685521833189876,1.3005594287948585,0.845074284053168,0.6357630658291081,2.1177663950203645,2.2391123238604247,1.7225312348287842,2.5157510616295777,-4.313814606992929
1.8038347232210907,1.271371534522048,1.0822438917636625,2.0772860322641096,2.395214198866551,1.0509810083621534,0.811360131473692,2.625266737149625,2.586198833906671,2.4873088834577057,1.188078067349836,1.196180999129938,-5.891665085263837
1.8178065875364748,0.4980000051601578,1.4397655402342229,1.8401648613629231,2.3537762217111955,3.156872563654189,1.9828741025905525,1.0160380538226284,1.3410576827039178,1.8629976743172993,2.0556975122848935,1.9062229020817818,-8.451109898993202
0.9153214977742097,0.5344828630659222,0.970817721771688,1.7099784367986652,2.396481317230447,1.2946600626145357,2.38172742644008,2.9614085056066215,1.9870257470876382,0.8496394042777813,0.7965503049819906,2.458655662332658,-7.984268468224473
0.7116726481708248,0.6854522919694145,1.3984279646866393,2.65640990231295,2.83772558839332,1.3708488219162178,0.7191953546421772,0.5309975704734151,0.7517717965139137,2.602461314790407,1.9585692858436932,0.51023165404063,-8.549159773406107
2.5930679410618676,1.2103145210431407,1.7472748872419943,1.0413876032892229,2.5198399188738096,2.7159142500801017,1.757499583385592,1.5737287520073668,1.5511947778288295,0.6180849474963933,1.630468338294512,0.7712694586683313,-7.086929497486014
0.5294488372373582,2.4964375929093507,1.61828193929264,0.7518915921739773,2.731984723855242,0.9378488851878026,1.2100864834019494,1.6048818479988098,1.2480137913826947,1.9869839992425633,1.9645049115950706,1.098631323528228,-4.826621202849792
0.7335829423391441,1.1390979210113932,2.2144136169137014,2.7172343402203576,1.0827425733683462,2.6070236623194183,2.3263241586986365,0.5739109357257935,2.72720185400361,2.4787323297242763,1.2235515986569125,2.291228076682708,-7.604976750391744
1.481639502600662,0.6936604193381501,0.9169902533666408,2.3516033905892626,1.0003045810134927,0.6555465892695398,3.0911938767601885,0.43524838660757725,1.2340972549217593,0.8911086743369556,1.8722610832154927,1.0449293179625052,-6.609535754791457
1.6058073672785376,1.769009064692607,1.9668077231668422,1.909566454144971,0.3225127203475562,0.3533550898338618,1.6281956396657333,1.1336612425685861,0.5283727423101774,1.5861546721253394,0.6063157811834302,2.1729516901994916,-4.8394121078308565
0.5254963824659142,0.537197559193929,1.2147392502689467,1.295089915608153,2.62395729139697,0.6181625344582669,1.996056585699556,1.8227354822780735,1.726917445199132,0.5398058746288472,2.2690855651312747,1.411660230869761,-8.147298922228053
1.7802735946109058,1.3952146691803562,1.9760892447617049,1.3988123842565734,0.8542062764108709,0.7672779409280784,1.5845949038878664,1.5133694987707287,2.267108973025191,2.2686611116032918,1.5779467977972237,2.483199592428756,-6.387557488703014
1.2739944324207442,0.4572567216337775,1.865518180614067,0.7551850529702155,1.4792274377577717,0.9174372421444166,1.6772839858831305,0.5999374503456464,1.725712294838521,2.4372797326977595,2.202357452321578,0.7222285927893571,-7.773328600673118
2.0190161792155497,1.6515545008192076,2.1852244724989114,1.7693407201955342,1.2540355632227238,1.0258935810669758,0.9086819671064881,1.812278116472552,0.4410694667419877,0.8119438856299287,0.7269266788212525,0.33785419318210913,-6.708284231366984
0.6613656501885276,1.6704650520180078,1.9257935110530278,0.8913469228476474,1.1029353040326428,0.48745596408737496,2.5671742255372783,0.5110891264281567,2.788571243222939,2.9347859263348264,1.3454379009039,1.7573774418280237,-5.56592088234992
1.102297675027129,2.3589141623433885,0.4734252539996808,0.45142546856968124,2.099556954138109,0.4986126136043174,2.988262918644071,1.8377261364584778,0.6458333691906677,0.7176079668776059,0.847398627228378,2.5469230142927692,-2.497355460977656
2.2130337484291345,2.52494352693598,1.9906626880161107,1.9957519686092722,1.732551559334645,0.586260751324692,2.1860541030691856,2.454430238503586,1.4216213173484697,0.5909160932510036,2.258988455598507,2.5545694563645234,-5.170860116637374
2.077115991051625,1.817204960090017,1.8856321511212621,0.5559051645358074,1.7578898594294914,0.5606647583834348,2.9649247890930983,1.2512873122693589,0.8335749248686173,1.7431506571145698,1.4515056310145276,0.9720778649667703,-5.227761644736818
2.485385799185755,0.31743241488814466,1.0057942010299223,3.143701342320301,1.0900536194787536,1.8852767157151769,1.0334615486933563,2.5220065935295115,2.149029001579946,1.5417240988589707,0.9118496821655109,2.7788701362564066,-8.352390207858344
2.0973431168843706,1.884411376414873,0.8316793273946999,2.844029408141507,3.0186517792750656,1.8935561376069336,0.5479290845176351,3.1244140065520183,0.7663319875688406,1.8567120748038128,0.5769006438074169,1.9352325732421172,-4.7245404673663165
2.3822698229123898,1.3664331874620474,1.6251969670498374,2.8947764181288216,1.847471293621264,0.8776380292977759,2.8620136930291795,0.9066732066881329,1.7488155514329058,1.6057895162535092,1.0396066461822075,1.4807098694307343,-6.692123486568887
1.755442343903367,2.766875924181282,2.1802695876789198,2.534470320282582,2.908085976317665,1.7214003714544697,2.7524186031510007,0.9954487044873037,2.872469402162963,1.1344941531501238,2.735101950063527,1.9956163201402866,-5.608128247769622
0.6164296599748926,2.67930302349863,1.1638163772282732,0.7621512280039622,2.650941090430585,0.7051516623294154,1.046242326797571,2.9493000446975866,1.1400475315326601,1.7068361190861707,1.3441318960493824,2.971408245102099,-4.041980593304001
1.9538716216815237,1.986841591783782,1.8097771917047034,2.167790387640759,1.444283836281377,1.5383780202827968,1.302904610603581,2.0799144027761987,2.9804527521144064,2.205892327420956,0.8430867615557409,0.7809799150176168,-5.7180499363373505
1.7499177622957878,3.0862457071836693,1.5382076135123737,2.2065764203721483,2.809929875044504,0.6851135382749844,2.8973733288932664,0.7993971886963493,2.280543937097731,2.2026674617246886,1.8825205575029667,3.119635979067635,-4.362231757133392
2.4727601653212905,0.5207479558893714,0.8349148347375306,1.8940596365290474,1.2794125767225197,1.6780838047436932,2.313240461898228,0.6595175854258253,1.7929566412117532,0.9186715068772461,1.302857571425853,2.4305067193590753,-7.399212463959688
1.22801858894876,0.6368418243544853,2.1345367024759345,1.881054985092788,2.0885693875657294,1.855158648853535,1.936584779380608,1.5732946315674798,1.0632263806735391,0.9306204487336283,2.0321070649839523,2.420622502010867,-8.441379245987319
2.2353072780974528,2.3291015587911517,1.9458795294820315,2.437391386773362,0.7717254534827935,1.3649899690130978,1.0835223998330894,2.685218164069344,2.628741033664315,2.7396665101647804,1.954688008658416,0.8371735957409225,-4.977667027222573
1.2933757776233492,1.1246009486264308,0.7042788403673023,1.6062918524904743,2.1662043276542926,1.219285395667993,1.4783152812945861,2.2612652029162055,3.08448717966066,0.9589984405969552,2.3007754792756967,2.6875601132783156,-4.271156565886219
0.9171241303176587,2.2345535147079314,2.0807668866247835,2.8011691157793797,1.3838445045134091,0.5224450277953017,1.4278412265133198,1.2221560298927192,1.8297118650656592,1.645667104248658,2.012614738878738,2.0650157810009326,-5.84050707859256
1.163406371243434,2.014263965689576,1.5366492131036038,0.9780526877693247,1.1548637376714572,1.1244201333278114,2.1152142171032686,2.145327304776424,3.058906313420189,1.8755524193993416,1.1144300670961846,3.1069404914898513,-4.468622563864884
1.240689344919192,2.557341723640474,2.062441075139399,1.546363627699811,2.840735738283156,2.2699791200787853,1.0918074520149719,1.3598271801369564,0.9548223282834201,1.1892854927313739,2.291968749668358,0.9312524613721735,-5.848282778559017
0.7590233220198546,2.0870360080251746,1.9009938597807612,1.8347978310741793,0.6863901796276723,1.2411910109043383,2.0569581298442636,2.6395627366429473,1.0535436620298655,1.289582541766348,0.46168087912238936,1.365701534049113,-4.840182340669897
1.4299790116560265,0.5504944957447926,1.0967400474512954,1.5562271602270346,0.4158094301071982,0.6090150138210224,2.0264766056671677,2.582929999259853,1.3996327929029155,0.4503081957445291,0.7439191291598192,2.8732893234070733,-6.804446741990333
2.415420366649345,2.7691594884559954,1.5510226099330506,2.047228336042629,1.6752129349338407,2.807051394290171,3.0708683142502036,0.7843000044203032,1.7757620398823153,1.7974015517516397,1.2614045819132764,1.4620355335362771,-4.287296021494681
0.9461384592518949,0.4246791316111577,1.3256775632286784,0.6418458765995203,1.2692179887709296,0.6806471092292379,1.2759541964050531,2.937919616723693,1.6045251392922888,1.553947113325865,1.3352536297652373,0.7525522409677015,-7.502142873099055
2.697509404655093,2.4742092481392546,1.3409060244320012,2.8285133247824863,0.408924372564312,1.1497904763080782,1.9853700861205832,0.5946422328814651,1.5314900867478827,2.1499981034862565,0.7037533832981336,1.8665211743539256,-3.2528640860232905
1.4733016335558757,1.2687494185513006,2.1826796330629907,2.3418772274147157,1.004326208098461,1.568301793459237,0.45421285518130905,1.7107164749212742,2.250474189834126,0.6507046686079055,1.0991905564607056,0.7778617599321608,-7.4003535972446475
1.7145595101083049,2.2369315384062407,1.7379749238266575,1.0563844692738864,1.9698488302948403,0.4589657843296891,2.1684597257092926,1.316458680985808,1.5482889007188814,0.6215879097923142,2.298462357635675,2.1267476031173707,-4.89795567061931
0.5387982271896821,1.3165336244847783,0.6285971764104031,1.7593695019896305,3.081760372589502,2.4742169842634585,1.0064260485845486,2.764667827226015,2.1284963730044137,2.5470136201176903,0.925969195585451,2.2450964626821905,-4.2561490068055745
2.1825900742375937,0.7145034321550497,0.8855563793036394,3.1261273047820146,2.756798007633425,0.4524471913882938,0.5582014588123295,2.859008995511855,2.696881425376369,2.173269987880096,1.2199148776267281,0.4021997088710995,-7.614449743075169
0.4285511405049363,1.9931322534598213,0.6636623454939853,3.1507071984400974,0.596892894423849,1.0576148061813588,1.0220008740806599,2.3970571858551373,1.5567364095838023,1.5482892168915068,1.1037341014976734,1.473788437194109,-2.6533552477506968
1.5372777719671573,2.453607358791624,0.8272856000556458,2.639007706398739,1.55558145921207,2.1821552318003055,0.536767658462344,2.808191739049463,0.569349204108665,1.6656941099917313,2.568227080896826,2.40842671330215,-3.7550223341515907
0.4033499942394646,1.0140096159282643,1.0288364744481937,0.9893237502877681,1.1641165653605887,2.4560538379451478,0.7562449942927796,1.2401567647043545,1.7862359258866514,0.43722031449001597,0.39969759491796947,0.5264993852158641,-5.4748252232139585
3.0352375306406643,0.9148967829443135,2.2444701574296344,2.4441917234860786,0.6501977257296014,0.4937768594882662,1.7858445979916142,1.6089731960155058,1.2001516447044354,2.7317699319082207,1.747295141920672,2.7149669139183947,-7.3952446354074075
2.0105600107333377,1.919553345835184,1.6156132725868393,0.34354774342268607,1.633212808557353,0.6705136333785064,0.4163555455477737,0.7854612264144334,2.746911714178984,0.5309546481421208,1.594428744567241,1.2219493038129907,-4.677660016955356
2.6593271876267663,0.49615204261973156,1.184687605464683,2.411397789637011,3.0268146420316575,2.6923967205501675,1.662973188968569,1.9528548134419406,0.5327295027053324,1.1684202480526054,2.60461454044805,1.92962406556308,-8.603017272359363
2.636322590466438,0.5191718156506046,1.2275126695939826,0.5655115587878274,1.0433644084890952,1.069605964141122,1.2767857230454154,3.0120764720240114,0.7161359686477147,1.565009482652779,2.2369533967980773,2.917349604047812,-6.987954781706409
2.4326692761172017,1.4856463357286858,1.5744796687778193,2.237489607860929,2.637407209356432,0.779772040884464,1.7306382125904587,0.8759575909595754,2.0873282384363416,1.145401510498203,0.7906078734025135,2.646519454152957,-6.510345842993413
0.47369964510020446,1.248771124638688,1.919059150461195,1.4135125241715627,2.302476297582048,2.061619912845373,2.6920043583870066,1.2025440758025534,1.1948778459187501,1.0784316563850287,2.4444771828939307,0.7932172723835872,-7.3291863082639965
0.45685386386645527,0.7235482873711503,1.7335023512494099,0.9607161992263478,1.301149313310613,1.5299459609287158,1.8267227553051635,1.523747542640006,1.4182137642457555,2.356665497896807,1.137989536650922,2.946728942169048,-7.416995567666798
2.9369328578213842,2.6498611770670384,1.9430747505582353,0.8123849673993295,0.7207135949785857,1.0954189169015576,0.749228783372686,0.5288445093118983,1.3256457664704528,2.081871853563043,1.2262619123212462,1.0603539193020384,-4.145149885807807
2.765113289508949,0.7384436213110288,1.2212139642642097,0.8007192752036996,1.937212559014369,1.0887036655170397,0.9053175530133106,0.3916868623907888,1.8584017685760517,0.9149603846393861,1.7896830032681275,2.967831360086087,-7.21512984588444
2.3629318789190643,1.5646091551715748,0.7477067944902185,2.522910098084348,1.7505776409515976,2.975945777839546,2.5597985252914564,1.5404248542709909,2.1848661929441673,0.6127598768256297,2.0999162869173627,0.43154675302211243,-3.635917488666517
1.825085261546708,1.8481023251708915,0.6832841133507126,1.0582336365444698,2.2027268038071925,1.476141920467396,1.313655863253039,0.9666190453643537,2.153718174953359,0.8252017995403913,1.4622237407677727,0.3405198387934337,-3.4679839850854006
0.8371260681974158,3.1395095526076147,1.7597292391721988,2.1272488686163395,0.437975512318543,0.5047168453572535,1.9886584647854646,0.8382056554639334,0.9505862679742298,1.2785572268650784,2.2213519282545557,2.8536310937143554,-3.4040961592584487
1.9859586928243451,1.372019186891127,2.1138226957403123,2.223433578149688,2.2232969137836363,1.742579292564038,0.34350246435522797,1.41026349986839,2.593120526985279,1.0058032962302637,1.5086911357066521,1.2045821691272127,-7.817030268278498
0.3479381889749845,0.8137235300198699,1.798615872385482,2.44215166062611,2.1495245227651187,1.3770129901987351,0.40488525802372516,1.5610549316097866,0.4369327870135415,0.9372727947196753,0.8075970975908864,0.6310214148838564,-8.430519882684585
1.2170502867974853,1.4549495720756447,2.0053483367764464,2.446370451846488,0.6472831531941869,0.5173696335163889,0.698546726914379,2.9550328289654177,1.0069221627189906,1.7770713301617536,2.3503401476057886,2.857053307238478,-6.552093705177877
0.7802581238974571,1.4446367504999649,1.01103645040218,1.3974644120047746,0.4886327606283615,0.3330240804609884,1.955178658824346,2.441664238518519,2.5236175792201307,2.877010784633266,2.4214591757772044,1.1367289481727156,-3.532290521558848
0.9722225947906193,1.4072039609829345,0.680978378504896,3.027537163399163,0.9468760673154353,2.4041139405900624,0.6039602929003702,2.2855885463208967,0.6327334469355324,1.179669851389841,1.1504692080471624,2.5882594584241505,-3.7261485612710197
0.5955213691999404,2.1587203395494883,0.901944310859474,0.46186059259945333,2.0580097512772926,1.9234668785507762,2.6265387277466363,0.4043292263807753,1.8744385369906944,2.682221881380393,2.63266605525788,1.2319070105970646,-3.3242605458464016
2.609533519664354,0.3626629571692907,0.5183799721574693,2.009571996295469,0.8922028077395983,1.7935665263657268,0.8592042237497284,1.595526227363465,2.716492392928151,2.423916202343551,1.0470812966980145,2.753717218810401,-7.000877257117663
3.1144638276078367,2.1461174692281806,0.4682748100066114,2.5752390789132322,1.5976690266584028,1.5354938072218407,2.592803663854432,0.460317690892041,0.43010309416982095,1.052206144187635,0.7466750980941763,1.7600184807789498,-2.674696891598495
2.385215639277208,0.503063442088193,2.0939108094077388,2.4031713070233063,0.8354711094694367,0.8877491287380308,0.7909820457156083,0.7680965880753661,1.463262632409831,2.181588090918354,1.9286318570531935,2.046145886519404,-8.095174731926459
0.66340639631514,3.054920677752518,0.7970138535866378,1.1331062699465846,1.0635610579424468,1.3470006652192963,2.7910187415104915,1.871508677639076,1.1210653777098316,1.7624090632964202,2.6575381960675024,2.3376138779788436,-2.8329589899640384
0.45703743202816594,2.1348721981095813,0.6773272943024402,2.887487488164516,2.7614125775328797,2.5878714887074237,1.1849349067425656,1.2187559223020532,1.0962195661840404,0.7642176029797876,2.451185160511766,1.0940882297902688,-3.7665356346674774
0.6063039314735404,2.099746375735514,1.0663673937800662,1.6751615771005572,1.8513559270755011,0.6213148977841612,2.684412028146869,1.6918039769840634,3.102267069665324,1.0544323475415358,1.636097395636439,0.9896507899855749,-3.8370879975909333
2.4775166172730483,2.1935325659735327,0.9922411719909674,1.958224422763492,2.092795602866167,0.33768635093056304,2.0812337057740242,2.223281792779574,0.8376435546874705,1.5927777510573422,2.4501181569680015,1.975204298803151,-3.839148031223254
2.877779008396001,2.112525718662563,1.684005926700471,0.6258586086123177,3.1457268287242433,2.6672913056884577,1.7976360129392903,0.9591596429938021,3.070894215269173,2.3698005589788718,2.1757823622061387,0.8476074983676112,-5.1687677225723965
0.45223020433220396,2.8177020462920668,2.2177027565332135,2.316252090200881,1.0275551612864364,2.503345157060136,2.599983489479976,0.4477185621543768,1.594740763220102,1.4491676869963703,1.5969803058232916,1.3471455433584423,-4.901001011802717
0.6549609238476514,2.8945156800509895,0.6668446987539056,0.6202841941178512,1.7958330644004061,0.6387366333840824,2.88433604028885,2.4269329515872515,0.843969673349535,1.657487975542866,2.297730869977668,2.4997502067141366,-2.757896024558007
1.3572726000523554,2.18135883347614,0.7375267707600042,2.461440578840457,1.2487480822839976,1.6872015353502652,0.7722649636116317,1.6738040503565434,2.319200832355932,1.049538285466423,1.1945752051106935,1.7016477436668014,-3.37799213894411
1.995430129459651,1.3095635011839843,1.7570319964406744,2.5100992416046535,0.48567126689602147,3.0585491789549373,0.9713879155881426,2.4997117284445367,0.9822232921571656,0.558057201291169,1.3702274787360047,2.980982731864123,-6.22054628040659
1.5732092967331317,1.2158381101470577,2.0222968608352208,2.682501460066141,2.1715627117993113,2.8649878915141613,3.0296279389768626,0.6544715532760945,2.3484739413348583,1.4998377669366305,0.6709094218879402,1.1789365428612348,-7.864870024823752
1.980813714541752,0.4406712547646404,0.8492293586557328,0.42086418214487725,0.8497821847228473,1.3881127102774735,0.9760633696350323,2.3678439086442715,1.9195840955140837,0.6539021631562083,2.332500114804953,0.915635817729131,-6.548095075754294
0.46657628338190754,2.9886645450965954,2.2088200248993535,0.5984422544420265,2.4156574231668224,3.141136231687782,0.4644578837712715,0.7571154790639443,0.5630675361981945,0.5194722096372757,1.3926634851172373,2.4885992721793837,-5.148710159704824
2.5276560653231246,0.3423616979804128,1.7148437846288342,1.6533770445568736,2.16026726977685,2.8295342178026357,3.142495507337821,1.281750349515434,2.777720791547835,1.4034150616103438,2.280762437105707,2.988784481568872,-8.622536613202042
1.9411077837842932,2.9177717423129175,0.6021525810313731,0.5587559375174975,2.7013616454655978,1.0415160854199985,2.0549070856869056,0.504322940977024,3.039682370902929,1.9553808674144522,0.5615999784428253,1.6160086434968866,-2.8457635948551157
2.6515383833625554,1.6947990220082547,1.6279037784364299,2.794358759469307,2.294153911756763,1.96300258305993,1.1697630563173087,2.491363523750257,0.4875913274818698,1.8501627581616762,0.5510486952942855,1.495702218880017,-6.395428372181948
2.4458227274318696,0.7498353051136197,1.6621863914467674,3.130913103529811,2.0488818284605204,1.9824496426046045,2.8209683164651373,1.3400150801840436,2.917771292458275,2.5254423819621827,1.6619223633903109,0.4550473982544446,-8.381921575915232
0.5079321589700456,0.8645762517273312,1.0457172891194992,0.41430397481341136,1.3548952063607238,3.0426520947406908,1.954369493009399,2.3184146767940246,2.7140072042853154,1.626970634841995,0.8292218843532009,1.6919744873449556,-5.575494306888333
0.6976585086785834,0.46073718169040334,2.0515196092135017,1.1072475813062161,1.8584672661137438,0.3630778039040342,0.4672464683809935,0.5554097011479802,0.6930580004467326,0.5050707641158567,1.8019314127046406,0.8553475955713963,-8.330239798098347
1.9585937688907111,1.0483222510422345,1.814531848326783,1.6832459494903464,1.5438408664866747,1.8296380233854022,2.971445677245163,0.4349581525084453,2.665124221570857,2.375328672018548,2.145482478537542,0.9230580711017149,-7.390648248711181
2.347854524439121,1.601779735746663,0.46641926938530154,0.7375053958555999,2.4445264066741657,2.501214996876753,0.8605872235060923,2.729462911118777,1.821973129547979,1.236121936427069,1.763598255114076,1.4844305642833677,-3.1933111781451773
2.7579980888505484,1.0437314928988615,0.9043649181333746,1.4055123674869356,2.5894500579743203,1.2327169332481032,1.5920314068568062,2.70806041393039,2.0140339154607005,2.8053712381562477,2.4605799121696004,3.0179986423163703,-5.336805673446362
1.809953130163877,2.5242472368527014,2.0844262705636503,0.9131998131984598,1.5944398477213746,0.9951845166843272,3.082847709965599,0.48367766237436594,2.293517331046237,1.301297804197774,2.6525003065338546,1.142687179252106,-4.828754241556818
1.938907077423509,2.0461700290251925,1.017716136070581,0.3367107432218956,1.1865031559814783,1.651017376765766,0.8016832891426511,0.4657875089711639,0.8781433390684681,1.333521542369227,2.0412984325659713,1.0313140280639213,-3.3368686855761873
0.3471622172266344,1.2951268697372855,0.9220596195868545,0.7481526828869711,2.7885376503045194,0.857862935715269,1.4346247048687246,1.040121686841696,0.8538204676202144,0.4739499880741951,0.8846238832719915,0.6609631933965323,-4.569717511018489
2.719059479494444,3.0380730840766303,0.7937567614915253,0.7059003854656316,2.2825134052399867,1.3519511777466096,2.2029339983065546,1.9323821681291997,2.5065958239657156,0.9985735661201721,1.6427073262530048,1.6198891911859215,-3.101739536963187
0.9416393464106538,1.5276222747725596,1.176250005173176,0.8712039972035013,2.6566230830331863,2.641576276142382,1.9462140283973028,2.9345216010847017,2.7767217296606383,1.030702224458211,2.7638132738693475,1.0041730427578364,-4.896910960147689
1.6319961446922506,2.6280415219781803,0.8195351215197303,2.339235077605678,2.07231865346781,2.59061432063334,0.9806491223434903,0.7395000350117842,0.8747222451005183,0.7777611528048778,1.5701690327174163,1.6677278653061687,-3.734137465125812
0.7155818994238584,1.379234442453863,0.5280103923253094,1.1146984105126851,2.3363937200144766,2.834732692383322,0.7951937032487876,1.8640318156139586,0.48359435597256445,2.2596733001164524,1.0309109331595079,1.0467649125113043,-3.6837283232101434
2.50237086734446,1.1559907025389213,0.5649505294880943,1.0989399358315421,2.272335783586961,2.630361832094739,1.3332954124187493,1.9097457781526839,2.6888612312987,1.35329330553446,2.0511261975734194,2.665569461942731,-3.742099068386979
1.5624282015592288,0.9739000001060389,1.4983392303407093,1.285804875561339,2.6086049115535297,1.710637071595032,0.7114499465054668,0.972708464554279,1.0139417294728932,1.177724779737573,1.1083009601957445,1.6080992843034085,-7.606804719267094
2.6878438646895444,2.3365433636717325,1.9698393812836597,1.147104129116752,0.4468305154455654,2.8932211918965076,1.7063029987137075,0.9003806790542308,2.8407527015148197,2.6103122321667867,1.1583364090952777,1.3884198384857322,-4.165239393374632
0.840373902641518,2.376552228500947,2.1168871696789386,2.5325138182309934,2.8236205148623155,1.6435981241527566,2.379686914242201,2.6671031786269555,1.387177941836277,1.779008891874786,2.305030516101051,1.1041599264365578,-6.0200031087526815
0.9290324015646856,2.6999317226435995,0.6664227799940279,3.142407401456308,0.46201486603709563,1.8651122569899883,2.2384077565407083,1.7473125432253425,0.34611496445979645,1.76839096677256,1.3557615818980067,0.33119412990315533,-2.406137208029011
1.0888124559481887,0.642348320457037,2.1502492144645466,1.8509864261130384,0.321086990134182,2.215995879476852,2.327614472733151,2.229557104381242,3.130862831253535,1.0353307274884274,0.651265463887838,1.2999642513573086,-6.935086446131439
1.051617866321522,2.730490900222445,0.9495221184416636,0.9966893294919499,2.8476627611639973,2.637325577150955,2.04794314843481,1.435585892374991,0.7309499982778414,0.925534958981901,0.4020286487038492,1.9556508218843578,-3.659132970559387
2.6176904898025706,1.4794062771994254,1.4360814452139967,0.8635533648770801,1.3662635139108112,3.1557873155781344,0.4205638771412065,2.8659674687573125,2.891897409192404,2.7279027674665253,1.1193377227492418,0.4173121326224696,-5.624290235132752
2.316765035002748,0.7693656652096102,1.481387387463593,1.8833880965290568,0.7307435059563943,0.9736953885213551,0.3792608949969991,2.3919064649618016,0.7235611704166928,1.1935054149048583,0.8346644095382019,0.9592496543291134,-7.320364361707373
2.5806248281589643,2.7475931213569216,0.5117166821113195,2.1254393721080724,1.4567589690919462,2.069571257064481,0.33413130471054353,2.5030835670140243,1.6079850476107223,1.4704378328740866,1.6346273940668183,1.2254207813533589,-2.895602465579498
0.7755337085153138,1.711895953770345,1.8136832714653528,1.172718739276075,2.0596464396567855,0.9137704582669113,1.555971962009126,2.1275292755421233,0.8144796544453967,2.9659910320887812,2.0900308652635426,2.3405089036098254,-6.1104593670369995
1.9170087719940576,2.6818322965250516,2.1523406493019315,2.2841231939962854,0.45750526577226064,2.897936034710812,2.476367597880228,2.779638618053131,1.3525746878385312,2.7530706978917516,0.8883638202637576,1.1077120036461983,-4.2872440919044275
2.214703780446338,0.9579111892947076,1.8461933831771018,2.569828675405504,0.5044406542448167,1.8006873171318303,1.7622448718661856,1.3204541838557677,2.9915706024736726,2.047842204682045,1.837934156597092,1.1303482320062181,-7.018922751267019
2.344605469111623,1.060135794550355,1.6459976249192005,2.3902174201039643,2.5151248725396345,1.3329402153444985,1.620371268753076,2.338650479993291,2.5295887214295565,1.4569031993160648,0.3900562860504006,1.4946466033687016,-7.869853517302788
0.4073187471187645,1.1153610425436837,1.7267442559145039,1.3149351814366217,0.5683772768403161,2.4934037557524906,1.5362754460399444,2.7840127362051783,2.2979811301560518,2.3613732707855988,0.6616107207304731,0.9634658184170426,-6.298885234352472
1.8443228730407424,2.3495288719532152,1.001527684989234,1.507481086679032,2.231640248251379,2.2666074235757003,3.025258018569419,1.6630479256393882,1.7465883981180876,2.2998228128981903,1.4263637159385982,2.8305789060155457,-3.6871788196214226
1.047806560376317,2.8990444005100464,1.4756060504629935,0.8812280213983212,2.440572402649019,2.088885571029149,1.6741178430618007,2.8020221826335683,1.5124489649403703,0.6660504071415236,0.6645192742429784,1.9830496814297234,-4.275750183972046
0.7502674824692186,1.2388646612773855,1.267867133624393,2.968692625477723,0.9874734061565935,1.9383037958778158,0.4967030149142265,3.1340065329607545,0.9182700963551398,0.7830706655262868,2.336352639851882,1.1249037254712262,-6.049371370280863
2.095181103823928,0.4077502835062774,0.7128346369959115,2.0382130243906373,3.0491838698987923,2.6812743011299616,0.43850262016564756,2.3783544198877555,2.575950824507033,1.3782739730944364,1.2151871705596484,2.3788679296538344,-8.206702865814531
0.4288195055142136,1.723030284080589,0.5518000896337625,1.953601510672144,2.0777303545994186,1.7267570710406703,2.0126517904533747,2.8284558133409696,2.914012178825359,2.473323921976764,2.560672768374464,0.6502603500882745,-3.136652909762606
2.869235513832,2.5165817340947565,1.3106476278076704,3.0456240198086273,2.330611341246477,1.4705613261116128,2.8476718364859606,0.3619602623515741,0.6112046698393518,1.4010389749579384,0.48482134026622686,0.796193309826091,-4.285476198297707
3.1037048257861195,1.701760008038609,0.5319188862291507,0.538581405953507,2.4854639388765394,0.4758990277139038,2.261577479371159,1.0953155651167028,2.3770147609751175,1.8983306383663607,2.6268897289311486,1.4302742630212066,-2.8235728126446986
2.4896810786707197,1.388751618134492,1.6789796964742298,3.1487844765664392,0.5871919449665823,2.2384348263873153,0.7602739244896521,0.6898221217758261,1.7013586001336467,0.43910483626666624,0.5585907476068862,2.0521403902940856,-6.129733789983046
1.192421043609016,1.6525079278136083,1.318639889312691,1.2279654019213215,1.4726909357676694,3.148577354137199,1.6937250141988829,1.0802015988669262,1.484096158181571,2.6615500964456924,2.3588548104172364,2.1534351145082735,-4.939302788399019
2.4139734834904276,2.9570196476899886,1.9824710185788716,1.9305293779177868,1.284211833414714,3.104301812109136,1.8120366301463973,0.7146505429627619,0.6263710108529081,1.0158788845787448,1.9938842764133569,1.248899620423667,-4.737904712242019
0.5282481731415322,0.8758681732789735,0.5449605496821426,2.4571831417526906,2.8603053365989837,2.53604770493938,0.5993315594490833,1.1311851923451184,0.8083431088515943,2.4804064295474824,1.1729469132964347,0.8604316394508877,-5.022625744007551
1.7914539366554862,2.1174775375665953,0.7091556434483766,2.114023346026919,2.6344943800295737,2.0922843882700612,0.5656928036639253,1.3021504252036056,1.6393974436835301,1.6371527304261189,1.133758679257338,1.527512288109493,-4.050078772220398
2.828881408193472,2.025333788158986,0.9526943063330868,2.5158228176228614,0.8575924500278198,1.676123091102906,1.39716769732909,2.6735236459421414,2.548369123559669,2.8655406122445166,1.9900884806341776,0.8869367083276789,-3.517489947834999
1.5486302380692207,1.9983897383846916,1.0091075440852972,1.4446697890258613,2.648632454208052,1.1354831808863104,2.0151351394143955,2.1425591568033577,1.6346576125657264,2.290139767880764,0.685078996002656,2.1916164325336385,-4.107545416232303
1.664798038449748,2.852272634050755,1.4572367395923176,2.9900582317597144,2.683528693515284,1.703129551636495,1.5162143493690579,1.0497929104262376,2.8195863584950636,1.03946493107529,1.5332296598957083,0.7542814911972928,-4.771532991416181
0.5347419333789696,1.574739587398199,1.0235912109192944,1.3881208050272102,1.1500965004041614,0.42913906274755104,2.766019556317611,3.1096653096404636,2.444819055015804,0.7704371467888522,1.295282713000203,1.8744921058703117,-3.862495187831351
0.8962632347259216,0.9924604574093727,0.5845874891616719,3.131723086690035,2.007580923011148,2.603254283480135,1.7435583303171152,3.1089307084933977,2.846585794249094,0.559781611030013,2.3261341775592563,1.5230608468240094,-4.028892628835315
3.026664758893598,0.540139628540159,2.1573174862931115,2.579428606555216,3.062788726819804,1.4402719609728827,1.9627135563531326,0.42471504234928426,0.9050116435391826,0.5765031463267074,1.5761209133585175,1.7313485925939391,-8.971878572406148
0.477516334009473,1.7837942102476319,0.7343358182540953,1.3656578803188724,3.0808076224937455,1.1417827069997097,0.5605030476530781,1.4532420168245486,2.3798102655475977,0.7119845691027284,1.311505702154441,1.2747067309427957,-4.239573757835406
2.8769286986166613,1.3897539966624728,0.567143134236695,0.7455394453256974,2.790483568217643,2.4094633986507863,0.8819292348008243,1.226346922184448,2.4747341376988996,0.6840939134700199,2.436994788285886,1.5944181584080421,-3.6751677796410966
1.9340772193041775,2.756331104830677,1.1184162759654708,3.009057487545572,2.7302659303333767,2.3045817694771573,2.630522111627929,1.0846042872727424,2.3253014936034297,0.3474226144116686,0.9150369738433826,0.8966381270565178,-3.9632217282658773
1.6826016903099221,2.384429695205438,1.419626745682549,2.6296523098250617,2.3507388014999924,2.9661891273781493,2.462455643775569,1.425079558284534,2.1639357345972945,1.852529692217017,2.586773784555555,2.710758059226744,-4.689701739817537
1.416579158507617,0.7326622386330466,1.138295425351011,1.5178004726256042,1.909723065827174,1.5739530638237833,2.8148951193631206,0.7014468857858006,1.2414541337677747,2.9542248640251403,1.3086493748194132,1.7924241781092658,-7.399730485483338
3.080763255925165,1.5159711119312698,1.126304153003604,1.3024413410531575,0.602752094386297,1.6848593749907612,1.5245251037568421,2.7213917150866176,0.899756235669847,2.889084628278722,1.905903836910958,1.4710491235825038,-3.981520285130858
1.3076792688086687,1.2793017638205009,1.9506129048612995,2.100188435178486,3.1489684605907113,0.4132773728390966,0.9827495841822498,2.3090156113301377,1.2100938928667166,0.5736593809785548,0.8750727386310426,0.8754075101568848,-7.934783654469136
2.960159158097284,2.849122694965424,2.05855990449802,3.022617770181025,2.6091519878783798,0.6907436597540827,1.8997304929105572,1.1870654523069075,0.6905338763508923,2.3887070030932573,1.3673350323396622,0.8695342838172182,-5.5583265303617475
2.1650911123885987,0.7394124518466441,0.8006397575526281,2.5030691696320244,1.1816651830127842,2.1691584446056043,1.370145390312872,0.6066924048700696,0.445758700568153,1.7455842209631653,2.0751154755224857,3.0587455137466284,-5.981113316436552
2.301981732603384,1.5350123245835476,1.1520527293743625,2.919493374765842,1.8181380188289231,0.8553217524833256,0.6719867469924519,2.8454946476651544,1.6791243025187899,2.4188033498728005,1.5602756025031186,1.7351198692267364,-5.515797547472059
0.889282507039022,3.0207224981624177,0.5561178156967643,2.701941017350447,2.6038792516625304,1.3547114511174636,1.2973390679165662,3.1585546051583515,2.9440014210869565,2.71875758842873,1.0053073700753097,2.2841880658388787,-3.1121632792152822
0.36802356562923727,0.4496721197795618,2.2318158991715036,1.6962812829255896,1.8335767320741612,0.5090273892880339,1.5722057419441788,3.090741858827339,1.7968658796292023,2.136328944205964,0.7367828859010457,2.224247509783779,-8.537989803818906
1.210549068745505,2.6435272097617153,1.1370175256164827,0.7915413022724758,0.78554764964386,2.1653033865173374,2.924634802176606,0.7517865486203521,1.7061862701460178,1.7377545867641566,1.6155296630811447,1.1178627325104187,-3.163194824823941
0.3763922469735769,2.731345838881783,1.274955021168091,2.6248731966245327,2.556749367906266,0.9935242058441485,2.3109063039941904,0.40995083687202494,0.9114695316492407,1.022929284059599,2.7249949905330477,0.4985276097490851,-4.2278912172918774
1.2861303462217677,0.9813166155162116,0.5718638250097775,0.8549281012594969,1.4392671634965684,1.918517416788588,0.8314423530897936,0.37598704580400377,2.4398595239987415,2.563371681671039,2.267603113310734,1.3683348040934318,-3.8739954883056185
2.2988230299136894,2.878956189328127,1.484107490485283,1.6932280406887488,0.8159933331213298,2.0669701198253847,1.718220073400404,1.5574870507927212,1.866170666604938,2.6365133554984785,2.4927462184929854,1.720968911216122,-3.7500134115380304
2.622365818042503,0.9664831210279572,1.3720878940874512,1.8476908033792527,2.010130650712562,1.3853236627541603,0.32575035756306164,1.3195451175195596,2.274349660938121,2.5950499065125108,2.292924611852849,0.31853518287701676,-7.561391691837023
1.0757024558246309,2.873895476818403,2.0670752739662266,0.568466021512869,2.2376677812378625,2.989302760538299,3.121863730854293,0.8609934859987094,0.5892982231810461,1.081194554947873,0.9015855474715633,0.5998237527687453,-4.58577406925341
1.2474528078305667,2.203567823523831,1.754961719528876,0.972488348087392,0.9764283835704941,2.2129890988552767,2.9719521676261027,0.3236716931455478,1.0479253717949466,0.578301730781541,1.3142547454031293,0.8533262440898051,-4.396032144642326
2.4182871140926103,2.0586090458678585,1.6673548405841758,1.9934140532732378,2.0671953265234553,2.72847674297142,2.0938569279008314,0.6643033101331627,1.954316092092208,0.8686736425502583,1.542651908505086,1.5069821119188718,-5.369663335852905
1.5829982910069351,1.9441609854428499,0.8593912854485903,2.5563884889739303,1.1386040655638996,2.1866843134375955,0.7230876212288171,1.8911859268397444,2.06757159153827,2.0696709015335015,1.943461651597669,0.35176710216546203,-3.7914593588712915
2.775617624101956,1.752571625898016,1.041207617567728,2.0019428628627387,2.8818384632764777,0.8806591976924756,1.2804748568957407,2.899697757102906,1.4875147570006668,0.3714882008677817,2.229682780349741,2.9018709115417667,-4.713580764159754
2.1067330181291024,0.8074753767198948,2.0171488762677128,0.7880776131543471,1.5525495120417747,0.720131881672988,0.4756688811337533,1.5526917224629497,2.9431995946996112,2.909088361764878,1.8457632609629537,0.911144443468868,-7.495639052577939
0.6246255043152876,0.4334123422711934,1.2325993621197142,1.2839242360278809,1.5381733112773466,1.3946193310478403,2.4605146626501737,1.3539948658221923,1.1910556256716769,0.645841001077587,2.6891062576710163,2.7018265351869504,-7.99623092442284
1.3788631005819818,2.464446668282351,1.9625115483740787,3.15527151964523,0.9668011522935074,0.6300373783855173,1.029246848020399,1.7752204099832507,1.8022343993619983,2.116184827878387,1.7607173537608862,1.9870129432777592,-5.1488162486969085
2.603075817301505,0.9345784365737448,0.5733838224949627,2.0664762033014124,0.6411421792789045,2.919845444843368,2.826098476516093,3.1262348899288677,1.7817949728216382,1.5048451433258532,2.505571522397828,1.8114205558799068,-3.2522229880250455
0.7672590141530612,2.263502552307723,0.7456216434219025,2.4299591752707066,3.023370886048551,0.32860650904751415,1.6805536680218989,2.809242237733691,0.9971993350515571,1.9800738421126804,0.7491752141737162,1.337369204177385,-3.6069273463022795
0.9358022376716086,1.3686806056405203,2.202569719896103,2.685422490926693,2.3806008223679154,2.3234842502111603,1.1463946111853538,0.9413978573206174,0.37714276942504144,0.4579872175580053,0.9058214435670111,1.9608350976332767,-7.9681637793786155
2.4956955712295152,0.8123119229665695,1.5203355148775586,0.5749192191188482,0.7258173496279567,2.126426748196783,1.1621845292483814,0.8955760108845152,3.031186646308889,0.4306463394355438,2.432482166559939,1.5193470061395462,-6.3164739698373005
2.969769704712948,2.507564803374735,0.9774917034341792,2.1333199393559186,0.6426677163111161,1.115522367641223,1.5736314071479427,1.3426337600132179,2.5415888923363705,2.571677039523685,0.6766188626495978,2.1084938249552208,-3.0179248640101783
1.6332255037936032,0.4696797284123657,0.8771166874821414,3.0378654753109497,0.7588573044515383,1.4315575128103524,1.2022364816524334,1.7008708885244086,1.4758356372934927,1.435294339780066,2.096469801869373,1.0233000911779129,-7.644959888125617
1.1393705653887232,0.8996988004427953,0.8698307294406136,0.3202503341499577,1.7735709272470084,0.7455675717711241,0.42808624630767783,2.3595983795887006,0.9658457929671973,2.6486774333570446,0.6149586309973119,2.961383369128934,-5.136890517459816
0.9339573410270665,1.1457750247014244,2.1014075305452202,1.24603541478691,1.0296117223384553,1.5030001861181645,2.4433915070825614,2.233813975724806,1.3182277024904427,2.474644823178205,2.1693480079988103,1.816439750126591,-6.919757932396513
2.2590004597494646,1.719169777548262,1.2516045786596943,2.9731587890416176,2.7536485235033243,2.5568568984278586,1.3825791977390307,0.5154718234543433,3.0429354559365613,2.3711882215668076,1.8424513721929991,1.3186314188130053,-5.509115969233902
1.7639358724513508,1.3245893588003819,1.197040613600294,1.4172444875015595,2.3623201298665566,2.669164677436273,2.176477616396299,0.8541152916939712,3.1419024897360286,2.517138164568861,0.6025264394529911,0.9074833676662324,-5.461235186181173
3.10661499025257,1.0015480726707149,0.4607813578632435,1.788585862547445,2.958866555080605,1.3911569048330887,2.6119054868838614,0.6095306546804043,2.893327659633449,0.5656052690395462,1.2011861588362105,0.40620448326167247,-3.1934765644570353
1.3805704308075348,2.9762937447189253,0.8787111287753853,2.430905619328361,1.6658608891737556,0.4170085820977816,1.6298663855875468,2.2271132024739084,2.813048343513311,0.7069489859174053,1.014216044527704,2.867670217006483,-3.316090285298014
0.7886653521115501,1.8354955151215249,1.1094324621240803,3.1158075181167453,3.1344616316065426,2.1905398309410598,2.086781188927643,0.876228176298244,0.8883272935825661,2.4962546726646426,2.1956267386499344,2.4531847679425116,-4.783926594777555
0.942501160346944,0.9975522131411338,0.85157585491297,2.007716311353461,0.344179231606908,2.5320646599669563,2.9975822118373348,2.4458513877760932,0.5443592194026218,1.377492787904964,2.1276331577467107,1.6872040858174724,-3.7744126631403385
0.5012514573217705,1.0910188242386099,2.090108373871673,2.6332950699495714,0.6336369611948818,2.2733864637067223,1.01776493692111,0.42003594036914577,2.858918963797157,0.6273343709924103,2.71110527339657,2.2113424060220686,-7.256510363732973
2.264784629315631,0.7814569594653962,1.7836318098480337,1.370111398568488,2.2098781903679368,2.9272705746347327,1.6232200900468219,1.06236317638336,2.6011885138902073,0.9473293761943004,1.400111360733792,2.8828818380385073,-7.971135591475107
2.8195876013156407,2.219103196418639,0.8223898703739125,1.0771396031328904,2.934090801959802,1.7262730792960612,1.9266189729744112,1.6413639364214658,2.8561835955363257,1.4933109389808648,2.3098483767723987,3.1051536050029704,-3.616223631815918
0.520715230023546,1.8994816921737836,1.920197162739653,1.887073201631854,2.046175412278038,0.37480166993789854,1.403233140800633,0.5458465568222415,0.7969419957091052,0.9164682593735833,2.544563510760989,2.4649928802616397,-6.19899134466493
2.5595761383279587,1.8192488168714556,0.5967317340964147,2.8991546089395883,1.6614718877018215,1.082713339325098,0.4885668178013305,2.851982465420609,0.6398852764685513,0.5120041369571164,0.5385466268748027,2.85148667864142,-3.5376182778845338
0.5164859281928328,1.0936205830002868,1.991053353416308,1.097205744886554,2.2802756820910135,2.994567096198209,0.5519376482848436,1.043920097007647,2.799148140076528,0.9869763000596045,1.4155634852481898,2.838243058901083,-7.660599791313474
0.9560186892076492,0.8299349131452387,0.6374816962955552,0.8248876390203708,0.3983602116173718,2.6838697075787863,2.3599278871396927,0.6202232810619674,2.306282174769258,0.8054415952239047,1.7258056094290417,2.8481668080955567,-3.3398508523083352
0.5823557375621311,2.948287306211102,1.1942928622806186,1.957354179527832,2.926780015585777,1.8156111299213558,2.2951683975297876,2.7961193245646547,0.6207311450661372,2.0363487026613636,1.1455722599124563,2.7203499987993625,-4.069866371834301
0.9978360351187388,2.591830102200395,1.3641462920115635,2.1626148878290894,0.6592579761284234,2.130685601220284,2.4852494209788007,2.346591912293698,2.7926295538157975,1.4364512835142922,1.402524933868948,2.7869315813230853,-3.565427327420607
3.073055162550022,2.5479930369794306,0.7535608682674121,2.311751384278642,2.4536522932535263,0.7295112361561381,0.5787760486539506,1.0100224524319004,2.592304666845796,0.6894134713360034,1.031695097828005,1.0811955118703187,-3.7837518929353213
1.9641294668668934,0.5087365674327601,1.042379462271475,1.5841529664508005,2.596383594454227,3.068007774209631,2.8316437575712974,1.6463227274632588,2.519452134630009,0.6687284039276228,2.181896672003804,2.100421587850294,-8.101363971092697
2.8718483862269033,0.48655036346747266,1.3051538029148073,0.32773348109334854,1.5224415998535923,2.8036705150741366,0.500767538250978,1.5074896287101978,1.1735562700609683,1.9677112939668022,1.8279179181817968,0.5181552585099268,-7.094369906546848
2.5698220377559244,1.7160047899160802,1.9721950799054382,0.8841057346013417,0.49817301458076213,3.0257440456314306,2.7272797861787166,0.6997659413795011,2.4901190693171578,2.8304927115436618,2.5948345515739133,1.1857529776802809,-4.905287133212064
2.3242430434888535,1.2841802375456965,1.3848762593705177,2.085718005330426,0.6211999007505675,1.1364810026679388,2.4238042718397077,1.4965817218246011,1.8933340332210074,2.632931310791979,1.8004729127431336,0.3346370830174906,-5.3004618600641775
2.0158715757364845,1.4251722027948006,1.7293814911873444,1.001280651015761,1.6937630936151407,0.46015137182672206,2.539555194187485,2.195220347598042,2.4954513952575472,0.9525470728832441,1.8064523644736925,1.743096170519518,-6.122627745254112
0.5798632798515247,2.7633021270187217,1.9090549471723282,2.3776266670496353,2.258269723784582,2.3861410742726337,2.391189565500267,2.5882786905535187,0.6352791476497763,2.6841152243775204,0.9628310716860855,2.733610571519316,-5.156967765032265
2.5085145865564957,1.5611959266444158,1.6808154216847115,1.04525421546426,1.7763132443327705,2.8888629364398617,1.239938293626336,2.53787213853944,1.819048771443779,2.5443774331044544,1.6670779367918935,1.6627839721926543,-6.058850849361479
2.7368115439285075,1.7750083390541609,1.3037631720743186,1.5080828087241758,0.3566444958726502,0.9887516178113562,2.943517697595861,1.502055108897582,1.830444454954397,2.1988755867615217,1.6862400836400084,2.384971856180295,-3.5116463285716657
1.6215575821888355,1.8321665183476183,1.8443722205258763,2.389287287652741,1.3751628104275344,0.5734334303724764,1.4243774531874855,1.920781582405176,2.833392737826984,1.4956651604469446,2.338482845259578,0.82828139313072,-5.994159575421021
0.38633808374914974,1.2515185390989427,0.6480681813845317,0.37767524357519366,1.2222449695306914,2.0392459140540193,1.9406441101938474,0.4737160521462975,0.9459884376289134,2.2182106583419516,0.7876125058938186,2.9647624200951332,-3.1314894592734057
3.116687391218327,2.577309013355425,1.2855848115825257,0.9556383634472616,0.951014002777099,1.6230061316701163,0.6858980925152911,1.4885903364490984,1.785920880899334,0.8538887299881452,1.7389367011071735,2.333597630426725,-3.669001343104782
1.8410943341272132,2.6547956315050345,1.5080690224792421,2.738619754798191,1.5185826174819241,1.374440454772678,2.545860191604451,1.577242254741393,3.0435966492763047,2.470767615633302,0.41804906950242,0.9355669853489987,-4.324432818136641
0.35170895856081497,2.14110159718113,1.7536518736346383,1.8706302191153032,2.4026374069253045,0.5108159849635056,1.882811106372622,2.995902549452623,1.2717718848701054,0.4288910423418608,0.7148300674948487,0.6941753864418991,-5.448720154286162
2.7035872495357056,0.43748082934214516,1.8057006346096611,2.71985143619761,1.9337373870179966,2.647113003211468,2.8099023856212826,0.9566981755170645,1.977984274283014,2.167454454534145,2.570524313168727,0.4354151528421901,-8.718133044601638
1.6981934170934674,0.34777784469886885,0.5467984599568252,1.9002677548324747,1.6387442547191888,2.174876662034669,2.274775872387886,1.2616761658159048,2.6238588763898356,2.2820521114117,1.654726234164448,2.1133904958636056,-7.506036163096866
1.9046486076953542,1.449831716121451,1.7350297194531423,1.7457542355285747,1.5416963248047109,1.1669739122284675,1.2167326788102386,1.368437755379567,2.9664706520259814,1.4261299853622562,0.540901816458023,0.6563392136508419,-6.580692071106728
1.611107544228187,2.9712086145031797,1.415423348305837,2.051615645311362,1.7191095806582901,2.7027065334466522,0.9762660617985188,1.6258960087361183,2.004672730482953,1.3972837420699646,1.4878727370181377,2.908930436119233,-4.412608827446246
0.5438544854556171,0.9908381219236011,1.8715694442276767,0.5178737882166587,2.44678935846916,2.433203815424786,1.3179616151747169,1.2106158440318366,1.1311377230078212,2.313792448238914,0.6445064054679296,2.3651606720175526,-7.181476483283102
2.844921907195227,2.7601976108571664,2.09984853150272,2.374193017406066,1.3068085065684738,1.1842438813893417,1.5963866104721243,3.0396773634711205,2.7957944020115204,1.452160415854707,1.7087357403588497,1.892978421278002,-5.1233768609193335
2.947411636627079,1.7067057023386132,0.5307633983890186,0.9430040690632635,1.0792747919974923,2.244513212901445,1.521594709898002,2.8737730276526365,2.202074737210257,0.6570063808846835,0.8579761632984144,2.059103824504135,-2.7683350170180656
1.2830356523131292,3.060343373377226,1.6385629995264595,0.49549756790470445,2.135344514342729,1.7560985018573851,1.5406198658304715,0.3434871191684683,1.2312149701248079,1.934852470568236,2.7503527869390547,1.384320335387047,-4.118538573732709
0.8739075598403521,0.885924614701521,2.1880448004330963,2.8055127816423395,1.3394744832978893,3.120748637515246,0.6532183123085079,2.1709357537120004,2.615337699469159,0.9422585234073082,2.22578657517331,2.8065004593486034,-8.209513346016058
0.7384787678539684,1.110560428842332,1.288081339537914,2.18870742126103,0.40111509940595125,1.5892675085110632,0.5559972805668667,1.3462014780060596,1.0486157494922046,2.533893368755024,2.3212408976624714,2.4839986425268563,-5.538815775531974
1.4775658666667961,0.8602470732488454,0.9388201250661223,1.2696157665131385,2.0963000984059383,0.40899460798575943,1.3997678236075617,1.371041732528706,2.926252622824228,0.9939202981379632,1.4092132963736332,1.0780111485255608,-6.101210040230549
1.5414939930600677,2.739077069776451,0.6896646475859999,2.3632702701050787,1.6446461265543038,1.2760599928895973,1.652384395331918,2.973906411032475,2.8875214257147666,2.678651858602562,2.6173372857095543,2.3450436966502823,-3.0952001002717706
2.575263335948396,0.7922705890862042,1.149341441242815,2.866485666444648,1.4868817533076,1.8761814803201518,2.872739606138769,2.7597854928078793,0.9511817630204682,0.6031751017243396,2.3334943612968155,2.1625464222337203,-7.414567359172438
1.2509979312155328,1.3537710505357037,1.0264538787050255,1.827790879441039,0.5541018223160574,1.8905711222404624,1.2171920420169016,2.0889004899548214,1.6579802150059761,0.7248634373142976,0.39151159204212577,1.071628513920941,-4.045620494792655
2.750226441328956,0.6029504049079415,1.9747438251253908,2.841429255363329,2.227961524939509,2.450844384890386,3.1247573170601943,2.5761888518603784,0.9581069494256194,1.7307991936850249,2.5311332422748842,2.1883261216096423,-8.686134359831042
2.550777553453893,0.5455806371285882,0.7727166904164038,2.8801139069216206,1.11277176221434,1.6457712901363877,1.6102005006231874,1.7611610911486204,0.7386547827286509,2.0885217817048223,1.2176972923074427,0.9329897371863523,-7.24767141323496
2.927437991230428,2.7976884540646365,0.5904946323044861,2.106880587632827,2.8728840182657605,1.9058221425815105,2.822050572766287,0.8889478494878151,3.0645565430222605,2.1428252318302587,2.4882245514087598,1.8511787807669966,-3.0108254692967367
0.8294081598260261,1.6914148312570965,0.8094453808978372,0.8985772276512283,2.1075117480747383,2.2044704826349495,0.838963552356458,1.1175440333739528,2.5615384737133313,1.1229010456847175,1.8533825200140552,2.5761030002189855,-4.020268444900731
0.8984667444437118,0.610610283025905,1.0840722661217979,0.3969975226171666,0.7664660690014149,0.8618279190870424,0.925537811012112,2.619624089015122,0.6029306217591277,2.5383205075357846,0.7002405466534378,2.05705939793551,-6.232185192186165
1.615403298633396,1.0834468728557214,0.8923749402763597,0.42905826091009946,2.258866964093812,1.010642047296731,1.2476042262421818,0.6882910272877487,2.1317887676216545,1.1253923751341732,1.2541831600914806,2.923536241393713,-4.637210378273307
0.6503897739851892,2.9973118336696327,0.9198269102438764,3.0980384294805074,1.5872747432799283,0.39400132493433654,1.2858202946848445,2.2098426898460612,0.9928595959152093,2.9476358982085946,1.0170161668848239,1.9309138440200537,-3.4557284212653716
2.174673418391986,0.7057608894940068,1.5641834964228771,1.0364469821650544,2.4637233321023464,2.281635029572457,1.1700522165199905,2.7887748926119214,0.6497875647468461,2.3586624478805343,2.184945428028126,1.352537848725966,-7.891425321601398
3.0137463647859892,0.7209653580516352,1.1689304113788144,0.6488463290777995,2.7188558976691795,3.040062398789135,0.8730341623662623,1.1782872673822482,2.09157861980065,1.0417664650667633,1.536657200787624,3.0526231397840724,-7.272847848951755
1.914260192712251,2.7102828542630917,1.6882739845639827,1.1921387110499178,1.3890005337602542,1.899696794606964,2.2862216531883353,2.13556203582185,0.8589847098337093,1.2652178714347033,2.7279460961081634,1.5108946860528978,-4.314421142520499
2.6180940871711185,2.4669084407856006,0.6795230175115374,0.7576801551556929,2.4769633805407127,2.0274033788656602,0.6236517538422282,0.4667014641742506,2.0838307513703342,2.670353321176427,2.5802852124404456,0.551678239784089,-3.4445758275275136
0.6801413103305721,0.426997632883976,0.6066916111559394,0.9991168154181473,1.6722830893573,1.0725350256942645,2.3558633083890146,2.8146221522630195,0.3913950451983967,1.262875177776014,0.5863897719168745,2.502851039528285,-6.880852687650088
0.4618698087549044,3.1226013593723287,0.8141445758110687,2.0412226084200293,1.4087952674096353,1.784199455116163,2.3382225439950677,3.0901576060175118,1.9496687286564658,0.3884458216516714,2.360705659965715,2.998102922508081,-3.066748760913753
1.5132074891592944,0.828888604216917,1.090125243369583,1.06472765391606,0.6359773058412894,2.442087260761622,2.0451944311269807,1.2681401152823295,3.147708164479547,2.153873941798173,1.465211738933931,2.9205823603152723,-5.88736543092404
1.6174431317684812,1.287360621271021,1.3610298686762234,2.8692297106893814,2.0335486682116475,0.5801147392303425,0.5267608162004687,0.493920933861197,1.5721380286297435,1.9832347543514928,2.6417472203361365,0.7095748788744491,-6.855074449880977
1.0490423464323706,0.3567054013609933,1.4324111581485321,2.5897196508311446,1.404539164735634,2.425502908399656,2.6688203469747576,2.9586571889243145,2.570779781072977,1.3407652293719332,2.558990208684754,1.2670298374154834,-8.538291091811619
0.7619513394827588,1.66280630491699,0.9897385824679925,2.27951766663254,1.5322201388921979,3.0061264997522543,0.5056955975583406,1.237106949834627,1.3445796302504138,1.309098147875265,0.4156731063431211,0.46903163053136254,-4.7675358129387515
2.0906032506400045,2.7781301460250445,1.6571637604413194,1.7670182705054776,2.9688957204637867,1.0434558189521863,2.5065490917177224,0.6193643308939918,0.6304259065917248,1.1546018520279344,1.4981163085184908,1.2846077771870987,-4.746759138070228
2.339446279866921,3.0647164723768396,0.5599341912980962,0.8491724646065864,2.5756877972948353,0.6443502074970782,2.468251324878115,0.5014977057285822,1.1146266877555455,0.5387688540351236,1.2281577063977276,2.5716938393993813,-2.752535347000583
1.6754634549258043,2.773479859238268,1.906543984305092,2.6461083571391204,0.6000256348455144,1.3053770052275253,1.7484749196868592,3.1039476407048796,0.7506529816858698,2.4120659875797097,2.3453690084650045,2.5801168567120287,-4.168512760879486
2.9423360603033695,1.4948901396675829,2.0476618112984233,1.8097088561242156,2.3471098085668296,2.365113246524634,2.8023835516840414,2.044526110349988,1.5960170433795355,1.216648861868064,0.7552969596714387,1.9215253376265828,-7.139713017141096
2.294186277929358,2.6744170651678187,2.071114218643168,2.921957975398388,1.2133200942110338,2.950720219857628,1.668807074293527,2.3279773531882775,0.3498544882421191,1.3076137778453834,2.3234034315905387,2.1193647090481873,-5.200777378733384
0.9095326304931879,1.9094760828557802,1.282307954108877,1.7970914812804382,2.502141338735251,2.0511623901197487,1.702051580603143,2.10763401577227,2.8115741764658067,1.7123936040334247,2.0650741776474675,2.0186666803194595,-4.962235773601811
1.2008491978219564,3.1014642449603067,1.482771859196154,2.035698492315006,1.6026420967023127,1.751931760692388,2.3456445652682567,1.1835608521375303,1.9160049153777299,1.8120382334513438,1.8663165262201635,3.1420441874732656,-4.080301877406153
2.143141590499086,2.1321078673434863,1.4434643445159656,1.3723162263561963,2.6960184765210884,0.41067607603876305,1.0008986118071608,3.0042195246805328,0.5874781776370437,2.8433044353955097,2.283550933157676,1.863734183431511,-5.206713265174346
2.1132332569786327,2.5515214185447967,1.5036248537678079,0.8931159677241725,2.369132060922112,3.0152423027107305,0.6501970451937351,0.5220322153552619,2.4562001168032577,2.4598201279815504,0.7104672317777361,1.680483061299611,-4.8498478328141825
2.533421945269155,1.7566049760460285,1.0868034927289159,0.8266315007089517,2.1527863774675855,2.746193039183975,2.415192782137916,2.434955430454495,2.4281678511256413,1.0835250001893073,2.0049974888722475,1.0887993182602664,-4.164134533037072
1.3484021588087223,1.8080271543398472,2.224901563853492,1.3261300711032022,2.0693742319991113,0.6857509705438645,1.4391466585814867,2.370646051299171,2.401684057837221,2.8578977511665427,1.8059092815841573,1.7183079415858706,-6.677689796597503
3.010972396055203,2.0152834033246636,0.46470028712161215,0.5761283991327857,1.2161040234429157,0.3793216262403031,2.8495537539477054,2.6179974419024683,2.1460565973430494,2.7718283091420233,2.115967766392827,2.1166306289202255,-2.39320324343421
1.2818413776148039,0.8768908549716372,2.1674211891136985,2.4917999220588585,1.7075696524097477,1.9470509060119638,0.3513961194355307,2.8383807438082553,3.1236189165987334,1.2226268140270524,2.5398608081370875,2.4011029366040963,-8.334285376809188
0.6210456559164053,1.608450215075486,2.1065378934382832,2.462388340081146,0.6170186495765385,0.6449125601362847,0.7456629703932054,1.8000690932444097,1.645128107931308,2.55903105439737,1.8790100788031512,2.297582180346155,-6.33540378483947
0.8681501199007498,1.7317280497664425,0.5093046440593761,2.3003137273791427,1.6874230827870946,0.36436026991612414,1.8435830267676876,2.0560787495967094,1.154434566734333,2.1904832599993886,1.9323525635697398,2.2873602714446,-2.890343777413705
3.017925959139686,3.005776256630267,0.5948196994312411,1.7192224665693767,1.9725459351103227,0.625806866526621,0.7735803254211093,0.44552001978281874,0.8686368391903878,0.5018318800770298,0.8166324825583002,2.739557546459302,-2.9869131337658246
2.3908688261816233,0.42119651037728845,1.7791256116432932,2.166199767388257,2.506433898708449,0.9565665549314701,2.000942093213845,1.1901392290083974,3.157150259152844,2.3287948416417024,0.9799587383071955,3.1005936103058085,-8.785936169493182
1.6594334589680504,1.2646915756270696,1.6125995136662648,1.5816672651949233,2.666378590868076,0.8745699839825818,3.0073627883252634,2.746660941747071,1.3952485415584224,1.1046769480505514,2.187253999657207,1.584686480150117,-6.881926398991522
3.131928175260668,1.0301945745382275,1.052309496575283,0.6291621005672585,0.6727009338580048,1.7305247777591857,2.142986601190788,2.5115437230000017,0.422639754256567,1.2442557197110409,2.4573064900134787,1.2887733329251603,-4.5760428338735455
2.8403782878965185,1.6390503422875893,1.95432708133242,1.4274082168827638,2.2428640953114405,2.7560507240937033,2.083593834835145,0.797285118456883,0.3956503693896074,2.6876897602801577,2.708426661018356,1.9512473332050477,-6.600133698151678
1.148615471274364,0.843380852817172,0.6073831333832149,1.196546114547647,2.1043509198989176,0.6114271260654314,1.104076437823722,2.8467801411935194,3.089968515191982,0.8286086276685675,0.9556767909706301,1.226448174994075,-4.51117334987226
2.1980682372765683,2.8333734304128537,0.7556369624798502,1.130417231338205,2.9797072960973336,0.37094869951853215,1.565983635087152,2.6752265474410564,1.891713186166385,2.9607282437520075,1.0971476215308267,0.6672690166216393,-3.335420079051749
3.0509385335371078,2.072492306167604,0.8172715831108026,1.8794720012844852,0.7820253567489668,0.36878888014168193,1.2924741147315115,2.816236337528561,1.2363597962111033,0.3983629221589578,2.6692686869268223,2.0718879323945374,-2.994945295788775
2.909272521392405,0.8935829459669071,1.4162246738365973,2.9627336302167118,1.35305957801583,1.2495617655746976,1.5128936847176455,1.8239936098732428,0.8476320488299154,1.0764136730254013,2.61053440785667,3.062345235708428,-7.655135772539305
3.0321593066322037,1.577383730730957,2.2308741424169396,3.051166866945243,2.4791916938963037,2.9409270478723206,2.698691281992496,2.5662746216361425,0.88986351537818,0.6415900311496969,2.3139602228187677,1.6553493660529357,-7.6126746632309255
1.8458988113487111,2.9299631052217294,1.9407309455712305,1.2773685262661298,0.9577682591645469,2.1206453188212064,0.4105932676428201,0.58711106091512,2.142615936579627,2.1526801642393902,1.1853512836083484,2.32583432339138,-4.506273730111366
1.7442440131170918,1.4916855679842569,0.5788232428704231,2.1814780584712468,0.6118040652617727,0.5444005453618129,2.2435750832671535,2.1920307922359137,1.72295569609096,2.6427642621081757,0.8121147745350337,0.5735661619496417,-2.644940634659885
1.3365589852991302,1.797635534359259,1.7973026848521485,2.607920274582465,0.513900171096604,0.5940297907030785,1.0140640786237816,2.864014192849987,1.817229246313203,1.0165372111405722,0.589706706380064,2.151664948284934,-5.114602027447743
1.955417697806916,0.9267827844083867,1.699409464845413,1.1678005476529907,2.4612826425191034,2.1847018075750113,2.2831642358112227,1.0658112247715592,1.1345117021475255,0.47714846157463686,0.5820325411502965,0.5713334423331315,-7.627775016870056
2.798378171522386,2.8838376446036924,1.161864183111511,0.38691872101233615,0.43492974064914225,0.6759001407779519,2.3362315657579256,0.6328726109375691,1.0296750938393813,1.1108730331993013,1.5397167452340363,1.326587441227893,-2.565916189647655
0.637872412358518,2.0059419181785767,1.3692991069933118,1.8591472686457893,1.9753620558695264,2.9989637858763,1.836147659964807,2.1028431156857352,1.7304341371767875,2.3386571452041274,2.1779420485134864,1.5455662117579325,-4.899993341533699
1.3753555889373752,1.4614403074552766,1.6648002763568663,2.7771269249261237,0.9558925593671648,1.9723954122613923,2.6216246794265046,2.513761062408623,2.924032943033392,1.149067380096307,0.8982818021812355,1.127568197398384,-6.028951824371508
0.32557000099864614,2.403765409620176,0.9751346581656262,1.8653791376013353,0.47741034274830757,0.7114656920020981,2.9415279315252247,0.7756624141838512,1.1483360242473424,2.615396656531604,1.9017749375755981,2.248614630867921,-2.829487831177666
2.9010689493353494,0.8613177995532082,1.266535589201628,0.6975076854727402,1.1523183177965908,2.5546113849665946,0.6283552274105602,2.783032865400589,1.8470863038397929,2.7237829961825293,1.140579106525258,1.596805908651593,-6.528384011714158
2.116403996964933,2.0457447497436614,1.6013128754784327,2.2443906867840573,0.7146137841699525,1.4374101950224352,1.4366922663331412,1.4211571562070597,1.438940744391901,0.8262450182396287,0.3687968688048712,1.2466317629815984,-4.539212676253225
1.9682736036983057,2.537651835633097,2.119718402586433,1.66010136063859,3.0763556627344473,1.1458688681342113,1.544951576282557,1.5159206332587258,1.9317192712588342,0.9726447396544399,1.8206467639356747,1.1159139802394513,-5.872001455311313
0.7262700446770134,3.000206809847889,1.4055410508282675,1.4857907374077415,1.701403485560486,2.0180361427449265,2.4345931009911093,2.7753603564488545,0.34080553524055385,1.9131173689596965,2.174094931422542,0.42394616460622114,-3.9812130019023324
1.277302565073876,1.0115806275288108,1.7937081855859753,0.39000499882902334,1.734368387712819,1.807821820395019,1.315155084133896,2.6298297769767105,1.7346929204697952,0.508643872015393,1.0855537169183953,0.6719451468536772,-6.60541189373596
1.2232041274857182,1.34291226163027,0.7315138442689755,0.6679216024904089,2.644547421810402,1.98752709760857,2.291170414303698,3.1435300416008376,2.2869386833519445,1.7309364050740572,2.155822724813967,1.1126206631082576,-3.69281523053973
2.321372170992837,0.37621053429244444,1.7699881152117718,1.56541797236641,1.58295957846374,2.1346775338229587,2.020143131999755,0.42960307672740344,1.0439687200234984,1.9402361641907406,0.7386942541512194,2.703427152687784,-8.354465016797196
1.8859257753967658,2.5199147989459902,0.8729190659861596,0.4816106221892877,0.6810015395167491,0.9016282435001817,0.5723225388708245,0.4398255528435422,1.6010941721438259,1.226738569768039,1.735949342678741,2.7889054870281065,-2.53728569140495
1.3129819511651395,1.1227955640327454,1.864660832054559,1.6777455211513181,0.7104344401474996,2.222632268233683,2.211206001335241,1.396041102941522,2.135272715524419,0.36239911488407345,0.9689331029315114,1.7124937095836748,-6.7270055195838685
0.5858280749609847,2.966784398881232,0.6209498268878727,2.873334793155361,2.4953803594784336,0.9045049520418613,1.5334974519247364,1.666267377804045,1.8496986670252429,0.7953234019389013,2.4693319918308507,3.0915971041926316,-3.146115102249492
1.3598446710331091,1.678611278297581,1.4673543001686735,3.000066160511488,2.7413015508349234,2.352103298404715,2.5547572789332906,0.47979451496505665,1.258499796949916,1.6236280649683033,1.2519234283496536,2.886429535459388,-5.72179018260361
3.146354830819662,1.3366060675865072,2.0089297956528527,2.768896506384902,1.2593404857490027,2.7746456076456094,2.8767450736910063,1.9046213262081646,0.6646999299409238,0.6585184811470396,2.500336327944391,2.7412566949958963,-7.236739160318468
2.125760476242463,1.6294267795111834,0.6161558052128514,2.399630348880578,1.141356576439943,2.944245647368236,1.6478687465022899,1.071148454321623,0.3236289183732638,2.216028076450904,1.3788640408898074,1.2081435212892733,-3.2167787562664447
3.1533769654215638,2.3244203568803927,1.1588745979583197,1.2237834127747105,2.3017295014891417,0.5787982555874128,0.7417230878296137,0.9490125547613657,2.531365943270362,1.9060613989543935,0.4772766812835637,2.376556686482376,-4.428028556291799
1.4642871954319123,2.3463712247455906,0.5344623872214035,2.1334649120145253,2.7060667534803415,2.1113479991658886,1.001878899542541,2.654322399458017,0.3737692626627251,0.7394170855159612,2.5767055643727597,1.7485385554078103,-3.315833940748595
1.9285037010691894,1.9829917218164992,1.8936751487996406,2.9270375512017077,2.5661293552086253,2.48061703374475,2.0092613225035008,2.9846429105730787,0.9857596491755107,1.5606029443277742,2.007519383244439,2.201483958878524,-6.285250875548865
1.4579245090236097,1.8229178831518202,0.6846894625441028,1.7738356529286512,0.8338054712346441,3.0037095526616224,2.2195958293039273,1.754727985162912,2.8152281148576583,1.2845417287715728,1.5496697306853215,0.6734635427109564,-2.998211518459943
2.2744827034501087,2.122973343432596,1.0948073710477728,1.5223168846783255,1.961834341342667,0.5533206495488809,2.2010996063132406,1.7239401278974216,0.36061107245228885,2.3031743825918607,1.6979768664284045,2.6630059693578043,-3.9847393132164686
1.8235971352579936,1.098112009818771,0.850208454550808,0.3482786064539899,2.8553222521399904,2.570511026832228,1.9334565996138084,3.0206439298750616,2.6584496568888394,1.4218305174032202,2.478878694682781,1.0072159936834433,-4.322022840848343
1.9883444384599498,2.754584738936566,0.9317414259352327,0.804921143496871,2.1211400591344125,0.8825499177303946,1.5886496175100988,0.6502595600560224,1.026198731252343,0.7967993880120776,2.6980491280897048,1.8021421233077617,-3.407820629966898
1.261476341791244,0.9032473064441351,0.5976601578985352,1.5749517742009953,0.5626230871632346,0.6279583802368854,1.5533153581554173,1.603419723954084,3.0915347089317353,0.7347655403961733,2.2555178875806234,0.8255542001111478,-3.31802118975236
3.148825282553694,2.4759713427966132,2.039998767864012,2.623218520337792,0.863494695242214,2.571345491676555,1.6038903665218693,2.769613531319062,1.6461347515760174,2.066552885221384,1.8739196365394253,2.2026554808651757,-5.029432607564079
3.0919988411772628,2.28835911870323,0.9080061345813047,1.4532679995506355,1.2031730522301858,0.5013251846849343,0.6017624398272641,0.7169807606598647,0.5299416369765264,0.42225617558341466,0.9961089961880845,0.6077544430975745,-3.4553691849988364
0.75372177872967,2.5452408110016154,1.5222034501994712,2.4262579188645628,2.4298963338227098,1.1292749379897877,2.5086367682664665,0.8833037162061561,3.0245687216598496,0.787942166567015,1.7287715021539896,0.4512670039325486,-4.653632537107365
2.2255023964101457,1.920667880194414,1.6069729291482953,2.4870062716018166,0.38254534643010785,2.3978668165928223,1.4091540485390237,2.703879333570933,1.4824970704970597,0.37561451664401424,2.4137375663972125,2.2547144636758234,-4.1486851774325
1.4700424142099826,2.4428518127823056,1.129843844149133,1.9064305748922157,1.2873886630362052,0.4001189755249367,2.5034112264782045,2.4954061098760087,2.625984371375894,2.8130403260760986,1.059310706646932,2.7451035870367835,-3.620969703521326
2.5460916919996244,2.388803618770016,0.8055733318364386,1.5679624524253248,0.9800156273069993,2.4227957054841474,0.8196675576820027,0.37535802281507874,2.6113961839538358,2.4067352156356767,0.6682506184366945,0.9409740724126252,-3.18664942951509
2.004272494898452,3.1610213936422373,0.4744308955159912,3.060157123440299,1.1745133713335059,2.901296918135628,1.9426538382376743,2.7512048970006484,2.481471355543299,1.16403078871908,2.6063132750329063,2.9558425185327186,-2.5841407431441206
1.8290096282622397,2.2173773840782864,0.5705276712807172,0.658837172343788,1.2550516022894342,1.5790148246310214,1.863227572864407,2.474147183238178,2.144277619101554,1.304210602436016,2.2015929025335637,2.765864109476503,-2.6650041740046992
2.8976239239195207,0.9996867621186001,0.8837535974041455,2.817767792864373,3.017377660473171,2.877173593826824,1.4303288315205187,0.647540274668313,0.5944632435000943,1.4765454930877213,0.7616480282759177,2.1437181470964104,-5.822850442788122
0.7960656279618579,3.1277406993684487,1.1342625268948183,2.2119160537340328,1.0757045150271636,2.992039350419495,2.577607134147736,2.3636366621459985,0.893396294661005,2.540830503959411,0.7976823388520654,1.9983174002316721,-3.4249511919842472
0.47073799180596054,2.640150387419639,0.9565637163478526,1.4732856413547684,1.6505307393622575,1.496383468205909,0.6089275928346589,0.5482514200899651,0.5709532155525763,1.2058518731508188,0.9921359132996519,1.7625112524921465,-3.753009515350869
2.2878474132144455,0.35278532526912976,1.0245945053496313,2.1845604064353914,2.317809335139648,1.211342299250319,2.921298950367747,2.5571121059929482,1.3578736826266737,2.6917800297528442,1.4173075289559287,0.9800727831668583,-8.526301998731192
2.981925223532639,1.3743817207017734,2.160318141282966,1.8551573665015244,2.318280392156073,2.2963056839404636,2.342648875270456,1.067804969421364,1.1232499382135643,0.78865009711953,1.0729758572153631,0.5133321745871023,-7.526374605395883
1.7410097759927328,1.9558141289065936,1.9637361341674546,2.385491512906225,0.3695523989708774,2.1005499185940546,2.7205231675562,1.7041337007398725,0.8961628237097348,1.373854534493911,1.0415437278146586,2.135404603086939,-4.669983257308196
0.4857650363910371,2.8413616995299256,1.724976900891757,0.5811269933304816,1.6831712350847907,0.692032275977054,1.1821280042028175,1.8075483729564137,1.509702233896938,1.216019051481065,0.8244138180215625,3.14990694390422,-4.2434634325073075
1.320044303575971,1.6554917105896754,1.6230898778089122,2.0715047081322004,2.1309860633605684,3.0160307979417977,2.4963655955405457,0.6227460913144731,3.0292001566892757,1.6737004057048943,0.8733520374567845,2.6942435847995068,-5.92873638606968
2.7401262421603545,1.6444695473470552,0.8135314838450167,2.5842534193447504,2.988020979227351,0.6964648352100684,2.7067262780307475,2.414009722614678,1.7789427735705343,2.8163579623887687,1.89112986559228,0.48789578033234504,-3.8466183802709195
1.6851936255810662,2.742491859422281,2.1274546853380936,1.1822756106911307,2.80142631364402,0.7268369453667435,1.5502130009344501,0.8550833203280608,2.7455163649948977,1.6820880888830447,1.2807210966259375,1.4020464933859278,-5.473245095198949
2.402655969811172,2.5551139289907,0.4959774065889179,0.8952621180442422,2.676145621145012,1.5000959861178687,2.165206993709961,1.751701376434441,0.7622067464847011,2.8622065701893282,0.8141787746080675,3.1180713483903393,-2.791613611493593
2.1725981367020535,0.574539185119858,0.9650321682244172,0.9877873807092976,1.6822454572009955,2.720186458820693,1.2550434112502225,0.6677352918457126,2.303512971425913,0.47944518456243645,1.3867542768506456,3.123023837886751,-7.314492296254423
1.9669782177279787,0.45550790466659297,1.324498911715839,1.0837315352632053,3.096774927260143,2.301334870159777,0.8724533921620026,2.896527139546156,2.4251877698861968,0.909766066576329,0.44032223278471705,0.904908216366721,-8.359330625149777
1.2152466240006445,2.606555142460714,2.1258593104084933,2.348262245656188,1.5593581853975786,1.0615827718585291,0.49408870268460425,2.292576907767261,0.5093047846071522,2.6338424591085783,0.791586665251811,1.460694878324659,-5.762018104488101
3.0065794784434923,0.33034128832960813,1.2252494290061549,1.941156678842143,2.269471043308381,1.435114266985769,2.9080089373131117,0.4414206668840475,1.445014727910246,2.56379573212552,2.7020634954112834,2.9389378796398797,-8.587409483085361
2.5344418255752688,1.9159110240547692,2.077995247149074,1.5132114640670575,1.0960457400139851,2.8475944723167146,1.8010330828691286,2.877850046313786,2.6434440180501153,2.657684529688466,2.207155947879938,2.9525827477172633,-5.804511776836632
0.6849388598731465,2.0199387984090915,0.6625030748202199,1.7205729985369724,1.0550871145804905,0.7895715786137609,3.0727841715252526,1.544434303428243,2.6944419383764315,1.6172440437065931,0.617941599924158,2.3707415992735306,-2.8301626580914703
2.1849667476433154,1.3026617763952246,1.982917703699816,1.1522709072198216,3.0090071939485896,2.8815966008526304,2.319245227606848,0.41770544583169134,0.6593771472527874,0.550034675171275,1.9221986861715619,1.5335596341289044,-7.3351387191879995
0.9122433055198547,3.098227687790996,1.3790259116423806,1.7412249929160593,1.5656740372241127,2.02607144257137,3.099465613708769,1.7169742612986187,2.499478614719335,2.7002482245706707,0.6128752004649035,0.7167538424332626,-3.8205658794054074
2.9911962987688607,1.61396197320199,1.0802288924729981,1.6677306973774688,3.1187715050791485,1.3956062217816296,2.7683146032781805,1.9501858703442398,2.310907823766842,1.8468174638322348,1.9470736634860348,1.9838706248578326,-4.551280648202062
2.254722767016959,0.5263867049420454,1.6856557572169348,1.6307992578512194,1.948822420098785,2.6762753787503386,1.3308344876120775,2.1960357190050677,1.496834418031521,1.899479205847643,2.691728703654109,1.7976024984167842,-8.321098125601171
2.794172213802713,1.5491065103391943,2.1977885345809645,1.4300767788516369,1.4843224753281739,3.0235219441923684,1.6968739223224085,3.0017898888774903,0.614891828968847,1.6015643152105872,2.6431132903009527,1.3303871191419956,-6.81369965130833
1.9427228592389691,0.3904730207545116,1.9156718278239713,2.043051256013796,2.564316674620487,2.8582771336500308,1.6156804729335819,3.04917976746108,0.7199685167630634,0.9560789702804793,2.4167396508318424,1.6260995210854043,-8.86438960607996
3.0302864751129346,2.8287381629160198,2.114124522746747,1.5296113448232387,1.7373474231370618,2.4181873201289497,1.7899095358444745,0.6744028779399895,1.7555524491590853,0.5527468680842791,1.4919915151261773,0.5781092692183916,-5.085733103841511
2.5776898909575765,1.4710557941147506,0.8739934067315199,0.3614448017131711,0.5363961212288519,0.4326267169046669,2.224270399429893,2.60293971763561,1.464407680515288,1.669383405490729,1.846869170543574,2.6087825211890254,-2.887496928972777
1.7542923900073486,1.664600026207651,1.4646673103987988,1.969302071211106,2.8505441684424877,2.9465514273303155,2.3762903530209187,2.178884091279036,1.2193558906279538,1.3244741910470974,2.4838571995939347,0.4002644243211827,-5.674914827318284
1.8779986226171428,2.803064631616884,1.8006445445447823,0.7690365478500534,2.361498273156549,2.7084955115469724,2.193110202984787,1.1131511613449645,1.431478975205364,0.41822959128930487,1.6025087953992028,0.6326208724922509,-4.557119122630034
2.4073095421406983,3.0706481402781454,1.1154045607275644,2.4340825090672724,0.8885096624964346,1.931124047665266,2.4399565257780775,1.1167232947887953,1.5863397826682903,2.255588517322189,2.1717232063334677,1.241523440151944,-3.271928694356392
2.1005237150156884,0.6892376767373174,0.9639800152246483,1.2536390970333637,0.5168046472188388,0.5493183657951907,2.6819825168524445,1.93850640466768,2.208494969333236,0.5142468518071769,1.0089402594250492,1.8914671968427677,-6.0037977604018335
1.6526915816044074,2.3526110939899354,0.9449104593269826,2.765838564767693,3.0912993079228985,2.1030581356265836,1.7734759858288478,2.0114430882074825,2.8752102542437123,0.6773377976274518,0.6488997197227844,2.3723801821714052,-4.087248449267986
1.6574331583377062,2.1651680509509488,1.8826580787916063,1.1104826387760964,1.7410028783027887,2.6617940835063423,2.5020244676566565,0.6818170679968909,2.9530903477103334,0.5863010849675008,1.979481277393738,2.944267077654001,-5.15104687740887
1.151393460644811,2.281941331083865,1.1860533393524473,3.0567819945862804,1.0865335300726122,2.0330757883392048,2.480591621488056,2.035165847718787,2.00676515970125,1.652706825445272,0.5501248603393801,0.5481276825609886,-3.85075982534677
0.7294686804414227,0.7713928646271289,0.5652840424703814,2.3693358365974615,0.49464080188654935,1.0097655421322769,3.1144225183759984,0.8095631251316038,1.6728786223571028,2.483554496406544,2.3658723506809545,1.343386733677355,-3.314529482338771
2.060527267811876,0.4449801405896703,0.9097459157332604,0.5968454054458708,2.533026557328179,0.4506475036334905,0.44316715343624147,0.4262370032638002,2.786730970431709,0.83631033678988,0.8797083594070356,1.7802294690893912,-7.632469360647875
0.9313631500488682,3.1472701658355584,1.4901942652529774,1.2482983049732386,0.9841557611409955,1.975735888789875,0.36883596802738416,0.8328316195529648,1.607001529927533,0.9447598039444435,1.4952145014847016,0.7365587067101096,-3.8346556259462097
0.49158334813938526,2.313007009853042,0.44650892970416356,1.0181368904374664,1.1621868505541284,1.8344680122483128,2.688493282908882,2.4320774451835896,0.4078230712862085,1.2041943576205605,0.636119933672357,2.0032544784690387,-2.4548481746481223
0.34231003879410554,1.033820855891307,1.8306374074873983,1.9786539911194483,1.147154979745394,0.9797339555066804,2.9277754403606244,0.4508713267431089,0.9153708647755374,1.6436476380442067,1.912203267536107,1.578518684154914,-7.33766420230276
1.776825868060312,2.808323225322437,0.7904823872488215,1.817953734751926,1.9574477239570565,2.584292018189204,2.2994411132005754,0.9896510471460356,0.6722319995444384,2.492581595481033,1.043776546132727,3.111592183848518,-3.297962650066012
1.1463232302258934,1.1974613642984624,0.6764394067686894,1.918489003748713,1.0385281574597476,1.7976864593361144,2.634713280290024,0.6404497402162135,1.616219575328538,1.207666233814325,0.48362080836611177,3.0222121415407783,-3.4356641194677975
3.111873153575925,3.130138145533646,1.5487672354414677,0.3594895583948305,2.1959180577978064,1.9097612533397033,1.0713548294863258,0.6159318196156677,2.4042563798506555,1.7414303648675964,1.1330219449359529,2.087171872765978,-3.940623600425989
2.9327176428428405,2.8669077854782254,0.7858609874518314,1.7544184949028696,3.1127534743260563,2.360755372206303,0.9347818011604498,0.32217260836293005,1.2487164917111744,2.5867195946596695,1.5899292652293324,2.0932657718550436,-3.8295449157888717
0.744932096809261,1.5720072088573664,0.8288478916141738,1.9653712561592038,1.8388167539306395,2.511605053492261,1.8650748943401643,2.3211721230025733,2.9350473472826386,0.5829622473276652,0.8528295357371977,0.6780163478836458,-3.9721057498950287
2.9759235819098806,2.2758486815569903,1.1025018485428308,2.142550012471235,2.4716133451263405,2.0215261722344917,1.4650840400762033,0.8578887395558541,2.3502593863293586,0.8086405996473687,0.6308473823513812,2.250599254092716,-4.3665954924936665
2.6083584741943318,1.2306568505870936,1.3368315999014155,1.832759966996567,2.9558398532501142,2.816993748767046,3.1213497277615305,2.5191097702541505,1.5407766588803298,2.3454930513626504,1.272915377463674,0.5058646557841618,-6.236637243171697
2.262021550787737,1.0744834144695299,1.5169451417126059,0.39986321966007554,0.7101668799992231,1.6419759425157001,1.8799463475282152,0.6920539735334925,1.1419366672497369,0.9058168998487663,0.5469148969823193,1.5733852226562288,-5.380571527388982
2.8094027634509358,1.2893330024003242,2.0503055211289474,2.609177154865679,1.6790330955405277,1.4924586792096741,0.4797244262756876,1.5176731693335375,2.496154957623742,1.8362509148178918,1.5028390894235497,2.35185064311161,-7.7528071147041535
2.5018908867468106,0.8835429758467652,2.018700525081783,0.7237949319775628,3.0426643097718573,1.4256684317395187,0.9596831070141325,1.6980698209486311,0.9778023847207706,0.3857990324689345,1.4723005997455143,2.0691463623780866,-7.780271835445589
2.754175190553726,2.6936443548531477,1.607494221379568,1.0275416536332938,1.9066206160253327,1.8391194291291408,1.9786382248204173,1.2853953470345107,0.5129223269359879,0.4662664161386297,2.4271464707137773,1.823678711600437,-4.3754303786897495
1.0396842405078424,2.3161955365257443,2.140619485779005,1.4662370253088612,1.7661682790625954,2.381739137414668,1.2522183121668424,0.6271655393805364,0.4804011560117282,0.48370179629046894,2.7475492741941525,0.7257923463056105,-5.703561471909926
0.3176710195513483,0.8556363729959726,1.1745153856581232,2.355445974735575,2.0025255672825795,0.8036111745731274,2.02958553422475,1.9616431606363183,3.143537116299463,1.8835366024803029,2.7119979223198247,1.4172992867031984,-7.407314061893613
1.0429482440252291,2.2435901928100077,1.1794464705457595,1.0069060196774329,0.521036256460814,2.55224166516305,0.9157909444908723,2.6993723324156313,0.9703184003051026,0.45386698128727254,1.6763395894732576,0.7334971596617563,-3.218930993325038
0.893072535116433,1.8544066748617105,1.9867962917635489,0.5461233797801156,2.482455574607981,0.4365665483563978,1.010844235992155,0.8483850171566216,2.1570658919328083,0.7074753691581852,1.5804188285667053,0.3930429947603373,-5.8594740876015114
2.592593889298652,2.901159802888893,1.1138845284283012,1.8253439591077407,0.4388494035145327,1.0376184383977027,1.4954116671432331,0.39748221169091635,3.0530786988607055,0.8419963060112527,0.6712604336820607,2.222347566582494,-2.753483759306474
2.3746983160911634,0.5417783982337007,0.5507788476194124,1.4979790636895107,2.712759151723395,1.0530643150209078,2.583619849523664,2.9772111507800716,2.7727590889704072,1.943912289209145,1.0245218945590546,0.7632572004087892,-5.143936276076135
1.5697685900236464,2.066202871693461,2.027505719678563,0.817102423626973,2.8325099989769686,1.8702112636743435,2.661627488755343,1.713486572556234,2.4346342121859874,1.0680593663590616,0.5002220930594488,1.028557428313117,-5.660066543769984
0.7982635044507913,3.0812250311580507,0.6040989754824261,1.973870473171958,2.1248141951791557,1.4145296151200124,0.7102390742040912,1.5840119821995045,0.6756752196356792,1.2523102276023903,2.6619522178136408,2.217732351070454,-3.1714622496798213
2.3037941956324124,0.5897865869820316,1.7064201643264632,1.7169755658713561,1.7457676086736686,1.8180021178254913,2.3883353547202417,2.8407437893647667,1.791168347662657,0.4264712369238781,1.2798608041476331,0.953600787866822,-8.176535891435687
0.5560950271260106,0.49315880597550454,0.6144193906835407,1.2996833054518915,1.4276846646888082,2.6728605301772728,0.9518940544751102,1.7431251862751167,2.485019166953243,1.5150169249393848,0.6241319018032032,2.212056093101811,-6.603462480283636
2.763419168533318,1.7991967207890072,1.7229949273993388,0.5439911090478937,0.47514399078229574,0.9436718197652247,2.0391719926024083,1.8787816304673748,0.3997062487545092,1.7575017093634442,0.44781847735862845,2.541878042026376,-4.075701065637297
2.0643575344037584,3.058914369670894,1.057432702880652,0.6941252060017251,2.771461749092849,1.3149288374817742,0.38638773379519514,0.9918949874167464,0.6532617159278169,1.3391328923844634,2.10406225606869,2.323101797165853,-3.9527044169877845
1.1066335987699254,1.212786067324596,1.7173632927851572,2.5071185046812277,3.1420523641951728,1.4448351226037899,2.0780124187772167,1.03349442582611,0.42023815659949815,2.307528528953604,0.5696787677691504,3.0782996738542368,-7.790372210114799
0.9259353012084859,2.561128307289268,1.339969893691922,2.0194965112265497,2.6315635769333316,0.8454555439304676,2.5630047389407298,1.260153904608782,2.971953680292668,2.78198937501878,1.9992845496171052,2.035008980204752,-4.334700881614027
0.8032948930667448,2.2469058755490363,1.7635071412959211,1.3466398638240213,2.703285258277626,0.47084499790171497,1.3634428719110825,1.2471239517745092,1.275555110922451,2.407804966631872,1.2561570049601427,0.6059001083194043,-5.522623761864186
1.867990054498519,0.8666841471188713,1.98043345892616,1.8703560166595188,2.9727258210356537,2.9626875883458617,2.9167740040282815,2.8530001395506477,2.964419464667779,1.1708973391497146,1.7056302914292132,0.8092045687608833,-8.306770321803786
1.086159067043207,2.2846685256508232,1.3751155262984602,2.382691009204864,2.4690630296559006,0.7096674565656946,2.5889564288195968,1.8834688213534199,1.2131152103354914,2.1242749702660353,2.079377862492242,3.095307276929614,-4.575363010293618
1.2662985889140763,2.9743781346853058,2.1861547817044578,0.6323162515503086,2.031430227730624,0.5687438862450669,0.9440368381227371,2.5442385086714365,1.300226719670531,1.508524794733067,1.0805425085013884,3.026860428400752,-4.913227265402898
2.586626165905326,1.5316842022534058,1.6951296043603303,2.950206697563591,2.062657710206422,1.9932869721146862,0.8515106959297201,1.3508890263048319,2.5537593413522943,2.072252414041019,1.8099274831601717,1.1402915939479283,-6.954816644779545
0.577914263934205,0.700173311044984,2.1424830468183895,0.33981721769510137,2.9907034441390272,1.7602972629622888,2.939854877036504,2.765629735736422,1.664118936139392,1.6708189803715756,1.700377890489558,2.013206195338078,-7.413653837266355
1.533427166240372,2.869185023941479,2.0421134214652312,1.5009709379303646,0.7955512458185057,2.0778256378580173,1.0932283487128072,1.0366563467612568,0.7281309749992513,1.8023096247205042,1.1977423100634077,0.3867543002170425,-4.450856923813035
2.4917389647001404,1.2811066295302314,1.7642325309331768,1.4748657693504625,0.8421693439869606,1.1948298330460048,3.1331766519074455,0.3379027114814705,0.4644790106221377,2.0246193273369193,1.3914849964455152,0.3273047718634939,-6.248256696142311
2.945867953218501,1.2423446525594464,1.7091906239391248,1.1990901210509102,1.3083139514042803,1.902586370623475,0.6397602868064259,1.164191583181961,2.1898852486766507,2.1228324579957922,2.1384756397275373,0.7473733208120479,-6.732547078682427
1.991912625498225,2.436279903678506,1.7611328588661779,2.9794253869253207,1.011840480607169,2.5293790165302816,0.48384657644793183,2.720176284935955,1.888656171567842,0.8970799332795097,0.7858716211455248,2.980221262997536,-5.038196753460825
2.691300135291869,2.1374583559720812,0.8553861675156191,2.343114512297686,2.727026110651535,1.7340572529037281,0.9627117784194448,2.446580716389634,1.084683339059459,1.3170260525977366,0.6829975041492911,1.1659517135997033,-4.21219993510945
0.5912536569352487,0.46698996202839504,1.4703045885017951,0.9062124906463058,1.5510255852082537,0.5150231397740246,1.6649127902140881,2.4238466897433475,1.4285239050490064,1.7689278400886344,1.8152333271751901,0.49736196847100544,-7.83205710899072
1.010919627096033,1.5397107167809652,1.7042511028154173,1.3505433218022853,0.8841663531995612,0.7859386557606213,1.2058791292243582,2.1601315275401363,0.5459734820190203,0.6743786537089222,1.6513334824022805,2.3298613271935387,-5.635442674296151
2.424437678216886,2.2534970758646544,1.8566573695647626,2.319205541612357,2.090984822594926,1.6808219899194088,2.181374184439393,1.8823612909719984,2.8806993839046178,1.55063639845544,2.3127199029773196,2.3963021961769706,-5.521764990739784
2.7889734636054904,1.1696118986797013,0.722324068790545,1.1226931949907288,0.3351570950688833,2.7141238912191,1.5065378827432723,0.8071699780876525,0.7696934991786403,2.458796007935809,1.4398205716483388,2.7253329561532773,-2.9867232001826705
0.6706408229374627,1.1051475583843213,1.180450124177558,0.9175189950051295,2.6275447312239515,2.636380394565252,2.5720621751002706,1.98189393819877,0.5002444888008658,2.0640452112084344,1.0825195007431327,2.9146111407268767,-5.835954686043674
1.8302563035095891,2.7437912810052305,0.5473378964053843,2.8635086388509468,2.3062743403739643,1.7647121625347897,2.516018175148423,2.891447466050658,0.7567889770614711,2.5013729531054176,0.7997379865437626,2.305116470099885,-2.917897654488104
2.7494012375349173,2.2248556589041453,1.234623243800245,2.3648824687905403,0.4648871401802893,1.8876894038486667,1.624916351008706,3.016345942639734,2.654127926239343,2.0617185691748157,2.7557906483514207,1.3997654739177892,-3.372159077706662
2.157490711474365,2.984612145605963,0.45968001061923874,1.8371700913352724,2.717741875099238,1.9431206307656723,1.6425976935781936,2.9172481745431904,0.9334280263234529,2.162417701108979,1.9503346541747015,1.4773823857867023,-2.867529067514113
1.4908644417243158,2.9391721669323148,1.4405564659631247,1.6167343245017227,2.148456309415377,2.4393866055119777,1.8528988054490356,1.1248139260760717,0.8043536213688915,2.1296933653224546,1.6823007745328793,1.9108527665538622,-4.342367675448633
0.8171753233319772,2.373104972807375,0.5548122152795122,2.0220275133113867,0.9353999591707332,1.7114082403797082,2.931570369462611,0.9275893367221164,2.063350094852509,1.6550553505188472,1.1466504968288067,0.38002300039835285,-2.5937355859956734
1.2520464320057638,0.5865861659820137,1.5704811638990277,1.6254265843792988,0.5851628584883957,2.8232975142972725,2.456312555733893,0.9869663495403052,1.6314138039690975,2.9243677107037875,2.276934783707336,2.605671999373675,-7.241889511484718
1.4874233804888286,0.9489467318359894,0.672640051386114,1.792357676178183,2.217389107019082,2.318703149678706,1.5694426070382657,2.1323401353615243,1.7716017943141196,0.9273192162918463,0.4647080024135673,2.641039254889471,-4.554935456393624
1.796146675045483,2.0035268058409827,1.0550903423174105,2.075229704506427,1.331439602454369,3.122777144561418,1.3008593814357479,2.6624867899971836,2.212575416627103,2.5925444890038616,2.0532794181146574,0.6203831035072506,-4.150352956868272
1.1377005821083357,2.190733537655638,0.8426017368889482,1.9044738042291691,0.4176888083325759,1.4481387696781622,0.5921862045535964,1.99199341240228,2.853870104634291,0.34161314906435863,0.765653255885163,0.8124011577786554,-2.5305545187444665
0.9065437113973922,1.26368816883032,1.8590160965742715,2.4549942606686597,0.8401301544887849,1.0574090217869336,2.141219049531823,2.547100663214114,0.7042061473570491,0.7762734961586797,2.0945837983732574,1.6437457467094756,-6.860683762292828
1.0853384966213326,0.7838882529465272,1.77209247270065,2.219412189588957,2.041251423936419,2.082467167541944,2.524273579663161,2.02349706505838,1.3052571897424565,2.621619811168034,1.2660618585471188,1.4868187081731212,-8.199981974152632
1.8903841090854976,1.3074409030886298,1.934867906652449,2.940137511199558,2.8925450349249564,0.66440179097851,2.793396823767726,0.8165325433098414,1.73795335954999,0.8002095370239043,2.1472849676056227,0.7430133879151813,-7.868039817796526
0.9597812367626237,2.405917287120068,0.6363155441251285,2.8574101418232707,2.3109629152028166,2.9351501653493783,2.840607934077151,1.9480047422800546,3.002042357509753,0.36340215824260585,1.6076340760917005,2.4493591013016123,-3.1370509601323544
1.4511647070465798,2.269334071070872,1.7404101455582526,1.7335715547481632,2.884064515443154,1.3983624510351609,2.652926060180238,1.089747099341994,1.1003900158977047,2.629832701447606,0.4500444361339262,3.0468997500595405,-5.279445414098936
2.4239924176601293,1.9490373454791425,1.4302578218465245,1.3549362829944553,2.8883613650575244,0.9842186454124207,0.778246842092861,1.468026051494298,1.9082786294143468,1.6075932434328186,2.513977901910544,1.4064907998132143,-5.528121088282122
2.360925664653321,1.782237300323244,2.036822852375873,2.1485575458227477,2.2860885687347485,3.1328113509290065,2.206425211779965,1.8571175991010531,2.3317350652624427,1.5773531709694117,2.073285610916312,2.2819406890929197,-6.680811389699028
1.0762173256407468,2.821592438216941,1.4214589936513486,2.9017129552842826,2.9100289190069324,2.096211513718587,0.6202028088154483,1.3575029951630972,2.983501093941601,0.3377619164518022,0.9341314011676332,2.050497865192579,-5.031835279094109
2.5389602767059745,2.0972290983454793,1.3933567219381289,2.7590432657067416,2.2618228812522876,1.230300097813024,2.1364222819434895,1.7566356036188582,2.045751101379694,1.497938161653984,1.064339012020396,1.8072293429233555,-4.897874382829171
0.7426953255752367,2.529712505739533,1.1473632078773306,0.7653115758555173,2.018290308753474,1.1175460140568658,1.1550230529792325,0.41147914220527293,2.947909200410381,2.899810092604829,1.1694222625276582,1.7253036027667799,-3.9085005552263383
0.4046291611676443,0.9223878542890531,0.8237159096946671,2.3740721592270853,2.2879210706238307,0.9512331451786358,2.437422513286697,0.5700793652861549,0.8617641303563657,2.937922289850201,1.021980647652811,1.847884443978614,-5.133166405524202
1.0210973571590791,2.330436470470856,0.7623489712093784,1.982035592668366,1.6056133212181847,1.69459472519134,2.843308534800002,1.4758313439576187,1.8522549010683296,1.5373829684095153,1.3170098575145568,1.7154080533752072,-3.1737614989915817
1.8886861798767687,3.0312956073493957,1.3019832998179153,1.1886849062766287,0.7056985465975861,1.763402769340053,0.69509131913754,3.147391404256434,1.8004184970394717,2.2690633468776804,1.4223421376001892,1.36048212206851,-3.293760122637794
1.9210346358257746,2.117785626793005,0.6126462394993119,2.1375564335026844,0.6829406030087088,1.0022798563898838,2.2781621239718968,1.4607218416212484,0.4572892063821268,0.8589141022855173,2.3932793854715104,2.6457658724776834,-2.563591361571351
2.9200088979373837,0.6402635347926813,1.5935732959023745,1.203245121760166,1.6689714388640224,0.9399488294275513,1.412924136377789,2.7390616324471573,0.36525991981882316,1.5292688114522532,1.7517220044114463,2.147168439160909,-7.806013225489486
0.8854923537042692,0.5531947145672773,1.0640487982053182,1.0504632398047045,1.8559028632615706,2.7001704537064515,1.1100266819768008,2.2040542921257162,0.6995784311057214,0.9661250303596626,0.40469337855281795,2.7682969739332948,-7.667737613538503
2.285893169464476,0.8339090737397683,2.033554311044411,2.8864965335186232,1.3810997505089964,0.39684206269265915,1.8969452178590507,0.7093306692673049,2.3293717522876305,1.3852710692605663,2.388866607522113,2.931205611753611,-8.146780527471448
0.723837131825964,1.0262035768014204,1.2066600690016245,2.0550115472645154,1.562997200714059,1.63150316537497,2.882406738882876,2.2808446107502283,2.279336080779303,1.4314358738217403,1.2991911248971526,0.4939259050531635,-6.292946593340971
2.727835480932631,2.5019408251338024,1.4604853511015374,0.9731625664828811,1.3964535581886452,2.393891212208403,2.5343717648189705,2.883173078083175,2.0735870236470717,2.8371955257582115,1.692618519537541,2.4921427675983905,-4.0643531416514564
1.198053494115491,1.3456918730365681,1.533938584509067,2.6682965132713212,1.219602362447919,2.0362635207132085,1.8182576239933994,3.118910304826564,0.8847430260118365,1.05877349592712,1.7399876649710155,1.1918995171162914,-6.327324572204117
2.642272819369483,1.9077333473236657,0.6507015057260719,3.1621390607186926,1.4936394167196703,2.922390303159586,1.1591740591215893,0.6437963102236695,2.6358183014551355,0.6167396023692999,2.5734261248069408,2.9589795181693206,-3.448071339945752
0.7787082120917515,1.4175344692027358,1.5851794836513562,0.965368743068707,1.4678662561826654,2.9093071900941436,2.4466317908669724,1.0123512154033403,2.0992953521729927,1.136622777483978,1.673617143768783,2.3554221014175725,-5.758624459415136
0.4996601023547882,1.171989051773069,1.3311502513182754,1.1019990830267103,1.8828515272764534,2.113888675641208,1.700451998530905,2.735642239484207,3.0180092352765286,1.484561882285746,2.4467055592968068,0.3889023175175865,-6.1918970276321765
0.8088071840662323,1.203695240633866,1.2228616261689027,1.7046472797016696,0.33356746582914554,3.009072205811285,1.3286929919379291,1.9999952314522504,2.93251948708502,2.2960637373295976,2.4762702634777574,1.5523119853326317,-4.595974229002332
2.3874553566620333,2.718914687555768,0.8980078899058677,1.1916661234718016,1.7147959739112668,2.561747951008074,1.4570189341365423,2.669978170163975,0.7030833499948101,1.0266089560211842,2.003053802132699,2.0415849644991955,-3.46729793627279
1.5883078193280862,3.0682266016966873,0.8306778977713137,1.1574347716578404,1.0665685038181132,2.5393394779978244,1.1221283945882086,1.2889601777756463,2.271572817253223,1.4213069256425077,1.8765299156127826,2.8333615006718453,-3.00085941854569
2.6832597142895884,2.5312404167841946,2.0619583230613516,3.1077747556716604,1.724936923663166,2.8691061871002628,1.4492866244569602,0.7216176763293026,1.5218450274220525,1.689448579785195,2.779601017744944,2.929521212777037,-5.714483039544665
3.044055727155285,1.0386873951184326,0.8029711088640099,0.5495406461925654,2.7781911646446975,1.6569818527022426,2.870433055089236,1.6187188414183844,1.6849263426684513,2.0515070807502847,1.4449450164062594,1.8362129351800096,-4.187067125877263
0.9622424110538605,0.3636149060334313,0.6244944658489877,1.012283511625092,2.023504386376173,0.7549415806081718,3.1456097368213345,0.7637765637339157,2.59821026952972,2.4625065246344304,0.8860621491738321,0.4257639279613059,-7.453186605038864
1.838002593339031,1.7601747878779934,1.1163004236683804,2.788939699984979,0.471556362731009,2.7998404418433913,1.802965015433498,1.740922588240205,1.1082395942870826,1.6142545439857805,2.684780659688152,1.4645319688521123,-3.6221573854087965
2.6266967905545173,1.5103290321824652,1.94239424095779,1.8139096712135954,2.7498369692315743,2.5665931154385535,2.5206533667017266,2.0254461940661113,2.0163027066856816,1.8885567636312108,1.7930003141990538,1.8570848598460774,-7.091209602375254
0.6889092957658121,0.717946495557606,1.8739381931676498,0.44601352266289523,0.5721479473939697,1.2854607556043518,0.9285126259538474,1.6587313629407339,0.6775814894971022,2.140747087475909,2.3774720091695203,1.5739609277266797,-6.2910032543598895
0.3391126998790648,2.2521519978937663,0.9588578631170421,1.5710621684871646,2.177703798660208,1.5450543066925753,2.935059079464831,2.992217445038249,1.8567513078571305,1.4172842126291454,1.1534262832009439,2.273910248829964,-3.6256036400175957
2.670907194362922,2.787404950280913,1.070051732841526,0.6362242519547825,2.2524325172612785,3.116612772297126,2.63886581800689,0.8693746856330355,1.3488816828238268,1.4721937679144088,2.023995716596,0.5022908632965591,-3.5436234319888036
1.5519704778417522,2.7065133760351183,2.079060732321884,2.3054518287628722,0.7328815181155112,2.004059801975027,0.6370170748827508,2.506931954143824,0.5359528910900585,2.5738602323738258,0.8612512259630274,0.64401991772213,-4.7837540901073075
1.5553333416757227,0.9299281766623779,2.131188659748328,1.4573520759591507,1.9841072833193545,2.6313342615445285,1.7791737881129261,1.3900141354794622,2.3378955531174603,2.0528135758267414,2.1333043986904063,2.6327823727476116,-7.881561014566338
2.6124422549848085,0.9838532148739492,2.0751533625151497,3.084198867610099,1.8883922377427325,1.2663888966664574,1.4070368583163912,1.4157536221477205,0.7756554738463897,2.444081141090302,0.4563714838906381,3.086803435439787,-8.269381613527775
1.2439852029838665,1.975536876889429,1.9607771609079387,1.2961105518436324,1.4209936913324814,2.041033801878801,0.7610909607281501,2.791951387707861,2.7422343239523923,0.9753902676250816,0.5206608130742449,2.8955814508371276,-5.810611689014195
2.9968442267144524,1.046095592782276,1.2970312187887714,1.5264207697371792,0.39188738376922483,2.4459613430951594,1.0753641312275029,0.49618032196247097,0.4666893658282093,2.589461042121865,1.3744463244375809,1.5154574008603166,-5.5202236538762595
1.5252384599336521,0.6094778779477423,1.8707959692368223,1.3345774718742998,0.4508219732539944,0.9134256129085974,2.8778242942148133,2.88936427899332,0.4130683790008852,1.5990826266269522,2.552409807243366,0.4736536692702411,-6.934609544233826
1.3016181464780732,2.2596799497801556,1.8679741797659395,2.5282192833691246,3.0095657999788954,2.6444998709123095,2.6211993574769523,2.23113085428876,3.014142621891647,2.9176772978129017,0.47353983787451936,1.1476987624995085,-5.735399154344039
2.474356860662828,3.0876267505617716,1.9032078305772604,2.664112971464682,3.103824580651844,0.8438028420293671,2.400603150164835,2.6793187527913758,2.730885038259021,2.605629933995867,1.9161413363210533,0.9957873005236713,-5.106984782082256
0.8489118468123695,0.8524637831043018,2.209594584883359,2.8534241723442273,1.094907803236063,2.5466224395730026,3.058774699641451,3.100892060595381,2.0942684429835903,2.5799169916821683,1.8940436785374855,0.44183607005666337,-7.956311124253268
2.8851814382186345,0.8207237815684933,1.6776165937687508,1.9484068871844256,2.7641805295359645,0.7611521201943974,0.5200915831609159,2.7125451689883118,2.9861759949557434,2.2601231183766526,1.8257161932771224,3.0192399249978625,-8.313135693258259
2.0650173246659587,1.5591013505981886,1.6596458642190417,2.84646625442366,1.4262327415382836,3.046120662211389,2.5118572746412395,2.0505970375367055,1.553453129241856,0.9908459889825809,1.2404448518561852,0.4143348376393014,-6.081832084951108
1.5286457171002559,1.0234555461216908,0.9745010164452328,1.067917561444356,2.950356227097623,2.8665795369137244,2.7382506262785355,1.808132279655638,2.6725212559126486,0.6103106366217472,2.520020330042518,2.65500738467363,-5.284209828861661
3.1022971086737026,1.5928414312982762,1.0645826458152337,1.3134276529369462,0.9030320300480048,2.71032382646293,0.8054585251440418,3.1182182853425324,2.683163620214456,0.6299477891301151,1.7766563578877892,1.741446107598459,-4.214588995040977
0.42192769541129815,0.9572401336950971,2.2164563163290296,0.6515812818717959,2.2349155110777987,2.1956382145060402,2.721591396692193,1.9148328622699264,1.1789797952251606,2.1205888223933096,1.7143244707256613,1.3715821387835052,-7.358372617800613
2.0295022451754354,1.3199624457349497,2.022912647449434,0.32961336378864653,1.8835850092040236,1.6195244451804167,2.6962565780635117,0.9245505975881183,1.9850027810729207,0.4049771378972941,2.664410985885904,3.075625237620513,-6.067752789640904
2.434554439595769,0.6213898845711978,0.9062519226403178,1.159561271548264,0.7828909880196987,2.597698073729202,2.111638900304584,0.568745342199223,2.107287197200882,1.2398199564959433,0.9862075020882688,1.1220287235733082,-6.489636162109157
2.039524333988166,1.7505207579903177,1.7520705760724715,0.508733688820783,2.923909306012729,2.7487928288657835,2.5969385264322473,2.570418031031259,1.6260948538387483,0.46281176905593935,2.4024215230382606,2.8623900393501334,-5.401473891754001
2.1276510742203194,1.7731199791847556,2.20608005013954,1.5407194521703593,2.7936957723556257,0.34448108459924026,2.981698344038611,1.7385104850172663,0.6194700211609558,1.6106150757349973,2.1096520707973876,0.891805221783432,-6.79967945715548
0.3547402998117072,2.9456346118091155,0.7896699335558406,0.8634361667655328,1.4515563921373467,1.2369643477407661,3.1398143476113436,0.34591073516931614,2.3986596275605896,0.38113817660643257,2.0276407976549957,3.0979385679661355,-2.8958928118461524
2.8882462667760054,1.1889677568458696,1.749305539407617,1.3797755342373907,0.7196757342533322,2.0055424629974494,2.7628802392091414,2.2166822607409964,2.5718727048090457,2.497251498762032,1.9974725417455037,2.8048654513574847,-6.2961251860284095
2.1466170869621295,2.308352445771725,1.7425496791784767,2.4189007649276455,2.5812036188445884,2.116295607222773,2.798389381069818,2.02899812616983,1.6930766294025203,0.9992435543412109,1.6446217425528047,0.5377242897224971,-5.250245987057537
1.3307433620373932,2.3017870625872767,0.7388828281788473,0.722598336048232,1.4121709150862605,2.387188182260053,2.5322385901092015,0.3331130175141779,2.0598142858805066,1.032234374490975,2.6376672116097764,2.2946995980289917,-2.9994744383471987
0.3717036565514279,2.9144472068859906,1.5401378834010264,2.850072100606749,1.8438965401151963,1.8779024215913718,0.7157187699309644,1.230439695871578,1.2664435358176973,2.3811542422695595,0.9595339945477463,2.9776439423053467,-4.848384395625278
3.082672055168348,2.5626627572125837,0.4828217292534908,2.525937009550692,1.4465239625491348,2.7274849316858245,2.1983042258892347,1.7079366498897097,2.3842812168580374,2.618607995368392,2.429207043567928,1.2649670646546942,-2.714999938109554
1.5808158342937622,1.4396123350207324,2.0970980386336913,1.8018111672881214,1.1579447192173495,1.7010309446205973,1.179405736323271,1.7907299426935952,1.8332421754435364,1.624133458826977,2.3290887189913247,2.9428424945046423,-6.9197491378042075
1.3539523119879322,2.810626867837494,2.0009543498663622,0.7338423638703406,2.7371563826333376,1.2622486869710108,2.1488438571259447,1.2964187681192094,2.18062644961386,2.465926976516685,0.38283892552686477,2.624685641589998,-4.897450656126637
0.4430965156300084,2.036136539546582,1.0517899641367847,2.7620885764469487,1.0251156168408484,3.0942489109728704,1.0420434629320783,1.7731539270040078,2.204980929990267,0.9889765550734386,0.9523465663444632,0.641233808330342,-4.0086889185859835
2.334809866942678,1.8554661824857939,1.5800595270654774,0.8683243627282999,1.8325622275837816,2.9149126538171126,1.1239170313890616,1.0251948277223422,1.1273383822258045,2.160757593156938,1.353612371611769,2.905318393768591,-5.302322120495738
0.43752428848755875,3.04292153798028,1.968059403635169,2.1759318874346474,1.451308002008804,2.653416688768242,0.45992795378266527,0.7278979043803921,1.7698427646946644,1.5809731890481764,2.0172282021939023,0.46205675687936065,-5.103561197402974
1.8940548239405477,2.1628917698350194,1.3300427146714533,1.8545269163646834,2.043420656521984,1.5064209011210983,2.662575551440118,1.5349599174693649,2.197483866504561,1.2877963973927982,0.4371758461307463,2.3914591960807665,-4.424525133619774
3.023673075393662,2.33743333085857,1.2295249695353885,2.6472949440389537,1.1344073933344152,1.208982782759434,2.2867657379786217,3.0987658831586633,2.4322824977313604,0.9075794970770189,2.1414052733055318,2.7808234728012904,-3.8768725866564573
0.9661155393754735,2.5895344863219365,1.6741913947392466,2.8601431324034747,1.5701582581231612,1.1555443276005297,2.6043261103441626,1.4406385754413906,2.7069525903881595,1.9365645107217089,1.885670092959337,1.8278694556804806,-4.643995617734417
0.38261411222723246,2.130139487734689,0.5226021754038481,0.6761780528535382,1.6543488311876748,0.4555768297057913,3.154750928992612,2.8702501348670655,2.0288762008623547,1.0469810285818149,1.4891576285190355,2.2195385548939255,-2.5862975414227196
1.4079647205537158,0.3794674794838196,0.7165682286522909,0.4499582915396162,1.2060235960727228,2.7889547690855907,2.151697824028481,1.4901430033852316,1.5177491144907749,1.0609912801352808,1.2347650014443263,0.5251176960019714,-6.787194935461317
0.6770774011117071,2.62229377986612,0.581157872543816,2.2171534267537982,3.1256848119954004,1.6054530944131804,1.45779304017093,1.670373636327954,0.6062470792450259,0.5453032981312145,1.2921505058256602,0.6364549661342849,-3.259826992423664
1.501917870738946,1.973445229388336,0.7699388185049729,0.3678427926321462,2.322841068433484,1.8213465033695155,2.2129270771857694,2.094397416713557,0.4036949950998239,1.272475942345168,1.4118546844908924,2.382126313295993,-3.183813662967366
1.6387104373306676,2.6008662441532295,1.5849110850269155,1.4863633790366293,1.1165802270965277,2.0607826029518588,2.549041046982402,2.8252881554154765,3.159688391211941,1.2497773292612577,2.74475394948893,2.568103264791636,-4.135654529469905
2.9717234535944876,1.0700690366126488,1.7755769892730233,2.3254776571768203,2.118888568263978,2.8205916296516405,3.096346795686905,1.600273202913993,2.768490729969092,1.1522148423382559,0.5547599946818639,2.509400903778725,-7.762564512065532
0.5359499005062311,0.6449473309673442,1.021918037291985,0.6559840011608231,0.3812265300238256,0.8481615135419751,2.9604373584686465,2.6878923077782018,1.9226595692401676,2.3179980176366612,1.2719220300089833,3.0120051624445696,-5.660050707237422
1.1809008823791811,2.697118217047135,0.6937390700265813,1.7786005922371653,0.8639450068505226,2.4603628165972697,2.3854991085840944,1.3052819406572589,1.329953827750553,1.9264762882348425,0.690231054218913,2.6008574636913773,-2.7634796990890806
2.1374014251166242,0.48226402369027654,1.4789304059129886,0.4411342024538089,1.8117997465701696,2.14559952926462,0.3710763757006918,1.073414323363403,1.7041916256086858,1.2294332779070205,1.7672604970254029,1.2431400622864248,-7.535140119958441
1.3858984801385876,1.2280811534680733,0.525008927859155,0.623822274963123,2.3417673191908577,1.8961973939624266,0.9507733137287591,2.821411435530711,1.372530706473159,0.4089803871156027,0.9733472211332075,2.231059798015663,-3.443073841348434
2.192128291114765,2.574274591816268,1.0602078576483616,2.6798059874963407,2.399260217927419,1.3811568819817475,0.5826153646396384,0.3291074281222443,1.1852220371901767,2.446227664717177,2.0107187479540993,2.8928005180923826,-4.499513165056812
0.6732523453376233,1.2367532313165173,1.2581035721760891,1.1251984673810564,1.8395129882454362,1.5872226264036033,2.742365992164262,0.5341299335558432,1.959635056154117,0.48678494941332084,1.4818490023424997,1.3136833071593543,-5.432360569553671
1.3481640948628282,1.34132553777927,2.1689749929080455,2.6553604153760264,2.8209924674890887,0.34094704691472516,1.5996882743392045,0.9112411039970618,2.314844515059243,1.6924180834023606,2.100232277745561,0.39706812505832345,-8.051636291377532
2.9068348145878082,2.658071213224546,1.8799463514467198,1.2593988233020161,0.5308803297023053,1.4673563066911142,0.33089688187012917,2.0713359972324343,1.823707812708472,2.673555042233268,2.5812176961439506,1.860861885656027,-3.9977134453670553
0.701506163424496,2.323674366111329,1.2800101679831142,2.6160465766399312,1.264108878849948,1.2279234270403097,0.8781808841853116,0.3703634809033072,2.9041691956903195,1.7873685854657688,2.0684559155254068,1.1719904401634642,-4.372078184308521
0.6006196666273338,0.8888172409819581,1.5324553869043969,2.943057465823312,3.0401183921489534,0.9246007100009255,2.5957853742430146,2.451491111002915,0.686290165478535,0.5817901444238667,1.8181458183782762,2.131140075509336,-8.32279410095602
2.7138474316984236,0.918589581290506,0.9984554423144067,2.9486569509684752,1.5143780742087314,1.213872269535805,3.050786546051457,0.5388874913914147,0.4182973455432949,1.383300600152105,2.3635552547001524,1.9423947476010042,-5.82588461002484
3.1357683377866814,0.727597187103036,1.5730008589480573,2.228958150855943,2.9305214709313923,0.7488756598951777,1.0879358415755256,2.217866318176894,2.367496378774087,1.1911887481564207,0.5371881185136009,2.538675454545346,-8.44648909011271
2.3563424749440967,2.106635450268482,0.890361392063093,0.6387332768585312,2.9327926291632997,2.0147672432824235,0.8994386029263819,0.3280673872934537,2.960779018106793,0.6802055280350843,1.000910021796714,1.2198951664136268,-3.932345006570999
2.5414822325325788,0.40220387696784027,0.7743694090810744,2.574057338707022,0.7269042531942091,2.3453569435218706,1.68488942788267,1.3998994078648115,1.3151551845767488,2.2844593931806614,0.4092818559738479,2.758438574846569,-7.507677000301116
1.9105185018089998,1.1421564804669024,1.4071991927408651,1.5779756364823116,1.59182714488546,1.1075448243679686,3.0663054124221447,2.2375176414841476,1.440008137176772,1.9762778264851746,1.8232266351095874,2.639428947701497,-6.387077721962249
