equation,id,f_value,operating_condition,if,low_impact,inactive
2 O + M <=> O2 + M,0,0.3,"[1683, 0.98, 'C2H4:0.01, O2:0.03, AR:0.96']",0.010935956912809696,True,True
H + O2 (+M) <=> HO2 (+M),1,0.3,"[1683, 0.98, 'C2H4:0.01, O2:0.03, AR:0.96']",0.01198524877263337,True,True
HO2 + O <=> O2 + OH,2,0.3,"[1683, 0.98, 'C2H4:0.01, O2:0.03, AR:0.96']",0.016341788571319765,True,True
H + HO2 <=> 2 OH,3,0.3,"[1683, 0.98, 'C2H4:0.01, O2:0.03, AR:0.96']",0.042756529774920345,True,False
H + O + M <=> OH + M,4,0.3,"[1683, 0.98, 'C2H4:0.01, O2:0.03, AR:0.96']",0.015766097013187434,True,True
H + O2 <=> O + OH,5,0.3,"[1683, 0.98, 'C2H4:0.01, O2:0.03, AR:0.96']",1.147035092227225,False,False
H + HO2 <=> H2 + O2,6,0.3,"[1683, 0.98, 'C2H4:0.01, O2:0.03, AR:0.96']",0.039946751868410915,True,False
H2 + O <=> H + OH,7,0.3,"[1683, 0.98, 'C2H4:0.01, O2:0.03, AR:0.96']",0.005327570218434801,True,False
H2 + O <=> H + OH,7,0.3,"[1683, 0.98, 'C2H4:0.01, O2:0.03, AR:0.96']",0.009766165365421737,True,False
2 H + M <=> H2 + M,9,0.3,"[1683, 0.98, 'C2H4:0.01, O2:0.03, AR:0.96']",0.003539867981927631,True,True
2 H + H <=> H2 + H,10,0.3,"[1683, 0.98, 'C2H4:0.01, O2:0.03, AR:0.96']",0.018890892260394337,True,True
2 H + N2 <=> H2 + N2,11,0.3,"[1683, 0.98, 'C2H4:0.01, O2:0.03, AR:0.96']",0.011278763058134363,True,True
2 H + H2 <=> H2 + H2,12,0.3,"[1683, 0.98, 'C2H4:0.01, O2:0.03, AR:0.96']",0.011341635833131344,True,True
2 H + AR <=> H2 + AR,13,0.3,"[1683, 0.98, 'C2H4:0.01, O2:0.03, AR:0.96']",0.016279736470325244,True,True
H2 + O2 <=> 2 OH,14,0.3,"[1683, 0.98, 'C2H4:0.01, O2:0.03, AR:0.96']",0.015327689066771306,True,True
2 HO2 <=> H2O2 + O2,15,0.3,"[1683, 0.98, 'C2H4:0.01, O2:0.03, AR:0.96']",0.011156853970360155,True,False
2 HO2 <=> H2O2 + O2,15,0.3,"[1683, 0.98, 'C2H4:0.01, O2:0.03, AR:0.96']",0.005824225626856782,True,False
H2O2 + O <=> HO2 + OH,17,0.3,"[1683, 0.98, 'C2H4:0.01, O2:0.03, AR:0.96']",0.005970457428366489,True,True
H + H2O2 <=> H2 + HO2,18,0.3,"[1683, 0.98, 'C2H4:0.01, O2:0.03, AR:0.96']",0.0248039111712319,True,True
2 OH (+M) <=> H2O2 (+M),19,0.3,"[1683, 0.98, 'C2H4:0.01, O2:0.03, AR:0.96']",0.0030728753794196616,True,True
H2O2 + OH <=> H2O + HO2,20,0.3,"[1683, 0.98, 'C2H4:0.01, O2:0.03, AR:0.96']",0.01743660131642179,True,False
H2O2 + OH <=> H2O + HO2,20,0.3,"[1683, 0.98, 'C2H4:0.01, O2:0.03, AR:0.96']",0.011535362540172784,True,False
HO2 + OH <=> H2O + O2,22,0.3,"[1683, 0.98, 'C2H4:0.01, O2:0.03, AR:0.96']",0.042921869936995184,True,False
HO2 + OH <=> H2O + O2,22,0.3,"[1683, 0.98, 'C2H4:0.01, O2:0.03, AR:0.96']",0.007675269467043854,True,False
2 OH <=> H2O + O,24,0.3,"[1683, 0.98, 'C2H4:0.01, O2:0.03, AR:0.96']",0.02126493834743412,True,True
H + H2O2 <=> H2O + OH,25,0.3,"[1683, 0.98, 'C2H4:0.01, O2:0.03, AR:0.96']",0.004704491455230015,True,True
H + HO2 <=> H2O + O,26,0.3,"[1683, 0.98, 'C2H4:0.01, O2:0.03, AR:0.96']",0.0013077175333489407,True,True
H + OH (+M) <=> H2O (+M),27,0.3,"[1683, 0.98, 'C2H4:0.01, O2:0.03, AR:0.96']",0.012851651168974585,True,True
H2 + OH <=> H + H2O,28,0.3,"[1683, 0.98, 'C2H4:0.01, O2:0.03, AR:0.96']",0.07332719388001824,True,True
2 H + H2O <=> H2 + H2O,29,0.3,"[1683, 0.98, 'C2H4:0.01, O2:0.03, AR:0.96']",0.016781967398161925,True,True
C + OH <=> CO + H,30,0.3,"[1683, 0.98, 'C2H4:0.01, O2:0.03, AR:0.96']",0.010274048831216817,True,True
C + O2 <=> CO + O,31,0.3,"[1683, 0.98, 'C2H4:0.01, O2:0.03, AR:0.96']",0.0022971055179248994,True,True
CO + HO2 <=> CO2 + OH,32,0.3,"[1683, 0.98, 'C2H4:0.01, O2:0.03, AR:0.96']",0.02781642887453935,True,True
CO + O (+M) <=> CO2 (+M),33,0.3,"[1683, 0.98, 'C2H4:0.01, O2:0.03, AR:0.96']",0.017079679374788246,True,True
CO + OH <=> CO2 + H,34,0.3,"[1683, 0.98, 'C2H4:0.01, O2:0.03, AR:0.96']",0.001675364240027554,True,False
CO + OH <=> CO2 + H,34,0.3,"[1683, 0.98, 'C2H4:0.01, O2:0.03, AR:0.96']",0.001022320587557431,True,False
CO + OH <=> CO2 + H,34,0.3,"[1683, 0.98, 'C2H4:0.01, O2:0.03, AR:0.96']",0.0034452532146908798,True,False
CO + O2 <=> CO2 + O,37,0.3,"[1683, 0.98, 'C2H4:0.01, O2:0.03, AR:0.96']",0.0042863398889269304,True,True
CH + H <=> C + H2,38,0.3,"[1683, 0.98, 'C2H4:0.01, O2:0.03, AR:0.96']",0.0033461805066427974,True,True
CH + O <=> CO + H,39,0.3,"[1683, 0.98, 'C2H4:0.01, O2:0.03, AR:0.96']",0.015451475249313264,True,True
CH + O2 <=> CO2 + H,40,0.3,"[1683, 0.98, 'C2H4:0.01, O2:0.03, AR:0.96']",0.010169238815854261,True,True
CH + O2 <=> CO + OH,41,0.3,"[1683, 0.98, 'C2H4:0.01, O2:0.03, AR:0.96']",0.0007551239005426443,True,True
CH + OH <=> H + HCO,42,0.3,"[1683, 0.98, 'C2H4:0.01, O2:0.03, AR:0.96']",0.002566517432905974,True,True
CH + CO2 <=> CO + HCO,43,0.3,"[1683, 0.98, 'C2H4:0.01, O2:0.03, AR:0.96']",0.011324288612406488,True,True
HCO + M <=> CO + H + M,44,0.3,"[1683, 0.98, 'C2H4:0.01, O2:0.03, AR:0.96']",0.23637961360161966,False,False
HCO + HO2 <=> CO2 + H + OH,45,0.3,"[1683, 0.98, 'C2H4:0.01, O2:0.03, AR:0.96']",0.003779319213134311,True,True
HCO + OH <=> CO + H2O,46,0.3,"[1683, 0.98, 'C2H4:0.01, O2:0.03, AR:0.96']",0.012210291127363729,True,True
HCO + O <=> CO2 + H,47,0.3,"[1683, 0.98, 'C2H4:0.01, O2:0.03, AR:0.96']",0.0009366105386179073,True,True
HCO + O <=> CO + OH,48,0.3,"[1683, 0.98, 'C2H4:0.01, O2:0.03, AR:0.96']",0.009119840860520895,True,True
H + HCO <=> CO + H2,49,0.3,"[1683, 0.98, 'C2H4:0.01, O2:0.03, AR:0.96']",0.05027440510776648,True,True
HCO + O2 <=> CO2 + OH,50,0.3,"[1683, 0.98, 'C2H4:0.01, O2:0.03, AR:0.96']",0.006562356812537724,True,True
HCO + O2 <=> CO + HO2,51,0.3,"[1683, 0.98, 'C2H4:0.01, O2:0.03, AR:0.96']",0.04699838389477696,True,False
CH2 + O <=> CO + H2,52,0.3,"[1683, 0.98, 'C2H4:0.01, O2:0.03, AR:0.96']",0.006402407763896255,True,True
CH2 + O <=> CO + 2 H,53,0.3,"[1683, 0.98, 'C2H4:0.01, O2:0.03, AR:0.96']",0.02349106832388627,True,True
CH2 + H <=> CH + H2,54,0.3,"[1683, 0.98, 'C2H4:0.01, O2:0.03, AR:0.96']",0.013831775405379186,True,True
CH2 + O2 <=> CO + H2O,55,0.3,"[1683, 0.98, 'C2H4:0.01, O2:0.03, AR:0.96']",0.001921078779313664,True,True
CH2 + O2 <=> CO + H + OH,56,0.3,"[1683, 0.98, 'C2H4:0.01, O2:0.03, AR:0.96']",0.060286952093844326,True,True
CH2 + O2 <=> CO2 + 2 H,57,0.3,"[1683, 0.98, 'C2H4:0.01, O2:0.03, AR:0.96']",0.04572866700007668,True,True
CH2 + O2 <=> CO2 + H2,58,0.3,"[1683, 0.98, 'C2H4:0.01, O2:0.03, AR:0.96']",0.0678848023204606,True,True
CH2(S) + M <=> CH2 + M,59,0.3,"[1683, 0.98, 'C2H4:0.01, O2:0.03, AR:0.96']",0.024429312114164586,True,True
CH2(S) + H <=> CH2 + H,60,0.3,"[1683, 0.98, 'C2H4:0.01, O2:0.03, AR:0.96']",0.005489148117985747,True,True
CH2(S) + O2 <=> CO + H + OH,61,0.3,"[1683, 0.98, 'C2H4:0.01, O2:0.03, AR:0.96']",0.05183521366648872,True,True
2 HCO <=> CH2O + CO,62,0.3,"[1683, 0.98, 'C2H4:0.01, O2:0.03, AR:0.96']",0.00960370385338914,True,True
CH2 + OH <=> CH2O + H,63,0.3,"[1683, 0.98, 'C2H4:0.01, O2:0.03, AR:0.96']",0.0019570752910788277,True,True
H + HCO (+M) <=> CH2O (+M),64,0.3,"[1683, 0.98, 'C2H4:0.01, O2:0.03, AR:0.96']",0.0032987085630053806,True,True
CO + H2 (+M) <=> CH2O (+M),65,0.3,"[1683, 0.98, 'C2H4:0.01, O2:0.03, AR:0.96']",0.03869261166875129,True,True
CH2O + HO2 <=> H2O2 + HCO,66,0.3,"[1683, 0.98, 'C2H4:0.01, O2:0.03, AR:0.96']",0.03419747277400827,True,True
CH2O + OH <=> H2O + HCO,67,0.3,"[1683, 0.98, 'C2H4:0.01, O2:0.03, AR:0.96']",0.028477625795899325,True,True
CH2O + O <=> HCO + OH,68,0.3,"[1683, 0.98, 'C2H4:0.01, O2:0.03, AR:0.96']",0.007006292803628176,True,True
CH + CH2O <=> CH2 + HCO,69,0.3,"[1683, 0.98, 'C2H4:0.01, O2:0.03, AR:0.96']",0.02535156570499836,True,True
CH2O + H <=> H2 + HCO,70,0.3,"[1683, 0.98, 'C2H4:0.01, O2:0.03, AR:0.96']",0.019209634039704118,True,True
CH2 + CO2 <=> CH2O + CO,71,0.3,"[1683, 0.98, 'C2H4:0.01, O2:0.03, AR:0.96']",0.019635151319800224,True,True
CH2 + O2 <=> CH2O + O,72,0.3,"[1683, 0.98, 'C2H4:0.01, O2:0.03, AR:0.96']",0.01083245700264363,True,True
CH2O + O2 <=> HCO + HO2,73,0.3,"[1683, 0.98, 'C2H4:0.01, O2:0.03, AR:0.96']",0.0070159086725797935,True,True
CH2O + CH3 <=> CH4 + HCO,74,0.3,"[1683, 0.98, 'C2H4:0.01, O2:0.03, AR:0.96']",0.011360959591618957,True,True
CH3 + H <=> CH2 + H2,75,0.3,"[1683, 0.98, 'C2H4:0.01, O2:0.03, AR:0.96']",0.02098426279831605,True,True
CH3 + M <=> CH2 + H + M,76,0.3,"[1683, 0.98, 'C2H4:0.01, O2:0.03, AR:0.96']",0.010303061616597673,True,True
CH3 + OH <=> CH2(S) + H2O,77,0.3,"[1683, 0.98, 'C2H4:0.01, O2:0.03, AR:0.96']",0.030871627734241815,True,True
CH3 + O <=> CH2O + H,78,0.3,"[1683, 0.98, 'C2H4:0.01, O2:0.03, AR:0.96']",0.015001290412806605,True,True
CH2 + HCO <=> CH3 + CO,79,0.3,"[1683, 0.98, 'C2H4:0.01, O2:0.03, AR:0.96']",0.016375586500136086,True,True
CH3 + O2 <=> CH2O + OH,80,0.3,"[1683, 0.98, 'C2H4:0.01, O2:0.03, AR:0.96']",0.023694730493967992,True,True
CH2(S) + H2 <=> CH3 + H,81,0.3,"[1683, 0.98, 'C2H4:0.01, O2:0.03, AR:0.96']",0.01212059901314245,True,True
CH3O + CO <=> CH3 + CO2,82,0.3,"[1683, 0.98, 'C2H4:0.01, O2:0.03, AR:0.96']",0.020962767048924056,True,True
CH3O + HO2 <=> CH2O + H2O2,83,0.3,"[1683, 0.98, 'C2H4:0.01, O2:0.03, AR:0.96']",0.008243701396508013,True,True
CH3O + H <=> CH2(S) + H2O,84,0.3,"[1683, 0.98, 'C2H4:0.01, O2:0.03, AR:0.96']",0.0030633967882440533,True,True
CH2O + H (+M) <=> CH3O (+M),85,0.3,"[1683, 0.98, 'C2H4:0.01, O2:0.03, AR:0.96']",0.03277873806512091,True,True
CH3 + OH <=> CH3O + H,86,0.3,"[1683, 0.98, 'C2H4:0.01, O2:0.03, AR:0.96']",0.03130250635302927,True,True
CH3 + O2 <=> CH3O + O,87,0.3,"[1683, 0.98, 'C2H4:0.01, O2:0.03, AR:0.96']",0.0051942744135310024,True,True
CH3O + OH <=> CH2O + H2O,88,0.3,"[1683, 0.98, 'C2H4:0.01, O2:0.03, AR:0.96']",0.017759225459943653,True,True
CH3O + O <=> CH2O + OH,89,0.3,"[1683, 0.98, 'C2H4:0.01, O2:0.03, AR:0.96']",0.006938720311857943,True,True
CH3 + HO2 <=> CH3O + OH,90,0.3,"[1683, 0.98, 'C2H4:0.01, O2:0.03, AR:0.96']",0.027898171934077426,True,True
CH3O + H <=> CH2O + H2,91,0.3,"[1683, 0.98, 'C2H4:0.01, O2:0.03, AR:0.96']",0.012949170309539048,True,True
CH3O + O2 <=> CH2O + HO2,92,0.3,"[1683, 0.98, 'C2H4:0.01, O2:0.03, AR:0.96']",0.011348187352795523,True,True
CH2OH + HCO <=> 2 CH2O,93,0.3,"[1683, 0.98, 'C2H4:0.01, O2:0.03, AR:0.96']",0.012071880340266985,True,True
CH2 + CH2OH <=> CH2O + CH3,94,0.3,"[1683, 0.98, 'C2H4:0.01, O2:0.03, AR:0.96']",0.001063142416442062,True,True
CH2OH + H <=> CH2(S) + H2O,95,0.3,"[1683, 0.98, 'C2H4:0.01, O2:0.03, AR:0.96']",0.009170250527312754,True,True
CH3O + H <=> CH2OH + H,96,0.3,"[1683, 0.98, 'C2H4:0.01, O2:0.03, AR:0.96']",0.011386902457253866,True,True
CH2O + H (+M) <=> CH2OH (+M),97,0.3,"[1683, 0.98, 'C2H4:0.01, O2:0.03, AR:0.96']",0.020177360051711512,True,True
CH2OH + OH <=> CH2O + H2O,98,0.3,"[1683, 0.98, 'C2H4:0.01, O2:0.03, AR:0.96']",0.01259980022147556,True,True
CH2OH + O <=> CH2O + OH,99,0.3,"[1683, 0.98, 'C2H4:0.01, O2:0.03, AR:0.96']",0.018512251083626755,True,True
CH2OH + H <=> CH2O + H2,100,0.3,"[1683, 0.98, 'C2H4:0.01, O2:0.03, AR:0.96']",0.019188051328198574,True,True
CH2OH + H <=> CH3 + OH,101,0.3,"[1683, 0.98, 'C2H4:0.01, O2:0.03, AR:0.96']",0.023982240077400904,True,True
CH2OH + O2 <=> CH2O + HO2,102,0.3,"[1683, 0.98, 'C2H4:0.01, O2:0.03, AR:0.96']",0.01675434676735394,True,True
CH3 + CH3O <=> CH2O + CH4,103,0.3,"[1683, 0.98, 'C2H4:0.01, O2:0.03, AR:0.96']",0.03276641547802038,True,True
CH2OH + CH3 <=> CH2O + CH4,104,0.3,"[1683, 0.98, 'C2H4:0.01, O2:0.03, AR:0.96']",0.03461070413443781,True,True
CH4 + HO2 <=> CH3 + H2O2,105,0.3,"[1683, 0.98, 'C2H4:0.01, O2:0.03, AR:0.96']",0.007914197182141588,True,True
CH3 + H (+M) <=> CH4 (+M),106,0.3,"[1683, 0.98, 'C2H4:0.01, O2:0.03, AR:0.96']",0.013158960162156296,True,True
CH3 + HCO <=> CH4 + CO,107,0.3,"[1683, 0.98, 'C2H4:0.01, O2:0.03, AR:0.96']",0.012918042293600275,True,True
CH4 + OH <=> CH3 + H2O,108,0.3,"[1683, 0.98, 'C2H4:0.01, O2:0.03, AR:0.96']",0.011857662391635578,True,True
CH4 + O <=> CH3 + OH,109,0.3,"[1683, 0.98, 'C2H4:0.01, O2:0.03, AR:0.96']",0.002666973775292414,True,True
CH2(S) + CH4 <=> 2 CH3,110,0.3,"[1683, 0.98, 'C2H4:0.01, O2:0.03, AR:0.96']",0.02548198318418078,True,True
CH2 + CH4 <=> 2 CH3,111,0.3,"[1683, 0.98, 'C2H4:0.01, O2:0.03, AR:0.96']",0.009810621848806607,True,True
CH4 + H <=> CH3 + H2,112,0.3,"[1683, 0.98, 'C2H4:0.01, O2:0.03, AR:0.96']",0.018775349957812864,True,True
C + CH4 <=> CH + CH3,113,0.3,"[1683, 0.98, 'C2H4:0.01, O2:0.03, AR:0.96']",0.0016648363896793986,True,True
CH4 + O2 <=> CH3 + HO2,114,0.3,"[1683, 0.98, 'C2H4:0.01, O2:0.03, AR:0.96']",0.006805334501979889,True,True
CH3OH + O2 <=> CH2OH + HO2,115,0.3,"[1683, 0.98, 'C2H4:0.01, O2:0.03, AR:0.96']",0.017165475320857094,True,True
CH3OH + O <=> CH3O + OH,116,0.3,"[1683, 0.98, 'C2H4:0.01, O2:0.03, AR:0.96']",0.0035546806841822414,True,True
CH3OH + O <=> CH2OH + OH,117,0.3,"[1683, 0.98, 'C2H4:0.01, O2:0.03, AR:0.96']",0.02186130622851124,True,True
CH3OH + M <=> CH2(S) + H2O + M,118,0.3,"[1683, 0.98, 'C2H4:0.01, O2:0.03, AR:0.96']",0.02728374668213175,True,True
CH2OH + CH3O <=> CH2O + CH3OH,119,0.3,"[1683, 0.98, 'C2H4:0.01, O2:0.03, AR:0.96']",0.007749797418463344,True,True
CH2O + CH2OH <=> CH3OH + HCO,120,0.3,"[1683, 0.98, 'C2H4:0.01, O2:0.03, AR:0.96']",0.0023709233531243106,True,True
CH2OH + HCO <=> CH3OH + CO,121,0.3,"[1683, 0.98, 'C2H4:0.01, O2:0.03, AR:0.96']",0.004933943597225963,True,True
2 CH2OH <=> CH2O + CH3OH,122,0.3,"[1683, 0.98, 'C2H4:0.01, O2:0.03, AR:0.96']",0.007119142539721036,True,True
CH2O + CH3O <=> CH3OH + HCO,123,0.3,"[1683, 0.98, 'C2H4:0.01, O2:0.03, AR:0.96']",0.01961686146507961,True,True
2 CH3O <=> CH2O + CH3OH,124,0.3,"[1683, 0.98, 'C2H4:0.01, O2:0.03, AR:0.96']",0.025269705134133517,True,True
CH3O + HCO <=> CH3OH + CO,125,0.3,"[1683, 0.98, 'C2H4:0.01, O2:0.03, AR:0.96']",0.018747986814274673,True,True
CH3 + CH3OH <=> CH3O + CH4,126,0.3,"[1683, 0.98, 'C2H4:0.01, O2:0.03, AR:0.96']",0.020269111566708062,True,True
CH3 + CH3OH <=> CH2OH + CH4,127,0.3,"[1683, 0.98, 'C2H4:0.01, O2:0.03, AR:0.96']",0.02421003426422269,True,True
CH2 + CH3OH <=> CH3 + CH3O,128,0.3,"[1683, 0.98, 'C2H4:0.01, O2:0.03, AR:0.96']",0.009750059900622846,True,True
CH2 + CH3OH <=> CH2OH + CH3,129,0.3,"[1683, 0.98, 'C2H4:0.01, O2:0.03, AR:0.96']",0.007006492686294437,True,True
CH2(S) + CH3OH <=> CH2OH + CH3,130,0.3,"[1683, 0.98, 'C2H4:0.01, O2:0.03, AR:0.96']",0.017991966984003065,True,True
CH3OH + OH <=> CH3O + H2O,131,0.3,"[1683, 0.98, 'C2H4:0.01, O2:0.03, AR:0.96']",0.018271177292970397,True,True
CH3OH + OH <=> CH2OH + H2O,132,0.3,"[1683, 0.98, 'C2H4:0.01, O2:0.03, AR:0.96']",0.0182688054786921,True,True
CH3OH + H <=> CH3O + H2,133,0.3,"[1683, 0.98, 'C2H4:0.01, O2:0.03, AR:0.96']",0.008583476737339816,True,True
CH3OH + H <=> CH2OH + H2,134,0.3,"[1683, 0.98, 'C2H4:0.01, O2:0.03, AR:0.96']",0.01776524580654721,True,True
CH3O + H (+M) <=> CH3OH (+M),135,0.3,"[1683, 0.98, 'C2H4:0.01, O2:0.03, AR:0.96']",0.011282641833980034,True,True
CH2OH + H (+M) <=> CH3OH (+M),136,0.3,"[1683, 0.98, 'C2H4:0.01, O2:0.03, AR:0.96']",0.025894693969491803,True,True
CH3 + OH (+M) <=> CH3OH (+M),137,0.3,"[1683, 0.98, 'C2H4:0.01, O2:0.03, AR:0.96']",0.001369240590946815,True,True
CH3O2 + CH3OH <=> CH3O + CH3O2H,138,0.3,"[1683, 0.98, 'C2H4:0.01, O2:0.03, AR:0.96']",0.012300360994181081,True,True
CH3 + O2 (+M) <=> CH3O2 (+M),139,0.3,"[1683, 0.98, 'C2H4:0.01, O2:0.03, AR:0.96']",0.006104357143069354,True,True
CH3 + CH3O2 <=> 2 CH3O,140,0.3,"[1683, 0.98, 'C2H4:0.01, O2:0.03, AR:0.96']",0.0015756802655661005,True,True
2 CH3O2 <=> CH2O + CH3OH + O2,141,0.3,"[1683, 0.98, 'C2H4:0.01, O2:0.03, AR:0.96']",0.010953032889220378,True,True
2 CH3O2 <=> 2 CH3O + O2,142,0.3,"[1683, 0.98, 'C2H4:0.01, O2:0.03, AR:0.96']",0.004909107479125087,True,True
CH3O2 + H <=> CH3O + OH,143,0.3,"[1683, 0.98, 'C2H4:0.01, O2:0.03, AR:0.96']",0.013896239267138904,True,True
CH3O2 + O <=> CH3O + O2,144,0.3,"[1683, 0.98, 'C2H4:0.01, O2:0.03, AR:0.96']",0.01066817760258554,True,True
CH3O2 + OH <=> CH3OH + O2,145,0.3,"[1683, 0.98, 'C2H4:0.01, O2:0.03, AR:0.96']",9.758384936780537e-05,True,True
CH2O + CH3O2 <=> CH3O + HCO + OH,146,0.3,"[1683, 0.98, 'C2H4:0.01, O2:0.03, AR:0.96']",0.005783719226953172,True,True
C2H + H <=> C2 + H2,147,0.3,"[1683, 0.98, 'C2H4:0.01, O2:0.03, AR:0.96']",0.0008480582970385192,True,True
C2H + OH <=> CH2 + CO,148,0.3,"[1683, 0.98, 'C2H4:0.01, O2:0.03, AR:0.96']",0.0006319954874600448,True,True
C2H + O <=> CH + CO,149,0.3,"[1683, 0.98, 'C2H4:0.01, O2:0.03, AR:0.96']",0.01211851415930584,True,True
C + CH2 <=> C2H + H,150,0.3,"[1683, 0.98, 'C2H4:0.01, O2:0.03, AR:0.96']",0.012121655774255374,True,True
C2H + O2 <=> CH + CO2,151,0.3,"[1683, 0.98, 'C2H4:0.01, O2:0.03, AR:0.96']",0.0462939262696516,True,True
C2H + O2 <=> CO + HCO,152,0.3,"[1683, 0.98, 'C2H4:0.01, O2:0.03, AR:0.96']",0.0008492247603560703,True,True
C2H + OH <=> H + HCCO,153,0.3,"[1683, 0.98, 'C2H4:0.01, O2:0.03, AR:0.96']",0.030881624998765685,True,True
CH2 + HCCO <=> C2H + CH2O,154,0.3,"[1683, 0.98, 'C2H4:0.01, O2:0.03, AR:0.96']",0.0006212414240084539,True,True
H + HCCO <=> CH2 + CO,155,0.3,"[1683, 0.98, 'C2H4:0.01, O2:0.03, AR:0.96']",0.00886816259116833,True,True
C2H + O2 <=> HCCO + O,156,0.3,"[1683, 0.98, 'C2H4:0.01, O2:0.03, AR:0.96']",0.011070686926006096,True,True
CH + CO <=> HCCO,157,0.3,"[1683, 0.98, 'C2H4:0.01, O2:0.03, AR:0.96']",0.0006935692006890341,True,True
HCCO + O <=> 2 CO + H,158,0.3,"[1683, 0.98, 'C2H4:0.01, O2:0.03, AR:0.96']",0.01443327225640947,True,True
HCCO + OH <=> CH2O + CO,159,0.3,"[1683, 0.98, 'C2H4:0.01, O2:0.03, AR:0.96']",0.0029072214497055243,True,True
HCCO + OH <=> 2 HCO,160,0.3,"[1683, 0.98, 'C2H4:0.01, O2:0.03, AR:0.96']",0.004522927630539854,True,True
HCCO + O2 <=> CO + CO2 + H,161,0.3,"[1683, 0.98, 'C2H4:0.01, O2:0.03, AR:0.96']",0.0771158390947408,True,True
HCCO + O2 <=> CO + HCO + O,162,0.3,"[1683, 0.98, 'C2H4:0.01, O2:0.03, AR:0.96']",0.007263031905024356,True,True
HCCO + O2 <=> 2 CO + OH,163,0.3,"[1683, 0.98, 'C2H4:0.01, O2:0.03, AR:0.96']",0.040996892439348565,True,True
C2H + H (+M) <=> C2H2 (+M),164,0.3,"[1683, 0.98, 'C2H4:0.01, O2:0.03, AR:0.96']",0.018783167455454147,True,True
C2H2 + O2 <=> 2 HCO,165,0.3,"[1683, 0.98, 'C2H4:0.01, O2:0.03, AR:0.96']",0.02128892756659971,True,False
C2H2 + O2 <=> 2 HCO,165,0.3,"[1683, 0.98, 'C2H4:0.01, O2:0.03, AR:0.96']",0.0014926956968241332,True,False
C2H2 + OH <=> CH3 + CO,167,0.3,"[1683, 0.98, 'C2H4:0.01, O2:0.03, AR:0.96']",0.0012358120923116414,True,True
C2H2 + OH <=> CH2CO + H,168,0.3,"[1683, 0.98, 'C2H4:0.01, O2:0.03, AR:0.96']",0.009819544282332528,True,True
C2H2 + OH <=> C2H + H2O,169,0.3,"[1683, 0.98, 'C2H4:0.01, O2:0.03, AR:0.96']",0.0027312203533606887,True,True
C2H2 + O <=> CH2 + CO,170,0.3,"[1683, 0.98, 'C2H4:0.01, O2:0.03, AR:0.96']",0.0032581713053038384,True,True
C2H2 + O <=> H + HCCO,171,0.3,"[1683, 0.98, 'C2H4:0.01, O2:0.03, AR:0.96']",0.06203108542399618,True,True
C2H2 + HO2 <=> CH2CO + OH,172,0.3,"[1683, 0.98, 'C2H4:0.01, O2:0.03, AR:0.96']",0.02595867255843352,True,True
C2H2 + O <=> C2H + OH,173,0.3,"[1683, 0.98, 'C2H4:0.01, O2:0.03, AR:0.96']",0.019751794356699083,True,True
C2H + CH2OH <=> C2H2 + CH2O,174,0.3,"[1683, 0.98, 'C2H4:0.01, O2:0.03, AR:0.96']",0.00906520856960582,True,True
C2H + CH3OH <=> C2H2 + CH3O,175,0.3,"[1683, 0.98, 'C2H4:0.01, O2:0.03, AR:0.96']",0.007241202844849225,True,True
C2H + CH3OH <=> C2H2 + CH2OH,176,0.3,"[1683, 0.98, 'C2H4:0.01, O2:0.03, AR:0.96']",0.009946002610458277,True,True
C2H2 + HO2 => CH2 + CO + OH,177,0.3,"[1683, 0.98, 'C2H4:0.01, O2:0.03, AR:0.96']",0.0035795507257015036,True,True
2 HCCO <=> C2H2 + 2 CO,178,0.3,"[1683, 0.98, 'C2H4:0.01, O2:0.03, AR:0.96']",0.008618083569441489,True,True
2 CH2 <=> C2H2 + 2 H,179,0.3,"[1683, 0.98, 'C2H4:0.01, O2:0.03, AR:0.96']",0.0033813066275274286,True,True
2 CH2 <=> C2H2 + H2,180,0.3,"[1683, 0.98, 'C2H4:0.01, O2:0.03, AR:0.96']",0.010141900409144157,True,True
CH + HCCO <=> C2H2 + CO,181,0.3,"[1683, 0.98, 'C2H4:0.01, O2:0.03, AR:0.96']",0.014980094056070982,True,True
CH + CH2 <=> C2H2 + H,182,0.3,"[1683, 0.98, 'C2H4:0.01, O2:0.03, AR:0.96']",0.00768466278322982,True,True
C + CH3 <=> C2H2 + H,183,0.3,"[1683, 0.98, 'C2H4:0.01, O2:0.03, AR:0.96']",0.013913308390907094,True,True
C2H2 + CH <=> C2H + CH2,184,0.3,"[1683, 0.98, 'C2H4:0.01, O2:0.03, AR:0.96']",0.0036679070648357676,True,True
C2H2 + CH <=> H2CCCH,185,0.3,"[1683, 0.98, 'C2H4:0.01, O2:0.03, AR:0.96']",0.006423882832321088,True,True
C2H2 + CH <=> C3H2 + H,186,0.3,"[1683, 0.98, 'C2H4:0.01, O2:0.03, AR:0.96']",0.013489678435640685,True,True
C2H2 + H <=> C2H + H2,187,0.3,"[1683, 0.98, 'C2H4:0.01, O2:0.03, AR:0.96']",0.005981345818576377,True,True
C2H + CH4 <=> C2H2 + CH3,188,0.3,"[1683, 0.98, 'C2H4:0.01, O2:0.03, AR:0.96']",0.013881689008924404,True,True
C2H3 + H <=> H2 + H2CC,189,0.3,"[1683, 0.98, 'C2H4:0.01, O2:0.03, AR:0.96']",0.05780704882559074,True,True
H2CC + OH <=> CH2CO + H,190,0.3,"[1683, 0.98, 'C2H4:0.01, O2:0.03, AR:0.96']",0.01595779155936988,True,True
H2CC + O2 <=> 2 HCO,191,0.3,"[1683, 0.98, 'C2H4:0.01, O2:0.03, AR:0.96']",0.04315254632478114,True,True
H + H2CC <=> C2H2 + H,192,0.3,"[1683, 0.98, 'C2H4:0.01, O2:0.03, AR:0.96']",0.0035864082185643256,True,True
C2H2 + H2CC (+M) <=> C4H4 (+M),193,0.3,"[1683, 0.98, 'C2H4:0.01, O2:0.03, AR:0.96']",0.022732987379246117,True,True
C2H4 (+M) <=> H2 + H2CC (+M),194,0.3,"[1683, 0.98, 'C2H4:0.01, O2:0.03, AR:0.96']",0.02381118920227501,True,True
C2H2 (+M) <=> H2CC (+M),195,0.3,"[1683, 0.98, 'C2H4:0.01, O2:0.03, AR:0.96']",0.04832250663246117,True,True
CH2CO + O2 <=> CH2O + CO2,196,0.3,"[1683, 0.98, 'C2H4:0.01, O2:0.03, AR:0.96']",0.006803645858233064,True,True
CH2CO + OH <=> CH2OH + CO,197,0.3,"[1683, 0.98, 'C2H4:0.01, O2:0.03, AR:0.96']",0.0038270480738311413,True,True
CH2CO + OH <=> CH3 + CO2,198,0.3,"[1683, 0.98, 'C2H4:0.01, O2:0.03, AR:0.96']",0.01227286615905555,True,True
CH2CO + O <=> 2 HCO,199,0.3,"[1683, 0.98, 'C2H4:0.01, O2:0.03, AR:0.96']",0.006346928916706132,True,True
CH2CO + O <=> CO + H + HCO,200,0.3,"[1683, 0.98, 'C2H4:0.01, O2:0.03, AR:0.96']",0.008761785988485869,True,True
CH2CO + O <=> CH2O + CO,201,0.3,"[1683, 0.98, 'C2H4:0.01, O2:0.03, AR:0.96']",0.005585855668746706,True,True
CH2CO + O <=> CH2 + CO2,202,0.3,"[1683, 0.98, 'C2H4:0.01, O2:0.03, AR:0.96']",0.0037349558668351625,True,True
CH2CO (+M) <=> CH2 + CO (+M),203,0.3,"[1683, 0.98, 'C2H4:0.01, O2:0.03, AR:0.96']",0.016302223686333505,True,True
CH2CO + H <=> CH3 + CO,204,0.3,"[1683, 0.98, 'C2H4:0.01, O2:0.03, AR:0.96']",0.03983042447927325,True,True
CH2CO + H <=> CH2CHO,205,0.3,"[1683, 0.98, 'C2H4:0.01, O2:0.03, AR:0.96']",0.0233972273251507,True,True
CH2CO + H <=> CH3CO,206,0.3,"[1683, 0.98, 'C2H4:0.01, O2:0.03, AR:0.96']",0.033747911340252575,True,True
CH2CO + H <=> H2 + HCCO,207,0.3,"[1683, 0.98, 'C2H4:0.01, O2:0.03, AR:0.96']",0.01701197643810519,True,True
CH2CO + O <=> HCCO + OH,208,0.3,"[1683, 0.98, 'C2H4:0.01, O2:0.03, AR:0.96']",0.021163220663664415,True,True
C2H2 + CH2OH <=> C2H3 + CH2O,209,0.3,"[1683, 0.98, 'C2H4:0.01, O2:0.03, AR:0.96']",0.001429985060033455,True,True
C2H3 + CH3 <=> C2H2 + CH4,210,0.3,"[1683, 0.98, 'C2H4:0.01, O2:0.03, AR:0.96']",0.024178019105347427,True,True
C2H3 + HO2 => CH3 + CO + OH,211,0.3,"[1683, 0.98, 'C2H4:0.01, O2:0.03, AR:0.96']",0.004690126966764148,True,True
C2H3 + OH <=> C2H2 + H2O,212,0.3,"[1683, 0.98, 'C2H4:0.01, O2:0.03, AR:0.96']",0.01996860263395777,True,True
C2H3 + O <=> CH3 + CO,213,0.3,"[1683, 0.98, 'C2H4:0.01, O2:0.03, AR:0.96']",0.008693868874548628,True,True
C2H + C2H3 <=> 2 C2H2,214,0.3,"[1683, 0.98, 'C2H4:0.01, O2:0.03, AR:0.96']",0.018457701830996702,True,True
CH2 + HCCO <=> C2H3 + CO,215,0.3,"[1683, 0.98, 'C2H4:0.01, O2:0.03, AR:0.96']",0.017127067472105073,True,True
C2H3 + CH2 <=> C2H2 + CH3,216,0.3,"[1683, 0.98, 'C2H4:0.01, O2:0.03, AR:0.96']",0.002517322645688247,True,True
C2H3 + CH <=> C2H2 + CH2,217,0.3,"[1683, 0.98, 'C2H4:0.01, O2:0.03, AR:0.96']",0.022925153890460574,True,True
CH + CH3 <=> C2H3 + H,218,0.3,"[1683, 0.98, 'C2H4:0.01, O2:0.03, AR:0.96']",0.017626746138437593,True,True
C2H3 + H <=> C2H2 + H2,219,0.3,"[1683, 0.98, 'C2H4:0.01, O2:0.03, AR:0.96']",0.026125939165302713,True,True
C2H2 + H (+M) <=> C2H3 (+M),220,0.3,"[1683, 0.98, 'C2H4:0.01, O2:0.03, AR:0.96']",0.13057439609160654,False,False
C2H3 + O2 <=> CH2CO + OH,221,0.3,"[1683, 0.98, 'C2H4:0.01, O2:0.03, AR:0.96']",0.03235065439577037,True,False
C2H3 + O2 <=> CH2CO + OH,221,0.3,"[1683, 0.98, 'C2H4:0.01, O2:0.03, AR:0.96']",0.008257074494495309,True,False
C2H3 + O2 => CH2O + CO + H,223,0.3,"[1683, 0.98, 'C2H4:0.01, O2:0.03, AR:0.96']",0.015417037542383119,True,False
C2H3 + O2 => CH2O + CO + H,223,0.3,"[1683, 0.98, 'C2H4:0.01, O2:0.03, AR:0.96']",0.022945396605485734,True,False
C2H3 + O2 <=> CH3O + CO,225,0.3,"[1683, 0.98, 'C2H4:0.01, O2:0.03, AR:0.96']",0.0023516389473139136,True,False
C2H3 + O2 <=> CH3O + CO,225,0.3,"[1683, 0.98, 'C2H4:0.01, O2:0.03, AR:0.96']",0.015302559710940257,True,False
C2H3 + O2 <=> CH3 + CO2,227,0.3,"[1683, 0.98, 'C2H4:0.01, O2:0.03, AR:0.96']",0.010696428279865118,True,False
C2H3 + O2 <=> CH3 + CO2,227,0.3,"[1683, 0.98, 'C2H4:0.01, O2:0.03, AR:0.96']",0.01764418291003312,True,False
C2H3 + O2 <=> CH2CHO + O,229,0.3,"[1683, 0.98, 'C2H4:0.01, O2:0.03, AR:0.96']",0.04921418823111549,True,True
C2H3 + O2 <=> CH2CHO + O,229,0.3,"[1683, 0.98, 'C2H4:0.01, O2:0.03, AR:0.96']",0.16577177542594415,False,True
C2H3 + O2 <=> C2H2 + HO2,231,0.3,"[1683, 0.98, 'C2H4:0.01, O2:0.03, AR:0.96']",0.028325032319199597,True,False
C2H3 + O2 <=> C2H2 + HO2,231,0.3,"[1683, 0.98, 'C2H4:0.01, O2:0.03, AR:0.96']",0.01411520000352889,True,False
C2H3 + O2 <=> CH2O + HCO,233,0.3,"[1683, 0.98, 'C2H4:0.01, O2:0.03, AR:0.96']",0.0023968820727322863,True,False
C2H3 + O2 <=> CH2O + HCO,233,0.3,"[1683, 0.98, 'C2H4:0.01, O2:0.03, AR:0.96']",0.004150917200150354,True,False
CH2CHO + O2 <=> CH2O + CO + OH,235,0.3,"[1683, 0.98, 'C2H4:0.01, O2:0.03, AR:0.96']",0.02087936537557723,True,True
CH + CH2CHO <=> C2H3 + HCO,236,0.3,"[1683, 0.98, 'C2H4:0.01, O2:0.03, AR:0.96']",0.01304052513488292,True,True
CH2CHO + OH <=> CH2OH + HCO,237,0.3,"[1683, 0.98, 'C2H4:0.01, O2:0.03, AR:0.96']",0.023737572160347113,True,True
CH2CHO + OH <=> CH2CO + H2O,238,0.3,"[1683, 0.98, 'C2H4:0.01, O2:0.03, AR:0.96']",0.004502659386853872,True,True
CH2CHO + O <=> CH2O + HCO,239,0.3,"[1683, 0.98, 'C2H4:0.01, O2:0.03, AR:0.96']",0.004878255813870673,True,True
CH2CHO + CH3 <=> C2H5 + HCO,240,0.3,"[1683, 0.98, 'C2H4:0.01, O2:0.03, AR:0.96']",0.01465875322942586,True,True
CH2CHO + H <=> CH3 + HCO,241,0.3,"[1683, 0.98, 'C2H4:0.01, O2:0.03, AR:0.96']",0.02276621419518516,True,False
CH2CHO + H <=> CH3 + HCO,241,0.3,"[1683, 0.98, 'C2H4:0.01, O2:0.03, AR:0.96']",0.004013076368533635,True,False
CH2CHO + H <=> CH3CO + H,243,0.3,"[1683, 0.98, 'C2H4:0.01, O2:0.03, AR:0.96']",0.021742996297541714,True,True
CH2CHO <=> CH3CO,244,0.3,"[1683, 0.98, 'C2H4:0.01, O2:0.03, AR:0.96']",0.028012333161097448,True,True
CH2CHO <=> CH3 + CO,245,0.3,"[1683, 0.98, 'C2H4:0.01, O2:0.03, AR:0.96']",0.01929176401800882,True,True
CH3CO <=> CH3 + CO,246,0.3,"[1683, 0.98, 'C2H4:0.01, O2:0.03, AR:0.96']",0.016942421547225844,True,True
CH3CO + OH <=> CH2CO + H2O,247,0.3,"[1683, 0.98, 'C2H4:0.01, O2:0.03, AR:0.96']",0.004165786764116409,True,True
CH3CO + O <=> CH2CO + OH,248,0.3,"[1683, 0.98, 'C2H4:0.01, O2:0.03, AR:0.96']",0.053058738973502474,True,True
CH3CO + O <=> CH3 + CO2,249,0.3,"[1683, 0.98, 'C2H4:0.01, O2:0.03, AR:0.96']",0.014798578503496279,True,True
CH3CO + H <=> CH2CO + H2,250,0.3,"[1683, 0.98, 'C2H4:0.01, O2:0.03, AR:0.96']",0.005551680236904868,True,True
CH3CO + H <=> CH3 + HCO,251,0.3,"[1683, 0.98, 'C2H4:0.01, O2:0.03, AR:0.96']",0.007294707200686444,True,True
C2H3 + CH3O <=> C2H4 + CH2O,252,0.3,"[1683, 0.98, 'C2H4:0.01, O2:0.03, AR:0.96']",0.007829155474321538,True,True
C2H3 + CH2OH <=> C2H4 + CH2O,253,0.3,"[1683, 0.98, 'C2H4:0.01, O2:0.03, AR:0.96']",0.031316782966050095,True,True
CH2 + CH2OH <=> C2H4 + OH,254,0.3,"[1683, 0.98, 'C2H4:0.01, O2:0.03, AR:0.96']",0.010385841930613446,True,True
C2H3 + CH3OH <=> C2H4 + CH3O,255,0.3,"[1683, 0.98, 'C2H4:0.01, O2:0.03, AR:0.96']",0.008132332345169059,True,True
C2H3 + CH3OH <=> C2H4 + CH2OH,256,0.3,"[1683, 0.98, 'C2H4:0.01, O2:0.03, AR:0.96']",0.006056072896513251,True,True
C2H3 + HCO <=> C2H4 + CO,257,0.3,"[1683, 0.98, 'C2H4:0.01, O2:0.03, AR:0.96']",0.0031247486618716535,True,True
C2H3 + H2O2 <=> C2H4 + HO2,258,0.3,"[1683, 0.98, 'C2H4:0.01, O2:0.03, AR:0.96']",0.013077286052814984,True,True
C2H3 + CH2O <=> C2H4 + HCO,259,0.3,"[1683, 0.98, 'C2H4:0.01, O2:0.03, AR:0.96']",0.001138005594519906,True,True
2 C2H3 <=> C2H2 + C2H4,260,0.3,"[1683, 0.98, 'C2H4:0.01, O2:0.03, AR:0.96']",0.029549728264228855,True,True
CH2 + CH2CHO <=> C2H4 + HCO,261,0.3,"[1683, 0.98, 'C2H4:0.01, O2:0.03, AR:0.96']",0.01332223528325975,True,True
CH2 + CH3 <=> C2H4 + H,262,0.3,"[1683, 0.98, 'C2H4:0.01, O2:0.03, AR:0.96']",0.03200285258084663,True,True
C2H4 + CH3 <=> C2H3 + CH4,263,0.3,"[1683, 0.98, 'C2H4:0.01, O2:0.03, AR:0.96']",0.019648479418938783,True,True
CH + CH4 <=> C2H4 + H,264,0.3,"[1683, 0.98, 'C2H4:0.01, O2:0.03, AR:0.96']",0.011746858874940525,True,True
C2H4 + CH2 <=> C3H6,265,0.3,"[1683, 0.98, 'C2H4:0.01, O2:0.03, AR:0.96']",0.045813383043110695,True,True
C2H4 + CH2(S) <=> C3H6,266,0.3,"[1683, 0.98, 'C2H4:0.01, O2:0.03, AR:0.96']",0.010727608661263568,True,True
C2H4 + O2 <=> C2H3 + HO2,267,0.3,"[1683, 0.98, 'C2H4:0.01, O2:0.03, AR:0.96']",0.01384842671384583,True,True
C2H3 + H (+M) <=> C2H4 (+M),268,0.3,"[1683, 0.98, 'C2H4:0.01, O2:0.03, AR:0.96']",0.013775479971345945,True,True
C2H4 + H (+M) <=> C2H5 (+M),269,0.3,"[1683, 0.98, 'C2H4:0.01, O2:0.03, AR:0.96']",0.01741350224987274,True,True
C2H4 + H <=> C2H3 + H2,270,0.3,"[1683, 0.98, 'C2H4:0.01, O2:0.03, AR:0.96']",0.02636724568573765,True,True
C2H4 + OH <=> C2H3 + H2O,271,0.3,"[1683, 0.98, 'C2H4:0.01, O2:0.03, AR:0.96']",0.11031102374693579,True,False
C2H4 + OH <=> CH2O + CH3,272,0.3,"[1683, 0.98, 'C2H4:0.01, O2:0.03, AR:0.96']",0.019474401051015413,True,True
C2H4 + OH <=> C2H3OH + H,273,0.3,"[1683, 0.98, 'C2H4:0.01, O2:0.03, AR:0.96']",0.03254986711292395,True,True
C2H4 + OH <=> CH3CHO + H,274,0.3,"[1683, 0.98, 'C2H4:0.01, O2:0.03, AR:0.96']",0.012763086379344557,True,True
C2H4 + OH <=> CH2CH2OH,275,0.3,"[1683, 0.98, 'C2H4:0.01, O2:0.03, AR:0.96']",0.003975855521261756,True,False
C2H4 + OH <=> CH2CH2OH,275,0.3,"[1683, 0.98, 'C2H4:0.01, O2:0.03, AR:0.96']",0.016709182949658164,True,False
C2H4 + O <=> CH2 + CH2O,277,0.3,"[1683, 0.98, 'C2H4:0.01, O2:0.03, AR:0.96']",0.03434750001697169,True,True
C2H4 + O <=> CH3 + HCO,278,0.3,"[1683, 0.98, 'C2H4:0.01, O2:0.03, AR:0.96']",0.05314123921371426,True,False
C2H4 + O <=> CH2CO + H2,279,0.3,"[1683, 0.98, 'C2H4:0.01, O2:0.03, AR:0.96']",0.022788532556576466,True,True
C2H4 + O <=> CH2CHO + H,280,0.3,"[1683, 0.98, 'C2H4:0.01, O2:0.03, AR:0.96']",0.165966140300055,False,False
C2H4 + HO2 <=> CH2OCH2 + OH,281,0.3,"[1683, 0.98, 'C2H4:0.01, O2:0.03, AR:0.96']",0.005387382312698123,True,True
CH2CH2O2H <=> C2H4 + HO2,282,0.3,"[1683, 0.98, 'C2H4:0.01, O2:0.03, AR:0.96']",0.012086931848011365,True,True
CH3CHO (+M) <=> CH3 + HCO (+M),283,0.3,"[1683, 0.98, 'C2H4:0.01, O2:0.03, AR:0.96']",0.015401513564448535,True,True
CH3CHO (+M) <=> CH4 + CO (+M),284,0.3,"[1683, 0.98, 'C2H4:0.01, O2:0.03, AR:0.96']",0.005757091738820064,True,True
CH3CHO + O2 <=> CH3CO + HO2,285,0.3,"[1683, 0.98, 'C2H4:0.01, O2:0.03, AR:0.96']",0.015348890170538892,True,True
CH3CHO + HO2 <=> CH2CHO + H2O2,286,0.3,"[1683, 0.98, 'C2H4:0.01, O2:0.03, AR:0.96']",0.011210570759380135,True,True
CH3CHO + HO2 <=> CH3CO + H2O2,287,0.3,"[1683, 0.98, 'C2H4:0.01, O2:0.03, AR:0.96']",0.015503945087567824,True,True
CH3 + CH3CHO <=> CH2CHO + CH4,288,0.3,"[1683, 0.98, 'C2H4:0.01, O2:0.03, AR:0.96']",0.028588923457880364,True,True
CH3 + CH3CHO <=> CH3CO + CH4,289,0.3,"[1683, 0.98, 'C2H4:0.01, O2:0.03, AR:0.96']",0.003398775771861297,True,True
CH3CHO + H <=> CH2CHO + H2,290,0.3,"[1683, 0.98, 'C2H4:0.01, O2:0.03, AR:0.96']",0.012404052646936203,True,True
CH3CHO + H <=> CH3CO + H2,291,0.3,"[1683, 0.98, 'C2H4:0.01, O2:0.03, AR:0.96']",0.017805044682583107,True,True
CH3CHO + O <=> CH2CHO + OH,292,0.3,"[1683, 0.98, 'C2H4:0.01, O2:0.03, AR:0.96']",0.020400152658380553,True,True
CH3CHO + O <=> CH3CO + OH,293,0.3,"[1683, 0.98, 'C2H4:0.01, O2:0.03, AR:0.96']",0.011943046016090609,True,True
CH3CHO + OH <=> CH2CHO + H2O,294,0.3,"[1683, 0.98, 'C2H4:0.01, O2:0.03, AR:0.96']",0.01670669839308548,True,True
CH3CHO + OH <=> CH3CO + H2O,295,0.3,"[1683, 0.98, 'C2H4:0.01, O2:0.03, AR:0.96']",0.020678279857612822,True,True
CH2OCH2 <=> CH3CHO,296,0.3,"[1683, 0.98, 'C2H4:0.01, O2:0.03, AR:0.96']",0.018438187814703914,True,True
CH2OCH2 <=> CH3 + HCO,297,0.3,"[1683, 0.98, 'C2H4:0.01, O2:0.03, AR:0.96']",0.019064710283237984,True,True
CH2OCH2 <=> CH4 + CO,298,0.3,"[1683, 0.98, 'C2H4:0.01, O2:0.03, AR:0.96']",0.016121732238909375,True,True
CH2OCH2 <=> CH3CO + H,299,0.3,"[1683, 0.98, 'C2H4:0.01, O2:0.03, AR:0.96']",0.011980978465635072,True,True
CH2OCH2 <=> CH2CHO + H,300,0.3,"[1683, 0.98, 'C2H4:0.01, O2:0.03, AR:0.96']",0.02419586171113323,True,True
CH2OCH2 <=> CH2CO + H2,301,0.3,"[1683, 0.98, 'C2H4:0.01, O2:0.03, AR:0.96']",0.005167583488419945,True,True
CH2OCH2 <=> C2H2 + H2O,302,0.3,"[1683, 0.98, 'C2H4:0.01, O2:0.03, AR:0.96']",0.010511910382481634,True,True
CH2OCH <=> CH3 + CO,303,0.3,"[1683, 0.98, 'C2H4:0.01, O2:0.03, AR:0.96']",0.004018813161968704,True,True
CH2OCH <=> CH2CO + H,304,0.3,"[1683, 0.98, 'C2H4:0.01, O2:0.03, AR:0.96']",0.011619109573079274,True,True
CH2OCH <=> CH2CHO,305,0.3,"[1683, 0.98, 'C2H4:0.01, O2:0.03, AR:0.96']",0.01952736317483533,True,True
CH2OCH2 + H <=> CH3CHO + H,306,0.3,"[1683, 0.98, 'C2H4:0.01, O2:0.03, AR:0.96']",0.004910045173757366,True,True
CH2OCH2 + H <=> CH2OCH + H2,307,0.3,"[1683, 0.98, 'C2H4:0.01, O2:0.03, AR:0.96']",0.016747653969449664,True,True
CH2OCH2 + H <=> C2H4 + OH,308,0.3,"[1683, 0.98, 'C2H4:0.01, O2:0.03, AR:0.96']",0.009755632652301303,True,True
CH2OCH2 + O <=> CH2OCH + OH,309,0.3,"[1683, 0.98, 'C2H4:0.01, O2:0.03, AR:0.96']",0.017678384272021605,True,True
CH2OCH2 + OH <=> CH2OCH + H2O,310,0.3,"[1683, 0.98, 'C2H4:0.01, O2:0.03, AR:0.96']",0.005902833047852984,True,True
CH2OCH2 + CH3 <=> CH2OCH + CH4,311,0.3,"[1683, 0.98, 'C2H4:0.01, O2:0.03, AR:0.96']",0.012569901623308843,True,True
CH3 + CH4 <=> C2H5 + H2,312,0.3,"[1683, 0.98, 'C2H4:0.01, O2:0.03, AR:0.96']",0.02748732511190816,True,True
C2H5 + CH2OH <=> C2H4 + CH3OH,313,0.3,"[1683, 0.98, 'C2H4:0.01, O2:0.03, AR:0.96']",0.015207791536763524,True,True
C2H5 + HO2 <=> CH3CH2O + OH,314,0.3,"[1683, 0.98, 'C2H4:0.01, O2:0.03, AR:0.96']",0.005475909919924806,True,True
2 CH3 <=> C2H5 + H,315,0.3,"[1683, 0.98, 'C2H4:0.01, O2:0.03, AR:0.96']",0.00972195553719904,True,True
C2H5 + O2 <=> C2H4 + HO2,316,0.3,"[1683, 0.98, 'C2H4:0.01, O2:0.03, AR:0.96']",0.011266814564578148,True,True
C2H5 + O2 <=> C2H5O2,317,0.3,"[1683, 0.98, 'C2H4:0.01, O2:0.03, AR:0.96']",0.0014711146767499915,True,True
C2H5 + O <=> CH2O + CH3,318,0.3,"[1683, 0.98, 'C2H4:0.01, O2:0.03, AR:0.96']",0.013978961947966299,True,True
C2H5 + O <=> CH3CHO + H,319,0.3,"[1683, 0.98, 'C2H4:0.01, O2:0.03, AR:0.96']",0.020706764755127907,True,True
C2H5 + O <=> C2H4 + OH,320,0.3,"[1683, 0.98, 'C2H4:0.01, O2:0.03, AR:0.96']",0.005893746762959957,True,True
C2H5 + H (+M) <=> C2H6 (+M),321,0.3,"[1683, 0.98, 'C2H4:0.01, O2:0.03, AR:0.96']",0.011971716344863194,True,True
C2H5 + O2 <=> CH2OCH2 + OH,322,0.3,"[1683, 0.98, 'C2H4:0.01, O2:0.03, AR:0.96']",0.01039926622002225,True,True
CH2CHOO + OH <=> C2H3OH + O2,323,0.3,"[1683, 0.98, 'C2H4:0.01, O2:0.03, AR:0.96']",0.005207499107108696,True,True
CH2CHOO + OH <=> CH2CHO + HO2,324,0.3,"[1683, 0.98, 'C2H4:0.01, O2:0.03, AR:0.96']",0.01174068535649994,True,True
CH2CHOO + H <=> CH2CHO + OH,325,0.3,"[1683, 0.98, 'C2H4:0.01, O2:0.03, AR:0.96']",0.017676615906842136,True,True
C2H3 + O2 <=> CH2CHOO,326,0.3,"[1683, 0.98, 'C2H4:0.01, O2:0.03, AR:0.96']",0.002550050478453851,True,False
C2H3 + O2 <=> CH2CHOO,326,0.3,"[1683, 0.98, 'C2H4:0.01, O2:0.03, AR:0.96']",0.0170467058647531,True,False
CH2CHOO <=> CH2CHO + O,328,0.3,"[1683, 0.98, 'C2H4:0.01, O2:0.03, AR:0.96']",0.01464191595024551,True,False
CH2CHOO <=> CH2CHO + O,328,0.3,"[1683, 0.98, 'C2H4:0.01, O2:0.03, AR:0.96']",0.03869298894759805,True,False
CH2CHOO <=> CH2CO + OH,330,0.3,"[1683, 0.98, 'C2H4:0.01, O2:0.03, AR:0.96']",0.02576859046580134,True,False
CH2CHOO <=> CH2CO + OH,330,0.3,"[1683, 0.98, 'C2H4:0.01, O2:0.03, AR:0.96']",0.013354939494300019,True,False
CH2CHOO <=> CH2O + HCO,332,0.3,"[1683, 0.98, 'C2H4:0.01, O2:0.03, AR:0.96']",0.0022041907829079142,True,False
CH2CHOO <=> CH2O + HCO,332,0.3,"[1683, 0.98, 'C2H4:0.01, O2:0.03, AR:0.96']",0.007048630302999416,True,False
CH2CHOO => CH2O + CO + H,334,0.3,"[1683, 0.98, 'C2H4:0.01, O2:0.03, AR:0.96']",0.004880312830047631,True,False
CH2CHOO => CH2O + CO + H,334,0.3,"[1683, 0.98, 'C2H4:0.01, O2:0.03, AR:0.96']",0.011316596641100421,True,False
CH2CHOO <=> CH3O + CO,336,0.3,"[1683, 0.98, 'C2H4:0.01, O2:0.03, AR:0.96']",0.009080507127199669,True,False
CH2CHOO <=> CH3O + CO,336,0.3,"[1683, 0.98, 'C2H4:0.01, O2:0.03, AR:0.96']",0.01726249810701789,True,False
CH2CHOO <=> CH3 + CO2,338,0.3,"[1683, 0.98, 'C2H4:0.01, O2:0.03, AR:0.96']",0.016473682072012386,True,False
CH2CHOO <=> CH3 + CO2,338,0.3,"[1683, 0.98, 'C2H4:0.01, O2:0.03, AR:0.96']",0.03156810559665959,True,False
C2H5 + CH3O <=> C2H6 + CH2O,340,0.3,"[1683, 0.98, 'C2H4:0.01, O2:0.03, AR:0.96']",0.009134279972379238,True,True
C2H5 + CH2OH <=> C2H6 + CH2O,341,0.3,"[1683, 0.98, 'C2H4:0.01, O2:0.03, AR:0.96']",0.04436490780740184,True,True
C2H + C2H6 <=> C2H2 + C2H5,342,0.3,"[1683, 0.98, 'C2H4:0.01, O2:0.03, AR:0.96']",0.0046102317710692295,True,True
CH3 + CH4 <=> C2H6 + H,343,0.3,"[1683, 0.98, 'C2H4:0.01, O2:0.03, AR:0.96']",0.015064532857614672,True,True
C2H3 + C2H6 <=> C2H4 + C2H5,344,0.3,"[1683, 0.98, 'C2H4:0.01, O2:0.03, AR:0.96']",0.009586875583264712,True,True
C2H6 + CH2 <=> C2H5 + CH3,345,0.3,"[1683, 0.98, 'C2H4:0.01, O2:0.03, AR:0.96']",0.004686991891664675,True,True
C2H6 + O2 <=> C2H5 + HO2,346,0.3,"[1683, 0.98, 'C2H4:0.01, O2:0.03, AR:0.96']",0.011757506318430007,True,True
2 CH3 (+M) <=> C2H6 (+M),347,0.3,"[1683, 0.98, 'C2H4:0.01, O2:0.03, AR:0.96']",0.006593807991419066,True,True
C2H6 + HO2 <=> C2H5 + H2O2,348,0.3,"[1683, 0.98, 'C2H4:0.01, O2:0.03, AR:0.96']",0.013492491092998292,True,True
C2H6 + OH <=> C2H5 + H2O,349,0.3,"[1683, 0.98, 'C2H4:0.01, O2:0.03, AR:0.96']",0.006991301256122529,True,True
C2H6 + O <=> C2H5 + OH,350,0.3,"[1683, 0.98, 'C2H4:0.01, O2:0.03, AR:0.96']",0.0035864583638177284,True,True
C2H6 + CH3 <=> C2H5 + CH4,351,0.3,"[1683, 0.98, 'C2H4:0.01, O2:0.03, AR:0.96']",0.0030693379154302885,True,True
C2H6 + CH2(S) <=> C2H5 + CH3,352,0.3,"[1683, 0.98, 'C2H4:0.01, O2:0.03, AR:0.96']",0.008772386564088522,True,True
C2H6 + CH <=> C2H4 + CH3,353,0.3,"[1683, 0.98, 'C2H4:0.01, O2:0.03, AR:0.96']",0.013321721530271405,True,True
C2H6 + H <=> C2H5 + H2,354,0.3,"[1683, 0.98, 'C2H4:0.01, O2:0.03, AR:0.96']",0.00948948431403298,True,True
C2H5O2 (+M) <=> C2H4 + HO2 (+M),355,0.3,"[1683, 0.98, 'C2H4:0.01, O2:0.03, AR:0.96']",0.030775276017918542,True,True
C2H5O2 <=> CH2CH2O2H,356,0.3,"[1683, 0.98, 'C2H4:0.01, O2:0.03, AR:0.96']",0.0004725106525065887,True,True
C2H5O2 <=> CH3CHO + OH,357,0.3,"[1683, 0.98, 'C2H4:0.01, O2:0.03, AR:0.96']",0.014255583081137956,True,True
C2H5O2 <=> CH3CH2O + O,358,0.3,"[1683, 0.98, 'C2H4:0.01, O2:0.03, AR:0.96']",0.006711938475263395,True,True
2 C2H5O2 <=> 2 CH3CH2O + O2,359,0.3,"[1683, 0.98, 'C2H4:0.01, O2:0.03, AR:0.96']",0.004525220665244077,True,True
2 C2H5O2 <=> C2H5OH + CH3CHO + O2,360,0.3,"[1683, 0.98, 'C2H4:0.01, O2:0.03, AR:0.96']",0.02205104904358968,True,True
C2H5O2 + HO2 <=> C2H5O2H + O2,361,0.3,"[1683, 0.98, 'C2H4:0.01, O2:0.03, AR:0.96']",0.01368154863018548,True,True
CH3CHOH <=> CH2CH2OH,362,0.3,"[1683, 0.98, 'C2H4:0.01, O2:0.03, AR:0.96']",0.024619858757004714,True,True
CH2CH2OH + O2 <=> O2C2H4OH,363,0.3,"[1683, 0.98, 'C2H4:0.01, O2:0.03, AR:0.96']",0.010303252606616384,True,True
CH2CH2OH + O2 <=> C2H3OH + HO2,364,0.3,"[1683, 0.98, 'C2H4:0.01, O2:0.03, AR:0.96']",0.010319043766720238,True,True
CH2CH2OH + O2 <=> 2 CH2O + OH,365,0.3,"[1683, 0.98, 'C2H4:0.01, O2:0.03, AR:0.96']",0.030297353658132242,True,True
O2C2H4OH <=> C2H3OH + HO2,366,0.3,"[1683, 0.98, 'C2H4:0.01, O2:0.03, AR:0.96']",0.024898612089341444,True,True
CH3CH2O + OH <=> CH3CHO + H2O,367,0.3,"[1683, 0.98, 'C2H4:0.01, O2:0.03, AR:0.96']",0.005550570310006042,True,True
CH3CH2O + H <=> C2H4 + H2O,368,0.3,"[1683, 0.98, 'C2H4:0.01, O2:0.03, AR:0.96']",0.012237225446151722,True,True
CH3CH2O + H <=> CH2OH + CH3,369,0.3,"[1683, 0.98, 'C2H4:0.01, O2:0.03, AR:0.96']",0.011566513746721567,True,True
CH3CH2O + CO <=> C2H5 + CO2,370,0.3,"[1683, 0.98, 'C2H4:0.01, O2:0.03, AR:0.96']",0.01878452647968635,True,True
CH3CH2O + O2 <=> CH3CHO + HO2,371,0.3,"[1683, 0.98, 'C2H4:0.01, O2:0.03, AR:0.96']",0.02005232150769672,True,True
CH3CH2O + M <=> CH2O + CH3 + M,372,0.3,"[1683, 0.98, 'C2H4:0.01, O2:0.03, AR:0.96']",0.005793814555132778,True,True
CH3CH2O + M <=> CH3CHO + H + M,373,0.3,"[1683, 0.98, 'C2H4:0.01, O2:0.03, AR:0.96']",0.010137136683166011,True,True
CH3CHOH + M <=> CH3CHO + H + M,374,0.3,"[1683, 0.98, 'C2H4:0.01, O2:0.03, AR:0.96']",0.024484691461166178,True,True
CH3CHOH + OH <=> CH3CHO + H2O,375,0.3,"[1683, 0.98, 'C2H4:0.01, O2:0.03, AR:0.96']",0.0027855869850161754,True,True
CH3CHOH + HO2 <=> CH3CHO + 2 OH,376,0.3,"[1683, 0.98, 'C2H4:0.01, O2:0.03, AR:0.96']",0.007757459889592747,True,True
CH3CHOH + H <=> CH2OH + CH3,377,0.3,"[1683, 0.98, 'C2H4:0.01, O2:0.03, AR:0.96']",0.011627211107871254,True,True
CH3CHOH + H <=> C2H4 + H2O,378,0.3,"[1683, 0.98, 'C2H4:0.01, O2:0.03, AR:0.96']",0.027598133426524486,True,True
CH3CHOH + O <=> CH3CHO + OH,379,0.3,"[1683, 0.98, 'C2H4:0.01, O2:0.03, AR:0.96']",0.01407008379041162,True,True
CH3CHOH + O2 <=> CH3CHO + HO2,380,0.3,"[1683, 0.98, 'C2H4:0.01, O2:0.03, AR:0.96']",0.017180659868348973,True,True
CH3CHOH + O2 <=> C2H3OH + HO2,381,0.3,"[1683, 0.98, 'C2H4:0.01, O2:0.03, AR:0.96']",0.00963887427236939,True,True
CH3CHOH + O2 <=> C2H4O2OH,382,0.3,"[1683, 0.98, 'C2H4:0.01, O2:0.03, AR:0.96']",0.001334220957499394,True,True
C2H4O2OH <=> C2H3OH + HO2,383,0.3,"[1683, 0.98, 'C2H4:0.01, O2:0.03, AR:0.96']",0.02008883604320174,True,True
CH3CHOH <=> CH3CH2O,384,0.3,"[1683, 0.98, 'C2H4:0.01, O2:0.03, AR:0.96']",0.003245252691952619,True,True
C2H3OH + O2 <=> CH2CHO + HO2,385,0.3,"[1683, 0.98, 'C2H4:0.01, O2:0.03, AR:0.96']",0.0026675275738191014,True,True
C2H3OH + H <=> CH2CHO + H2,386,0.3,"[1683, 0.98, 'C2H4:0.01, O2:0.03, AR:0.96']",0.00024020472610197693,True,True
C2H3OH + O <=> CH2CHO + OH,387,0.3,"[1683, 0.98, 'C2H4:0.01, O2:0.03, AR:0.96']",0.006969470158758899,True,True
C2H3OH + OH <=> CH2CHO + H2O,388,0.3,"[1683, 0.98, 'C2H4:0.01, O2:0.03, AR:0.96']",0.01198713366174873,True,True
C2H3OH + CH3 <=> CH2CHO + CH4,389,0.3,"[1683, 0.98, 'C2H4:0.01, O2:0.03, AR:0.96']",0.009010192461149287,True,True
C2H3OH + HO2 <=> CH3CHO + HO2,390,0.3,"[1683, 0.98, 'C2H4:0.01, O2:0.03, AR:0.96']",0.013645159489414737,True,True
C2H4O2OH <=> CH3CHO + HO2,391,0.3,"[1683, 0.98, 'C2H4:0.01, O2:0.03, AR:0.96']",0.014244494950128852,True,True
C2H3OH + CH3O2 <=> CH2CHO + CH3O2H,392,0.3,"[1683, 0.98, 'C2H4:0.01, O2:0.03, AR:0.96']",0.010524019070817153,True,True
C2H5O2H <=> CH3CH2O + OH,393,0.3,"[1683, 0.98, 'C2H4:0.01, O2:0.03, AR:0.96']",0.008792758931577521,True,True
C2H5O2 + CH4 <=> C2H5O2H + CH3,394,0.3,"[1683, 0.98, 'C2H4:0.01, O2:0.03, AR:0.96']",0.004526844994879364,True,True
C2H5O2 + C2H6 <=> C2H5 + C2H5O2H,395,0.3,"[1683, 0.98, 'C2H4:0.01, O2:0.03, AR:0.96']",0.021607531497091107,True,True
C2H5O2 + C2H5OH <=> C2H5O2H + CH2CH2OH,396,0.3,"[1683, 0.98, 'C2H4:0.01, O2:0.03, AR:0.96']",0.012164755797343408,True,True
C2H5OH + O <=> CH3CHOH + OH,397,0.3,"[1683, 0.98, 'C2H4:0.01, O2:0.03, AR:0.96']",0.027530350512699284,True,True
C2H5OH + O <=> CH2CH2OH + OH,398,0.3,"[1683, 0.98, 'C2H4:0.01, O2:0.03, AR:0.96']",0.00912130506981467,True,True
C2H5OH + O <=> CH3CH2O + OH,399,0.3,"[1683, 0.98, 'C2H4:0.01, O2:0.03, AR:0.96']",0.007306463460228989,True,True
C2H5OH + H <=> CH3CHOH + H2,400,0.3,"[1683, 0.98, 'C2H4:0.01, O2:0.03, AR:0.96']",0.021010964784843135,True,True
C2H5OH + H <=> CH2CH2OH + H2,401,0.3,"[1683, 0.98, 'C2H4:0.01, O2:0.03, AR:0.96']",0.02075479762021722,True,True
C2H5OH + H <=> CH3CH2O + H2,402,0.3,"[1683, 0.98, 'C2H4:0.01, O2:0.03, AR:0.96']",0.010201993161233281,True,True
C2H5OH + OH <=> CH3CHOH + H2O,403,0.3,"[1683, 0.98, 'C2H4:0.01, O2:0.03, AR:0.96']",0.01244111455613308,True,True
C2H5OH + OH <=> CH2CH2OH + H2O,404,0.3,"[1683, 0.98, 'C2H4:0.01, O2:0.03, AR:0.96']",0.021515164695678553,True,True
C2H5OH + OH <=> CH3CH2O + H2O,405,0.3,"[1683, 0.98, 'C2H4:0.01, O2:0.03, AR:0.96']",0.002631748878724983,True,True
C2H5OH + HO2 <=> CH3CHOH + H2O2,406,0.3,"[1683, 0.98, 'C2H4:0.01, O2:0.03, AR:0.96']",0.013157307784787709,True,True
C2H5OH + HO2 <=> CH2CH2OH + H2O2,407,0.3,"[1683, 0.98, 'C2H4:0.01, O2:0.03, AR:0.96']",0.0025890670912372964,True,True
C2H5OH + HO2 <=> CH3CH2O + H2O2,408,0.3,"[1683, 0.98, 'C2H4:0.01, O2:0.03, AR:0.96']",0.019726327735461895,True,True
C2H5OH + CH3 <=> CH3CHOH + CH4,409,0.3,"[1683, 0.98, 'C2H4:0.01, O2:0.03, AR:0.96']",0.012904764605886881,True,True
C2H5OH + CH3 <=> CH2CH2OH + CH4,410,0.3,"[1683, 0.98, 'C2H4:0.01, O2:0.03, AR:0.96']",0.026797622999788228,True,True
C2H5OH + CH3 <=> CH3CH2O + CH4,411,0.3,"[1683, 0.98, 'C2H4:0.01, O2:0.03, AR:0.96']",0.0093755616011114,True,True
C2H5OH + CH3O <=> CH3CHOH + CH3OH,412,0.3,"[1683, 0.98, 'C2H4:0.01, O2:0.03, AR:0.96']",0.02741841183119735,True,True
C2H5OH + CH3O <=> CH2CH2OH + CH3OH,413,0.3,"[1683, 0.98, 'C2H4:0.01, O2:0.03, AR:0.96']",0.019652856503710577,True,True
C2H5OH + CH3O <=> CH3CH2O + CH3OH,414,0.3,"[1683, 0.98, 'C2H4:0.01, O2:0.03, AR:0.96']",0.0038841247211933144,True,True
C2H5OH (+M) <=> C2H5 + OH (+M),415,0.3,"[1683, 0.98, 'C2H4:0.01, O2:0.03, AR:0.96']",0.03522131801800672,True,True
C2H5OH (+M) <=> C2H4 + H2O (+M),416,0.3,"[1683, 0.98, 'C2H4:0.01, O2:0.03, AR:0.96']",0.013006044335438408,True,True
C2H5OH (+M) <=> CH2OH + CH3 (+M),417,0.3,"[1683, 0.98, 'C2H4:0.01, O2:0.03, AR:0.96']",0.02106791541185931,True,True
C2H5OH (+M) <=> CH3CHO + H2 (+M),418,0.3,"[1683, 0.98, 'C2H4:0.01, O2:0.03, AR:0.96']",0.0038538793919286316,True,True
C3H2 + OH <=> C2H2 + CO + H,419,0.3,"[1683, 0.98, 'C2H4:0.01, O2:0.03, AR:0.96']",0.008520138232978284,True,True
C3H2 + O <=> C2H + CO + H,420,0.3,"[1683, 0.98, 'C2H4:0.01, O2:0.03, AR:0.96']",0.03577678389903474,True,True
C3H2 + O2 <=> C2H2 + CO2,421,0.3,"[1683, 0.98, 'C2H4:0.01, O2:0.03, AR:0.96']",0.023362700393680248,True,True
C3H2 + O2 <=> HCCO + HCO,422,0.3,"[1683, 0.98, 'C2H4:0.01, O2:0.03, AR:0.96']",0.0011479621539249377,True,True
H2CCCH + OH <=> C2H3 + HCO,423,0.3,"[1683, 0.98, 'C2H4:0.01, O2:0.03, AR:0.96']",0.002974641894072394,True,True
H + H2CCCH <=> C3H2 + H2,424,0.3,"[1683, 0.98, 'C2H4:0.01, O2:0.03, AR:0.96']",0.0020146180768822303,True,True
H2CCCH + O <=> C2H + CH2O,425,0.3,"[1683, 0.98, 'C2H4:0.01, O2:0.03, AR:0.96']",0.014306666906913769,True,True
H2CCCH + O2 <=> CH3CO + CO,426,0.3,"[1683, 0.98, 'C2H4:0.01, O2:0.03, AR:0.96']",0.01077001935622924,True,True
H2CCCH + O2 <=> C2H3 + CO2,427,0.3,"[1683, 0.98, 'C2H4:0.01, O2:0.03, AR:0.96']",0.0074123929298472325,True,True
2 C2H3 <=> CH3 + H2CCCH,428,0.3,"[1683, 0.98, 'C2H4:0.01, O2:0.03, AR:0.96']",0.0061894851502171415,True,True
C2H2 + HCCO <=> CO + H2CCCH,429,0.3,"[1683, 0.98, 'C2H4:0.01, O2:0.03, AR:0.96']",0.0025937238636495217,True,True
C2H2 + CH2 <=> H + H2CCCH,430,0.3,"[1683, 0.98, 'C2H4:0.01, O2:0.03, AR:0.96']",0.02283879673900102,True,True
C2H + CH3 <=> H + H2CCCH,431,0.3,"[1683, 0.98, 'C2H4:0.01, O2:0.03, AR:0.96']",0.0020971616872502642,True,True
H2CCCH + OH <=> C3H2 + H2O,432,0.3,"[1683, 0.98, 'C2H4:0.01, O2:0.03, AR:0.96']",0.004993582173301534,True,True
H2CCCH + O <=> C2H2 + CO + H,433,0.3,"[1683, 0.98, 'C2H4:0.01, O2:0.03, AR:0.96']",0.006341853518901524,True,True
H2CCCH + O2 <=> CH2CO + HCO,434,0.3,"[1683, 0.98, 'C2H4:0.01, O2:0.03, AR:0.96']",0.011186404583036595,True,True
C2H2 + CH2(S) <=> H + H2CCCH,435,0.3,"[1683, 0.98, 'C2H4:0.01, O2:0.03, AR:0.96']",0.007039220204165643,True,True
C2H5 + C3H4 <=> C2H6 + H2CCCH,436,0.3,"[1683, 0.98, 'C2H4:0.01, O2:0.03, AR:0.96']",0.0262623253546268,True,True
C2H3 + C3H4 <=> C2H4 + H2CCCH,437,0.3,"[1683, 0.98, 'C2H4:0.01, O2:0.03, AR:0.96']",0.014615694387875168,True,True
C2H + C3H4 <=> C2H2 + H2CCCH,438,0.3,"[1683, 0.98, 'C2H4:0.01, O2:0.03, AR:0.96']",0.011017843100931565,True,True
C3H4 + CH3 <=> CH4 + H2CCCH,439,0.3,"[1683, 0.98, 'C2H4:0.01, O2:0.03, AR:0.96']",0.03574077009904341,True,True
C3H4 + OH <=> H2CCCH + H2O,440,0.3,"[1683, 0.98, 'C2H4:0.01, O2:0.03, AR:0.96']",0.006147696666905313,True,True
C3H4 + OH <=> CH2CO + CH3,441,0.3,"[1683, 0.98, 'C2H4:0.01, O2:0.03, AR:0.96']",0.008043286687586401,True,True
C3H4 + H <=> H2 + H2CCCH,442,0.3,"[1683, 0.98, 'C2H4:0.01, O2:0.03, AR:0.96']",0.006926558336493312,True,True
C3H4 + HO2 <=> H2CCCH + H2O2,443,0.3,"[1683, 0.98, 'C2H4:0.01, O2:0.03, AR:0.96']",0.0025044149549405467,True,True
C3H4 + H <=> C2H2 + CH3,444,0.3,"[1683, 0.98, 'C2H4:0.01, O2:0.03, AR:0.96']",0.014383274605342772,True,True
C3H4 + O <=> C2H4 + CO,445,0.3,"[1683, 0.98, 'C2H4:0.01, O2:0.03, AR:0.96']",0.013899978102272942,True,True
C3H4 + O <=> C2H3 + HCO,446,0.3,"[1683, 0.98, 'C2H4:0.01, O2:0.03, AR:0.96']",0.004579607311363172,True,True
C3H4 + O <=> H2CCCH + OH,447,0.3,"[1683, 0.98, 'C2H4:0.01, O2:0.03, AR:0.96']",0.012529486745945628,True,True
C3H4 + O <=> CH3 + HCCO,448,0.3,"[1683, 0.98, 'C2H4:0.01, O2:0.03, AR:0.96']",0.009450818539078422,True,True
C3H4 + O2 <=> H2CCCH + HO2,449,0.3,"[1683, 0.98, 'C2H4:0.01, O2:0.03, AR:0.96']",0.009551117016762376,True,True
H + H2CCCH (+M) <=> C3H4 (+M),450,0.3,"[1683, 0.98, 'C2H4:0.01, O2:0.03, AR:0.96']",0.0003084093731241544,True,True
C2H4 + CH <=> C3H4 + H,451,0.3,"[1683, 0.98, 'C2H4:0.01, O2:0.03, AR:0.96']",0.018944616034013716,True,True
C2H2 + CH2 <=> C3H4,452,0.3,"[1683, 0.98, 'C2H4:0.01, O2:0.03, AR:0.96']",0.013340354122944742,True,True
C2H5 + C3H5 <=> C2H6 + C3H4,453,0.3,"[1683, 0.98, 'C2H4:0.01, O2:0.03, AR:0.96']",0.029109569642073608,True,True
C2H3 + C3H5 <=> C2H4 + C3H4,454,0.3,"[1683, 0.98, 'C2H4:0.01, O2:0.03, AR:0.96']",0.0013958623669881988,True,True
C3H5 + HO2 => C2H3 + CH2O + OH,455,0.3,"[1683, 0.98, 'C2H4:0.01, O2:0.03, AR:0.96']",0.008161567948343761,True,True
C3H5 + HO2 <=> C2H4 + HCO + OH,456,0.3,"[1683, 0.98, 'C2H4:0.01, O2:0.03, AR:0.96']",0.036561951735878215,True,True
C3H5 + OH <=> C3H4 + H2O,457,0.3,"[1683, 0.98, 'C2H4:0.01, O2:0.03, AR:0.96']",0.010838003258536595,True,True
C3H5 + OH <=> C2H4 + CH2O,458,0.3,"[1683, 0.98, 'C2H4:0.01, O2:0.03, AR:0.96']",0.002340329129939887,True,True
C3H5 + H <=> C3H4 + H2,459,0.3,"[1683, 0.98, 'C2H4:0.01, O2:0.03, AR:0.96']",0.0012441499229543281,True,True
C2H3 + CH3 <=> C3H5 + H,460,0.3,"[1683, 0.98, 'C2H4:0.01, O2:0.03, AR:0.96']",0.002067285840681685,True,True
C3H5 + O => C2H4 + CO + H,461,0.3,"[1683, 0.98, 'C2H4:0.01, O2:0.03, AR:0.96']",0.0029475153599872405,True,True
C3H5 + O <=> CH2CO + CH3,462,0.3,"[1683, 0.98, 'C2H4:0.01, O2:0.03, AR:0.96']",0.009040432048636108,True,True
C3H5 + O2 <=> C3H4 + HO2,463,0.3,"[1683, 0.98, 'C2H4:0.01, O2:0.03, AR:0.96']",0.011770637717255315,True,True
C3H5 + O2 <=> CH2O + CH3 + CO,464,0.3,"[1683, 0.98, 'C2H4:0.01, O2:0.03, AR:0.96']",0.007964114461593667,True,True
C3H4 + H (+M) <=> C3H5 (+M),465,0.3,"[1683, 0.98, 'C2H4:0.01, O2:0.03, AR:0.96']",0.05325031453130481,True,True
C2H2 + CH3 <=> C3H5,466,0.3,"[1683, 0.98, 'C2H4:0.01, O2:0.03, AR:0.96']",0.00029133669279769503,True,True
C2H3 + C2H5 <=> C3H5 + CH3,467,0.3,"[1683, 0.98, 'C2H4:0.01, O2:0.03, AR:0.96']",0.008535344561764075,True,True
C2H5 + C3H6 <=> C2H6 + C3H5,468,0.3,"[1683, 0.98, 'C2H4:0.01, O2:0.03, AR:0.96']",0.018179825505617066,True,True
C2H3 + C3H6 <=> C2H4 + C3H5,469,0.3,"[1683, 0.98, 'C2H4:0.01, O2:0.03, AR:0.96']",0.009652496739435424,True,True
C2H + C3H6 <=> C2H3 + C3H4,470,0.3,"[1683, 0.98, 'C2H4:0.01, O2:0.03, AR:0.96']",0.012442538787469107,True,True
C3H6 + CH2 <=> C3H5 + CH3,471,0.3,"[1683, 0.98, 'C2H4:0.01, O2:0.03, AR:0.96']",0.03357496649245609,True,True
C3H6 + CH3 <=> C3H5 + CH4,472,0.3,"[1683, 0.98, 'C2H4:0.01, O2:0.03, AR:0.96']",0.0013714127581907908,True,True
C3H6 + HO2 <=> C3H5 + H2O2,473,0.3,"[1683, 0.98, 'C2H4:0.01, O2:0.03, AR:0.96']",0.018039625501685135,True,True
C3H6 + OH <=> C2H5 + CH2O,474,0.3,"[1683, 0.98, 'C2H4:0.01, O2:0.03, AR:0.96']",6.841807077324899e-05,True,True
C3H6 + OH <=> C3H5 + H2O,475,0.3,"[1683, 0.98, 'C2H4:0.01, O2:0.03, AR:0.96']",0.00898617538270119,True,True
C3H6 + H <=> C2H4 + CH3,476,0.3,"[1683, 0.98, 'C2H4:0.01, O2:0.03, AR:0.96']",0.022002320665424575,True,True
C3H6 + H <=> C3H5 + H2,477,0.3,"[1683, 0.98, 'C2H4:0.01, O2:0.03, AR:0.96']",0.0037494515537738883,True,True
C3H6 + O <=> C2H4 + CH2O,478,0.3,"[1683, 0.98, 'C2H4:0.01, O2:0.03, AR:0.96']",0.012810645745160743,True,True
C3H6 + O <=> C2H5 + HCO,479,0.3,"[1683, 0.98, 'C2H4:0.01, O2:0.03, AR:0.96']",0.012585578600728316,True,True
C3H6 + O <=> C3H5 + OH,480,0.3,"[1683, 0.98, 'C2H4:0.01, O2:0.03, AR:0.96']",0.0020308036067426876,True,True
C3H6 + O <=> CH2CO + CH3 + H,481,0.3,"[1683, 0.98, 'C2H4:0.01, O2:0.03, AR:0.96']",0.009960304222370018,True,True
C3H6 + O <=> CH3 + CH3CO,482,0.3,"[1683, 0.98, 'C2H4:0.01, O2:0.03, AR:0.96']",0.009549571848054933,True,True
C3H6 + O2 <=> C3H5 + HO2,483,0.3,"[1683, 0.98, 'C2H4:0.01, O2:0.03, AR:0.96']",0.021884908402500482,True,True
C3H6 <=> C2H2 + CH4,484,0.3,"[1683, 0.98, 'C2H4:0.01, O2:0.03, AR:0.96']",0.022180988198070992,True,True
C3H6 <=> C3H4 + H2,485,0.3,"[1683, 0.98, 'C2H4:0.01, O2:0.03, AR:0.96']",0.003328391306341923,True,True
C3H5 + H (+M) <=> C3H6 (+M),486,0.3,"[1683, 0.98, 'C2H4:0.01, O2:0.03, AR:0.96']",0.002640025846045528,True,True
C2H3 + CH3 (+M) <=> C3H6 (+M),487,0.3,"[1683, 0.98, 'C2H4:0.01, O2:0.03, AR:0.96']",0.018172860465055347,True,True
C2H3 + C3H5 <=> C2H2 + C3H6,488,0.3,"[1683, 0.98, 'C2H4:0.01, O2:0.03, AR:0.96']",0.04593065699128431,True,True
C3H5 + CH2O <=> C3H6 + HCO,489,0.3,"[1683, 0.98, 'C2H4:0.01, O2:0.03, AR:0.96']",0.021957841539225215,True,True
2 C3H5 <=> C3H4 + C3H6,490,0.3,"[1683, 0.98, 'C2H4:0.01, O2:0.03, AR:0.96']",0.02896197178959819,True,True
C3H4 + C3H5 <=> C3H6 + H2CCCH,491,0.3,"[1683, 0.98, 'C2H4:0.01, O2:0.03, AR:0.96']",0.006324215891969013,True,True
C2H5 + C3H5 <=> C2H4 + C3H6,492,0.3,"[1683, 0.98, 'C2H4:0.01, O2:0.03, AR:0.96']",0.03688193898866686,True,True
C3H6 + H (+M) <=> nC3H7 (+M),493,0.3,"[1683, 0.98, 'C2H4:0.01, O2:0.03, AR:0.96']",0.02572981207056175,True,True
O2 + nC3H7 <=> C3H6 + HO2,494,0.3,"[1683, 0.98, 'C2H4:0.01, O2:0.03, AR:0.96']",0.023701247796169767,True,True
nC3H7 <=> C2H4 + CH3,495,0.3,"[1683, 0.98, 'C2H4:0.01, O2:0.03, AR:0.96']",0.0120235865261797,True,True
CH3 + iC3H7 <=> C3H6 + CH4,496,0.3,"[1683, 0.98, 'C2H4:0.01, O2:0.03, AR:0.96']",0.005688037649305757,True,True
C3H6 + H (+M) <=> iC3H7 (+M),497,0.3,"[1683, 0.98, 'C2H4:0.01, O2:0.03, AR:0.96']",0.011986653820995183,True,True
O2 + iC3H7 <=> C3H6 + HO2,498,0.3,"[1683, 0.98, 'C2H4:0.01, O2:0.03, AR:0.96']",0.01404633297096723,True,True
H + iC3H7 <=> C3H8,499,0.3,"[1683, 0.98, 'C2H4:0.01, O2:0.03, AR:0.96']",0.027710552165791817,True,True
2 iC3H7 <=> C3H6 + C3H8,500,0.3,"[1683, 0.98, 'C2H4:0.01, O2:0.03, AR:0.96']",0.013478464077536494,True,True
C3H8 + iC3H7 <=> C3H8 + nC3H7,501,0.3,"[1683, 0.98, 'C2H4:0.01, O2:0.03, AR:0.96']",0.01632462494931687,True,True
C3H5 + C3H8 <=> C3H6 + iC3H7,502,0.3,"[1683, 0.98, 'C2H4:0.01, O2:0.03, AR:0.96']",0.014664260487013508,True,True
C3H5 + C3H8 <=> C3H6 + nC3H7,503,0.3,"[1683, 0.98, 'C2H4:0.01, O2:0.03, AR:0.96']",0.003721962049674356,True,True
C3H8 + O2 <=> HO2 + iC3H7,504,0.3,"[1683, 0.98, 'C2H4:0.01, O2:0.03, AR:0.96']",0.01187845188815192,True,True
C3H8 + O2 <=> HO2 + nC3H7,505,0.3,"[1683, 0.98, 'C2H4:0.01, O2:0.03, AR:0.96']",0.0034808875825195706,True,True
C3H8 + CH3 <=> CH4 + iC3H7,506,0.3,"[1683, 0.98, 'C2H4:0.01, O2:0.03, AR:0.96']",0.011544621163778378,True,True
C3H8 + CH3 <=> CH4 + nC3H7,507,0.3,"[1683, 0.98, 'C2H4:0.01, O2:0.03, AR:0.96']",0.00039834153657770623,True,True
C3H8 + HO2 <=> H2O2 + iC3H7,508,0.3,"[1683, 0.98, 'C2H4:0.01, O2:0.03, AR:0.96']",0.024931604395076103,True,True
C3H8 + HO2 <=> H2O2 + nC3H7,509,0.3,"[1683, 0.98, 'C2H4:0.01, O2:0.03, AR:0.96']",0.013692561925549733,True,True
C3H8 + OH <=> H2O + iC3H7,510,0.3,"[1683, 0.98, 'C2H4:0.01, O2:0.03, AR:0.96']",0.0010837708210232212,True,True
C3H8 + OH <=> H2O + nC3H7,511,0.3,"[1683, 0.98, 'C2H4:0.01, O2:0.03, AR:0.96']",0.0017432749115774407,True,True
C3H8 + O <=> OH + iC3H7,512,0.3,"[1683, 0.98, 'C2H4:0.01, O2:0.03, AR:0.96']",0.01460513105482047,True,True
C3H8 + O <=> OH + nC3H7,513,0.3,"[1683, 0.98, 'C2H4:0.01, O2:0.03, AR:0.96']",0.008509634046154542,True,True
C3H8 + H <=> H2 + iC3H7,514,0.3,"[1683, 0.98, 'C2H4:0.01, O2:0.03, AR:0.96']",0.0207993760990444,True,True
C3H8 + H <=> H2 + nC3H7,515,0.3,"[1683, 0.98, 'C2H4:0.01, O2:0.03, AR:0.96']",0.00021465678766138753,True,True
C3H8 <=> H + nC3H7,516,0.3,"[1683, 0.98, 'C2H4:0.01, O2:0.03, AR:0.96']",0.013308557854798063,True,True
C3H8 (+M) <=> C2H5 + CH3 (+M),517,0.3,"[1683, 0.98, 'C2H4:0.01, O2:0.03, AR:0.96']",0.009576780554557702,True,True
C2H5O2 + C3H8 <=> C2H5O2H + iC3H7,518,0.3,"[1683, 0.98, 'C2H4:0.01, O2:0.03, AR:0.96']",0.00296089809816955,True,True
C2H5O2 + C3H8 <=> C2H5O2H + nC3H7,519,0.3,"[1683, 0.98, 'C2H4:0.01, O2:0.03, AR:0.96']",0.0036344655949933848,True,True
C4H2 + OH <=> C3H2 + HCO,520,0.3,"[1683, 0.98, 'C2H4:0.01, O2:0.03, AR:0.96']",0.01309526997255366,True,True
C4H2 + OH <=> C4H + H2O,521,0.3,"[1683, 0.98, 'C2H4:0.01, O2:0.03, AR:0.96']",0.025538652459764447,True,True
C4H2 + O <=> C3H2 + CO,522,0.3,"[1683, 0.98, 'C2H4:0.01, O2:0.03, AR:0.96']",0.0037808772216815553,True,True
C2H + C2H2 <=> C4H2 + H,523,0.3,"[1683, 0.98, 'C2H4:0.01, O2:0.03, AR:0.96']",0.02298253506940803,True,True
C4H2 + M <=> C4H + H + M,524,0.3,"[1683, 0.98, 'C2H4:0.01, O2:0.03, AR:0.96']",0.011672619408099794,True,True
C4H2 <=> 2 C2H,525,0.3,"[1683, 0.98, 'C2H4:0.01, O2:0.03, AR:0.96']",0.024265106296728133,True,True
C2H3 + H2CCCCH <=> 2 H2CCCH,526,0.3,"[1683, 0.98, 'C2H4:0.01, O2:0.03, AR:0.96']",0.010706785074800525,True,True
CH2 + H2CCCCH <=> C2H + C3H4,527,0.3,"[1683, 0.98, 'C2H4:0.01, O2:0.03, AR:0.96']",0.004686641237157801,True,True
H2 + H2CCCCH <=> C2H2 + C2H3,528,0.3,"[1683, 0.98, 'C2H4:0.01, O2:0.03, AR:0.96']",0.010699975882578063,True,True
H2CCCCH + O2 <=> CH2CO + HCCO,529,0.3,"[1683, 0.98, 'C2H4:0.01, O2:0.03, AR:0.96']",0.005025380535065255,True,True
H2CCCCH + OH <=> C4H2 + H2O,530,0.3,"[1683, 0.98, 'C2H4:0.01, O2:0.03, AR:0.96']",0.0074683457511930396,True,True
H2CCCCH + O <=> C2H + CH2CO,531,0.3,"[1683, 0.98, 'C2H4:0.01, O2:0.03, AR:0.96']",0.01912613006869906,True,True
H + H2CCCCH <=> C4H2 + H2,532,0.3,"[1683, 0.98, 'C2H4:0.01, O2:0.03, AR:0.96']",0.016994770264475018,True,True
C3H2 + CH2 <=> H + H2CCCCH,533,0.3,"[1683, 0.98, 'C2H4:0.01, O2:0.03, AR:0.96']",0.01772877840999706,True,True
C2H + C2H2 <=> H2CCCCH,534,0.3,"[1683, 0.98, 'C2H4:0.01, O2:0.03, AR:0.96']",0.007395598095894308,True,True
CH + H2CCCH <=> H + H2CCCCH,535,0.3,"[1683, 0.98, 'C2H4:0.01, O2:0.03, AR:0.96']",0.003284984307209471,True,True
2 C2H2 <=> H + H2CCCCH,536,0.3,"[1683, 0.98, 'C2H4:0.01, O2:0.03, AR:0.96']",0.016903367561756553,True,True
C4H2 + H (+M) <=> H2CCCCH (+M),537,0.3,"[1683, 0.98, 'C2H4:0.01, O2:0.03, AR:0.96']",0.010679566780454407,True,True
C2H3 + C4H4 <=> C2H4 + H2CCCCH,538,0.3,"[1683, 0.98, 'C2H4:0.01, O2:0.03, AR:0.96']",0.014704862459333423,True,True
C2H + C4H4 <=> C2H2 + H2CCCCH,539,0.3,"[1683, 0.98, 'C2H4:0.01, O2:0.03, AR:0.96']",0.028636794550926933,True,True
C2H + C4H4 <=> C2H3 + C4H2,540,0.3,"[1683, 0.98, 'C2H4:0.01, O2:0.03, AR:0.96']",0.009032248012763491,True,True
C4H4 + OH <=> H2CCCCH + H2O,541,0.3,"[1683, 0.98, 'C2H4:0.01, O2:0.03, AR:0.96']",0.003696761019378146,True,True
C4H4 + O <=> C3H4 + CO,542,0.3,"[1683, 0.98, 'C2H4:0.01, O2:0.03, AR:0.96']",0.009790726010003713,True,True
C2H2 + C2H3 <=> C4H4 + H,543,0.3,"[1683, 0.98, 'C2H4:0.01, O2:0.03, AR:0.96']",0.0008811183540886676,True,True
CH2 + H2CCCH <=> C4H4 + H,544,0.3,"[1683, 0.98, 'C2H4:0.01, O2:0.03, AR:0.96']",0.010763749280442854,True,True
C4H4 + H <=> H2 + H2CCCCH,545,0.3,"[1683, 0.98, 'C2H4:0.01, O2:0.03, AR:0.96']",0.025346241719504694,True,True
C4H4 + O <=> H2CCCH + HCO,546,0.3,"[1683, 0.98, 'C2H4:0.01, O2:0.03, AR:0.96']",0.0013489797564458562,True,True
C4H4 + M <=> H + H2CCCCH + M,547,0.3,"[1683, 0.98, 'C2H4:0.01, O2:0.03, AR:0.96']",0.014932011030719809,True,True
C4H4 <=> 2 C2H2,548,0.3,"[1683, 0.98, 'C2H4:0.01, O2:0.03, AR:0.96']",0.03641269423728014,True,True
C3H2 + CH3 <=> C4H4 + H,549,0.3,"[1683, 0.98, 'C2H4:0.01, O2:0.03, AR:0.96']",0.004426588903767678,True,True
C2H + C2H4 <=> C4H4 + H,550,0.3,"[1683, 0.98, 'C2H4:0.01, O2:0.03, AR:0.96']",0.00824200762284552,True,True
C2H + i-C4H5 <=> 2 H2CCCH,551,0.3,"[1683, 0.98, 'C2H4:0.01, O2:0.03, AR:0.96']",0.0083265772226469,True,True
OH + i-C4H5 <=> C4H4 + H2O,552,0.3,"[1683, 0.98, 'C2H4:0.01, O2:0.03, AR:0.96']",0.017957523251785762,True,True
H + i-C4H5 <=> CH3 + H2CCCH,553,0.3,"[1683, 0.98, 'C2H4:0.01, O2:0.03, AR:0.96']",0.005288392175290426,True,True
H + i-C4H5 <=> C4H4 + H2,554,0.3,"[1683, 0.98, 'C2H4:0.01, O2:0.03, AR:0.96']",0.006277242834033457,True,True
O2 + i-C4H5 <=> CH2CHO + CH2CO,555,0.3,"[1683, 0.98, 'C2H4:0.01, O2:0.03, AR:0.96']",0.011843912322535309,True,True
O2 + i-C4H5 <=> C4H4 + HO2,556,0.3,"[1683, 0.98, 'C2H4:0.01, O2:0.03, AR:0.96']",0.014451880178958706,True,True
i-C4H5 (+M) <=> C4H4 + H (+M),557,0.3,"[1683, 0.98, 'C2H4:0.01, O2:0.03, AR:0.96']",0.0004801562888213951,True,True
i-C4H5 + M <=> C2H2 + C2H3 + M,558,0.3,"[1683, 0.98, 'C2H4:0.01, O2:0.03, AR:0.96']",0.03281521255435232,True,True
2 C2H3 <=> H + i-C4H5,559,0.3,"[1683, 0.98, 'C2H4:0.01, O2:0.03, AR:0.96']",0.015196323665617403,True,True
C4H6 + H2CCCH <=> C3H4 + i-C4H5,560,0.3,"[1683, 0.98, 'C2H4:0.01, O2:0.03, AR:0.96']",0.003184939232793022,True,True
C2H3 + C4H6 <=> C2H4 + i-C4H5,561,0.3,"[1683, 0.98, 'C2H4:0.01, O2:0.03, AR:0.96']",0.003123630407202091,True,True
C4H6 + CH3 <=> CH4 + i-C4H5,562,0.3,"[1683, 0.98, 'C2H4:0.01, O2:0.03, AR:0.96']",0.024983157733115154,True,True
C4H6 + OH <=> C2H3 + CH3CHO,563,0.3,"[1683, 0.98, 'C2H4:0.01, O2:0.03, AR:0.96']",0.027146876685777012,True,True
C4H6 + OH <=> C2H5 + CH2CO,564,0.3,"[1683, 0.98, 'C2H4:0.01, O2:0.03, AR:0.96']",0.022029325923331206,True,True
C4H6 + OH <=> H2O + i-C4H5,565,0.3,"[1683, 0.98, 'C2H4:0.01, O2:0.03, AR:0.96']",0.008580000003474088,True,True
C4H6 + H <=> H2 + i-C4H5,566,0.3,"[1683, 0.98, 'C2H4:0.01, O2:0.03, AR:0.96']",0.005388680241849802,True,True
C4H6 + H <=> C3H4 + CH3,567,0.3,"[1683, 0.98, 'C2H4:0.01, O2:0.03, AR:0.96']",0.009080792424533638,True,True
C4H6 + O <=> C3H5 + CO + H,568,0.3,"[1683, 0.98, 'C2H4:0.01, O2:0.03, AR:0.96']",0.01102716752474673,True,True
C4H6 + O <=> OH + i-C4H5,569,0.3,"[1683, 0.98, 'C2H4:0.01, O2:0.03, AR:0.96']",0.014233543657608112,True,True
C4H6 + O2 <=> HO2 + i-C4H5,570,0.3,"[1683, 0.98, 'C2H4:0.01, O2:0.03, AR:0.96']",0.030358920153928524,True,True
C4H6 <=> C2H2 + C2H4,571,0.3,"[1683, 0.98, 'C2H4:0.01, O2:0.03, AR:0.96']",0.005238295109276716,True,True
C4H6 <=> C4H4 + H2,572,0.3,"[1683, 0.98, 'C2H4:0.01, O2:0.03, AR:0.96']",0.025899612576674363,True,True
C4H6 <=> H + i-C4H5,573,0.3,"[1683, 0.98, 'C2H4:0.01, O2:0.03, AR:0.96']",0.01446351972771081,True,True
CH3 + H2CCCH (+M) <=> C4H6 (+M),574,0.3,"[1683, 0.98, 'C2H4:0.01, O2:0.03, AR:0.96']",0.027799137225570467,True,True
C2H3 + C2H4 <=> C4H6 + H,575,0.3,"[1683, 0.98, 'C2H4:0.01, O2:0.03, AR:0.96']",0.03013521762177864,True,True
2 C2H3 <=> C4H6,576,0.3,"[1683, 0.98, 'C2H4:0.01, O2:0.03, AR:0.96']",0.011528857429398989,True,True
C3H5 + nC4H7 <=> C3H6 + C4H6,577,0.3,"[1683, 0.98, 'C2H4:0.01, O2:0.03, AR:0.96']",0.017154176119725275,True,True
C2H5 + nC4H7 <=> C2H6 + C4H6,578,0.3,"[1683, 0.98, 'C2H4:0.01, O2:0.03, AR:0.96']",0.021260271169968707,True,True
C2H3 + nC4H7 <=> C2H4 + C4H6,579,0.3,"[1683, 0.98, 'C2H4:0.01, O2:0.03, AR:0.96']",0.0014316839721723513,True,True
CH3 + nC4H7 <=> C4H6 + CH4,580,0.3,"[1683, 0.98, 'C2H4:0.01, O2:0.03, AR:0.96']",0.022716996079224106,True,True
H + nC4H7 <=> C4H6 + H2,581,0.3,"[1683, 0.98, 'C2H4:0.01, O2:0.03, AR:0.96']",0.05399348800875928,True,True
O2 + nC4H7 <=> C4H6 + HO2,582,0.3,"[1683, 0.98, 'C2H4:0.01, O2:0.03, AR:0.96']",0.00035988934075987096,True,True
nC4H7 + M <=> C3H4 + CH3 + M,583,0.3,"[1683, 0.98, 'C2H4:0.01, O2:0.03, AR:0.96']",0.008105751167326293,True,True
nC4H7 + M <=> C2H3 + C2H4 + M,584,0.3,"[1683, 0.98, 'C2H4:0.01, O2:0.03, AR:0.96']",0.00363633165295554,True,True
nC4H7 + M <=> C4H6 + H + M,585,0.3,"[1683, 0.98, 'C2H4:0.01, O2:0.03, AR:0.96']",0.021529076776436156,True,True
C2H5 + nC4H7 <=> C2H4 + C4H8,586,0.3,"[1683, 0.98, 'C2H4:0.01, O2:0.03, AR:0.96']",0.0011565832506427068,True,True
C4H8 <=> H + nC4H7,587,0.3,"[1683, 0.98, 'C2H4:0.01, O2:0.03, AR:0.96']",0.010542588773947259,True,True
C4H8 <=> C3H5 + CH3,588,0.3,"[1683, 0.98, 'C2H4:0.01, O2:0.03, AR:0.96']",0.014581891641841139,True,True
C2H3 + C2H5 => C4H8,589,0.3,"[1683, 0.98, 'C2H4:0.01, O2:0.03, AR:0.96']",0.01829002065036527,True,True
C3H5 + C4H8 <=> C3H6 + nC4H7,590,0.3,"[1683, 0.98, 'C2H4:0.01, O2:0.03, AR:0.96']",0.010304316057731203,True,True
C4H8 + H <=> H2 + nC4H7,591,0.3,"[1683, 0.98, 'C2H4:0.01, O2:0.03, AR:0.96']",0.007113885909415833,True,True
C4H8 + HO2 <=> H2O2 + nC4H7,592,0.3,"[1683, 0.98, 'C2H4:0.01, O2:0.03, AR:0.96']",0.011225308844667338,True,True
C2H5 + C4H8 <=> C2H6 + nC4H7,593,0.3,"[1683, 0.98, 'C2H4:0.01, O2:0.03, AR:0.96']",0.012795861601163435,True,True
C4H8 + CH3 <=> CH4 + nC4H7,594,0.3,"[1683, 0.98, 'C2H4:0.01, O2:0.03, AR:0.96']",0.007858628020998742,True,True
C4H8 + OH <=> H2O + nC4H7,595,0.3,"[1683, 0.98, 'C2H4:0.01, O2:0.03, AR:0.96']",0.010447779086915155,True,True
C4H8 + O <=> OH + nC4H7,596,0.3,"[1683, 0.98, 'C2H4:0.01, O2:0.03, AR:0.96']",0.02269027337256738,True,True
C4H8 + OH <=> CH2O + nC3H7,597,0.3,"[1683, 0.98, 'C2H4:0.01, O2:0.03, AR:0.96']",0.007597836783501544,True,True
C4H8 + OH <=> C2H5 + CH3CHO,598,0.3,"[1683, 0.98, 'C2H4:0.01, O2:0.03, AR:0.96']",0.014235153964327084,True,True
C4H8 + O <=> C2H4 + CH3CHO,599,0.3,"[1683, 0.98, 'C2H4:0.01, O2:0.03, AR:0.96']",0.012912230974344964,True,True
C4H8 + O => C2H5 + CH3 + CO,600,0.3,"[1683, 0.98, 'C2H4:0.01, O2:0.03, AR:0.96']",0.004294015363792921,True,True
C4H8 + O <=> C3H6 + CH2O,601,0.3,"[1683, 0.98, 'C2H4:0.01, O2:0.03, AR:0.96']",0.002633578443538771,True,True
C4H8 + OH => C2H6 + CH3 + CO,602,0.3,"[1683, 0.98, 'C2H4:0.01, O2:0.03, AR:0.96']",0.05698377945704725,True,True
C4H8 + O <=> HCO + nC3H7,603,0.3,"[1683, 0.98, 'C2H4:0.01, O2:0.03, AR:0.96']",0.018481564461100615,True,True
C2H3 + H2CCCH <=> C5H5 + H,604,0.3,"[1683, 0.98, 'C2H4:0.01, O2:0.03, AR:0.96']",0.014031562376234244,True,True
C5H5 <=> C2H2 + H2CCCH,605,0.3,"[1683, 0.98, 'C2H4:0.01, O2:0.03, AR:0.96']",0.02585266010225064,True,True
C5H5 + O2 <=> C2H2 + CH2CO + HCO,606,0.3,"[1683, 0.98, 'C2H4:0.01, O2:0.03, AR:0.96']",0.023941995225100748,True,True
C5H6 + O2 <=> C5H5 + HO2,607,0.3,"[1683, 0.98, 'C2H4:0.01, O2:0.03, AR:0.96']",0.009928154906805629,True,True
C5H5 + O <=> CO + i-C4H5,608,0.3,"[1683, 0.98, 'C2H4:0.01, O2:0.03, AR:0.96']",0.011344908609144168,True,True
C5H6 + H <=> C5H5 + H2,609,0.3,"[1683, 0.98, 'C2H4:0.01, O2:0.03, AR:0.96']",0.02120136014709733,True,True
C5H6 + H <=> C2H2 + C3H5,610,0.3,"[1683, 0.98, 'C2H4:0.01, O2:0.03, AR:0.96']",0.005157170729425435,True,True
C5H5 + H <=> C5H6,611,0.3,"[1683, 0.98, 'C2H4:0.01, O2:0.03, AR:0.96']",0.01838172739094064,True,True
C5H5 + OH <=> 2 C2H2 + CH2O,612,0.3,"[1683, 0.98, 'C2H4:0.01, O2:0.03, AR:0.96']",0.02233551721007297,True,True
C5H6 + OH <=> C5H5 + H2O,613,0.3,"[1683, 0.98, 'C2H4:0.01, O2:0.03, AR:0.96']",0.027132265680529576,True,True
C5H6 + HO2 <=> C5H5 + H2O2,614,0.3,"[1683, 0.98, 'C2H4:0.01, O2:0.03, AR:0.96']",0.007956021181889771,True,True
C2H3 + C5H6 <=> C2H4 + C5H5,615,0.3,"[1683, 0.98, 'C2H4:0.01, O2:0.03, AR:0.96']",0.009827191377148867,True,True
C6H5O <=> C5H5 + CO,616,0.3,"[1683, 0.98, 'C2H4:0.01, O2:0.03, AR:0.96']",0.01480199832411672,True,True
C6H5O + O <=> C5H5 + CO2,617,0.3,"[1683, 0.98, 'C2H4:0.01, O2:0.03, AR:0.96']",0.003199640992291889,True,True
C6H5O + H <=> C5H6 + CO,618,0.3,"[1683, 0.98, 'C2H4:0.01, O2:0.03, AR:0.96']",0.022648486916854366,True,True
C6H5O + H <=> C6H5OH,619,0.3,"[1683, 0.98, 'C2H4:0.01, O2:0.03, AR:0.96']",0.004415581627012387,True,True
C6H5OH <=> C5H6 + CO,620,0.3,"[1683, 0.98, 'C2H4:0.01, O2:0.03, AR:0.96']",0.011208721569443832,True,True
C6H5OH + O <=> C6H5O + OH,621,0.3,"[1683, 0.98, 'C2H4:0.01, O2:0.03, AR:0.96']",0.022288980399423248,True,True
C6H5OH + H <=> C6H5O + H2,622,0.3,"[1683, 0.98, 'C2H4:0.01, O2:0.03, AR:0.96']",0.019533345499153483,True,True
C6H5OH + OH <=> C6H5O + H2O,623,0.3,"[1683, 0.98, 'C2H4:0.01, O2:0.03, AR:0.96']",0.011595423693508834,True,True
C2H3 + C6H5OH <=> C2H4 + C6H5O,624,0.3,"[1683, 0.98, 'C2H4:0.01, O2:0.03, AR:0.96']",0.02142229197226615,True,True
2 H2CCCH <=> A1,625,0.3,"[1683, 0.98, 'C2H4:0.01, O2:0.03, AR:0.96']",0.0067909224106438605,True,True
2 H2CCCH <=> A1- + H,626,0.3,"[1683, 0.98, 'C2H4:0.01, O2:0.03, AR:0.96']",0.007888430539811028,True,True
C2H3 + H2CCCCH <=> A1,627,0.3,"[1683, 0.98, 'C2H4:0.01, O2:0.03, AR:0.96']",0.006277927174136463,True,True
C2H3 + H2CCCCH <=> A1- + H,628,0.3,"[1683, 0.98, 'C2H4:0.01, O2:0.03, AR:0.96']",0.0003015695731558767,True,True
C3H4 + H2CCCH <=> A1 + H,629,0.3,"[1683, 0.98, 'C2H4:0.01, O2:0.03, AR:0.96']",0.023549222004134368,True,True
C2H3 + C4H4 <=> A1 + H,630,0.3,"[1683, 0.98, 'C2H4:0.01, O2:0.03, AR:0.96']",0.04174225263963366,True,True
C2H2 + H2CCCCH <=> A1-,631,0.3,"[1683, 0.98, 'C2H4:0.01, O2:0.03, AR:0.96']",0.0002445869623186707,True,True
C2H2 + C4H4 <=> A1- + H,632,0.3,"[1683, 0.98, 'C2H4:0.01, O2:0.03, AR:0.96']",0.00538438291026799,True,True
C2H2 + i-C4H5 <=> A1 + H,633,0.3,"[1683, 0.98, 'C2H4:0.01, O2:0.03, AR:0.96']",0.01588408042776548,True,True
C2H3 + i-C4H5 <=> A1 + H2,634,0.3,"[1683, 0.98, 'C2H4:0.01, O2:0.03, AR:0.96']",0.01127465284975467,True,True
C2H + i-C4H5 <=> A1,635,0.3,"[1683, 0.98, 'C2H4:0.01, O2:0.03, AR:0.96']",0.02091696944135058,True,True
C2H + i-C4H5 <=> A1- + H,636,0.3,"[1683, 0.98, 'C2H4:0.01, O2:0.03, AR:0.96']",0.0032542139350482165,True,True
C5H5 + CH3 <=> A1 + 2 H,637,0.3,"[1683, 0.98, 'C2H4:0.01, O2:0.03, AR:0.96']",0.0005611724473712357,True,True
C2H3 + C5H6 <=> A1 + CH3,638,0.3,"[1683, 0.98, 'C2H4:0.01, O2:0.03, AR:0.96']",0.014810711945233994,True,True
A1 <=> A1- + H,639,0.3,"[1683, 0.98, 'C2H4:0.01, O2:0.03, AR:0.96']",0.01311808941820108,True,True
A1 + O2 <=> A1- + HO2,640,0.3,"[1683, 0.98, 'C2H4:0.01, O2:0.03, AR:0.96']",0.005706327271491703,True,True
A1 + O <=> A1- + OH,641,0.3,"[1683, 0.98, 'C2H4:0.01, O2:0.03, AR:0.96']",0.002366077497692588,True,True
A1 + O <=> C6H5OH,642,0.3,"[1683, 0.98, 'C2H4:0.01, O2:0.03, AR:0.96']",0.03749000057701023,True,True
A1 + O <=> C6H5O + H,643,0.3,"[1683, 0.98, 'C2H4:0.01, O2:0.03, AR:0.96']",0.020373392701230706,True,True
A1 + H <=> A1- + H2,644,0.3,"[1683, 0.98, 'C2H4:0.01, O2:0.03, AR:0.96']",0.003353752332872131,True,True
A1 + OH <=> C6H5OH + H,645,0.3,"[1683, 0.98, 'C2H4:0.01, O2:0.03, AR:0.96']",0.0035953064444950943,True,True
A1 + OH <=> A1- + H2O,646,0.3,"[1683, 0.98, 'C2H4:0.01, O2:0.03, AR:0.96']",0.02542932903560974,True,True
A1- + O2 <=> C6H5O + O,647,0.3,"[1683, 0.98, 'C2H4:0.01, O2:0.03, AR:0.96']",0.00407968368109023,True,True
A1- + O <=> C5H5 + CO,648,0.3,"[1683, 0.98, 'C2H4:0.01, O2:0.03, AR:0.96']",0.013629942615223656,True,True
A1- + OH <=> C6H5O + H,649,0.3,"[1683, 0.98, 'C2H4:0.01, O2:0.03, AR:0.96']",0.006508988683626044,True,True
A1- + C6H5OH <=> A1 + C6H5O,650,0.3,"[1683, 0.98, 'C2H4:0.01, O2:0.03, AR:0.96']",0.017916024820558138,True,True
C3H4 + i-C4H5 <=> C7H8 + H,651,0.3,"[1683, 0.98, 'C2H4:0.01, O2:0.03, AR:0.96']",0.03168446786960692,True,True
H2CCCH + i-C4H5 <=> C7H7 + H,652,0.3,"[1683, 0.98, 'C2H4:0.01, O2:0.03, AR:0.96']",0.006406931551163954,True,True
A1 + CH2 <=> C7H8,653,0.3,"[1683, 0.98, 'C2H4:0.01, O2:0.03, AR:0.96']",0.017814293560014394,True,True
A1 + CH2(S) <=> C7H8,654,0.3,"[1683, 0.98, 'C2H4:0.01, O2:0.03, AR:0.96']",0.0006797702737672587,True,True
C7H8 <=> A1- + CH3,655,0.3,"[1683, 0.98, 'C2H4:0.01, O2:0.03, AR:0.96']",0.020779067446220354,True,True
H2CCCH + i-C4H5 <=> C7H8,656,0.3,"[1683, 0.98, 'C2H4:0.01, O2:0.03, AR:0.96']",0.01992149790475081,True,True
C7H8 + O2 <=> C7H7 + HO2,657,0.3,"[1683, 0.98, 'C2H4:0.01, O2:0.03, AR:0.96']",0.023253599021510026,True,True
C7H8 + O <=> C7H7 + OH,658,0.3,"[1683, 0.98, 'C2H4:0.01, O2:0.03, AR:0.96']",0.011189279050470806,True,True
C7H8 + H <=> A1 + CH3,659,0.3,"[1683, 0.98, 'C2H4:0.01, O2:0.03, AR:0.96']",0.015601948557869281,True,True
C7H8 + H <=> C7H7 + H2,660,0.3,"[1683, 0.98, 'C2H4:0.01, O2:0.03, AR:0.96']",0.0037814667559642246,True,True
C7H8 + OH <=> C7H7 + H2O,661,0.3,"[1683, 0.98, 'C2H4:0.01, O2:0.03, AR:0.96']",0.007941187624761937,True,True
C7H8 + HO2 <=> C7H7 + H2O2,662,0.3,"[1683, 0.98, 'C2H4:0.01, O2:0.03, AR:0.96']",0.0005463374144869018,True,True
C7H8 + CH3 <=> C7H7 + CH4,663,0.3,"[1683, 0.98, 'C2H4:0.01, O2:0.03, AR:0.96']",0.011679353871088448,True,True
C2H3 + C7H8 <=> C2H4 + C7H7,664,0.3,"[1683, 0.98, 'C2H4:0.01, O2:0.03, AR:0.96']",0.020526693165619,True,True
C7H8 + H2CCCH <=> C3H4 + C7H7,665,0.3,"[1683, 0.98, 'C2H4:0.01, O2:0.03, AR:0.96']",0.023564325155691488,True,True
C3H5 + C7H8 <=> C3H6 + C7H7,666,0.3,"[1683, 0.98, 'C2H4:0.01, O2:0.03, AR:0.96']",0.0022501180034064103,True,True
C5H5 + C7H8 <=> C5H6 + C7H7,667,0.3,"[1683, 0.98, 'C2H4:0.01, O2:0.03, AR:0.96']",0.013739535378250381,True,True
A1- + C7H8 <=> A1 + C7H7,668,0.3,"[1683, 0.98, 'C2H4:0.01, O2:0.03, AR:0.96']",0.0014955439430046464,True,True
C6H5O + C7H8 <=> C6H5OH + C7H7,669,0.3,"[1683, 0.98, 'C2H4:0.01, O2:0.03, AR:0.96']",0.0013904257754000233,True,True
C7H8 + HCO <=> C7H7 + CH2O,670,0.3,"[1683, 0.98, 'C2H4:0.01, O2:0.03, AR:0.96']",0.0031855782213813105,True,True
C7H8 + i-C4H5 <=> C4H6 + C7H7,671,0.3,"[1683, 0.98, 'C2H4:0.01, O2:0.03, AR:0.96']",0.0044053073729382365,True,True
C7H7 + H2CCCH <=> C3H2 + C7H8,672,0.3,"[1683, 0.98, 'C2H4:0.01, O2:0.03, AR:0.96']",0.010287375628790495,True,True
C7H7 + HO2 <=> A1- + CH2O + OH,673,0.3,"[1683, 0.98, 'C2H4:0.01, O2:0.03, AR:0.96']",0.007474182164939288,True,True
C7H7 + O2 <=> A1- + HCO + OH,674,0.3,"[1683, 0.98, 'C2H4:0.01, O2:0.03, AR:0.96']",0.015158937539452346,True,True
C7H7 + HO2 <=> A1 + HCO + OH,675,0.3,"[1683, 0.98, 'C2H4:0.01, O2:0.03, AR:0.96']",0.0027492330411877583,True,True
C7H7 + OH <=> A1- + CH2OH,676,0.3,"[1683, 0.98, 'C2H4:0.01, O2:0.03, AR:0.96']",0.001971166600452804,True,True
A1- + CH3 <=> C7H7 + H,677,0.3,"[1683, 0.98, 'C2H4:0.01, O2:0.03, AR:0.96']",0.004654614551705167,True,True
C7H7 <=> C4H4 + H2CCCH,678,0.3,"[1683, 0.98, 'C2H4:0.01, O2:0.03, AR:0.96']",0.02544165518359775,True,True
C7H7 <=> C2H2 + C5H5,679,0.3,"[1683, 0.98, 'C2H4:0.01, O2:0.03, AR:0.96']",0.005162122047495966,True,True
C7H7 + O <=> A1 + HCO,680,0.3,"[1683, 0.98, 'C2H4:0.01, O2:0.03, AR:0.96']",0.012882420137029555,True,True
C7H7 + O <=> A1- + CH2O,681,0.3,"[1683, 0.98, 'C2H4:0.01, O2:0.03, AR:0.96']",0.03539004351154841,True,True
C7H7 + H <=> C7H8,682,0.3,"[1683, 0.98, 'C2H4:0.01, O2:0.03, AR:0.96']",0.005723117063243032,True,True
C7H7 + H + OH <=> A1 + CH2OH,683,0.3,"[1683, 0.98, 'C2H4:0.01, O2:0.03, AR:0.96']",0.012679192734619482,True,True
C4H2 + i-C4H5 <=> A1C2H + H,684,0.3,"[1683, 0.98, 'C2H4:0.01, O2:0.03, AR:0.96']",0.0009819252543272008,True,True
A1C2H- + H (+M) <=> A1C2H (+M),685,0.3,"[1683, 0.98, 'C2H4:0.01, O2:0.03, AR:0.96']",0.010106518525181404,True,True
C4H2 + H2CCCCH <=> A1C2H-,686,0.3,"[1683, 0.98, 'C2H4:0.01, O2:0.03, AR:0.96']",0.00962479920231099,True,True
A1- + C4H2 <=> A1C2H + C2H,687,0.3,"[1683, 0.98, 'C2H4:0.01, O2:0.03, AR:0.96']",0.01939513740547218,True,True
A1- + C2H3 <=> A1C2H + H2,688,0.3,"[1683, 0.98, 'C2H4:0.01, O2:0.03, AR:0.96']",0.0002134821924449298,True,True
A1- + C4H4 <=> A1C2H + C2H3,689,0.3,"[1683, 0.98, 'C2H4:0.01, O2:0.03, AR:0.96']",0.012932212800462223,True,True
A1 + C2H <=> A1C2H + H,690,0.3,"[1683, 0.98, 'C2H4:0.01, O2:0.03, AR:0.96']",0.03318433413895574,True,True
A1- + C2H <=> A1C2H,691,0.3,"[1683, 0.98, 'C2H4:0.01, O2:0.03, AR:0.96']",0.008727844603826545,True,True
A1C2H + O <=> A1C2H- + OH,692,0.3,"[1683, 0.98, 'C2H4:0.01, O2:0.03, AR:0.96']",0.020679455726463104,True,True
A1C2H + O <=> A1- + HCCO,693,0.3,"[1683, 0.98, 'C2H4:0.01, O2:0.03, AR:0.96']",0.014365692065111162,True,True
A1C2H + O <=> C2H + C6H5O,694,0.3,"[1683, 0.98, 'C2H4:0.01, O2:0.03, AR:0.96']",0.003035412912495782,True,True
A1C2H + H <=> A1C2H- + H2,695,0.3,"[1683, 0.98, 'C2H4:0.01, O2:0.03, AR:0.96']",0.007096008937220508,True,True
A1C2H + H <=> A1- + C2H2,696,0.3,"[1683, 0.98, 'C2H4:0.01, O2:0.03, AR:0.96']",0.013287581128120934,True,True
A1C2H + H <=> n-C8H7,697,0.3,"[1683, 0.98, 'C2H4:0.01, O2:0.03, AR:0.96']",0.00999534004771866,True,True
A1C2H + OH <=> A1C2H- + H2O,698,0.3,"[1683, 0.98, 'C2H4:0.01, O2:0.03, AR:0.96']",0.026756580495756476,True,True
A1C2H + OH <=> A1- + CH2CO,699,0.3,"[1683, 0.98, 'C2H4:0.01, O2:0.03, AR:0.96']",0.011870844837914377,True,True
A1C2H + OH <=> A1 + HCCO,700,0.3,"[1683, 0.98, 'C2H4:0.01, O2:0.03, AR:0.96']",0.005236042700597728,True,True
A1C2H + C2H <=> A1C2H- + C2H2,701,0.3,"[1683, 0.98, 'C2H4:0.01, O2:0.03, AR:0.96']",0.03423328070893261,True,True
2 C4H4 <=> A1C2H3,702,0.3,"[1683, 0.98, 'C2H4:0.01, O2:0.03, AR:0.96']",0.011018695416808505,True,True
C4H4 + i-C4H5 <=> A1C2H3 + H,703,0.3,"[1683, 0.98, 'C2H4:0.01, O2:0.03, AR:0.96']",0.004004140103310505,True,True
C5H5 + H2CCCH <=> A1C2H3* + H,704,0.3,"[1683, 0.98, 'C2H4:0.01, O2:0.03, AR:0.96']",0.02614381909107925,True,True
A1 + C2H3 <=> A1C2H3 + H,705,0.3,"[1683, 0.98, 'C2H4:0.01, O2:0.03, AR:0.96']",0.006146715627009926,True,True
A1- + C2H3 <=> A1C2H3,706,0.3,"[1683, 0.98, 'C2H4:0.01, O2:0.03, AR:0.96']",0.03078812119443053,True,True
A1- + C2H4 <=> A1C2H3 + H,707,0.3,"[1683, 0.98, 'C2H4:0.01, O2:0.03, AR:0.96']",0.008449308024801441,True,True
A1- + C4H4 <=> A1C2H3 + C2H,708,0.3,"[1683, 0.98, 'C2H4:0.01, O2:0.03, AR:0.96']",0.016736675145636787,True,True
A1- + C4H6 <=> A1C2H3 + C2H3,709,0.3,"[1683, 0.98, 'C2H4:0.01, O2:0.03, AR:0.96']",0.002988989102791658,True,True
C7H7 + CH2 <=> A1C2H3 + H,710,0.3,"[1683, 0.98, 'C2H4:0.01, O2:0.03, AR:0.96']",0.035166199758177766,True,True
A1C2H3 + H <=> H2 + n-C8H7,711,0.3,"[1683, 0.98, 'C2H4:0.01, O2:0.03, AR:0.96']",0.0013159932155688105,True,True
A1C2H3 + H <=> A1C2H3* + H2,712,0.3,"[1683, 0.98, 'C2H4:0.01, O2:0.03, AR:0.96']",0.018881999211849097,True,True
A1C2H3 + O <=> A1- + CH2CHO,713,0.3,"[1683, 0.98, 'C2H4:0.01, O2:0.03, AR:0.96']",0.0019954766772256496,True,True
A1C2H3 + O <=> A1- + CH3 + CO,714,0.3,"[1683, 0.98, 'C2H4:0.01, O2:0.03, AR:0.96']",0.008744692317110638,True,True
A1C2H3 + O <=> C2H3 + C6H5O,715,0.3,"[1683, 0.98, 'C2H4:0.01, O2:0.03, AR:0.96']",0.005640210610056676,True,True
A1C2H3 + O <=> OH + n-C8H7,716,0.3,"[1683, 0.98, 'C2H4:0.01, O2:0.03, AR:0.96']",0.004902843379621757,True,True
A1C2H3 + OH <=> H2O + n-C8H7,717,0.3,"[1683, 0.98, 'C2H4:0.01, O2:0.03, AR:0.96']",0.005225951898165657,True,True
A1C2H3 + OH => C2H4 + C6H5O,718,0.3,"[1683, 0.98, 'C2H4:0.01, O2:0.03, AR:0.96']",0.005901287856106832,True,True
A1C2H3 + OH <=> A1C2H3* + H2O,719,0.3,"[1683, 0.98, 'C2H4:0.01, O2:0.03, AR:0.96']",0.010839889945696986,True,True
A1C2H3 + OH <=> C7H7 + CH2O,720,0.3,"[1683, 0.98, 'C2H4:0.01, O2:0.03, AR:0.96']",0.016806655804978265,True,True
A1C2H3 + O2 <=> C6H5O + CH2CHO,721,0.3,"[1683, 0.98, 'C2H4:0.01, O2:0.03, AR:0.96']",0.008216995267970385,True,True
A1C2H3* + O2 <=> C6H5O + CH2CO,722,0.3,"[1683, 0.98, 'C2H4:0.01, O2:0.03, AR:0.96']",0.02021835377827907,True,True
A1C2H3* + H (+M) <=> A1C2H3 (+M),723,0.3,"[1683, 0.98, 'C2H4:0.01, O2:0.03, AR:0.96']",0.0017475267502599454,True,True
C5H5 + H2CCCH <=> H + n-C8H7,724,0.3,"[1683, 0.98, 'C2H4:0.01, O2:0.03, AR:0.96']",0.005276776948949656,True,True
A1 + C2H <=> n-C8H7,725,0.3,"[1683, 0.98, 'C2H4:0.01, O2:0.03, AR:0.96']",0.02538214171261079,True,True
A1- + C2H2 <=> n-C8H7,726,0.3,"[1683, 0.98, 'C2H4:0.01, O2:0.03, AR:0.96']",0.010410748122261912,True,True
A1- + C2H3 <=> H + n-C8H7,727,0.3,"[1683, 0.98, 'C2H4:0.01, O2:0.03, AR:0.96']",0.038485052086624026,True,True
H + n-C8H7 <=> A1C2H3,728,0.3,"[1683, 0.98, 'C2H4:0.01, O2:0.03, AR:0.96']",0.019870856972553252,True,True
H + n-C8H7 <=> A1C2H + H2,729,0.3,"[1683, 0.98, 'C2H4:0.01, O2:0.03, AR:0.96']",0.01725938130416185,True,True
OH + n-C8H7 <=> A1C2H + H2O,730,0.3,"[1683, 0.98, 'C2H4:0.01, O2:0.03, AR:0.96']",0.003878812057606375,True,True
C4H4 + C5H5 <=> H + INDENE,731,0.3,"[1683, 0.98, 'C2H4:0.01, O2:0.03, AR:0.96']",0.010962844825122447,True,True
A1- + H2CCCH <=> INDENE,732,0.3,"[1683, 0.98, 'C2H4:0.01, O2:0.03, AR:0.96']",0.01651821292409695,True,True
A1- + C4H6 <=> CH3 + INDENE,733,0.3,"[1683, 0.98, 'C2H4:0.01, O2:0.03, AR:0.96']",0.020944709379590715,True,True
A1 + i-C4H5 <=> CH3 + INDENE,734,0.3,"[1683, 0.98, 'C2H4:0.01, O2:0.03, AR:0.96']",0.0009534354795728958,True,True
A1- + C3H4 <=> H + INDENE,735,0.3,"[1683, 0.98, 'C2H4:0.01, O2:0.03, AR:0.96']",0.00910816368096375,True,True
C2H + C4H2 <=> C6H2 + H,736,0.3,"[1683, 0.98, 'C2H4:0.01, O2:0.03, AR:0.96']",0.003122389622955755,True,True
C2H2 + C4H <=> C6H2 + H,737,0.3,"[1683, 0.98, 'C2H4:0.01, O2:0.03, AR:0.96']",0.004461325586651848,True,True
2 C3H2 => C6H2 + H2,738,0.3,"[1683, 0.98, 'C2H4:0.01, O2:0.03, AR:0.96']",0.00899914985796386,True,True
C2H2 + C6H <=> C8H2 + H,739,0.3,"[1683, 0.98, 'C2H4:0.01, O2:0.03, AR:0.96']",0.01862753981721345,True,True
C2H + C6H2 <=> C8H2 + H,740,0.3,"[1683, 0.98, 'C2H4:0.01, O2:0.03, AR:0.96']",0.032916230809244454,True,True
C2H + C6H <=> C8H2,741,0.3,"[1683, 0.98, 'C2H4:0.01, O2:0.03, AR:0.96']",0.03749122940875881,True,True
C2H + C4H2 <=> C2H2 + C4H,742,0.3,"[1683, 0.98, 'C2H4:0.01, O2:0.03, AR:0.96']",0.015745744557726402,True,True
C6H2 + H <=> C6H + H2,743,0.3,"[1683, 0.98, 'C2H4:0.01, O2:0.03, AR:0.96']",0.013525616160478567,True,True
C6H2 + OH <=> C6H + H2O,744,0.3,"[1683, 0.98, 'C2H4:0.01, O2:0.03, AR:0.96']",0.02636678251040169,True,True
C6H2 + M <=> C6H + H + M,745,0.3,"[1683, 0.98, 'C2H4:0.01, O2:0.03, AR:0.96']",0.026546163187150633,True,True
2 C4H2 <=> C8H2 + H2,746,0.3,"[1683, 0.98, 'C2H4:0.01, O2:0.03, AR:0.96']",0.02068223966076531,True,True
C8H2 + M <=> C8H + H + M,747,0.3,"[1683, 0.98, 'C2H4:0.01, O2:0.03, AR:0.96']",0.016202443726342955,True,True
C8H2 + H <=> C8H + H2,748,0.3,"[1683, 0.98, 'C2H4:0.01, O2:0.03, AR:0.96']",0.014380260245197339,True,True
C8H2 + OH <=> C8H + H2O,749,0.3,"[1683, 0.98, 'C2H4:0.01, O2:0.03, AR:0.96']",0.018072971390677893,True,True
A1 + CH3 <=> A1- + CH4,750,0.3,"[1683, 0.98, 'C2H4:0.01, O2:0.03, AR:0.96']",0.049905754879769955,True,True
A1 + C2H <=> A1- + C2H2,751,0.3,"[1683, 0.98, 'C2H4:0.01, O2:0.03, AR:0.96']",0.026730790991965108,True,True
A1 + C4H <=> A1- + C4H2,752,0.3,"[1683, 0.98, 'C2H4:0.01, O2:0.03, AR:0.96']",0.02011648545578948,True,True
A1 + C6H <=> A1- + C6H2,753,0.3,"[1683, 0.98, 'C2H4:0.01, O2:0.03, AR:0.96']",0.011055971715358635,True,True
A1 + C8H <=> A1- + C8H2,754,0.3,"[1683, 0.98, 'C2H4:0.01, O2:0.03, AR:0.96']",0.0007509908644862229,True,True
INDENE + O2 <=> HO2 + INDENYL,755,0.3,"[1683, 0.98, 'C2H4:0.01, O2:0.03, AR:0.96']",0.006904599194297305,True,True
HO2 + INDENE <=> H2O2 + INDENYL,756,0.3,"[1683, 0.98, 'C2H4:0.01, O2:0.03, AR:0.96']",0.02193355306478362,True,True
INDENE <=> H + INDENYL,757,0.3,"[1683, 0.98, 'C2H4:0.01, O2:0.03, AR:0.96']",0.013206290507060311,True,True
INDENE + O <=> INDENYL + OH,758,0.3,"[1683, 0.98, 'C2H4:0.01, O2:0.03, AR:0.96']",0.015810069989602084,True,True
INDENE + O <=> C7H7 + HCCO,759,0.3,"[1683, 0.98, 'C2H4:0.01, O2:0.03, AR:0.96']",0.010486699088260798,True,True
H + INDENE <=> H2 + INDENYL,760,0.3,"[1683, 0.98, 'C2H4:0.01, O2:0.03, AR:0.96']",0.01371263935500115,True,True
C2H2 + C7H7 <=> H + INDENE,761,0.3,"[1683, 0.98, 'C2H4:0.01, O2:0.03, AR:0.96']",0.015685260992914077,True,True
H + INDENE <=> A1C2H + CH3,762,0.3,"[1683, 0.98, 'C2H4:0.01, O2:0.03, AR:0.96']",0.008204779347412322,True,True
H + INDENE <=> A1 + H2CCCH,763,0.3,"[1683, 0.98, 'C2H4:0.01, O2:0.03, AR:0.96']",0.0076132053543219195,True,True
INDENE + OH <=> C7H7 + CH2CO,764,0.3,"[1683, 0.98, 'C2H4:0.01, O2:0.03, AR:0.96']",0.009590275434371852,True,True
INDENE + OH <=> H2O + INDENYL,765,0.3,"[1683, 0.98, 'C2H4:0.01, O2:0.03, AR:0.96']",0.015240556921038406,True,True
CH3 + INDENE <=> CH4 + INDENYL,766,0.3,"[1683, 0.98, 'C2H4:0.01, O2:0.03, AR:0.96']",0.007625326211723606,True,True
H2CCCH + INDENE <=> C3H4 + INDENYL,767,0.3,"[1683, 0.98, 'C2H4:0.01, O2:0.03, AR:0.96']",0.01859907191974751,True,True
A1- + INDENE <=> A1 + INDENYL,768,0.3,"[1683, 0.98, 'C2H4:0.01, O2:0.03, AR:0.96']",0.014803969731896117,True,True
C7H7 + INDENE <=> C7H8 + INDENYL,769,0.3,"[1683, 0.98, 'C2H4:0.01, O2:0.03, AR:0.96']",0.015490376514986484,True,True
C4H2 + C5H5 <=> INDENYL,770,0.3,"[1683, 0.98, 'C2H4:0.01, O2:0.03, AR:0.96']",0.012370991597498123,True,True
INDENYL => C2H2 + C4H2 + H2CCCH,771,0.3,"[1683, 0.98, 'C2H4:0.01, O2:0.03, AR:0.96']",0.03537292031657786,True,True
INDENYL + O <=> CO + n-C8H7,772,0.3,"[1683, 0.98, 'C2H4:0.01, O2:0.03, AR:0.96']",0.021039512872129386,True,True
INDENYL + O <=> A1C2H3* + CO,773,0.3,"[1683, 0.98, 'C2H4:0.01, O2:0.03, AR:0.96']",0.006039863383836548,True,True
HO2 + INDENYL => CO + OH + n-C8H7,774,0.3,"[1683, 0.98, 'C2H4:0.01, O2:0.03, AR:0.96']",0.0031186346102139006,True,True
HO2 + INDENYL => A1C2H + CO + H2O,775,0.3,"[1683, 0.98, 'C2H4:0.01, O2:0.03, AR:0.96']",0.0026656583255161427,True,True
HO2 + INDENYL => A1C2H3* + CO + OH,776,0.3,"[1683, 0.98, 'C2H4:0.01, O2:0.03, AR:0.96']",0.004825082679916747,True,True
A1 + A1- <=> H + P2,777,0.3,"[1683, 0.98, 'C2H4:0.01, O2:0.03, AR:0.96']",0.009914365391585434,True,True
H2CCCH + INDENYL => P2,778,0.3,"[1683, 0.98, 'C2H4:0.01, O2:0.03, AR:0.96']",0.01429930015859681,True,True
H2CCCH + INDENE => H + P2,779,0.3,"[1683, 0.98, 'C2H4:0.01, O2:0.03, AR:0.96']",0.012809171173880174,True,True
2 A1- <=> P2,780,0.3,"[1683, 0.98, 'C2H4:0.01, O2:0.03, AR:0.96']",0.00023496377163824002,True,True
2 A1- <=> H + P2-,781,0.3,"[1683, 0.98, 'C2H4:0.01, O2:0.03, AR:0.96']",0.0024863618740385007,True,True
P2 <=> H + P2-,782,0.3,"[1683, 0.98, 'C2H4:0.01, O2:0.03, AR:0.96']",0.006798701143869462,True,True
P2 <=> C3H2 + INDENE,783,0.3,"[1683, 0.98, 'C2H4:0.01, O2:0.03, AR:0.96']",0.021288750131508202,True,True
O2 + P2- <=> A2 + CO + HCO,784,0.3,"[1683, 0.98, 'C2H4:0.01, O2:0.03, AR:0.96']",0.017006079546470414,True,True
H + P2 <=> H2 + P2-,785,0.3,"[1683, 0.98, 'C2H4:0.01, O2:0.03, AR:0.96']",0.009185907283146543,True,True
OH + P2 <=> H2O + P2-,786,0.3,"[1683, 0.98, 'C2H4:0.01, O2:0.03, AR:0.96']",0.016560189605054496,True,True
A1 + i-C4H5 => A2 + H + H2,787,0.3,"[1683, 0.98, 'C2H4:0.01, O2:0.03, AR:0.96']",0.014658404866733296,True,True
A1- + C4H6 => A2 + H + H2,788,0.3,"[1683, 0.98, 'C2H4:0.01, O2:0.03, AR:0.96']",0.005465902708389823,True,True
A1- + H2CCCCH <=> A2,789,0.3,"[1683, 0.98, 'C2H4:0.01, O2:0.03, AR:0.96']",0.023065006800092012,True,True
A1- + H2CCCCH <=> A2- + H,790,0.3,"[1683, 0.98, 'C2H4:0.01, O2:0.03, AR:0.96']",0.006383890406269368,True,True
A1- + C4H4 <=> A2 + H,791,0.3,"[1683, 0.98, 'C2H4:0.01, O2:0.03, AR:0.96']",0.010408547531491156,True,True
C7H7 + H2CCCH => A2 + 2 H,792,0.3,"[1683, 0.98, 'C2H4:0.01, O2:0.03, AR:0.96']",0.0032349062008440476,True,True
A1C2H- + C2H2 <=> A2-,793,0.3,"[1683, 0.98, 'C2H4:0.01, O2:0.03, AR:0.96']",0.005389430170160411,True,True
A1C2H3* + C2H2 <=> A2 + H,794,0.3,"[1683, 0.98, 'C2H4:0.01, O2:0.03, AR:0.96']",0.012419962438459378,True,True
C2H2 + n-C8H7 <=> A2 + H,795,0.3,"[1683, 0.98, 'C2H4:0.01, O2:0.03, AR:0.96']",0.011301131411025296,True,True
CH3 + INDENYL <=> A2 + 2 H,796,0.3,"[1683, 0.98, 'C2H4:0.01, O2:0.03, AR:0.96']",0.005618118162305643,True,True
CH2 + INDENE => A2 + 2 H,797,0.3,"[1683, 0.98, 'C2H4:0.01, O2:0.03, AR:0.96']",0.011365962176494578,True,True
CH2(S) + INDENE <=> A2 + 2 H,798,0.3,"[1683, 0.98, 'C2H4:0.01, O2:0.03, AR:0.96']",0.011356753298223268,True,True
A2 + O <=> A1C2H + CH2CO,799,0.3,"[1683, 0.98, 'C2H4:0.01, O2:0.03, AR:0.96']",0.03178846239274615,True,True
A2 + O => CO + H + INDENYL,800,0.3,"[1683, 0.98, 'C2H4:0.01, O2:0.03, AR:0.96']",0.01543872305525093,True,True
A2 + O <=> HCCO + n-C8H7,801,0.3,"[1683, 0.98, 'C2H4:0.01, O2:0.03, AR:0.96']",0.022467157165114465,True,True
A2 + O <=> A1C2H3* + HCCO,802,0.3,"[1683, 0.98, 'C2H4:0.01, O2:0.03, AR:0.96']",0.006285904959321687,True,True
A2 + O <=> A2- + OH,803,0.3,"[1683, 0.98, 'C2H4:0.01, O2:0.03, AR:0.96']",0.044653861851573176,True,True
A2 + H <=> A2- + H2,804,0.3,"[1683, 0.98, 'C2H4:0.01, O2:0.03, AR:0.96']",0.008203151688968425,True,True
A2 + OH <=> A2- + H2O,805,0.3,"[1683, 0.98, 'C2H4:0.01, O2:0.03, AR:0.96']",0.001393008101190468,True,True
A2 + OH => A1C2H + CH2CO + H,806,0.3,"[1683, 0.98, 'C2H4:0.01, O2:0.03, AR:0.96']",0.004952409602559183,True,True
A2 + CH3 <=> A2- + CH4,807,0.3,"[1683, 0.98, 'C2H4:0.01, O2:0.03, AR:0.96']",0.013703960976702517,True,True
A2 + C2H <=> A2- + C2H2,808,0.3,"[1683, 0.98, 'C2H4:0.01, O2:0.03, AR:0.96']",0.021489300513848106,True,True
A2 + C2H <=> A2C2H + H,809,0.3,"[1683, 0.98, 'C2H4:0.01, O2:0.03, AR:0.96']",0.017896036928888137,True,True
A2- + O2 => A1C2H + CO + HCO,810,0.3,"[1683, 0.98, 'C2H4:0.01, O2:0.03, AR:0.96']",0.018284689870954815,True,True
A2- + O => CO + INDENYL,811,0.3,"[1683, 0.98, 'C2H4:0.01, O2:0.03, AR:0.96']",0.000754524705289565,True,True
A2- + H <=> A2,812,0.3,"[1683, 0.98, 'C2H4:0.01, O2:0.03, AR:0.96']",0.023176648240656995,True,True
A2- + HO2 => CO + INDENYL + OH,813,0.3,"[1683, 0.98, 'C2H4:0.01, O2:0.03, AR:0.96']",0.01897216255033476,True,True
A2- + C2H2 <=> A2C2H + H,814,0.3,"[1683, 0.98, 'C2H4:0.01, O2:0.03, AR:0.96']",0.0034456169688763766,True,True
A2C2H + H <=> A2C2H* + H2,815,0.3,"[1683, 0.98, 'C2H4:0.01, O2:0.03, AR:0.96']",0.006158046147896468,True,True
A2C2H + OH <=> A2- + CH2CO,816,0.3,"[1683, 0.98, 'C2H4:0.01, O2:0.03, AR:0.96']",0.006184367336053732,True,True
A2C2H + OH <=> A2C2H* + H2O,817,0.3,"[1683, 0.98, 'C2H4:0.01, O2:0.03, AR:0.96']",0.0064079119934418935,True,True
H2CCCH + INDENYL => A2C2H + 2 H,818,0.3,"[1683, 0.98, 'C2H4:0.01, O2:0.03, AR:0.96']",0.006568559076247005,True,True
A2- + CH3 <=> A2CH3,819,0.3,"[1683, 0.98, 'C2H4:0.01, O2:0.03, AR:0.96']",0.00444775266225919,True,True
A2 + CH2 <=> A2CH3,820,0.3,"[1683, 0.98, 'C2H4:0.01, O2:0.03, AR:0.96']",0.001408906968215914,True,True
A2 + CH2(S) <=> A2CH3,821,0.3,"[1683, 0.98, 'C2H4:0.01, O2:0.03, AR:0.96']",0.02106131783765437,True,True
A2CH2 + H <=> A2CH3,822,0.3,"[1683, 0.98, 'C2H4:0.01, O2:0.03, AR:0.96']",0.009689221944799563,True,True
A2- + CH3 <=> A2CH2 + H,823,0.3,"[1683, 0.98, 'C2H4:0.01, O2:0.03, AR:0.96']",0.012216736409870345,True,True
A2CH3 + O2 <=> A2CH2 + HO2,824,0.3,"[1683, 0.98, 'C2H4:0.01, O2:0.03, AR:0.96']",0.0016783398445446177,True,True
A2CH3 + O <=> A2CH2 + OH,825,0.3,"[1683, 0.98, 'C2H4:0.01, O2:0.03, AR:0.96']",0.0055563905227984595,True,True
A2CH3 + H <=> A2CH2 + H2,826,0.3,"[1683, 0.98, 'C2H4:0.01, O2:0.03, AR:0.96']",0.0035849596617340655,True,True
A2CH3 + H <=> A2 + CH3,827,0.3,"[1683, 0.98, 'C2H4:0.01, O2:0.03, AR:0.96']",0.00934828790030695,True,True
A2CH3 + OH <=> A2CH2 + H2O,828,0.3,"[1683, 0.98, 'C2H4:0.01, O2:0.03, AR:0.96']",0.023964074941199197,True,True
A2CH3 + HO2 <=> A2CH2 + H2O2,829,0.3,"[1683, 0.98, 'C2H4:0.01, O2:0.03, AR:0.96']",0.012211245427449361,True,True
A2CH3 + CH3 <=> A2CH2 + CH4,830,0.3,"[1683, 0.98, 'C2H4:0.01, O2:0.03, AR:0.96']",0.011327969789188184,True,True
A2- + A2CH3 <=> A2 + A2CH2,831,0.3,"[1683, 0.98, 'C2H4:0.01, O2:0.03, AR:0.96']",0.00861710063914933,True,True
A2CH2 + CH2 <=> A2C2H + H + H2,832,0.3,"[1683, 0.98, 'C2H4:0.01, O2:0.03, AR:0.96']",0.0016527256113187117,True,True
A2CH2 + H2CCCH <=> A3 + 2 H,833,0.3,"[1683, 0.98, 'C2H4:0.01, O2:0.03, AR:0.96']",0.014991822129067823,True,True
A1C2H- + C4H4 <=> A2R5 + H,834,0.3,"[1683, 0.98, 'C2H4:0.01, O2:0.03, AR:0.96']",0.009077873414837831,True,True
A1C2H3* + C4H2 <=> A2R5 + H,835,0.3,"[1683, 0.98, 'C2H4:0.01, O2:0.03, AR:0.96']",0.008807316630972659,True,True
C4H2 + n-C8H7 <=> A2R5 + H,836,0.3,"[1683, 0.98, 'C2H4:0.01, O2:0.03, AR:0.96']",0.003812507563170819,True,True
H2CCCH + INDENYL => A2R5 + 2 H,837,0.3,"[1683, 0.98, 'C2H4:0.01, O2:0.03, AR:0.96']",0.02126602582493941,True,True
H2CCCH + INDENE => A2R5 + H + H2,838,0.3,"[1683, 0.98, 'C2H4:0.01, O2:0.03, AR:0.96']",0.010284163624891356,True,True
H2CCCH + INDENYL <=> A2R5 + H2,839,0.3,"[1683, 0.98, 'C2H4:0.01, O2:0.03, AR:0.96']",0.02218060103686922,True,True
A2- + C2H2 <=> A2R5 + H,840,0.3,"[1683, 0.98, 'C2H4:0.01, O2:0.03, AR:0.96']",0.006231412313566372,True,True
A2C2H* + H <=> A2R5,841,0.3,"[1683, 0.98, 'C2H4:0.01, O2:0.03, AR:0.96']",0.017878528939006082,True,True
A2C2H + H <=> A2R5 + H,842,0.3,"[1683, 0.98, 'C2H4:0.01, O2:0.03, AR:0.96']",0.02165074579072138,True,True
A2R5- + H (+M) <=> A2R5 (+M),843,0.3,"[1683, 0.98, 'C2H4:0.01, O2:0.03, AR:0.96']",0.007978624405251994,True,True
A2R5 <=> A1C2H + C4H2,844,0.3,"[1683, 0.98, 'C2H4:0.01, O2:0.03, AR:0.96']",0.007583991979323586,True,True
A2R5 + O <=> A2R5- + OH,845,0.3,"[1683, 0.98, 'C2H4:0.01, O2:0.03, AR:0.96']",0.014688441023381035,True,True
A2R5 + O => A2- + HCCO,846,0.3,"[1683, 0.98, 'C2H4:0.01, O2:0.03, AR:0.96']",0.00951208010214866,True,True
A2R5 + H <=> A2R5- + H2,847,0.3,"[1683, 0.98, 'C2H4:0.01, O2:0.03, AR:0.96']",0.008951658799330681,True,True
A2R5 + OH <=> A2R5- + H2O,848,0.3,"[1683, 0.98, 'C2H4:0.01, O2:0.03, AR:0.96']",0.019164036586374892,True,True
A2R5 + OH <=> A2- + CH2CO,849,0.3,"[1683, 0.98, 'C2H4:0.01, O2:0.03, AR:0.96']",0.01591401850722994,True,True
A1- + A1C2H <=> A3 + H,850,0.3,"[1683, 0.98, 'C2H4:0.01, O2:0.03, AR:0.96']",0.010131681773414173,True,True
A1 + A1C2H- <=> A3 + H,851,0.3,"[1683, 0.98, 'C2H4:0.01, O2:0.03, AR:0.96']",0.005407994593147566,True,True
A2- + C4H4 <=> A3 + H,852,0.3,"[1683, 0.98, 'C2H4:0.01, O2:0.03, AR:0.96']",0.0003800150929378226,True,True
A2- + C4H2 <=> A3-,853,0.3,"[1683, 0.98, 'C2H4:0.01, O2:0.03, AR:0.96']",0.006528154905363514,True,True
C2H2 + P2- <=> A3 + H,854,0.3,"[1683, 0.98, 'C2H4:0.01, O2:0.03, AR:0.96']",0.017097201477613476,True,True
A2C2H* + C2H2 <=> A3-,855,0.3,"[1683, 0.98, 'C2H4:0.01, O2:0.03, AR:0.96']",0.019611908627072048,True,True
A2R5- + C2H2 <=> A3-,856,0.3,"[1683, 0.98, 'C2H4:0.01, O2:0.03, AR:0.96']",0.008644411452186576,True,True
A2R5 + C2H2 => A3,857,0.3,"[1683, 0.98, 'C2H4:0.01, O2:0.03, AR:0.96']",0.019598235791082608,True,True
A2 + C4H2 => A3,858,0.3,"[1683, 0.98, 'C2H4:0.01, O2:0.03, AR:0.96']",0.019126511386943986,True,True
A3 + O <=> A2C2H + CH2CO,859,0.3,"[1683, 0.98, 'C2H4:0.01, O2:0.03, AR:0.96']",0.02110621704295909,True,True
A3 + O <=> A3- + OH,860,0.3,"[1683, 0.98, 'C2H4:0.01, O2:0.03, AR:0.96']",0.03218400768579194,True,True
A3 + O => HCCO + P2-,861,0.3,"[1683, 0.98, 'C2H4:0.01, O2:0.03, AR:0.96']",0.013786883752026293,True,True
A3 + H <=> A3- + H2,862,0.3,"[1683, 0.98, 'C2H4:0.01, O2:0.03, AR:0.96']",0.04269818435986358,True,True
A3 + OH <=> A3- + H2O,863,0.3,"[1683, 0.98, 'C2H4:0.01, O2:0.03, AR:0.96']",0.014014987837353254,True,True
A3 + OH => A2C2H + CH2CO + H,864,0.3,"[1683, 0.98, 'C2H4:0.01, O2:0.03, AR:0.96']",0.013052773773338449,True,True
A3 + OH <=> CH2CO + P2-,865,0.3,"[1683, 0.98, 'C2H4:0.01, O2:0.03, AR:0.96']",0.002064712030877883,True,True
A3 + CH3 <=> A3- + CH4,866,0.3,"[1683, 0.98, 'C2H4:0.01, O2:0.03, AR:0.96']",0.016024231526595344,True,True
A3 + C2H <=> A3C2H + H,867,0.3,"[1683, 0.98, 'C2H4:0.01, O2:0.03, AR:0.96']",0.006558590281305378,True,True
A3C2H + H <=> A3C2H* + H2,868,0.3,"[1683, 0.98, 'C2H4:0.01, O2:0.03, AR:0.96']",0.010524236804353309,True,True
A3C2H + OH <=> A3- + CH2CO,869,0.3,"[1683, 0.98, 'C2H4:0.01, O2:0.03, AR:0.96']",0.012049394107898731,True,True
A3- + O2 => A2R5 + CO + HCO,870,0.3,"[1683, 0.98, 'C2H4:0.01, O2:0.03, AR:0.96']",0.013641899241721862,True,True
A3- + H <=> A3,871,0.3,"[1683, 0.98, 'C2H4:0.01, O2:0.03, AR:0.96']",0.0012989598360520556,True,True
A3- + C2H2 <=> A3C2H + H,872,0.3,"[1683, 0.98, 'C2H4:0.01, O2:0.03, AR:0.96']",0.012264945969189044,True,True
A3 + CH2 <=> A3CH3,873,0.3,"[1683, 0.98, 'C2H4:0.01, O2:0.03, AR:0.96']",0.005149507097681821,True,True
A3 + CH2(S) <=> A3CH3,874,0.3,"[1683, 0.98, 'C2H4:0.01, O2:0.03, AR:0.96']",0.023512928047504253,True,True
A3CH2 + H <=> A3- + CH3,875,0.3,"[1683, 0.98, 'C2H4:0.01, O2:0.03, AR:0.96']",0.012562251753489267,True,True
A3CH3 <=> A3CH2 + H,876,0.3,"[1683, 0.98, 'C2H4:0.01, O2:0.03, AR:0.96']",0.0029404179796877995,True,True
A3CH3 + O2 <=> A3CH2 + HO2,877,0.3,"[1683, 0.98, 'C2H4:0.01, O2:0.03, AR:0.96']",0.0026351709169494,True,True
A3CH3 + O <=> A3CH2 + OH,878,0.3,"[1683, 0.98, 'C2H4:0.01, O2:0.03, AR:0.96']",0.026292429050246483,True,True
A3CH2 + O <=> A3- + CH2O,879,0.3,"[1683, 0.98, 'C2H4:0.01, O2:0.03, AR:0.96']",0.018352949426963604,True,True
A3CH3 + H <=> A3CH2 + H2,880,0.3,"[1683, 0.98, 'C2H4:0.01, O2:0.03, AR:0.96']",0.007592240284091634,True,True
A3CH3 + H <=> A3 + CH3,881,0.3,"[1683, 0.98, 'C2H4:0.01, O2:0.03, AR:0.96']",0.01228067685321615,True,True
A3CH3 + OH <=> A3CH2 + H2O,882,0.3,"[1683, 0.98, 'C2H4:0.01, O2:0.03, AR:0.96']",0.004233411204227404,True,True
A3CH3 + HO2 <=> A3CH2 + H2O2,883,0.3,"[1683, 0.98, 'C2H4:0.01, O2:0.03, AR:0.96']",0.0020399953953045323,True,True
A3CH3 + CH3 <=> A3CH2 + CH4,884,0.3,"[1683, 0.98, 'C2H4:0.01, O2:0.03, AR:0.96']",0.0035569123366458646,True,True
A3CH2 + HO2 => A3- + CH2O + OH,885,0.3,"[1683, 0.98, 'C2H4:0.01, O2:0.03, AR:0.96']",0.012880263808979617,True,True
A3CH2 + CH2 <=> A4 + H + H2,886,0.3,"[1683, 0.98, 'C2H4:0.01, O2:0.03, AR:0.96']",0.007164325011503329,True,True
A2R5 + C4H2 => A4,887,0.3,"[1683, 0.98, 'C2H4:0.01, O2:0.03, AR:0.96']",0.011867751306169377,True,True
A1C2H + A1C2H- <=> A4 + H,888,0.3,"[1683, 0.98, 'C2H4:0.01, O2:0.03, AR:0.96']",0.03545075431990879,True,True
A1C2H + n-C8H7 => A4 + H + H2,889,0.3,"[1683, 0.98, 'C2H4:0.01, O2:0.03, AR:0.96']",0.0007366981450785881,True,True
A1C2H + A1C2H3* => A4 + H + H2,890,0.3,"[1683, 0.98, 'C2H4:0.01, O2:0.03, AR:0.96']",0.03254625534835065,True,True
C7H7 + INDENYL => A4 + 2 H2,891,0.3,"[1683, 0.98, 'C2H4:0.01, O2:0.03, AR:0.96']",0.01765509743542245,True,True
2 INDENYL => A4 + C2H2 + H2,892,0.3,"[1683, 0.98, 'C2H4:0.01, O2:0.03, AR:0.96']",0.013474143018282446,True,True
A2 + C6H <=> A4-,893,0.3,"[1683, 0.98, 'C2H4:0.01, O2:0.03, AR:0.96']",0.027335891698214147,True,True
A1- + A2 <=> A4 + H + H2,894,0.3,"[1683, 0.98, 'C2H4:0.01, O2:0.03, AR:0.96']",0.009273989427767887,True,True
A1 + A2- <=> A4 + H + H2,895,0.3,"[1683, 0.98, 'C2H4:0.01, O2:0.03, AR:0.96']",0.03754699795003902,True,True
A1- + A2- => A4 + H2,896,0.3,"[1683, 0.98, 'C2H4:0.01, O2:0.03, AR:0.96']",0.004351432085063106,True,True
A2- + C6H2 <=> A4-,897,0.3,"[1683, 0.98, 'C2H4:0.01, O2:0.03, AR:0.96']",0.011441334585167745,True,True
A2C2H* + C4H4 <=> A4 + H,898,0.3,"[1683, 0.98, 'C2H4:0.01, O2:0.03, AR:0.96']",0.02452297043153939,True,True
A2R5- + C4H2 => A4-,899,0.3,"[1683, 0.98, 'C2H4:0.01, O2:0.03, AR:0.96']",0.006632632827219678,True,True
A2R5- + H2CCCCH <=> A4,900,0.3,"[1683, 0.98, 'C2H4:0.01, O2:0.03, AR:0.96']",0.011290354705791733,True,True
A3- + C2H2 <=> A4 + H,901,0.3,"[1683, 0.98, 'C2H4:0.01, O2:0.03, AR:0.96']",0.01045101062235157,True,True
A3C2H + H <=> A4 + H,902,0.3,"[1683, 0.98, 'C2H4:0.01, O2:0.03, AR:0.96']",0.020179425398607728,True,True
A4 + O <=> A3- + HCCO,903,0.3,"[1683, 0.98, 'C2H4:0.01, O2:0.03, AR:0.96']",0.00040090222224868866,True,True
A4 + H <=> A4- + H2,904,0.3,"[1683, 0.98, 'C2H4:0.01, O2:0.03, AR:0.96']",0.008032500227111303,True,True
A4 + OH <=> A4- + H2O,905,0.3,"[1683, 0.98, 'C2H4:0.01, O2:0.03, AR:0.96']",0.009024294103607628,True,True
A4 + OH <=> A3- + CH2CO,906,0.3,"[1683, 0.98, 'C2H4:0.01, O2:0.03, AR:0.96']",0.002265903187803247,True,True
A4 + CH3 <=> A4- + CH4,907,0.3,"[1683, 0.98, 'C2H4:0.01, O2:0.03, AR:0.96']",0.0042958300080791195,True,True
A4- + O2 <=> A3- + 2 CO,908,0.3,"[1683, 0.98, 'C2H4:0.01, O2:0.03, AR:0.96']",0.014105055556088276,True,True
A4- + H <=> A4,909,0.3,"[1683, 0.98, 'C2H4:0.01, O2:0.03, AR:0.96']",0.02182378872187831,True,True
A4- + C2H2 <=> A4C2H + H,910,0.3,"[1683, 0.98, 'C2H4:0.01, O2:0.03, AR:0.96']",0.010709836370558539,True,True
A4C2H + H <=> A4C2H* + H2,911,0.3,"[1683, 0.98, 'C2H4:0.01, O2:0.03, AR:0.96']",0.02636165851035652,True,True
A4C2H + H <=> BGHIF + H,912,0.3,"[1683, 0.98, 'C2H4:0.01, O2:0.03, AR:0.96']",0.02497130354411646,True,True
A4C2H* + H <=> BGHIF,913,0.3,"[1683, 0.98, 'C2H4:0.01, O2:0.03, AR:0.96']",0.001302227461248871,True,True
C6H + P2 <=> C18H11,914,0.3,"[1683, 0.98, 'C2H4:0.01, O2:0.03, AR:0.96']",0.01577599989598244,True,True
C6H2 + P2- <=> BGHIF + H,915,0.3,"[1683, 0.98, 'C2H4:0.01, O2:0.03, AR:0.96']",0.008183336133560122,True,True
C6H2 + P2- <=> C18H11,916,0.3,"[1683, 0.98, 'C2H4:0.01, O2:0.03, AR:0.96']",0.029142871514651104,True,True
A3- + C4H4 <=> C18H12 + H,917,0.3,"[1683, 0.98, 'C2H4:0.01, O2:0.03, AR:0.96']",0.012629632925332045,True,True
A3C2H* + C2H2 <=> BGHIF + H,918,0.3,"[1683, 0.98, 'C2H4:0.01, O2:0.03, AR:0.96']",0.0028148465211951025,True,True
A1C2H- + A2 => BGHIF + H + H2,919,0.3,"[1683, 0.98, 'C2H4:0.01, O2:0.03, AR:0.96']",0.0006230003382203743,True,True
A1C2H + A2- => BGHIF + H + H2,920,0.3,"[1683, 0.98, 'C2H4:0.01, O2:0.03, AR:0.96']",0.014695263534329784,True,True
INDENE + INDENYL => C18H12 + H + H2,921,0.3,"[1683, 0.98, 'C2H4:0.01, O2:0.03, AR:0.96']",0.004956467221365266,True,True
2 INDENYL => BGHIF + 2 H2,922,0.3,"[1683, 0.98, 'C2H4:0.01, O2:0.03, AR:0.96']",0.006096142374402248,True,True
A1- + A2C2H <=> C18H12 + H,923,0.3,"[1683, 0.98, 'C2H4:0.01, O2:0.03, AR:0.96']",0.0004085568284112805,True,True
A1 + A2C2H* <=> C18H12 + H,924,0.3,"[1683, 0.98, 'C2H4:0.01, O2:0.03, AR:0.96']",0.002222184450492718,True,True
A1 + A2R5- => BGHIF + H + H2,925,0.3,"[1683, 0.98, 'C2H4:0.01, O2:0.03, AR:0.96']",0.005799205041828651,True,True
A3C2H* + C4H4 <=> BAPYR + H,926,0.3,"[1683, 0.98, 'C2H4:0.01, O2:0.03, AR:0.96']",0.019156346420354367,True,True
A4- + C4H4 <=> BAPYR + H,927,0.3,"[1683, 0.98, 'C2H4:0.01, O2:0.03, AR:0.96']",0.011358323499133146,True,True
A4C2H* + C2H2 <=> BAPYR*S,928,0.3,"[1683, 0.98, 'C2H4:0.01, O2:0.03, AR:0.96']",0.010935820457646996,True,True
BAPYR*S + H <=> BAPYR,929,0.3,"[1683, 0.98, 'C2H4:0.01, O2:0.03, AR:0.96']",0.017120928139033768,True,True
A1C2H- + P2 => BAPYR + H + H2,930,0.3,"[1683, 0.98, 'C2H4:0.01, O2:0.03, AR:0.96']",0.031828652651664735,True,True
A1C2H3* + P2- => BAPYR + 2 H2,931,0.3,"[1683, 0.98, 'C2H4:0.01, O2:0.03, AR:0.96']",0.010816602608583963,True,True
P2- + n-C8H7 => BAPYR + 2 H2,932,0.3,"[1683, 0.98, 'C2H4:0.01, O2:0.03, AR:0.96']",0.0022154869489596357,True,True
A1C2H- + A2R5- <=> BAPYR,933,0.3,"[1683, 0.98, 'C2H4:0.01, O2:0.03, AR:0.96']",0.002275952970482409,True,True
A1C2H- + A2R5 <=> BAPYR + H,934,0.3,"[1683, 0.98, 'C2H4:0.01, O2:0.03, AR:0.96']",0.002312587379671274,True,True
A1C2H + A2R5- <=> BAPYR + H,935,0.3,"[1683, 0.98, 'C2H4:0.01, O2:0.03, AR:0.96']",0.005305121228807781,True,True
C18H11 + O2 => A4 + CO + HCO,936,0.3,"[1683, 0.98, 'C2H4:0.01, O2:0.03, AR:0.96']",0.0002214588847042844,True,True
C18H11 + H <=> BGHIF + H2,937,0.3,"[1683, 0.98, 'C2H4:0.01, O2:0.03, AR:0.96']",0.008404422684621922,True,True
C18H11 + C2H => BAPYR,938,0.3,"[1683, 0.98, 'C2H4:0.01, O2:0.03, AR:0.96']",0.0006688722333230216,True,True
C18H11 + C2H2 <=> BAPYR + H,939,0.3,"[1683, 0.98, 'C2H4:0.01, O2:0.03, AR:0.96']",0.022982997213178105,True,True
C18H12 + O <=> C18H11 + OH,940,0.3,"[1683, 0.98, 'C2H4:0.01, O2:0.03, AR:0.96']",0.014656605678837512,True,True
C18H12 + H <=> C18H11 + H2,941,0.3,"[1683, 0.98, 'C2H4:0.01, O2:0.03, AR:0.96']",0.019128267029356574,True,True
C18H12 + OH <=> C18H11 + H2O,942,0.3,"[1683, 0.98, 'C2H4:0.01, O2:0.03, AR:0.96']",0.009116130560682797,True,True
BGHIF + O <=> A4- + HCCO,943,0.3,"[1683, 0.98, 'C2H4:0.01, O2:0.03, AR:0.96']",0.015623015061246574,True,True
BGHIF + OH <=> A4- + CH2CO,944,0.3,"[1683, 0.98, 'C2H4:0.01, O2:0.03, AR:0.96']",0.00311733455051997,True,True
BAPYR*S + O2 => BGHIF + CO + HCO,945,0.3,"[1683, 0.98, 'C2H4:0.01, O2:0.03, AR:0.96']",0.012025942293401471,True,True
A4 + C4H2 => BAPYR,946,0.3,"[1683, 0.98, 'C2H4:0.01, O2:0.03, AR:0.96']",0.0017322598178962762,True,True
BAPYR + O <=> C18H11 + HCCO,947,0.3,"[1683, 0.98, 'C2H4:0.01, O2:0.03, AR:0.96']",0.008539052515686714,True,True
BAPYR + OH => C18H11 + CH2CO,948,0.3,"[1683, 0.98, 'C2H4:0.01, O2:0.03, AR:0.96']",0.012083704544425438,True,True
2 C5H5 => A2 + 2 H,949,0.3,"[1683, 0.98, 'C2H4:0.01, O2:0.03, AR:0.96']",0.004276765879038878,True,False
2 C5H5 => A2 + 2 H,949,0.3,"[1683, 0.98, 'C2H4:0.01, O2:0.03, AR:0.96']",0.004332606071635144,True,False
C5H5 + H2CCCH <=> A1C2H3,951,0.3,"[1683, 0.98, 'C2H4:0.01, O2:0.03, AR:0.96']",0.005145409280798934,True,True
C5H5 + H2CCCCH <=> INDENE,952,0.3,"[1683, 0.98, 'C2H4:0.01, O2:0.03, AR:0.96']",0.007485230205673122,True,True
2 C5H5 <=> CH3 + INDENYL,953,0.3,"[1683, 0.98, 'C2H4:0.01, O2:0.03, AR:0.96']",0.01074778923641962,True,True
C5H6 + CH3 <=> C5H5 + CH4,954,0.3,"[1683, 0.98, 'C2H4:0.01, O2:0.03, AR:0.96']",0.030482274953602492,True,True
C5H5 + C5H6 <=> CH3 + INDENE,955,0.3,"[1683, 0.98, 'C2H4:0.01, O2:0.03, AR:0.96']",0.0055184452061992125,True,True
A1C2H- + n-C8H7 => A4 + 2 H,956,0.3,"[1683, 0.98, 'C2H4:0.01, O2:0.03, AR:0.96']",0.016550272316959713,True,True
C5H5 + INDENYL => A3 + 2 H,957,0.3,"[1683, 0.98, 'C2H4:0.01, O2:0.03, AR:0.96']",0.014136539510125445,True,True
2 INDENYL => C18H12 + 2 H,958,0.3,"[1683, 0.98, 'C2H4:0.01, O2:0.03, AR:0.96']",0.010212262042921725,True,True
A1C2H- + A1C2H3* <=> A4 + 2 H,959,0.3,"[1683, 0.98, 'C2H4:0.01, O2:0.03, AR:0.96']",0.00796142181383798,True,True
A2C2H* + n-C8H7 <=> BAPYR + 2 H,960,0.3,"[1683, 0.98, 'C2H4:0.01, O2:0.03, AR:0.96']",0.0022972670527502226,True,True
A1C2H3* + A2C2H* <=> BAPYR + 2 H,961,0.3,"[1683, 0.98, 'C2H4:0.01, O2:0.03, AR:0.96']",0.0005004914143310827,True,True
A1- + A2R5- => BGHIF + 2 H,962,0.3,"[1683, 0.98, 'C2H4:0.01, O2:0.03, AR:0.96']",0.01528754670824014,True,True
A1C2H- + P2- => BAPYR + 2 H,963,0.3,"[1683, 0.98, 'C2H4:0.01, O2:0.03, AR:0.96']",0.009827208456186592,True,True
A1C2H3 + CH3 <=> A1C2H3* + CH4,964,0.3,"[1683, 0.98, 'C2H4:0.01, O2:0.03, AR:0.96']",0.0020199711560442116,True,True
A2R5 + CH3 <=> A2R5- + CH4,965,0.3,"[1683, 0.98, 'C2H4:0.01, O2:0.03, AR:0.96']",0.0013345689588193398,True,True
CH3 + P2 <=> CH4 + P2-,966,0.3,"[1683, 0.98, 'C2H4:0.01, O2:0.03, AR:0.96']",0.015675443995822987,True,True
A1 + O <=> C5H6 + CO,967,0.3,"[1683, 0.98, 'C2H4:0.01, O2:0.03, AR:0.96']",0.021160986076652708,True,True
A2R5 + OH => A2 + HCCO,968,0.3,"[1683, 0.98, 'C2H4:0.01, O2:0.03, AR:0.96']",0.02016977515037855,True,True
A1C2H3* + CH3 <=> H2 + INDENE,969,0.3,"[1683, 0.98, 'C2H4:0.01, O2:0.03, AR:0.96']",0.0005847807148735169,True,True
C7H7 + CH3 <=> A1C2H3 + H2,970,0.3,"[1683, 0.98, 'C2H4:0.01, O2:0.03, AR:0.96']",0.013013144092948608,True,True
2 O + M <=> O2 + M,0,0.3,"[1286, 1.17, 'C2H4:0.01, O2:0.03, AR:0.96']",0.011764148654488441,True,True
H + O2 (+M) <=> HO2 (+M),1,0.3,"[1286, 1.17, 'C2H4:0.01, O2:0.03, AR:0.96']",0.018550164065708957,True,True
HO2 + O <=> O2 + OH,2,0.3,"[1286, 1.17, 'C2H4:0.01, O2:0.03, AR:0.96']",0.019541036722890023,True,True
H + HO2 <=> 2 OH,3,0.3,"[1286, 1.17, 'C2H4:0.01, O2:0.03, AR:0.96']",0.1659647866095216,False,False
H + O + M <=> OH + M,4,0.3,"[1286, 1.17, 'C2H4:0.01, O2:0.03, AR:0.96']",0.016366378816228558,True,True
H + O2 <=> O + OH,5,0.3,"[1286, 1.17, 'C2H4:0.01, O2:0.03, AR:0.96']",1.3655683796782474,False,False
H + HO2 <=> H2 + O2,6,0.3,"[1286, 1.17, 'C2H4:0.01, O2:0.03, AR:0.96']",0.16650663628345866,False,False
H2 + O <=> H + OH,7,0.3,"[1286, 1.17, 'C2H4:0.01, O2:0.03, AR:0.96']",0.009569555527378695,True,False
H2 + O <=> H + OH,7,0.3,"[1286, 1.17, 'C2H4:0.01, O2:0.03, AR:0.96']",0.02794607462100854,True,False
2 H + M <=> H2 + M,9,0.3,"[1286, 1.17, 'C2H4:0.01, O2:0.03, AR:0.96']",0.009896313041128717,True,True
2 H + H <=> H2 + H,10,0.3,"[1286, 1.17, 'C2H4:0.01, O2:0.03, AR:0.96']",0.014955989608813699,True,True
2 H + N2 <=> H2 + N2,11,0.3,"[1286, 1.17, 'C2H4:0.01, O2:0.03, AR:0.96']",0.014744560035361258,True,True
2 H + H2 <=> H2 + H2,12,0.3,"[1286, 1.17, 'C2H4:0.01, O2:0.03, AR:0.96']",0.008071552076309675,True,True
2 H + AR <=> H2 + AR,13,0.3,"[1286, 1.17, 'C2H4:0.01, O2:0.03, AR:0.96']",0.009078907648155233,True,True
H2 + O2 <=> 2 OH,14,0.3,"[1286, 1.17, 'C2H4:0.01, O2:0.03, AR:0.96']",0.051508923710875024,True,True
2 HO2 <=> H2O2 + O2,15,0.3,"[1286, 1.17, 'C2H4:0.01, O2:0.03, AR:0.96']",0.002655518377097009,True,False
2 HO2 <=> H2O2 + O2,15,0.3,"[1286, 1.17, 'C2H4:0.01, O2:0.03, AR:0.96']",4.792696103862252e-05,True,False
H2O2 + O <=> HO2 + OH,17,0.3,"[1286, 1.17, 'C2H4:0.01, O2:0.03, AR:0.96']",0.007612346427826207,True,True
H + H2O2 <=> H2 + HO2,18,0.3,"[1286, 1.17, 'C2H4:0.01, O2:0.03, AR:0.96']",0.018407008223988375,True,True
2 OH (+M) <=> H2O2 (+M),19,0.3,"[1286, 1.17, 'C2H4:0.01, O2:0.03, AR:0.96']",9.142307180062977e-05,True,True
H2O2 + OH <=> H2O + HO2,20,0.3,"[1286, 1.17, 'C2H4:0.01, O2:0.03, AR:0.96']",0.0006837696150254758,True,False
H2O2 + OH <=> H2O + HO2,20,0.3,"[1286, 1.17, 'C2H4:0.01, O2:0.03, AR:0.96']",0.007660624647338762,True,False
HO2 + OH <=> H2O + O2,22,0.3,"[1286, 1.17, 'C2H4:0.01, O2:0.03, AR:0.96']",0.03412069973319458,True,False
HO2 + OH <=> H2O + O2,22,0.3,"[1286, 1.17, 'C2H4:0.01, O2:0.03, AR:0.96']",0.01084161195780945,True,False
2 OH <=> H2O + O,24,0.3,"[1286, 1.17, 'C2H4:0.01, O2:0.03, AR:0.96']",0.0024916074083261596,True,True
H + H2O2 <=> H2O + OH,25,0.3,"[1286, 1.17, 'C2H4:0.01, O2:0.03, AR:0.96']",0.017885291510956573,True,True
H + HO2 <=> H2O + O,26,0.3,"[1286, 1.17, 'C2H4:0.01, O2:0.03, AR:0.96']",0.013273178474030185,True,True
H + OH (+M) <=> H2O (+M),27,0.3,"[1286, 1.17, 'C2H4:0.01, O2:0.03, AR:0.96']",0.017148917217040087,True,True
H2 + OH <=> H + H2O,28,0.3,"[1286, 1.17, 'C2H4:0.01, O2:0.03, AR:0.96']",0.05722679371033534,True,True
2 H + H2O <=> H2 + H2O,29,0.3,"[1286, 1.17, 'C2H4:0.01, O2:0.03, AR:0.96']",0.017875819613405893,True,True
C + OH <=> CO + H,30,0.3,"[1286, 1.17, 'C2H4:0.01, O2:0.03, AR:0.96']",0.008866589869278275,True,True
C + O2 <=> CO + O,31,0.3,"[1286, 1.17, 'C2H4:0.01, O2:0.03, AR:0.96']",0.0023570834515543315,True,True
CO + HO2 <=> CO2 + OH,32,0.3,"[1286, 1.17, 'C2H4:0.01, O2:0.03, AR:0.96']",0.0013222556662851376,True,True
CO + O (+M) <=> CO2 (+M),33,0.3,"[1286, 1.17, 'C2H4:0.01, O2:0.03, AR:0.96']",0.011883035148000608,True,True
CO + OH <=> CO2 + H,34,0.3,"[1286, 1.17, 'C2H4:0.01, O2:0.03, AR:0.96']",0.007249350252815219,True,False
CO + OH <=> CO2 + H,34,0.3,"[1286, 1.17, 'C2H4:0.01, O2:0.03, AR:0.96']",0.009144438090604532,True,False
CO + OH <=> CO2 + H,34,0.3,"[1286, 1.17, 'C2H4:0.01, O2:0.03, AR:0.96']",0.006210363192271805,True,False
CO + O2 <=> CO2 + O,37,0.3,"[1286, 1.17, 'C2H4:0.01, O2:0.03, AR:0.96']",0.017719031875497136,True,True
CH + H <=> C + H2,38,0.3,"[1286, 1.17, 'C2H4:0.01, O2:0.03, AR:0.96']",0.006035393441894129,True,True
CH + O <=> CO + H,39,0.3,"[1286, 1.17, 'C2H4:0.01, O2:0.03, AR:0.96']",0.0018010812160271597,True,True
CH + O2 <=> CO2 + H,40,0.3,"[1286, 1.17, 'C2H4:0.01, O2:0.03, AR:0.96']",0.012913189935209941,True,True
CH + O2 <=> CO + OH,41,0.3,"[1286, 1.17, 'C2H4:0.01, O2:0.03, AR:0.96']",0.030868655729876935,True,True
CH + OH <=> H + HCO,42,0.3,"[1286, 1.17, 'C2H4:0.01, O2:0.03, AR:0.96']",0.016723307146052465,True,True
CH + CO2 <=> CO + HCO,43,0.3,"[1286, 1.17, 'C2H4:0.01, O2:0.03, AR:0.96']",0.0034974199734436567,True,True
HCO + M <=> CO + H + M,44,0.3,"[1286, 1.17, 'C2H4:0.01, O2:0.03, AR:0.96']",0.37708317000992664,False,False
HCO + HO2 <=> CO2 + H + OH,45,0.3,"[1286, 1.17, 'C2H4:0.01, O2:0.03, AR:0.96']",0.018231037651178162,True,True
HCO + OH <=> CO + H2O,46,0.3,"[1286, 1.17, 'C2H4:0.01, O2:0.03, AR:0.96']",0.026409996290905336,True,True
HCO + O <=> CO2 + H,47,0.3,"[1286, 1.17, 'C2H4:0.01, O2:0.03, AR:0.96']",0.010530878424341982,True,True
HCO + O <=> CO + OH,48,0.3,"[1286, 1.17, 'C2H4:0.01, O2:0.03, AR:0.96']",0.0012186349353954012,True,True
H + HCO <=> CO + H2,49,0.3,"[1286, 1.17, 'C2H4:0.01, O2:0.03, AR:0.96']",0.05925074880776403,True,True
HCO + O2 <=> CO2 + OH,50,0.3,"[1286, 1.17, 'C2H4:0.01, O2:0.03, AR:0.96']",0.03413626407240172,True,True
HCO + O2 <=> CO + HO2,51,0.3,"[1286, 1.17, 'C2H4:0.01, O2:0.03, AR:0.96']",0.1763371326713577,False,False
CH2 + O <=> CO + H2,52,0.3,"[1286, 1.17, 'C2H4:0.01, O2:0.03, AR:0.96']",0.016503025263209875,True,True
CH2 + O <=> CO + 2 H,53,0.3,"[1286, 1.17, 'C2H4:0.01, O2:0.03, AR:0.96']",0.021142174907221787,True,True
CH2 + H <=> CH + H2,54,0.3,"[1286, 1.17, 'C2H4:0.01, O2:0.03, AR:0.96']",0.019252245431489592,True,True
CH2 + O2 <=> CO + H2O,55,0.3,"[1286, 1.17, 'C2H4:0.01, O2:0.03, AR:0.96']",0.007285761277568486,True,True
CH2 + O2 <=> CO + H + OH,56,0.3,"[1286, 1.17, 'C2H4:0.01, O2:0.03, AR:0.96']",0.12160928706242781,True,True
CH2 + O2 <=> CO2 + 2 H,57,0.3,"[1286, 1.17, 'C2H4:0.01, O2:0.03, AR:0.96']",0.06811606425744016,True,True
CH2 + O2 <=> CO2 + H2,58,0.3,"[1286, 1.17, 'C2H4:0.01, O2:0.03, AR:0.96']",0.0771154963493478,True,True
CH2(S) + M <=> CH2 + M,59,0.3,"[1286, 1.17, 'C2H4:0.01, O2:0.03, AR:0.96']",0.05306132384708239,True,True
CH2(S) + H <=> CH2 + H,60,0.3,"[1286, 1.17, 'C2H4:0.01, O2:0.03, AR:0.96']",0.009682345303548952,True,True
CH2(S) + O2 <=> CO + H + OH,61,0.3,"[1286, 1.17, 'C2H4:0.01, O2:0.03, AR:0.96']",0.044564584469623636,True,True
2 HCO <=> CH2O + CO,62,0.3,"[1286, 1.17, 'C2H4:0.01, O2:0.03, AR:0.96']",0.0013737317847285692,True,True
CH2 + OH <=> CH2O + H,63,0.3,"[1286, 1.17, 'C2H4:0.01, O2:0.03, AR:0.96']",0.024082816390443212,True,True
H + HCO (+M) <=> CH2O (+M),64,0.3,"[1286, 1.17, 'C2H4:0.01, O2:0.03, AR:0.96']",0.007455889635477907,True,True
CO + H2 (+M) <=> CH2O (+M),65,0.3,"[1286, 1.17, 'C2H4:0.01, O2:0.03, AR:0.96']",0.0058536093883587255,True,True
CH2O + HO2 <=> H2O2 + HCO,66,0.3,"[1286, 1.17, 'C2H4:0.01, O2:0.03, AR:0.96']",0.0145329043304771,True,True
CH2O + OH <=> H2O + HCO,67,0.3,"[1286, 1.17, 'C2H4:0.01, O2:0.03, AR:0.96']",0.01391672508194226,True,True
CH2O + O <=> HCO + OH,68,0.3,"[1286, 1.17, 'C2H4:0.01, O2:0.03, AR:0.96']",0.02982719620916887,True,True
CH + CH2O <=> CH2 + HCO,69,0.3,"[1286, 1.17, 'C2H4:0.01, O2:0.03, AR:0.96']",0.004577152567654159,True,True
CH2O + H <=> H2 + HCO,70,0.3,"[1286, 1.17, 'C2H4:0.01, O2:0.03, AR:0.96']",0.04155276529886453,True,True
CH2 + CO2 <=> CH2O + CO,71,0.3,"[1286, 1.17, 'C2H4:0.01, O2:0.03, AR:0.96']",0.008788225327651722,True,True
CH2 + O2 <=> CH2O + O,72,0.3,"[1286, 1.17, 'C2H4:0.01, O2:0.03, AR:0.96']",0.03528564186755409,True,True
CH2O + O2 <=> HCO + HO2,73,0.3,"[1286, 1.17, 'C2H4:0.01, O2:0.03, AR:0.96']",0.013152748057454257,True,True
CH2O + CH3 <=> CH4 + HCO,74,0.3,"[1286, 1.17, 'C2H4:0.01, O2:0.03, AR:0.96']",0.0038834456453410073,True,True
CH3 + H <=> CH2 + H2,75,0.3,"[1286, 1.17, 'C2H4:0.01, O2:0.03, AR:0.96']",0.0036456507604374585,True,True
CH3 + M <=> CH2 + H + M,76,0.3,"[1286, 1.17, 'C2H4:0.01, O2:0.03, AR:0.96']",0.011811550835260321,True,True
CH3 + OH <=> CH2(S) + H2O,77,0.3,"[1286, 1.17, 'C2H4:0.01, O2:0.03, AR:0.96']",0.06204170703083447,True,True
CH3 + O <=> CH2O + H,78,0.3,"[1286, 1.17, 'C2H4:0.01, O2:0.03, AR:0.96']",0.002070082908717742,True,True
CH2 + HCO <=> CH3 + CO,79,0.3,"[1286, 1.17, 'C2H4:0.01, O2:0.03, AR:0.96']",0.016385208075862953,True,True
CH3 + O2 <=> CH2O + OH,80,0.3,"[1286, 1.17, 'C2H4:0.01, O2:0.03, AR:0.96']",0.044318249733004494,True,True
CH2(S) + H2 <=> CH3 + H,81,0.3,"[1286, 1.17, 'C2H4:0.01, O2:0.03, AR:0.96']",0.0045440110901365785,True,True
CH3O + CO <=> CH3 + CO2,82,0.3,"[1286, 1.17, 'C2H4:0.01, O2:0.03, AR:0.96']",0.012719735647501132,True,True
CH3O + HO2 <=> CH2O + H2O2,83,0.3,"[1286, 1.17, 'C2H4:0.01, O2:0.03, AR:0.96']",0.029858732974828137,True,True
CH3O + H <=> CH2(S) + H2O,84,0.3,"[1286, 1.17, 'C2H4:0.01, O2:0.03, AR:0.96']",0.025026727152702818,True,True
CH2O + H (+M) <=> CH3O (+M),85,0.3,"[1286, 1.17, 'C2H4:0.01, O2:0.03, AR:0.96']",0.013332714162225314,True,True
CH3 + OH <=> CH3O + H,86,0.3,"[1286, 1.17, 'C2H4:0.01, O2:0.03, AR:0.96']",0.04509896210164414,True,True
CH3 + O2 <=> CH3O + O,87,0.3,"[1286, 1.17, 'C2H4:0.01, O2:0.03, AR:0.96']",0.004094502978128845,True,True
CH3O + OH <=> CH2O + H2O,88,0.3,"[1286, 1.17, 'C2H4:0.01, O2:0.03, AR:0.96']",0.02817851778631697,True,True
CH3O + O <=> CH2O + OH,89,0.3,"[1286, 1.17, 'C2H4:0.01, O2:0.03, AR:0.96']",0.022502112373588585,True,True
CH3 + HO2 <=> CH3O + OH,90,0.3,"[1286, 1.17, 'C2H4:0.01, O2:0.03, AR:0.96']",0.10888616905616591,True,True
CH3O + H <=> CH2O + H2,91,0.3,"[1286, 1.17, 'C2H4:0.01, O2:0.03, AR:0.96']",0.01867131903454371,True,True
CH3O + O2 <=> CH2O + HO2,92,0.3,"[1286, 1.17, 'C2H4:0.01, O2:0.03, AR:0.96']",0.016880724706664237,True,True
CH2OH + HCO <=> 2 CH2O,93,0.3,"[1286, 1.17, 'C2H4:0.01, O2:0.03, AR:0.96']",0.0011461626186118807,True,True
CH2 + CH2OH <=> CH2O + CH3,94,0.3,"[1286, 1.17, 'C2H4:0.01, O2:0.03, AR:0.96']",0.016937869512180223,True,True
CH2OH + H <=> CH2(S) + H2O,95,0.3,"[1286, 1.17, 'C2H4:0.01, O2:0.03, AR:0.96']",0.031814124173757154,True,True
CH3O + H <=> CH2OH + H,96,0.3,"[1286, 1.17, 'C2H4:0.01, O2:0.03, AR:0.96']",0.010549608036923602,True,True
CH2O + H (+M) <=> CH2OH (+M),97,0.3,"[1286, 1.17, 'C2H4:0.01, O2:0.03, AR:0.96']",0.01090959362374919,True,True
CH2OH + OH <=> CH2O + H2O,98,0.3,"[1286, 1.17, 'C2H4:0.01, O2:0.03, AR:0.96']",0.0019685278587033383,True,True
CH2OH + O <=> CH2O + OH,99,0.3,"[1286, 1.17, 'C2H4:0.01, O2:0.03, AR:0.96']",0.004496929287175058,True,True
CH2OH + H <=> CH2O + H2,100,0.3,"[1286, 1.17, 'C2H4:0.01, O2:0.03, AR:0.96']",0.021758763996350298,True,True
CH2OH + H <=> CH3 + OH,101,0.3,"[1286, 1.17, 'C2H4:0.01, O2:0.03, AR:0.96']",0.029154915740262105,True,True
CH2OH + O2 <=> CH2O + HO2,102,0.3,"[1286, 1.17, 'C2H4:0.01, O2:0.03, AR:0.96']",0.0011045090320215456,True,True
CH3 + CH3O <=> CH2O + CH4,103,0.3,"[1286, 1.17, 'C2H4:0.01, O2:0.03, AR:0.96']",0.028312088163991594,True,True
CH2OH + CH3 <=> CH2O + CH4,104,0.3,"[1286, 1.17, 'C2H4:0.01, O2:0.03, AR:0.96']",0.03574915287819287,True,True
CH4 + HO2 <=> CH3 + H2O2,105,0.3,"[1286, 1.17, 'C2H4:0.01, O2:0.03, AR:0.96']",0.010899820002119202,True,True
CH3 + H (+M) <=> CH4 (+M),106,0.3,"[1286, 1.17, 'C2H4:0.01, O2:0.03, AR:0.96']",0.032252843397120076,True,True
CH3 + HCO <=> CH4 + CO,107,0.3,"[1286, 1.17, 'C2H4:0.01, O2:0.03, AR:0.96']",0.055212343697368056,True,True
CH4 + OH <=> CH3 + H2O,108,0.3,"[1286, 1.17, 'C2H4:0.01, O2:0.03, AR:0.96']",0.017822174077453345,True,True
CH4 + O <=> CH3 + OH,109,0.3,"[1286, 1.17, 'C2H4:0.01, O2:0.03, AR:0.96']",0.01650576450976329,True,True
CH2(S) + CH4 <=> 2 CH3,110,0.3,"[1286, 1.17, 'C2H4:0.01, O2:0.03, AR:0.96']",0.0067610096897758945,True,True
CH2 + CH4 <=> 2 CH3,111,0.3,"[1286, 1.17, 'C2H4:0.01, O2:0.03, AR:0.96']",0.022561441878196805,True,True
CH4 + H <=> CH3 + H2,112,0.3,"[1286, 1.17, 'C2H4:0.01, O2:0.03, AR:0.96']",0.02285408849681322,True,True
C + CH4 <=> CH + CH3,113,0.3,"[1286, 1.17, 'C2H4:0.01, O2:0.03, AR:0.96']",0.010155936537972398,True,True
CH4 + O2 <=> CH3 + HO2,114,0.3,"[1286, 1.17, 'C2H4:0.01, O2:0.03, AR:0.96']",0.0077701311385368465,True,True
CH3OH + O2 <=> CH2OH + HO2,115,0.3,"[1286, 1.17, 'C2H4:0.01, O2:0.03, AR:0.96']",0.0024080579252310414,True,True
CH3OH + O <=> CH3O + OH,116,0.3,"[1286, 1.17, 'C2H4:0.01, O2:0.03, AR:0.96']",0.026021215020273585,True,True
CH3OH + O <=> CH2OH + OH,117,0.3,"[1286, 1.17, 'C2H4:0.01, O2:0.03, AR:0.96']",0.004017610921903215,True,True
CH3OH + M <=> CH2(S) + H2O + M,118,0.3,"[1286, 1.17, 'C2H4:0.01, O2:0.03, AR:0.96']",0.03759990603417092,True,True
CH2OH + CH3O <=> CH2O + CH3OH,119,0.3,"[1286, 1.17, 'C2H4:0.01, O2:0.03, AR:0.96']",0.015178772367152017,True,True
CH2O + CH2OH <=> CH3OH + HCO,120,0.3,"[1286, 1.17, 'C2H4:0.01, O2:0.03, AR:0.96']",0.0024658849354301468,True,True
CH2OH + HCO <=> CH3OH + CO,121,0.3,"[1286, 1.17, 'C2H4:0.01, O2:0.03, AR:0.96']",0.02631513516514019,True,True
2 CH2OH <=> CH2O + CH3OH,122,0.3,"[1286, 1.17, 'C2H4:0.01, O2:0.03, AR:0.96']",0.0192338819179156,True,True
CH2O + CH3O <=> CH3OH + HCO,123,0.3,"[1286, 1.17, 'C2H4:0.01, O2:0.03, AR:0.96']",0.022919063321211353,True,True
2 CH3O <=> CH2O + CH3OH,124,0.3,"[1286, 1.17, 'C2H4:0.01, O2:0.03, AR:0.96']",0.0457435452250982,True,True
CH3O + HCO <=> CH3OH + CO,125,0.3,"[1286, 1.17, 'C2H4:0.01, O2:0.03, AR:0.96']",0.002383871561534273,True,True
CH3 + CH3OH <=> CH3O + CH4,126,0.3,"[1286, 1.17, 'C2H4:0.01, O2:0.03, AR:0.96']",0.02681176348769003,True,True
CH3 + CH3OH <=> CH2OH + CH4,127,0.3,"[1286, 1.17, 'C2H4:0.01, O2:0.03, AR:0.96']",0.000817151371152188,True,True
CH2 + CH3OH <=> CH3 + CH3O,128,0.3,"[1286, 1.17, 'C2H4:0.01, O2:0.03, AR:0.96']",0.005921726598992573,True,True
CH2 + CH3OH <=> CH2OH + CH3,129,0.3,"[1286, 1.17, 'C2H4:0.01, O2:0.03, AR:0.96']",0.00471623954332464,True,True
CH2(S) + CH3OH <=> CH2OH + CH3,130,0.3,"[1286, 1.17, 'C2H4:0.01, O2:0.03, AR:0.96']",0.003494729207895115,True,True
CH3OH + OH <=> CH3O + H2O,131,0.3,"[1286, 1.17, 'C2H4:0.01, O2:0.03, AR:0.96']",0.016113740577894328,True,True
CH3OH + OH <=> CH2OH + H2O,132,0.3,"[1286, 1.17, 'C2H4:0.01, O2:0.03, AR:0.96']",0.004689915250180259,True,True
CH3OH + H <=> CH3O + H2,133,0.3,"[1286, 1.17, 'C2H4:0.01, O2:0.03, AR:0.96']",0.006056385146582377,True,True
CH3OH + H <=> CH2OH + H2,134,0.3,"[1286, 1.17, 'C2H4:0.01, O2:0.03, AR:0.96']",0.003928207821753269,True,True
CH3O + H (+M) <=> CH3OH (+M),135,0.3,"[1286, 1.17, 'C2H4:0.01, O2:0.03, AR:0.96']",0.03013948987971749,True,True
CH2OH + H (+M) <=> CH3OH (+M),136,0.3,"[1286, 1.17, 'C2H4:0.01, O2:0.03, AR:0.96']",0.0029712028102411863,True,True
CH3 + OH (+M) <=> CH3OH (+M),137,0.3,"[1286, 1.17, 'C2H4:0.01, O2:0.03, AR:0.96']",0.033550739012390175,True,True
CH3O2 + CH3OH <=> CH3O + CH3O2H,138,0.3,"[1286, 1.17, 'C2H4:0.01, O2:0.03, AR:0.96']",0.018622440672480065,True,True
CH3 + O2 (+M) <=> CH3O2 (+M),139,0.3,"[1286, 1.17, 'C2H4:0.01, O2:0.03, AR:0.96']",0.003441126678153044,True,True
CH3 + CH3O2 <=> 2 CH3O,140,0.3,"[1286, 1.17, 'C2H4:0.01, O2:0.03, AR:0.96']",0.022367314489436026,True,True
2 CH3O2 <=> CH2O + CH3OH + O2,141,0.3,"[1286, 1.17, 'C2H4:0.01, O2:0.03, AR:0.96']",0.023780568937656885,True,True
2 CH3O2 <=> 2 CH3O + O2,142,0.3,"[1286, 1.17, 'C2H4:0.01, O2:0.03, AR:0.96']",0.012443465972488221,True,True
CH3O2 + H <=> CH3O + OH,143,0.3,"[1286, 1.17, 'C2H4:0.01, O2:0.03, AR:0.96']",0.0020914534466146585,True,True
CH3O2 + O <=> CH3O + O2,144,0.3,"[1286, 1.17, 'C2H4:0.01, O2:0.03, AR:0.96']",0.01865031121387172,True,True
CH3O2 + OH <=> CH3OH + O2,145,0.3,"[1286, 1.17, 'C2H4:0.01, O2:0.03, AR:0.96']",0.004462052877677868,True,True
CH2O + CH3O2 <=> CH3O + HCO + OH,146,0.3,"[1286, 1.17, 'C2H4:0.01, O2:0.03, AR:0.96']",0.01569640643889536,True,True
C2H + H <=> C2 + H2,147,0.3,"[1286, 1.17, 'C2H4:0.01, O2:0.03, AR:0.96']",0.009025156743817287,True,True
C2H + OH <=> CH2 + CO,148,0.3,"[1286, 1.17, 'C2H4:0.01, O2:0.03, AR:0.96']",0.010709015297790562,True,True
C2H + O <=> CH + CO,149,0.3,"[1286, 1.17, 'C2H4:0.01, O2:0.03, AR:0.96']",0.0022406934724455174,True,True
C + CH2 <=> C2H + H,150,0.3,"[1286, 1.17, 'C2H4:0.01, O2:0.03, AR:0.96']",0.021579822887142743,True,True
C2H + O2 <=> CH + CO2,151,0.3,"[1286, 1.17, 'C2H4:0.01, O2:0.03, AR:0.96']",0.027115889272388418,True,True
C2H + O2 <=> CO + HCO,152,0.3,"[1286, 1.17, 'C2H4:0.01, O2:0.03, AR:0.96']",0.03674276646634552,True,True
C2H + OH <=> H + HCCO,153,0.3,"[1286, 1.17, 'C2H4:0.01, O2:0.03, AR:0.96']",0.010308542873090649,True,True
CH2 + HCCO <=> C2H + CH2O,154,0.3,"[1286, 1.17, 'C2H4:0.01, O2:0.03, AR:0.96']",0.022024486797257246,True,True
H + HCCO <=> CH2 + CO,155,0.3,"[1286, 1.17, 'C2H4:0.01, O2:0.03, AR:0.96']",0.014394663622299783,True,True
C2H + O2 <=> HCCO + O,156,0.3,"[1286, 1.17, 'C2H4:0.01, O2:0.03, AR:0.96']",0.0039441660177084,True,True
CH + CO <=> HCCO,157,0.3,"[1286, 1.17, 'C2H4:0.01, O2:0.03, AR:0.96']",0.01395189526265413,True,True
HCCO + O <=> 2 CO + H,158,0.3,"[1286, 1.17, 'C2H4:0.01, O2:0.03, AR:0.96']",0.010416803063506083,True,True
HCCO + OH <=> CH2O + CO,159,0.3,"[1286, 1.17, 'C2H4:0.01, O2:0.03, AR:0.96']",0.017894636183193337,True,True
HCCO + OH <=> 2 HCO,160,0.3,"[1286, 1.17, 'C2H4:0.01, O2:0.03, AR:0.96']",0.008668318599385804,True,True
HCCO + O2 <=> CO + CO2 + H,161,0.3,"[1286, 1.17, 'C2H4:0.01, O2:0.03, AR:0.96']",0.09574804938765409,True,True
HCCO + O2 <=> CO + HCO + O,162,0.3,"[1286, 1.17, 'C2H4:0.01, O2:0.03, AR:0.96']",0.0030046254544176306,True,True
HCCO + O2 <=> 2 CO + OH,163,0.3,"[1286, 1.17, 'C2H4:0.01, O2:0.03, AR:0.96']",0.019396265239349817,True,True
C2H + H (+M) <=> C2H2 (+M),164,0.3,"[1286, 1.17, 'C2H4:0.01, O2:0.03, AR:0.96']",0.01437089480364466,True,True
C2H2 + O2 <=> 2 HCO,165,0.3,"[1286, 1.17, 'C2H4:0.01, O2:0.03, AR:0.96']",0.008824780745368624,True,False
C2H2 + O2 <=> 2 HCO,165,0.3,"[1286, 1.17, 'C2H4:0.01, O2:0.03, AR:0.96']",0.026370381655727318,True,False
C2H2 + OH <=> CH3 + CO,167,0.3,"[1286, 1.17, 'C2H4:0.01, O2:0.03, AR:0.96']",0.0024622443262046316,True,True
C2H2 + OH <=> CH2CO + H,168,0.3,"[1286, 1.17, 'C2H4:0.01, O2:0.03, AR:0.96']",0.009788561476631452,True,True
C2H2 + OH <=> C2H + H2O,169,0.3,"[1286, 1.17, 'C2H4:0.01, O2:0.03, AR:0.96']",0.009116658575084384,True,True
C2H2 + O <=> CH2 + CO,170,0.3,"[1286, 1.17, 'C2H4:0.01, O2:0.03, AR:0.96']",0.018800512088410146,True,True
C2H2 + O <=> H + HCCO,171,0.3,"[1286, 1.17, 'C2H4:0.01, O2:0.03, AR:0.96']",0.03740140126214362,True,True
C2H2 + HO2 <=> CH2CO + OH,172,0.3,"[1286, 1.17, 'C2H4:0.01, O2:0.03, AR:0.96']",0.03305587403556801,True,True
C2H2 + O <=> C2H + OH,173,0.3,"[1286, 1.17, 'C2H4:0.01, O2:0.03, AR:0.96']",0.007404556137977722,True,True
C2H + CH2OH <=> C2H2 + CH2O,174,0.3,"[1286, 1.17, 'C2H4:0.01, O2:0.03, AR:0.96']",0.00021039165646774628,True,True
C2H + CH3OH <=> C2H2 + CH3O,175,0.3,"[1286, 1.17, 'C2H4:0.01, O2:0.03, AR:0.96']",0.006099169625238585,True,True
C2H + CH3OH <=> C2H2 + CH2OH,176,0.3,"[1286, 1.17, 'C2H4:0.01, O2:0.03, AR:0.96']",0.002284173660944219,True,True
C2H2 + HO2 => CH2 + CO + OH,177,0.3,"[1286, 1.17, 'C2H4:0.01, O2:0.03, AR:0.96']",0.011538413758191675,True,True
2 HCCO <=> C2H2 + 2 CO,178,0.3,"[1286, 1.17, 'C2H4:0.01, O2:0.03, AR:0.96']",0.013196463051744668,True,True
2 CH2 <=> C2H2 + 2 H,179,0.3,"[1286, 1.17, 'C2H4:0.01, O2:0.03, AR:0.96']",0.011957301950220905,True,True
2 CH2 <=> C2H2 + H2,180,0.3,"[1286, 1.17, 'C2H4:0.01, O2:0.03, AR:0.96']",0.014425490170833265,True,True
CH + HCCO <=> C2H2 + CO,181,0.3,"[1286, 1.17, 'C2H4:0.01, O2:0.03, AR:0.96']",0.0015558683648441447,True,True
CH + CH2 <=> C2H2 + H,182,0.3,"[1286, 1.17, 'C2H4:0.01, O2:0.03, AR:0.96']",0.01189571631000441,True,True
C + CH3 <=> C2H2 + H,183,0.3,"[1286, 1.17, 'C2H4:0.01, O2:0.03, AR:0.96']",0.010151067951258409,True,True
C2H2 + CH <=> C2H + CH2,184,0.3,"[1286, 1.17, 'C2H4:0.01, O2:0.03, AR:0.96']",0.000885567883975563,True,True
C2H2 + CH <=> H2CCCH,185,0.3,"[1286, 1.17, 'C2H4:0.01, O2:0.03, AR:0.96']",0.011319229004782386,True,True
C2H2 + CH <=> C3H2 + H,186,0.3,"[1286, 1.17, 'C2H4:0.01, O2:0.03, AR:0.96']",0.0030834000349558,True,True
C2H2 + H <=> C2H + H2,187,0.3,"[1286, 1.17, 'C2H4:0.01, O2:0.03, AR:0.96']",0.029951755956495966,True,True
C2H + CH4 <=> C2H2 + CH3,188,0.3,"[1286, 1.17, 'C2H4:0.01, O2:0.03, AR:0.96']",0.01409972647169175,True,True
C2H3 + H <=> H2 + H2CC,189,0.3,"[1286, 1.17, 'C2H4:0.01, O2:0.03, AR:0.96']",0.024862571003829,True,True
H2CC + OH <=> CH2CO + H,190,0.3,"[1286, 1.17, 'C2H4:0.01, O2:0.03, AR:0.96']",0.016939339384818737,True,True
H2CC + O2 <=> 2 HCO,191,0.3,"[1286, 1.17, 'C2H4:0.01, O2:0.03, AR:0.96']",0.025593277878762567,True,True
H + H2CC <=> C2H2 + H,192,0.3,"[1286, 1.17, 'C2H4:0.01, O2:0.03, AR:0.96']",0.019551412955777562,True,True
C2H2 + H2CC (+M) <=> C4H4 (+M),193,0.3,"[1286, 1.17, 'C2H4:0.01, O2:0.03, AR:0.96']",0.00967362063755794,True,True
C2H4 (+M) <=> H2 + H2CC (+M),194,0.3,"[1286, 1.17, 'C2H4:0.01, O2:0.03, AR:0.96']",0.03979368528817004,True,True
C2H2 (+M) <=> H2CC (+M),195,0.3,"[1286, 1.17, 'C2H4:0.01, O2:0.03, AR:0.96']",0.027683273568712558,True,True
CH2CO + O2 <=> CH2O + CO2,196,0.3,"[1286, 1.17, 'C2H4:0.01, O2:0.03, AR:0.96']",0.0024160673267135473,True,True
CH2CO + OH <=> CH2OH + CO,197,0.3,"[1286, 1.17, 'C2H4:0.01, O2:0.03, AR:0.96']",0.01313307637804179,True,True
CH2CO + OH <=> CH3 + CO2,198,0.3,"[1286, 1.17, 'C2H4:0.01, O2:0.03, AR:0.96']",0.010823724000345846,True,True
CH2CO + O <=> 2 HCO,199,0.3,"[1286, 1.17, 'C2H4:0.01, O2:0.03, AR:0.96']",0.008404268382786897,True,True
CH2CO + O <=> CO + H + HCO,200,0.3,"[1286, 1.17, 'C2H4:0.01, O2:0.03, AR:0.96']",0.012600360716280056,True,True
CH2CO + O <=> CH2O + CO,201,0.3,"[1286, 1.17, 'C2H4:0.01, O2:0.03, AR:0.96']",0.00681664501688816,True,True
CH2CO + O <=> CH2 + CO2,202,0.3,"[1286, 1.17, 'C2H4:0.01, O2:0.03, AR:0.96']",0.0026296593202129086,True,True
CH2CO (+M) <=> CH2 + CO (+M),203,0.3,"[1286, 1.17, 'C2H4:0.01, O2:0.03, AR:0.96']",0.001496240486383499,True,True
CH2CO + H <=> CH3 + CO,204,0.3,"[1286, 1.17, 'C2H4:0.01, O2:0.03, AR:0.96']",0.048913935580315385,True,True
CH2CO + H <=> CH2CHO,205,0.3,"[1286, 1.17, 'C2H4:0.01, O2:0.03, AR:0.96']",0.07265012475215171,True,True
CH2CO + H <=> CH3CO,206,0.3,"[1286, 1.17, 'C2H4:0.01, O2:0.03, AR:0.96']",0.0602445144495709,True,True
CH2CO + H <=> H2 + HCCO,207,0.3,"[1286, 1.17, 'C2H4:0.01, O2:0.03, AR:0.96']",0.09592028000985332,True,True
CH2CO + O <=> HCCO + OH,208,0.3,"[1286, 1.17, 'C2H4:0.01, O2:0.03, AR:0.96']",0.0012835653701134665,True,True
C2H2 + CH2OH <=> C2H3 + CH2O,209,0.3,"[1286, 1.17, 'C2H4:0.01, O2:0.03, AR:0.96']",0.0014871711268058905,True,True
C2H3 + CH3 <=> C2H2 + CH4,210,0.3,"[1286, 1.17, 'C2H4:0.01, O2:0.03, AR:0.96']",0.03735897864150392,True,True
C2H3 + HO2 => CH3 + CO + OH,211,0.3,"[1286, 1.17, 'C2H4:0.01, O2:0.03, AR:0.96']",0.006053875151842173,True,True
C2H3 + OH <=> C2H2 + H2O,212,0.3,"[1286, 1.17, 'C2H4:0.01, O2:0.03, AR:0.96']",0.023685922014145752,True,True
C2H3 + O <=> CH3 + CO,213,0.3,"[1286, 1.17, 'C2H4:0.01, O2:0.03, AR:0.96']",0.019234086090819804,True,True
C2H + C2H3 <=> 2 C2H2,214,0.3,"[1286, 1.17, 'C2H4:0.01, O2:0.03, AR:0.96']",0.0021210146243272336,True,True
CH2 + HCCO <=> C2H3 + CO,215,0.3,"[1286, 1.17, 'C2H4:0.01, O2:0.03, AR:0.96']",0.016446653564090457,True,True
C2H3 + CH2 <=> C2H2 + CH3,216,0.3,"[1286, 1.17, 'C2H4:0.01, O2:0.03, AR:0.96']",0.004728520470492113,True,True
C2H3 + CH <=> C2H2 + CH2,217,0.3,"[1286, 1.17, 'C2H4:0.01, O2:0.03, AR:0.96']",0.014329523840138102,True,True
CH + CH3 <=> C2H3 + H,218,0.3,"[1286, 1.17, 'C2H4:0.01, O2:0.03, AR:0.96']",0.007383114942369676,True,True
C2H3 + H <=> C2H2 + H2,219,0.3,"[1286, 1.17, 'C2H4:0.01, O2:0.03, AR:0.96']",0.01082131070537376,True,True
C2H2 + H (+M) <=> C2H3 (+M),220,0.3,"[1286, 1.17, 'C2H4:0.01, O2:0.03, AR:0.96']",0.06490622237755982,True,False
C2H3 + O2 <=> CH2CO + OH,221,0.3,"[1286, 1.17, 'C2H4:0.01, O2:0.03, AR:0.96']",0.03366766651043667,True,False
C2H3 + O2 <=> CH2CO + OH,221,0.3,"[1286, 1.17, 'C2H4:0.01, O2:0.03, AR:0.96']",0.004792333038938683,True,False
C2H3 + O2 => CH2O + CO + H,223,0.3,"[1286, 1.17, 'C2H4:0.01, O2:0.03, AR:0.96']",0.03570412082122724,True,False
C2H3 + O2 => CH2O + CO + H,223,0.3,"[1286, 1.17, 'C2H4:0.01, O2:0.03, AR:0.96']",0.01965404734472353,True,False
C2H3 + O2 <=> CH3O + CO,225,0.3,"[1286, 1.17, 'C2H4:0.01, O2:0.03, AR:0.96']",0.012761237974094036,True,False
C2H3 + O2 <=> CH3O + CO,225,0.3,"[1286, 1.17, 'C2H4:0.01, O2:0.03, AR:0.96']",0.01681815035212228,True,False
C2H3 + O2 <=> CH3 + CO2,227,0.3,"[1286, 1.17, 'C2H4:0.01, O2:0.03, AR:0.96']",0.004935664897377505,True,False
C2H3 + O2 <=> CH3 + CO2,227,0.3,"[1286, 1.17, 'C2H4:0.01, O2:0.03, AR:0.96']",0.006702147674360813,True,False
C2H3 + O2 <=> CH2CHO + O,229,0.3,"[1286, 1.17, 'C2H4:0.01, O2:0.03, AR:0.96']",0.08824412488536955,True,True
C2H3 + O2 <=> CH2CHO + O,229,0.3,"[1286, 1.17, 'C2H4:0.01, O2:0.03, AR:0.96']",0.2424402422089434,False,True
C2H3 + O2 <=> C2H2 + HO2,231,0.3,"[1286, 1.17, 'C2H4:0.01, O2:0.03, AR:0.96']",0.011558631886892143,True,False
C2H3 + O2 <=> C2H2 + HO2,231,0.3,"[1286, 1.17, 'C2H4:0.01, O2:0.03, AR:0.96']",0.018510881098430687,True,False
C2H3 + O2 <=> CH2O + HCO,233,0.3,"[1286, 1.17, 'C2H4:0.01, O2:0.03, AR:0.96']",0.001673542286340577,True,False
C2H3 + O2 <=> CH2O + HCO,233,0.3,"[1286, 1.17, 'C2H4:0.01, O2:0.03, AR:0.96']",0.0440960754586339,True,False
CH2CHO + O2 <=> CH2O + CO + OH,235,0.3,"[1286, 1.17, 'C2H4:0.01, O2:0.03, AR:0.96']",0.01409276416091514,True,True
CH + CH2CHO <=> C2H3 + HCO,236,0.3,"[1286, 1.17, 'C2H4:0.01, O2:0.03, AR:0.96']",0.01425096700787737,True,True
CH2CHO + OH <=> CH2OH + HCO,237,0.3,"[1286, 1.17, 'C2H4:0.01, O2:0.03, AR:0.96']",0.005971688416726921,True,True
CH2CHO + OH <=> CH2CO + H2O,238,0.3,"[1286, 1.17, 'C2H4:0.01, O2:0.03, AR:0.96']",0.009649096352605743,True,True
CH2CHO + O <=> CH2O + HCO,239,0.3,"[1286, 1.17, 'C2H4:0.01, O2:0.03, AR:0.96']",0.00029733268823568934,True,True
CH2CHO + CH3 <=> C2H5 + HCO,240,0.3,"[1286, 1.17, 'C2H4:0.01, O2:0.03, AR:0.96']",0.01771414658398401,True,True
CH2CHO + H <=> CH3 + HCO,241,0.3,"[1286, 1.17, 'C2H4:0.01, O2:0.03, AR:0.96']",0.02236086976721594,True,False
CH2CHO + H <=> CH3 + HCO,241,0.3,"[1286, 1.17, 'C2H4:0.01, O2:0.03, AR:0.96']",0.007551401425810366,True,False
CH2CHO + H <=> CH3CO + H,243,0.3,"[1286, 1.17, 'C2H4:0.01, O2:0.03, AR:0.96']",0.029341315309712058,True,True
CH2CHO <=> CH3CO,244,0.3,"[1286, 1.17, 'C2H4:0.01, O2:0.03, AR:0.96']",0.034614169674754496,True,True
CH2CHO <=> CH3 + CO,245,0.3,"[1286, 1.17, 'C2H4:0.01, O2:0.03, AR:0.96']",0.06739571159952179,True,True
CH3CO <=> CH3 + CO,246,0.3,"[1286, 1.17, 'C2H4:0.01, O2:0.03, AR:0.96']",0.002344432922292849,True,True
CH3CO + OH <=> CH2CO + H2O,247,0.3,"[1286, 1.17, 'C2H4:0.01, O2:0.03, AR:0.96']",0.01770645674628367,True,True
CH3CO + O <=> CH2CO + OH,248,0.3,"[1286, 1.17, 'C2H4:0.01, O2:0.03, AR:0.96']",0.02906339123762279,True,True
CH3CO + O <=> CH3 + CO2,249,0.3,"[1286, 1.17, 'C2H4:0.01, O2:0.03, AR:0.96']",0.030742017674828034,True,True
CH3CO + H <=> CH2CO + H2,250,0.3,"[1286, 1.17, 'C2H4:0.01, O2:0.03, AR:0.96']",0.006145544002539767,True,True
CH3CO + H <=> CH3 + HCO,251,0.3,"[1286, 1.17, 'C2H4:0.01, O2:0.03, AR:0.96']",0.005484471901715992,True,True
C2H3 + CH3O <=> C2H4 + CH2O,252,0.3,"[1286, 1.17, 'C2H4:0.01, O2:0.03, AR:0.96']",0.004502667205825111,True,True
C2H3 + CH2OH <=> C2H4 + CH2O,253,0.3,"[1286, 1.17, 'C2H4:0.01, O2:0.03, AR:0.96']",0.01622778064988038,True,True
CH2 + CH2OH <=> C2H4 + OH,254,0.3,"[1286, 1.17, 'C2H4:0.01, O2:0.03, AR:0.96']",0.026118394451292347,True,True
C2H3 + CH3OH <=> C2H4 + CH3O,255,0.3,"[1286, 1.17, 'C2H4:0.01, O2:0.03, AR:0.96']",0.014495354986146323,True,True
C2H3 + CH3OH <=> C2H4 + CH2OH,256,0.3,"[1286, 1.17, 'C2H4:0.01, O2:0.03, AR:0.96']",0.021139299466779494,True,True
C2H3 + HCO <=> C2H4 + CO,257,0.3,"[1286, 1.17, 'C2H4:0.01, O2:0.03, AR:0.96']",0.027750730553146367,True,True
C2H3 + H2O2 <=> C2H4 + HO2,258,0.3,"[1286, 1.17, 'C2H4:0.01, O2:0.03, AR:0.96']",0.016276692043898665,True,True
C2H3 + CH2O <=> C2H4 + HCO,259,0.3,"[1286, 1.17, 'C2H4:0.01, O2:0.03, AR:0.96']",0.0004153262504109862,True,True
2 C2H3 <=> C2H2 + C2H4,260,0.3,"[1286, 1.17, 'C2H4:0.01, O2:0.03, AR:0.96']",0.015199105783576805,True,True
CH2 + CH2CHO <=> C2H4 + HCO,261,0.3,"[1286, 1.17, 'C2H4:0.01, O2:0.03, AR:0.96']",0.0209706131450737,True,True
CH2 + CH3 <=> C2H4 + H,262,0.3,"[1286, 1.17, 'C2H4:0.01, O2:0.03, AR:0.96']",0.021801748015937324,True,True
C2H4 + CH3 <=> C2H3 + CH4,263,0.3,"[1286, 1.17, 'C2H4:0.01, O2:0.03, AR:0.96']",0.018154994598102065,True,True
CH + CH4 <=> C2H4 + H,264,0.3,"[1286, 1.17, 'C2H4:0.01, O2:0.03, AR:0.96']",0.005282016153015597,True,True
C2H4 + CH2 <=> C3H6,265,0.3,"[1286, 1.17, 'C2H4:0.01, O2:0.03, AR:0.96']",0.09485575993134204,True,True
C2H4 + CH2(S) <=> C3H6,266,0.3,"[1286, 1.17, 'C2H4:0.01, O2:0.03, AR:0.96']",0.015122716804452726,True,True
C2H4 + O2 <=> C2H3 + HO2,267,0.3,"[1286, 1.17, 'C2H4:0.01, O2:0.03, AR:0.96']",0.0163200969471543,True,True
C2H3 + H (+M) <=> C2H4 (+M),268,0.3,"[1286, 1.17, 'C2H4:0.01, O2:0.03, AR:0.96']",0.08588709101245158,True,True
C2H4 + H (+M) <=> C2H5 (+M),269,0.3,"[1286, 1.17, 'C2H4:0.01, O2:0.03, AR:0.96']",0.0037992486523974597,True,True
C2H4 + H <=> C2H3 + H2,270,0.3,"[1286, 1.17, 'C2H4:0.01, O2:0.03, AR:0.96']",0.056640455160668894,True,True
C2H4 + OH <=> C2H3 + H2O,271,0.3,"[1286, 1.17, 'C2H4:0.01, O2:0.03, AR:0.96']",0.2373364142931088,False,False
C2H4 + OH <=> CH2O + CH3,272,0.3,"[1286, 1.17, 'C2H4:0.01, O2:0.03, AR:0.96']",0.04154000432763773,True,True
C2H4 + OH <=> C2H3OH + H,273,0.3,"[1286, 1.17, 'C2H4:0.01, O2:0.03, AR:0.96']",0.04390483218665739,True,True
C2H4 + OH <=> CH3CHO + H,274,0.3,"[1286, 1.17, 'C2H4:0.01, O2:0.03, AR:0.96']",0.0017850152744994213,True,True
C2H4 + OH <=> CH2CH2OH,275,0.3,"[1286, 1.17, 'C2H4:0.01, O2:0.03, AR:0.96']",0.009556256849585406,True,False
C2H4 + OH <=> CH2CH2OH,275,0.3,"[1286, 1.17, 'C2H4:0.01, O2:0.03, AR:0.96']",0.01367944398374117,True,False
C2H4 + O <=> CH2 + CH2O,277,0.3,"[1286, 1.17, 'C2H4:0.01, O2:0.03, AR:0.96']",0.0111005964021649,True,True
C2H4 + O <=> CH3 + HCO,278,0.3,"[1286, 1.17, 'C2H4:0.01, O2:0.03, AR:0.96']",0.22118274414900227,False,False
C2H4 + O <=> CH2CO + H2,279,0.3,"[1286, 1.17, 'C2H4:0.01, O2:0.03, AR:0.96']",0.10036745293097707,True,True
C2H4 + O <=> CH2CHO + H,280,0.3,"[1286, 1.17, 'C2H4:0.01, O2:0.03, AR:0.96']",0.26947796409625935,False,False
C2H4 + HO2 <=> CH2OCH2 + OH,281,0.3,"[1286, 1.17, 'C2H4:0.01, O2:0.03, AR:0.96']",0.00964943283197944,True,True
CH2CH2O2H <=> C2H4 + HO2,282,0.3,"[1286, 1.17, 'C2H4:0.01, O2:0.03, AR:0.96']",0.007863898848057263,True,True
CH3CHO (+M) <=> CH3 + HCO (+M),283,0.3,"[1286, 1.17, 'C2H4:0.01, O2:0.03, AR:0.96']",0.027874277675059622,True,True
CH3CHO (+M) <=> CH4 + CO (+M),284,0.3,"[1286, 1.17, 'C2H4:0.01, O2:0.03, AR:0.96']",5.655737439642992e-05,True,True
CH3CHO + O2 <=> CH3CO + HO2,285,0.3,"[1286, 1.17, 'C2H4:0.01, O2:0.03, AR:0.96']",0.001514683894985685,True,True
CH3CHO + HO2 <=> CH2CHO + H2O2,286,0.3,"[1286, 1.17, 'C2H4:0.01, O2:0.03, AR:0.96']",0.013434095670415896,True,True
CH3CHO + HO2 <=> CH3CO + H2O2,287,0.3,"[1286, 1.17, 'C2H4:0.01, O2:0.03, AR:0.96']",0.0011093914664737625,True,True
CH3 + CH3CHO <=> CH2CHO + CH4,288,0.3,"[1286, 1.17, 'C2H4:0.01, O2:0.03, AR:0.96']",0.017244094649861503,True,True
CH3 + CH3CHO <=> CH3CO + CH4,289,0.3,"[1286, 1.17, 'C2H4:0.01, O2:0.03, AR:0.96']",0.008516328085250218,True,True
CH3CHO + H <=> CH2CHO + H2,290,0.3,"[1286, 1.17, 'C2H4:0.01, O2:0.03, AR:0.96']",0.017181668357376105,True,True
CH3CHO + H <=> CH3CO + H2,291,0.3,"[1286, 1.17, 'C2H4:0.01, O2:0.03, AR:0.96']",0.017591267619191758,True,True
CH3CHO + O <=> CH2CHO + OH,292,0.3,"[1286, 1.17, 'C2H4:0.01, O2:0.03, AR:0.96']",0.002793357054662808,True,True
CH3CHO + O <=> CH3CO + OH,293,0.3,"[1286, 1.17, 'C2H4:0.01, O2:0.03, AR:0.96']",0.027987999676726345,True,True
CH3CHO + OH <=> CH2CHO + H2O,294,0.3,"[1286, 1.17, 'C2H4:0.01, O2:0.03, AR:0.96']",0.03098717105295779,True,True
CH3CHO + OH <=> CH3CO + H2O,295,0.3,"[1286, 1.17, 'C2H4:0.01, O2:0.03, AR:0.96']",0.01958896210387606,True,True
CH2OCH2 <=> CH3CHO,296,0.3,"[1286, 1.17, 'C2H4:0.01, O2:0.03, AR:0.96']",0.009995456904289619,True,True
CH2OCH2 <=> CH3 + HCO,297,0.3,"[1286, 1.17, 'C2H4:0.01, O2:0.03, AR:0.96']",0.010110455136254361,True,True
CH2OCH2 <=> CH4 + CO,298,0.3,"[1286, 1.17, 'C2H4:0.01, O2:0.03, AR:0.96']",0.008183499359779186,True,True
CH2OCH2 <=> CH3CO + H,299,0.3,"[1286, 1.17, 'C2H4:0.01, O2:0.03, AR:0.96']",0.007418055355852656,True,True
CH2OCH2 <=> CH2CHO + H,300,0.3,"[1286, 1.17, 'C2H4:0.01, O2:0.03, AR:0.96']",0.022195654854634646,True,True
CH2OCH2 <=> CH2CO + H2,301,0.3,"[1286, 1.17, 'C2H4:0.01, O2:0.03, AR:0.96']",0.013956703382880091,True,True
CH2OCH2 <=> C2H2 + H2O,302,0.3,"[1286, 1.17, 'C2H4:0.01, O2:0.03, AR:0.96']",0.006699729747142147,True,True
CH2OCH <=> CH3 + CO,303,0.3,"[1286, 1.17, 'C2H4:0.01, O2:0.03, AR:0.96']",0.003940733937834105,True,True
CH2OCH <=> CH2CO + H,304,0.3,"[1286, 1.17, 'C2H4:0.01, O2:0.03, AR:0.96']",0.0063292483854045555,True,True
CH2OCH <=> CH2CHO,305,0.3,"[1286, 1.17, 'C2H4:0.01, O2:0.03, AR:0.96']",0.02559022483456982,True,True
CH2OCH2 + H <=> CH3CHO + H,306,0.3,"[1286, 1.17, 'C2H4:0.01, O2:0.03, AR:0.96']",0.019280577574120415,True,True
CH2OCH2 + H <=> CH2OCH + H2,307,0.3,"[1286, 1.17, 'C2H4:0.01, O2:0.03, AR:0.96']",0.005387164579395353,True,True
CH2OCH2 + H <=> C2H4 + OH,308,0.3,"[1286, 1.17, 'C2H4:0.01, O2:0.03, AR:0.96']",0.006001340015317092,True,True
CH2OCH2 + O <=> CH2OCH + OH,309,0.3,"[1286, 1.17, 'C2H4:0.01, O2:0.03, AR:0.96']",0.019994518594554665,True,True
CH2OCH2 + OH <=> CH2OCH + H2O,310,0.3,"[1286, 1.17, 'C2H4:0.01, O2:0.03, AR:0.96']",0.006469807278726203,True,True
CH2OCH2 + CH3 <=> CH2OCH + CH4,311,0.3,"[1286, 1.17, 'C2H4:0.01, O2:0.03, AR:0.96']",0.004550135220543078,True,True
CH3 + CH4 <=> C2H5 + H2,312,0.3,"[1286, 1.17, 'C2H4:0.01, O2:0.03, AR:0.96']",0.015830867366975945,True,True
C2H5 + CH2OH <=> C2H4 + CH3OH,313,0.3,"[1286, 1.17, 'C2H4:0.01, O2:0.03, AR:0.96']",0.0221084682496794,True,True
C2H5 + HO2 <=> CH3CH2O + OH,314,0.3,"[1286, 1.17, 'C2H4:0.01, O2:0.03, AR:0.96']",0.01782224820086719,True,True
2 CH3 <=> C2H5 + H,315,0.3,"[1286, 1.17, 'C2H4:0.01, O2:0.03, AR:0.96']",0.12114870844448085,True,True
C2H5 + O2 <=> C2H4 + HO2,316,0.3,"[1286, 1.17, 'C2H4:0.01, O2:0.03, AR:0.96']",0.009773365006131048,True,True
C2H5 + O2 <=> C2H5O2,317,0.3,"[1286, 1.17, 'C2H4:0.01, O2:0.03, AR:0.96']",0.009191658463297501,True,True
C2H5 + O <=> CH2O + CH3,318,0.3,"[1286, 1.17, 'C2H4:0.01, O2:0.03, AR:0.96']",0.004975122948946976,True,True
C2H5 + O <=> CH3CHO + H,319,0.3,"[1286, 1.17, 'C2H4:0.01, O2:0.03, AR:0.96']",0.030170963283025935,True,True
C2H5 + O <=> C2H4 + OH,320,0.3,"[1286, 1.17, 'C2H4:0.01, O2:0.03, AR:0.96']",0.02227610906823261,True,True
C2H5 + H (+M) <=> C2H6 (+M),321,0.3,"[1286, 1.17, 'C2H4:0.01, O2:0.03, AR:0.96']",0.0150123162382604,True,True
C2H5 + O2 <=> CH2OCH2 + OH,322,0.3,"[1286, 1.17, 'C2H4:0.01, O2:0.03, AR:0.96']",0.0021192075270292307,True,True
CH2CHOO + OH <=> C2H3OH + O2,323,0.3,"[1286, 1.17, 'C2H4:0.01, O2:0.03, AR:0.96']",0.018088806940945723,True,True
CH2CHOO + OH <=> CH2CHO + HO2,324,0.3,"[1286, 1.17, 'C2H4:0.01, O2:0.03, AR:0.96']",0.007242696167274239,True,True
CH2CHOO + H <=> CH2CHO + OH,325,0.3,"[1286, 1.17, 'C2H4:0.01, O2:0.03, AR:0.96']",0.023491916507043336,True,True
C2H3 + O2 <=> CH2CHOO,326,0.3,"[1286, 1.17, 'C2H4:0.01, O2:0.03, AR:0.96']",0.004450248164846682,True,False
C2H3 + O2 <=> CH2CHOO,326,0.3,"[1286, 1.17, 'C2H4:0.01, O2:0.03, AR:0.96']",0.019590369630715792,True,False
CH2CHOO <=> CH2CHO + O,328,0.3,"[1286, 1.17, 'C2H4:0.01, O2:0.03, AR:0.96']",0.014912497234050328,True,False
CH2CHOO <=> CH2CHO + O,328,0.3,"[1286, 1.17, 'C2H4:0.01, O2:0.03, AR:0.96']",0.021438743421604647,True,False
CH2CHOO <=> CH2CO + OH,330,0.3,"[1286, 1.17, 'C2H4:0.01, O2:0.03, AR:0.96']",0.021846562976339516,True,False
CH2CHOO <=> CH2CO + OH,330,0.3,"[1286, 1.17, 'C2H4:0.01, O2:0.03, AR:0.96']",0.008662583992482771,True,False
CH2CHOO <=> CH2O + HCO,332,0.3,"[1286, 1.17, 'C2H4:0.01, O2:0.03, AR:0.96']",0.008017282257250085,True,False
CH2CHOO <=> CH2O + HCO,332,0.3,"[1286, 1.17, 'C2H4:0.01, O2:0.03, AR:0.96']",0.027909463351988177,True,False
CH2CHOO => CH2O + CO + H,334,0.3,"[1286, 1.17, 'C2H4:0.01, O2:0.03, AR:0.96']",0.011562705080405156,True,False
CH2CHOO => CH2O + CO + H,334,0.3,"[1286, 1.17, 'C2H4:0.01, O2:0.03, AR:0.96']",0.016476558802258543,True,False
CH2CHOO <=> CH3O + CO,336,0.3,"[1286, 1.17, 'C2H4:0.01, O2:0.03, AR:0.96']",0.004843754277394447,True,False
CH2CHOO <=> CH3O + CO,336,0.3,"[1286, 1.17, 'C2H4:0.01, O2:0.03, AR:0.96']",0.011597542565808592,True,False
CH2CHOO <=> CH3 + CO2,338,0.3,"[1286, 1.17, 'C2H4:0.01, O2:0.03, AR:0.96']",0.004349616072153054,True,False
CH2CHOO <=> CH3 + CO2,338,0.3,"[1286, 1.17, 'C2H4:0.01, O2:0.03, AR:0.96']",0.04740603250600014,True,False
C2H5 + CH3O <=> C2H6 + CH2O,340,0.3,"[1286, 1.17, 'C2H4:0.01, O2:0.03, AR:0.96']",0.006865445727733011,True,True
C2H5 + CH2OH <=> C2H6 + CH2O,341,0.3,"[1286, 1.17, 'C2H4:0.01, O2:0.03, AR:0.96']",0.040321400567320934,True,True
C2H + C2H6 <=> C2H2 + C2H5,342,0.3,"[1286, 1.17, 'C2H4:0.01, O2:0.03, AR:0.96']",0.011871071453438667,True,True
CH3 + CH4 <=> C2H6 + H,343,0.3,"[1286, 1.17, 'C2H4:0.01, O2:0.03, AR:0.96']",0.037628123384056016,True,True
C2H3 + C2H6 <=> C2H4 + C2H5,344,0.3,"[1286, 1.17, 'C2H4:0.01, O2:0.03, AR:0.96']",0.004113581213847927,True,True
C2H6 + CH2 <=> C2H5 + CH3,345,0.3,"[1286, 1.17, 'C2H4:0.01, O2:0.03, AR:0.96']",0.03806745630445982,True,True
C2H6 + O2 <=> C2H5 + HO2,346,0.3,"[1286, 1.17, 'C2H4:0.01, O2:0.03, AR:0.96']",0.00812075454557184,True,True
2 CH3 (+M) <=> C2H6 (+M),347,0.3,"[1286, 1.17, 'C2H4:0.01, O2:0.03, AR:0.96']",0.006529011830034815,True,True
C2H6 + HO2 <=> C2H5 + H2O2,348,0.3,"[1286, 1.17, 'C2H4:0.01, O2:0.03, AR:0.96']",0.006416239191870048,True,True
C2H6 + OH <=> C2H5 + H2O,349,0.3,"[1286, 1.17, 'C2H4:0.01, O2:0.03, AR:0.96']",0.0011102982729090214,True,True
C2H6 + O <=> C2H5 + OH,350,0.3,"[1286, 1.17, 'C2H4:0.01, O2:0.03, AR:0.96']",0.0009180065657452532,True,True
C2H6 + CH3 <=> C2H5 + CH4,351,0.3,"[1286, 1.17, 'C2H4:0.01, O2:0.03, AR:0.96']",0.02923958977867468,True,True
C2H6 + CH2(S) <=> C2H5 + CH3,352,0.3,"[1286, 1.17, 'C2H4:0.01, O2:0.03, AR:0.96']",0.01485146660192145,True,True
C2H6 + CH <=> C2H4 + CH3,353,0.3,"[1286, 1.17, 'C2H4:0.01, O2:0.03, AR:0.96']",0.008350636082235205,True,True
C2H6 + H <=> C2H5 + H2,354,0.3,"[1286, 1.17, 'C2H4:0.01, O2:0.03, AR:0.96']",0.008507030826675007,True,True
C2H5O2 (+M) <=> C2H4 + HO2 (+M),355,0.3,"[1286, 1.17, 'C2H4:0.01, O2:0.03, AR:0.96']",0.028272300610383237,True,True
C2H5O2 <=> CH2CH2O2H,356,0.3,"[1286, 1.17, 'C2H4:0.01, O2:0.03, AR:0.96']",0.010275861977095855,True,True
C2H5O2 <=> CH3CHO + OH,357,0.3,"[1286, 1.17, 'C2H4:0.01, O2:0.03, AR:0.96']",0.009708339498438587,True,True
C2H5O2 <=> CH3CH2O + O,358,0.3,"[1286, 1.17, 'C2H4:0.01, O2:0.03, AR:0.96']",0.009866674232765308,True,True
2 C2H5O2 <=> 2 CH3CH2O + O2,359,0.3,"[1286, 1.17, 'C2H4:0.01, O2:0.03, AR:0.96']",0.00909044165230029,True,True
2 C2H5O2 <=> C2H5OH + CH3CHO + O2,360,0.3,"[1286, 1.17, 'C2H4:0.01, O2:0.03, AR:0.96']",0.004483161700308365,True,True
C2H5O2 + HO2 <=> C2H5O2H + O2,361,0.3,"[1286, 1.17, 'C2H4:0.01, O2:0.03, AR:0.96']",0.007721262772935797,True,True
CH3CHOH <=> CH2CH2OH,362,0.3,"[1286, 1.17, 'C2H4:0.01, O2:0.03, AR:0.96']",0.005699305917185094,True,True
CH2CH2OH + O2 <=> O2C2H4OH,363,0.3,"[1286, 1.17, 'C2H4:0.01, O2:0.03, AR:0.96']",0.03210862274267444,True,True
CH2CH2OH + O2 <=> C2H3OH + HO2,364,0.3,"[1286, 1.17, 'C2H4:0.01, O2:0.03, AR:0.96']",0.015797364190545036,True,True
CH2CH2OH + O2 <=> 2 CH2O + OH,365,0.3,"[1286, 1.17, 'C2H4:0.01, O2:0.03, AR:0.96']",0.008984925617780257,True,True
O2C2H4OH <=> C2H3OH + HO2,366,0.3,"[1286, 1.17, 'C2H4:0.01, O2:0.03, AR:0.96']",0.026756537056459837,True,True
CH3CH2O + OH <=> CH3CHO + H2O,367,0.3,"[1286, 1.17, 'C2H4:0.01, O2:0.03, AR:0.96']",0.005310216456869153,True,True
CH3CH2O + H <=> C2H4 + H2O,368,0.3,"[1286, 1.17, 'C2H4:0.01, O2:0.03, AR:0.96']",0.027952182020826277,True,True
CH3CH2O + H <=> CH2OH + CH3,369,0.3,"[1286, 1.17, 'C2H4:0.01, O2:0.03, AR:0.96']",0.0025806908014112946,True,True
CH3CH2O + CO <=> C2H5 + CO2,370,0.3,"[1286, 1.17, 'C2H4:0.01, O2:0.03, AR:0.96']",0.014332259746267772,True,True
CH3CH2O + O2 <=> CH3CHO + HO2,371,0.3,"[1286, 1.17, 'C2H4:0.01, O2:0.03, AR:0.96']",0.0006815817088856986,True,True
CH3CH2O + M <=> CH2O + CH3 + M,372,0.3,"[1286, 1.17, 'C2H4:0.01, O2:0.03, AR:0.96']",0.011951537382925988,True,True
CH3CH2O + M <=> CH3CHO + H + M,373,0.3,"[1286, 1.17, 'C2H4:0.01, O2:0.03, AR:0.96']",0.01447800969376078,True,True
CH3CHOH + M <=> CH3CHO + H + M,374,0.3,"[1286, 1.17, 'C2H4:0.01, O2:0.03, AR:0.96']",0.016108967331803194,True,True
CH3CHOH + OH <=> CH3CHO + H2O,375,0.3,"[1286, 1.17, 'C2H4:0.01, O2:0.03, AR:0.96']",0.003242573151244416,True,True
CH3CHOH + HO2 <=> CH3CHO + 2 OH,376,0.3,"[1286, 1.17, 'C2H4:0.01, O2:0.03, AR:0.96']",0.03578197100555401,True,True
CH3CHOH + H <=> CH2OH + CH3,377,0.3,"[1286, 1.17, 'C2H4:0.01, O2:0.03, AR:0.96']",0.01768864924313189,True,True
CH3CHOH + H <=> C2H4 + H2O,378,0.3,"[1286, 1.17, 'C2H4:0.01, O2:0.03, AR:0.96']",0.01495565062262409,True,True
CH3CHOH + O <=> CH3CHO + OH,379,0.3,"[1286, 1.17, 'C2H4:0.01, O2:0.03, AR:0.96']",0.009729665043397668,True,True
CH3CHOH + O2 <=> CH3CHO + HO2,380,0.3,"[1286, 1.17, 'C2H4:0.01, O2:0.03, AR:0.96']",0.021395515978718565,True,True
CH3CHOH + O2 <=> C2H3OH + HO2,381,0.3,"[1286, 1.17, 'C2H4:0.01, O2:0.03, AR:0.96']",0.01896809329344655,True,True
CH3CHOH + O2 <=> C2H4O2OH,382,0.3,"[1286, 1.17, 'C2H4:0.01, O2:0.03, AR:0.96']",0.013884772941616132,True,True
C2H4O2OH <=> C2H3OH + HO2,383,0.3,"[1286, 1.17, 'C2H4:0.01, O2:0.03, AR:0.96']",0.011238103232450794,True,True
CH3CHOH <=> CH3CH2O,384,0.3,"[1286, 1.17, 'C2H4:0.01, O2:0.03, AR:0.96']",0.014005444135611535,True,True
C2H3OH + O2 <=> CH2CHO + HO2,385,0.3,"[1286, 1.17, 'C2H4:0.01, O2:0.03, AR:0.96']",0.00013983633229239207,True,True
C2H3OH + H <=> CH2CHO + H2,386,0.3,"[1286, 1.17, 'C2H4:0.01, O2:0.03, AR:0.96']",0.024652243229120525,True,True
C2H3OH + O <=> CH2CHO + OH,387,0.3,"[1286, 1.17, 'C2H4:0.01, O2:0.03, AR:0.96']",0.00613348107063896,True,True
C2H3OH + OH <=> CH2CHO + H2O,388,0.3,"[1286, 1.17, 'C2H4:0.01, O2:0.03, AR:0.96']",0.012318263333937353,True,True
C2H3OH + CH3 <=> CH2CHO + CH4,389,0.3,"[1286, 1.17, 'C2H4:0.01, O2:0.03, AR:0.96']",0.017766392503680863,True,True
C2H3OH + HO2 <=> CH3CHO + HO2,390,0.3,"[1286, 1.17, 'C2H4:0.01, O2:0.03, AR:0.96']",0.011062014348614823,True,True
C2H4O2OH <=> CH3CHO + HO2,391,0.3,"[1286, 1.17, 'C2H4:0.01, O2:0.03, AR:0.96']",0.003292174543962674,True,True
C2H3OH + CH3O2 <=> CH2CHO + CH3O2H,392,0.3,"[1286, 1.17, 'C2H4:0.01, O2:0.03, AR:0.96']",0.006397834689069403,True,True
C2H5O2H <=> CH3CH2O + OH,393,0.3,"[1286, 1.17, 'C2H4:0.01, O2:0.03, AR:0.96']",0.0144272326072031,True,True
C2H5O2 + CH4 <=> C2H5O2H + CH3,394,0.3,"[1286, 1.17, 'C2H4:0.01, O2:0.03, AR:0.96']",0.010021352041031162,True,True
C2H5O2 + C2H6 <=> C2H5 + C2H5O2H,395,0.3,"[1286, 1.17, 'C2H4:0.01, O2:0.03, AR:0.96']",0.01646940456246953,True,True
C2H5O2 + C2H5OH <=> C2H5O2H + CH2CH2OH,396,0.3,"[1286, 1.17, 'C2H4:0.01, O2:0.03, AR:0.96']",0.026687568283206918,True,True
C2H5OH + O <=> CH3CHOH + OH,397,0.3,"[1286, 1.17, 'C2H4:0.01, O2:0.03, AR:0.96']",0.01687229770942409,True,True
C2H5OH + O <=> CH2CH2OH + OH,398,0.3,"[1286, 1.17, 'C2H4:0.01, O2:0.03, AR:0.96']",0.001196228356996206,True,True
C2H5OH + O <=> CH3CH2O + OH,399,0.3,"[1286, 1.17, 'C2H4:0.01, O2:0.03, AR:0.96']",0.011897631007883871,True,True
C2H5OH + H <=> CH3CHOH + H2,400,0.3,"[1286, 1.17, 'C2H4:0.01, O2:0.03, AR:0.96']",0.0036234962823006407,True,True
C2H5OH + H <=> CH2CH2OH + H2,401,0.3,"[1286, 1.17, 'C2H4:0.01, O2:0.03, AR:0.96']",0.024218033154402838,True,True
C2H5OH + H <=> CH3CH2O + H2,402,0.3,"[1286, 1.17, 'C2H4:0.01, O2:0.03, AR:0.96']",0.01666046071891129,True,True
C2H5OH + OH <=> CH3CHOH + H2O,403,0.3,"[1286, 1.17, 'C2H4:0.01, O2:0.03, AR:0.96']",0.004656637661161191,True,True
C2H5OH + OH <=> CH2CH2OH + H2O,404,0.3,"[1286, 1.17, 'C2H4:0.01, O2:0.03, AR:0.96']",0.013724321030082759,True,True
C2H5OH + OH <=> CH3CH2O + H2O,405,0.3,"[1286, 1.17, 'C2H4:0.01, O2:0.03, AR:0.96']",0.02157895100434448,True,True
C2H5OH + HO2 <=> CH3CHOH + H2O2,406,0.3,"[1286, 1.17, 'C2H4:0.01, O2:0.03, AR:0.96']",0.009334875594028723,True,True
C2H5OH + HO2 <=> CH2CH2OH + H2O2,407,0.3,"[1286, 1.17, 'C2H4:0.01, O2:0.03, AR:0.96']",0.006416001836614545,True,True
C2H5OH + HO2 <=> CH3CH2O + H2O2,408,0.3,"[1286, 1.17, 'C2H4:0.01, O2:0.03, AR:0.96']",0.01118915417596843,True,True
C2H5OH + CH3 <=> CH3CHOH + CH4,409,0.3,"[1286, 1.17, 'C2H4:0.01, O2:0.03, AR:0.96']",0.005999981796067589,True,True
C2H5OH + CH3 <=> CH2CH2OH + CH4,410,0.3,"[1286, 1.17, 'C2H4:0.01, O2:0.03, AR:0.96']",0.008731185977612816,True,True
C2H5OH + CH3 <=> CH3CH2O + CH4,411,0.3,"[1286, 1.17, 'C2H4:0.01, O2:0.03, AR:0.96']",0.018668643738166034,True,True
C2H5OH + CH3O <=> CH3CHOH + CH3OH,412,0.3,"[1286, 1.17, 'C2H4:0.01, O2:0.03, AR:0.96']",0.004073666739461319,True,True
C2H5OH + CH3O <=> CH2CH2OH + CH3OH,413,0.3,"[1286, 1.17, 'C2H4:0.01, O2:0.03, AR:0.96']",0.008808446169453341,True,True
C2H5OH + CH3O <=> CH3CH2O + CH3OH,414,0.3,"[1286, 1.17, 'C2H4:0.01, O2:0.03, AR:0.96']",0.005186787532351335,True,True
C2H5OH (+M) <=> C2H5 + OH (+M),415,0.3,"[1286, 1.17, 'C2H4:0.01, O2:0.03, AR:0.96']",0.04621073665158542,True,True
C2H5OH (+M) <=> C2H4 + H2O (+M),416,0.3,"[1286, 1.17, 'C2H4:0.01, O2:0.03, AR:0.96']",0.019133322059185734,True,True
C2H5OH (+M) <=> CH2OH + CH3 (+M),417,0.3,"[1286, 1.17, 'C2H4:0.01, O2:0.03, AR:0.96']",0.010434933814987911,True,True
C2H5OH (+M) <=> CH3CHO + H2 (+M),418,0.3,"[1286, 1.17, 'C2H4:0.01, O2:0.03, AR:0.96']",0.004880751687575596,True,True
C3H2 + OH <=> C2H2 + CO + H,419,0.3,"[1286, 1.17, 'C2H4:0.01, O2:0.03, AR:0.96']",0.006094356198209058,True,True
C3H2 + O <=> C2H + CO + H,420,0.3,"[1286, 1.17, 'C2H4:0.01, O2:0.03, AR:0.96']",0.016472477211805964,True,True
C3H2 + O2 <=> C2H2 + CO2,421,0.3,"[1286, 1.17, 'C2H4:0.01, O2:0.03, AR:0.96']",0.02386313803841074,True,True
C3H2 + O2 <=> HCCO + HCO,422,0.3,"[1286, 1.17, 'C2H4:0.01, O2:0.03, AR:0.96']",0.0120996773231571,True,True
H2CCCH + OH <=> C2H3 + HCO,423,0.3,"[1286, 1.17, 'C2H4:0.01, O2:0.03, AR:0.96']",0.0029685678729502616,True,True
H + H2CCCH <=> C3H2 + H2,424,0.3,"[1286, 1.17, 'C2H4:0.01, O2:0.03, AR:0.96']",0.008922722176569545,True,True
H2CCCH + O <=> C2H + CH2O,425,0.3,"[1286, 1.17, 'C2H4:0.01, O2:0.03, AR:0.96']",0.024142638608085472,True,True
H2CCCH + O2 <=> CH3CO + CO,426,0.3,"[1286, 1.17, 'C2H4:0.01, O2:0.03, AR:0.96']",0.040446094010074596,True,True
H2CCCH + O2 <=> C2H3 + CO2,427,0.3,"[1286, 1.17, 'C2H4:0.01, O2:0.03, AR:0.96']",0.01604330835376714,True,True
2 C2H3 <=> CH3 + H2CCCH,428,0.3,"[1286, 1.17, 'C2H4:0.01, O2:0.03, AR:0.96']",0.003279980711115989,True,True
C2H2 + HCCO <=> CO + H2CCCH,429,0.3,"[1286, 1.17, 'C2H4:0.01, O2:0.03, AR:0.96']",0.020679542308135932,True,True
C2H2 + CH2 <=> H + H2CCCH,430,0.3,"[1286, 1.17, 'C2H4:0.01, O2:0.03, AR:0.96']",0.001752907171706376,True,True
C2H + CH3 <=> H + H2CCCH,431,0.3,"[1286, 1.17, 'C2H4:0.01, O2:0.03, AR:0.96']",0.005552768057159594,True,True
H2CCCH + OH <=> C3H2 + H2O,432,0.3,"[1286, 1.17, 'C2H4:0.01, O2:0.03, AR:0.96']",0.007823036457688587,True,True
H2CCCH + O <=> C2H2 + CO + H,433,0.3,"[1286, 1.17, 'C2H4:0.01, O2:0.03, AR:0.96']",0.017359165166382494,True,True
H2CCCH + O2 <=> CH2CO + HCO,434,0.3,"[1286, 1.17, 'C2H4:0.01, O2:0.03, AR:0.96']",0.009274346685516703,True,True
C2H2 + CH2(S) <=> H + H2CCCH,435,0.3,"[1286, 1.17, 'C2H4:0.01, O2:0.03, AR:0.96']",0.0027301599332308925,True,True
C2H5 + C3H4 <=> C2H6 + H2CCCH,436,0.3,"[1286, 1.17, 'C2H4:0.01, O2:0.03, AR:0.96']",0.02615291542626444,True,True
C2H3 + C3H4 <=> C2H4 + H2CCCH,437,0.3,"[1286, 1.17, 'C2H4:0.01, O2:0.03, AR:0.96']",0.010459025375565275,True,True
C2H + C3H4 <=> C2H2 + H2CCCH,438,0.3,"[1286, 1.17, 'C2H4:0.01, O2:0.03, AR:0.96']",0.019273794733546776,True,True
C3H4 + CH3 <=> CH4 + H2CCCH,439,0.3,"[1286, 1.17, 'C2H4:0.01, O2:0.03, AR:0.96']",0.02183818522341211,True,True
C3H4 + OH <=> H2CCCH + H2O,440,0.3,"[1286, 1.17, 'C2H4:0.01, O2:0.03, AR:0.96']",0.02847552668689894,True,True
C3H4 + OH <=> CH2CO + CH3,441,0.3,"[1286, 1.17, 'C2H4:0.01, O2:0.03, AR:0.96']",0.030951068132320066,True,True
C3H4 + H <=> H2 + H2CCCH,442,0.3,"[1286, 1.17, 'C2H4:0.01, O2:0.03, AR:0.96']",0.0016728602837153695,True,True
C3H4 + HO2 <=> H2CCCH + H2O2,443,0.3,"[1286, 1.17, 'C2H4:0.01, O2:0.03, AR:0.96']",0.002348701305973109,True,True
C3H4 + H <=> C2H2 + CH3,444,0.3,"[1286, 1.17, 'C2H4:0.01, O2:0.03, AR:0.96']",0.0006052052387670755,True,True
C3H4 + O <=> C2H4 + CO,445,0.3,"[1286, 1.17, 'C2H4:0.01, O2:0.03, AR:0.96']",0.002379839150897281,True,True
C3H4 + O <=> C2H3 + HCO,446,0.3,"[1286, 1.17, 'C2H4:0.01, O2:0.03, AR:0.96']",0.0023101846628981494,True,True
C3H4 + O <=> H2CCCH + OH,447,0.3,"[1286, 1.17, 'C2H4:0.01, O2:0.03, AR:0.96']",0.00866975934813703,True,True
C3H4 + O <=> CH3 + HCCO,448,0.3,"[1286, 1.17, 'C2H4:0.01, O2:0.03, AR:0.96']",0.0021644146768941435,True,True
C3H4 + O2 <=> H2CCCH + HO2,449,0.3,"[1286, 1.17, 'C2H4:0.01, O2:0.03, AR:0.96']",0.008933741034309162,True,True
H + H2CCCH (+M) <=> C3H4 (+M),450,0.3,"[1286, 1.17, 'C2H4:0.01, O2:0.03, AR:0.96']",0.004767409398346002,True,True
C2H4 + CH <=> C3H4 + H,451,0.3,"[1286, 1.17, 'C2H4:0.01, O2:0.03, AR:0.96']",0.00026554987314482805,True,True
C2H2 + CH2 <=> C3H4,452,0.3,"[1286, 1.17, 'C2H4:0.01, O2:0.03, AR:0.96']",0.008782151584667119,True,True
C2H5 + C3H5 <=> C2H6 + C3H4,453,0.3,"[1286, 1.17, 'C2H4:0.01, O2:0.03, AR:0.96']",0.02261069515202909,True,True
C2H3 + C3H5 <=> C2H4 + C3H4,454,0.3,"[1286, 1.17, 'C2H4:0.01, O2:0.03, AR:0.96']",0.002736085634990698,True,True
C3H5 + HO2 => C2H3 + CH2O + OH,455,0.3,"[1286, 1.17, 'C2H4:0.01, O2:0.03, AR:0.96']",0.017582232678009714,True,True
C3H5 + HO2 <=> C2H4 + HCO + OH,456,0.3,"[1286, 1.17, 'C2H4:0.01, O2:0.03, AR:0.96']",0.02634347081377712,True,True
C3H5 + OH <=> C3H4 + H2O,457,0.3,"[1286, 1.17, 'C2H4:0.01, O2:0.03, AR:0.96']",0.007474531541875355,True,True
C3H5 + OH <=> C2H4 + CH2O,458,0.3,"[1286, 1.17, 'C2H4:0.01, O2:0.03, AR:0.96']",0.018799450408932255,True,True
C3H5 + H <=> C3H4 + H2,459,0.3,"[1286, 1.17, 'C2H4:0.01, O2:0.03, AR:0.96']",0.024741442558481524,True,True
C2H3 + CH3 <=> C3H5 + H,460,0.3,"[1286, 1.17, 'C2H4:0.01, O2:0.03, AR:0.96']",0.0008270418602424237,True,True
C3H5 + O => C2H4 + CO + H,461,0.3,"[1286, 1.17, 'C2H4:0.01, O2:0.03, AR:0.96']",0.01751529368261834,True,True
C3H5 + O <=> CH2CO + CH3,462,0.3,"[1286, 1.17, 'C2H4:0.01, O2:0.03, AR:0.96']",0.011701459134893247,True,True
C3H5 + O2 <=> C3H4 + HO2,463,0.3,"[1286, 1.17, 'C2H4:0.01, O2:0.03, AR:0.96']",0.010675375354111165,True,True
C3H5 + O2 <=> CH2O + CH3 + CO,464,0.3,"[1286, 1.17, 'C2H4:0.01, O2:0.03, AR:0.96']",0.011422805180455969,True,True
C3H4 + H (+M) <=> C3H5 (+M),465,0.3,"[1286, 1.17, 'C2H4:0.01, O2:0.03, AR:0.96']",0.020470057705567347,True,True
C2H2 + CH3 <=> C3H5,466,0.3,"[1286, 1.17, 'C2H4:0.01, O2:0.03, AR:0.96']",0.004411111973587975,True,True
C2H3 + C2H5 <=> C3H5 + CH3,467,0.3,"[1286, 1.17, 'C2H4:0.01, O2:0.03, AR:0.96']",0.029934421017828165,True,True
C2H5 + C3H6 <=> C2H6 + C3H5,468,0.3,"[1286, 1.17, 'C2H4:0.01, O2:0.03, AR:0.96']",0.010061925229603483,True,True
C2H3 + C3H6 <=> C2H4 + C3H5,469,0.3,"[1286, 1.17, 'C2H4:0.01, O2:0.03, AR:0.96']",0.0004960360785467012,True,True
C2H + C3H6 <=> C2H3 + C3H4,470,0.3,"[1286, 1.17, 'C2H4:0.01, O2:0.03, AR:0.96']",0.02443306567613622,True,True
C3H6 + CH2 <=> C3H5 + CH3,471,0.3,"[1286, 1.17, 'C2H4:0.01, O2:0.03, AR:0.96']",0.042529177076350136,True,True
C3H6 + CH3 <=> C3H5 + CH4,472,0.3,"[1286, 1.17, 'C2H4:0.01, O2:0.03, AR:0.96']",0.0018152511736421407,True,True
C3H6 + HO2 <=> C3H5 + H2O2,473,0.3,"[1286, 1.17, 'C2H4:0.01, O2:0.03, AR:0.96']",0.004805302530452604,True,True
C3H6 + OH <=> C2H5 + CH2O,474,0.3,"[1286, 1.17, 'C2H4:0.01, O2:0.03, AR:0.96']",0.013303454349973468,True,True
C3H6 + OH <=> C3H5 + H2O,475,0.3,"[1286, 1.17, 'C2H4:0.01, O2:0.03, AR:0.96']",0.026030543667299094,True,True
C3H6 + H <=> C2H4 + CH3,476,0.3,"[1286, 1.17, 'C2H4:0.01, O2:0.03, AR:0.96']",0.01164694970373997,True,True
C3H6 + H <=> C3H5 + H2,477,0.3,"[1286, 1.17, 'C2H4:0.01, O2:0.03, AR:0.96']",0.02276543816430255,True,True
C3H6 + O <=> C2H4 + CH2O,478,0.3,"[1286, 1.17, 'C2H4:0.01, O2:0.03, AR:0.96']",0.0006310303711388966,True,True
C3H6 + O <=> C2H5 + HCO,479,0.3,"[1286, 1.17, 'C2H4:0.01, O2:0.03, AR:0.96']",0.0042234017407876525,True,True
C3H6 + O <=> C3H5 + OH,480,0.3,"[1286, 1.17, 'C2H4:0.01, O2:0.03, AR:0.96']",0.024262246690945986,True,True
C3H6 + O <=> CH2CO + CH3 + H,481,0.3,"[1286, 1.17, 'C2H4:0.01, O2:0.03, AR:0.96']",0.00046293303595775984,True,True
C3H6 + O <=> CH3 + CH3CO,482,0.3,"[1286, 1.17, 'C2H4:0.01, O2:0.03, AR:0.96']",0.010516395279692003,True,True
C3H6 + O2 <=> C3H5 + HO2,483,0.3,"[1286, 1.17, 'C2H4:0.01, O2:0.03, AR:0.96']",0.0007348940639425069,True,True
C3H6 <=> C2H2 + CH4,484,0.3,"[1286, 1.17, 'C2H4:0.01, O2:0.03, AR:0.96']",0.02571929335882168,True,True
C3H6 <=> C3H4 + H2,485,0.3,"[1286, 1.17, 'C2H4:0.01, O2:0.03, AR:0.96']",0.0048933328530718825,True,True
C3H5 + H (+M) <=> C3H6 (+M),486,0.3,"[1286, 1.17, 'C2H4:0.01, O2:0.03, AR:0.96']",0.027664253047794813,True,True
C2H3 + CH3 (+M) <=> C3H6 (+M),487,0.3,"[1286, 1.17, 'C2H4:0.01, O2:0.03, AR:0.96']",0.025518694534606572,True,True
C2H3 + C3H5 <=> C2H2 + C3H6,488,0.3,"[1286, 1.17, 'C2H4:0.01, O2:0.03, AR:0.96']",0.004641974968263307,True,True
C3H5 + CH2O <=> C3H6 + HCO,489,0.3,"[1286, 1.17, 'C2H4:0.01, O2:0.03, AR:0.96']",0.021540959886812604,True,True
2 C3H5 <=> C3H4 + C3H6,490,0.3,"[1286, 1.17, 'C2H4:0.01, O2:0.03, AR:0.96']",0.024827973092085988,True,True
C3H4 + C3H5 <=> C3H6 + H2CCCH,491,0.3,"[1286, 1.17, 'C2H4:0.01, O2:0.03, AR:0.96']",0.014424650100569888,True,True
C2H5 + C3H5 <=> C2H4 + C3H6,492,0.3,"[1286, 1.17, 'C2H4:0.01, O2:0.03, AR:0.96']",0.019144610555799864,True,True
C3H6 + H (+M) <=> nC3H7 (+M),493,0.3,"[1286, 1.17, 'C2H4:0.01, O2:0.03, AR:0.96']",0.04895608686626285,True,True
O2 + nC3H7 <=> C3H6 + HO2,494,0.3,"[1286, 1.17, 'C2H4:0.01, O2:0.03, AR:0.96']",0.02655029181251382,True,True
nC3H7 <=> C2H4 + CH3,495,0.3,"[1286, 1.17, 'C2H4:0.01, O2:0.03, AR:0.96']",0.0033945607927475634,True,True
CH3 + iC3H7 <=> C3H6 + CH4,496,0.3,"[1286, 1.17, 'C2H4:0.01, O2:0.03, AR:0.96']",0.012603460739627217,True,True
C3H6 + H (+M) <=> iC3H7 (+M),497,0.3,"[1286, 1.17, 'C2H4:0.01, O2:0.03, AR:0.96']",0.026892294207754686,True,True
O2 + iC3H7 <=> C3H6 + HO2,498,0.3,"[1286, 1.17, 'C2H4:0.01, O2:0.03, AR:0.96']",0.013170255391038405,True,True
H + iC3H7 <=> C3H8,499,0.3,"[1286, 1.17, 'C2H4:0.01, O2:0.03, AR:0.96']",0.01767111856406961,True,True
2 iC3H7 <=> C3H6 + C3H8,500,0.3,"[1286, 1.17, 'C2H4:0.01, O2:0.03, AR:0.96']",0.003325658032231163,True,True
C3H8 + iC3H7 <=> C3H8 + nC3H7,501,0.3,"[1286, 1.17, 'C2H4:0.01, O2:0.03, AR:0.96']",0.00916335063776488,True,True
C3H5 + C3H8 <=> C3H6 + iC3H7,502,0.3,"[1286, 1.17, 'C2H4:0.01, O2:0.03, AR:0.96']",0.025097850813137906,True,True
C3H5 + C3H8 <=> C3H6 + nC3H7,503,0.3,"[1286, 1.17, 'C2H4:0.01, O2:0.03, AR:0.96']",0.004035786667891806,True,True
C3H8 + O2 <=> HO2 + iC3H7,504,0.3,"[1286, 1.17, 'C2H4:0.01, O2:0.03, AR:0.96']",0.010273386864766677,True,True
C3H8 + O2 <=> HO2 + nC3H7,505,0.3,"[1286, 1.17, 'C2H4:0.01, O2:0.03, AR:0.96']",0.01064262985375204,True,True
C3H8 + CH3 <=> CH4 + iC3H7,506,0.3,"[1286, 1.17, 'C2H4:0.01, O2:0.03, AR:0.96']",0.015160123071486542,True,True
C3H8 + CH3 <=> CH4 + nC3H7,507,0.3,"[1286, 1.17, 'C2H4:0.01, O2:0.03, AR:0.96']",0.0066788490826582446,True,True
C3H8 + HO2 <=> H2O2 + iC3H7,508,0.3,"[1286, 1.17, 'C2H4:0.01, O2:0.03, AR:0.96']",0.03890190357741901,True,True
C3H8 + HO2 <=> H2O2 + nC3H7,509,0.3,"[1286, 1.17, 'C2H4:0.01, O2:0.03, AR:0.96']",0.019724654059042338,True,True
C3H8 + OH <=> H2O + iC3H7,510,0.3,"[1286, 1.17, 'C2H4:0.01, O2:0.03, AR:0.96']",0.01466259632726371,True,True
C3H8 + OH <=> H2O + nC3H7,511,0.3,"[1286, 1.17, 'C2H4:0.01, O2:0.03, AR:0.96']",0.0016474555301996163,True,True
C3H8 + O <=> OH + iC3H7,512,0.3,"[1286, 1.17, 'C2H4:0.01, O2:0.03, AR:0.96']",0.020267075395225986,True,True
C3H8 + O <=> OH + nC3H7,513,0.3,"[1286, 1.17, 'C2H4:0.01, O2:0.03, AR:0.96']",0.012342030509142964,True,True
C3H8 + H <=> H2 + iC3H7,514,0.3,"[1286, 1.17, 'C2H4:0.01, O2:0.03, AR:0.96']",0.009646652460895125,True,True
C3H8 + H <=> H2 + nC3H7,515,0.3,"[1286, 1.17, 'C2H4:0.01, O2:0.03, AR:0.96']",0.013914198369139286,True,True
C3H8 <=> H + nC3H7,516,0.3,"[1286, 1.17, 'C2H4:0.01, O2:0.03, AR:0.96']",0.002537086090974427,True,True
C3H8 (+M) <=> C2H5 + CH3 (+M),517,0.3,"[1286, 1.17, 'C2H4:0.01, O2:0.03, AR:0.96']",0.019863760607307625,True,True
C2H5O2 + C3H8 <=> C2H5O2H + iC3H7,518,0.3,"[1286, 1.17, 'C2H4:0.01, O2:0.03, AR:0.96']",0.0050462918343233045,True,True
C2H5O2 + C3H8 <=> C2H5O2H + nC3H7,519,0.3,"[1286, 1.17, 'C2H4:0.01, O2:0.03, AR:0.96']",0.01916298538431442,True,True
C4H2 + OH <=> C3H2 + HCO,520,0.3,"[1286, 1.17, 'C2H4:0.01, O2:0.03, AR:0.96']",0.0036730958998772707,True,True
C4H2 + OH <=> C4H + H2O,521,0.3,"[1286, 1.17, 'C2H4:0.01, O2:0.03, AR:0.96']",0.0020447350312213113,True,True
C4H2 + O <=> C3H2 + CO,522,0.3,"[1286, 1.17, 'C2H4:0.01, O2:0.03, AR:0.96']",0.01451389839830552,True,True
C2H + C2H2 <=> C4H2 + H,523,0.3,"[1286, 1.17, 'C2H4:0.01, O2:0.03, AR:0.96']",0.010502902405615555,True,True
C4H2 + M <=> C4H + H + M,524,0.3,"[1286, 1.17, 'C2H4:0.01, O2:0.03, AR:0.96']",0.016102637857177148,True,True
C4H2 <=> 2 C2H,525,0.3,"[1286, 1.17, 'C2H4:0.01, O2:0.03, AR:0.96']",0.014463945347204325,True,True
C2H3 + H2CCCCH <=> 2 H2CCCH,526,0.3,"[1286, 1.17, 'C2H4:0.01, O2:0.03, AR:0.96']",0.0002580213658495171,True,True
CH2 + H2CCCCH <=> C2H + C3H4,527,0.3,"[1286, 1.17, 'C2H4:0.01, O2:0.03, AR:0.96']",0.02956171983697762,True,True
H2 + H2CCCCH <=> C2H2 + C2H3,528,0.3,"[1286, 1.17, 'C2H4:0.01, O2:0.03, AR:0.96']",0.012522311460850677,True,True
H2CCCCH + O2 <=> CH2CO + HCCO,529,0.3,"[1286, 1.17, 'C2H4:0.01, O2:0.03, AR:0.96']",0.016452210210243005,True,True
H2CCCCH + OH <=> C4H2 + H2O,530,0.3,"[1286, 1.17, 'C2H4:0.01, O2:0.03, AR:0.96']",0.008283019680408829,True,True
H2CCCCH + O <=> C2H + CH2CO,531,0.3,"[1286, 1.17, 'C2H4:0.01, O2:0.03, AR:0.96']",0.0030134778003077134,True,True
H + H2CCCCH <=> C4H2 + H2,532,0.3,"[1286, 1.17, 'C2H4:0.01, O2:0.03, AR:0.96']",0.0064935354492040255,True,True
C3H2 + CH2 <=> H + H2CCCCH,533,0.3,"[1286, 1.17, 'C2H4:0.01, O2:0.03, AR:0.96']",0.01568182758003844,True,True
C2H + C2H2 <=> H2CCCCH,534,0.3,"[1286, 1.17, 'C2H4:0.01, O2:0.03, AR:0.96']",0.0063130950979296,True,True
CH + H2CCCH <=> H + H2CCCCH,535,0.3,"[1286, 1.17, 'C2H4:0.01, O2:0.03, AR:0.96']",0.002490041029852284,True,True
2 C2H2 <=> H + H2CCCCH,536,0.3,"[1286, 1.17, 'C2H4:0.01, O2:0.03, AR:0.96']",0.018731185638782965,True,True
C4H2 + H (+M) <=> H2CCCCH (+M),537,0.3,"[1286, 1.17, 'C2H4:0.01, O2:0.03, AR:0.96']",0.03185398165640703,True,True
C2H3 + C4H4 <=> C2H4 + H2CCCCH,538,0.3,"[1286, 1.17, 'C2H4:0.01, O2:0.03, AR:0.96']",0.013582647146753052,True,True
C2H + C4H4 <=> C2H2 + H2CCCCH,539,0.3,"[1286, 1.17, 'C2H4:0.01, O2:0.03, AR:0.96']",0.005885045798692364,True,True
C2H + C4H4 <=> C2H3 + C4H2,540,0.3,"[1286, 1.17, 'C2H4:0.01, O2:0.03, AR:0.96']",0.01921373778031047,True,True
C4H4 + OH <=> H2CCCCH + H2O,541,0.3,"[1286, 1.17, 'C2H4:0.01, O2:0.03, AR:0.96']",0.01244062308997913,True,True
C4H4 + O <=> C3H4 + CO,542,0.3,"[1286, 1.17, 'C2H4:0.01, O2:0.03, AR:0.96']",0.021210741254505727,True,True
C2H2 + C2H3 <=> C4H4 + H,543,0.3,"[1286, 1.17, 'C2H4:0.01, O2:0.03, AR:0.96']",0.00171537641151987,True,True
CH2 + H2CCCH <=> C4H4 + H,544,0.3,"[1286, 1.17, 'C2H4:0.01, O2:0.03, AR:0.96']",0.009482247039286039,True,True
C4H4 + H <=> H2 + H2CCCCH,545,0.3,"[1286, 1.17, 'C2H4:0.01, O2:0.03, AR:0.96']",0.012072419211918806,True,True
C4H4 + O <=> H2CCCH + HCO,546,0.3,"[1286, 1.17, 'C2H4:0.01, O2:0.03, AR:0.96']",0.007676522900445211,True,True
C4H4 + M <=> H + H2CCCCH + M,547,0.3,"[1286, 1.17, 'C2H4:0.01, O2:0.03, AR:0.96']",0.029494498970644507,True,True
C4H4 <=> 2 C2H2,548,0.3,"[1286, 1.17, 'C2H4:0.01, O2:0.03, AR:0.96']",0.028583624690479023,True,True
C3H2 + CH3 <=> C4H4 + H,549,0.3,"[1286, 1.17, 'C2H4:0.01, O2:0.03, AR:0.96']",0.0029588234631752687,True,True
C2H + C2H4 <=> C4H4 + H,550,0.3,"[1286, 1.17, 'C2H4:0.01, O2:0.03, AR:0.96']",0.01620278713622745,True,True
C2H + i-C4H5 <=> 2 H2CCCH,551,0.3,"[1286, 1.17, 'C2H4:0.01, O2:0.03, AR:0.96']",0.01562562249008894,True,True
OH + i-C4H5 <=> C4H4 + H2O,552,0.3,"[1286, 1.17, 'C2H4:0.01, O2:0.03, AR:0.96']",0.02197552111078975,True,True
H + i-C4H5 <=> CH3 + H2CCCH,553,0.3,"[1286, 1.17, 'C2H4:0.01, O2:0.03, AR:0.96']",0.011213570497737253,True,True
H + i-C4H5 <=> C4H4 + H2,554,0.3,"[1286, 1.17, 'C2H4:0.01, O2:0.03, AR:0.96']",0.008358781073641951,True,True
O2 + i-C4H5 <=> CH2CHO + CH2CO,555,0.3,"[1286, 1.17, 'C2H4:0.01, O2:0.03, AR:0.96']",0.03642867656433949,True,True
O2 + i-C4H5 <=> C4H4 + HO2,556,0.3,"[1286, 1.17, 'C2H4:0.01, O2:0.03, AR:0.96']",0.006965228316371419,True,True
i-C4H5 (+M) <=> C4H4 + H (+M),557,0.3,"[1286, 1.17, 'C2H4:0.01, O2:0.03, AR:0.96']",0.002426743162049126,True,True
i-C4H5 + M <=> C2H2 + C2H3 + M,558,0.3,"[1286, 1.17, 'C2H4:0.01, O2:0.03, AR:0.96']",0.01448800247470855,True,True
2 C2H3 <=> H + i-C4H5,559,0.3,"[1286, 1.17, 'C2H4:0.01, O2:0.03, AR:0.96']",0.051121815974311466,True,True
C4H6 + H2CCCH <=> C3H4 + i-C4H5,560,0.3,"[1286, 1.17, 'C2H4:0.01, O2:0.03, AR:0.96']",0.0016080280004006893,True,True
C2H3 + C4H6 <=> C2H4 + i-C4H5,561,0.3,"[1286, 1.17, 'C2H4:0.01, O2:0.03, AR:0.96']",0.017055816292443193,True,True
C4H6 + CH3 <=> CH4 + i-C4H5,562,0.3,"[1286, 1.17, 'C2H4:0.01, O2:0.03, AR:0.96']",0.02455264798148528,True,True
C4H6 + OH <=> C2H3 + CH3CHO,563,0.3,"[1286, 1.17, 'C2H4:0.01, O2:0.03, AR:0.96']",0.03546074685508701,True,True
C4H6 + OH <=> C2H5 + CH2CO,564,0.3,"[1286, 1.17, 'C2H4:0.01, O2:0.03, AR:0.96']",0.029896517798092385,True,True
C4H6 + OH <=> H2O + i-C4H5,565,0.3,"[1286, 1.17, 'C2H4:0.01, O2:0.03, AR:0.96']",0.008601882438552637,True,True
C4H6 + H <=> H2 + i-C4H5,566,0.3,"[1286, 1.17, 'C2H4:0.01, O2:0.03, AR:0.96']",0.023896835832766083,True,True
C4H6 + H <=> C3H4 + CH3,567,0.3,"[1286, 1.17, 'C2H4:0.01, O2:0.03, AR:0.96']",0.013428843681655039,True,True
C4H6 + O <=> C3H5 + CO + H,568,0.3,"[1286, 1.17, 'C2H4:0.01, O2:0.03, AR:0.96']",0.0036748621240631197,True,True
C4H6 + O <=> OH + i-C4H5,569,0.3,"[1286, 1.17, 'C2H4:0.01, O2:0.03, AR:0.96']",0.03093183723777762,True,True
C4H6 + O2 <=> HO2 + i-C4H5,570,0.3,"[1286, 1.17, 'C2H4:0.01, O2:0.03, AR:0.96']",0.010622790627344567,True,True
C4H6 <=> C2H2 + C2H4,571,0.3,"[1286, 1.17, 'C2H4:0.01, O2:0.03, AR:0.96']",0.02323537992781098,True,True
C4H6 <=> C4H4 + H2,572,0.3,"[1286, 1.17, 'C2H4:0.01, O2:0.03, AR:0.96']",0.015093205124053126,True,True
C4H6 <=> H + i-C4H5,573,0.3,"[1286, 1.17, 'C2H4:0.01, O2:0.03, AR:0.96']",0.0009793081931233905,True,True
CH3 + H2CCCH (+M) <=> C4H6 (+M),574,0.3,"[1286, 1.17, 'C2H4:0.01, O2:0.03, AR:0.96']",0.0195669995840092,True,True
C2H3 + C2H4 <=> C4H6 + H,575,0.3,"[1286, 1.17, 'C2H4:0.01, O2:0.03, AR:0.96']",0.04451916541553768,True,True
2 C2H3 <=> C4H6,576,0.3,"[1286, 1.17, 'C2H4:0.01, O2:0.03, AR:0.96']",0.02470514769530122,True,True
C3H5 + nC4H7 <=> C3H6 + C4H6,577,0.3,"[1286, 1.17, 'C2H4:0.01, O2:0.03, AR:0.96']",0.00641043072609391,True,True
C2H5 + nC4H7 <=> C2H6 + C4H6,578,0.3,"[1286, 1.17, 'C2H4:0.01, O2:0.03, AR:0.96']",0.003967025715667681,True,True
C2H3 + nC4H7 <=> C2H4 + C4H6,579,0.3,"[1286, 1.17, 'C2H4:0.01, O2:0.03, AR:0.96']",0.00405103192076284,True,True
CH3 + nC4H7 <=> C4H6 + CH4,580,0.3,"[1286, 1.17, 'C2H4:0.01, O2:0.03, AR:0.96']",0.016209038967964547,True,True
H + nC4H7 <=> C4H6 + H2,581,0.3,"[1286, 1.17, 'C2H4:0.01, O2:0.03, AR:0.96']",0.002825457782604259,True,True
O2 + nC4H7 <=> C4H6 + HO2,582,0.3,"[1286, 1.17, 'C2H4:0.01, O2:0.03, AR:0.96']",0.02717589903117449,True,True
nC4H7 + M <=> C3H4 + CH3 + M,583,0.3,"[1286, 1.17, 'C2H4:0.01, O2:0.03, AR:0.96']",0.017069799886263008,True,True
nC4H7 + M <=> C2H3 + C2H4 + M,584,0.3,"[1286, 1.17, 'C2H4:0.01, O2:0.03, AR:0.96']",0.00475896499786206,True,True
nC4H7 + M <=> C4H6 + H + M,585,0.3,"[1286, 1.17, 'C2H4:0.01, O2:0.03, AR:0.96']",0.017682729239812286,True,True
C2H5 + nC4H7 <=> C2H4 + C4H8,586,0.3,"[1286, 1.17, 'C2H4:0.01, O2:0.03, AR:0.96']",0.013225023780774591,True,True
C4H8 <=> H + nC4H7,587,0.3,"[1286, 1.17, 'C2H4:0.01, O2:0.03, AR:0.96']",0.019908028877943414,True,True
C4H8 <=> C3H5 + CH3,588,0.3,"[1286, 1.17, 'C2H4:0.01, O2:0.03, AR:0.96']",0.007447328068323436,True,True
C2H3 + C2H5 => C4H8,589,0.3,"[1286, 1.17, 'C2H4:0.01, O2:0.03, AR:0.96']",0.023528103724128828,True,True
C3H5 + C4H8 <=> C3H6 + nC4H7,590,0.3,"[1286, 1.17, 'C2H4:0.01, O2:0.03, AR:0.96']",0.005244153641319526,True,True
C4H8 + H <=> H2 + nC4H7,591,0.3,"[1286, 1.17, 'C2H4:0.01, O2:0.03, AR:0.96']",0.014388934966754537,True,True
C4H8 + HO2 <=> H2O2 + nC4H7,592,0.3,"[1286, 1.17, 'C2H4:0.01, O2:0.03, AR:0.96']",0.006420993507024521,True,True
C2H5 + C4H8 <=> C2H6 + nC4H7,593,0.3,"[1286, 1.17, 'C2H4:0.01, O2:0.03, AR:0.96']",0.006298953870770087,True,True
C4H8 + CH3 <=> CH4 + nC4H7,594,0.3,"[1286, 1.17, 'C2H4:0.01, O2:0.03, AR:0.96']",0.025923441643100516,True,True
C4H8 + OH <=> H2O + nC4H7,595,0.3,"[1286, 1.17, 'C2H4:0.01, O2:0.03, AR:0.96']",0.015122901784944638,True,True
C4H8 + O <=> OH + nC4H7,596,0.3,"[1286, 1.17, 'C2H4:0.01, O2:0.03, AR:0.96']",0.042467295660929695,True,True
C4H8 + OH <=> CH2O + nC3H7,597,0.3,"[1286, 1.17, 'C2H4:0.01, O2:0.03, AR:0.96']",0.014292019180067936,True,True
C4H8 + OH <=> C2H5 + CH3CHO,598,0.3,"[1286, 1.17, 'C2H4:0.01, O2:0.03, AR:0.96']",0.006287293240464558,True,True
C4H8 + O <=> C2H4 + CH3CHO,599,0.3,"[1286, 1.17, 'C2H4:0.01, O2:0.03, AR:0.96']",0.028407834120893382,True,True
C4H8 + O => C2H5 + CH3 + CO,600,0.3,"[1286, 1.17, 'C2H4:0.01, O2:0.03, AR:0.96']",0.011723688774518017,True,True
C4H8 + O <=> C3H6 + CH2O,601,0.3,"[1286, 1.17, 'C2H4:0.01, O2:0.03, AR:0.96']",0.008792966330926598,True,True
C4H8 + OH => C2H6 + CH3 + CO,602,0.3,"[1286, 1.17, 'C2H4:0.01, O2:0.03, AR:0.96']",0.00033176885376917317,True,True
C4H8 + O <=> HCO + nC3H7,603,0.3,"[1286, 1.17, 'C2H4:0.01, O2:0.03, AR:0.96']",0.013455344847208778,True,True
C2H3 + H2CCCH <=> C5H5 + H,604,0.3,"[1286, 1.17, 'C2H4:0.01, O2:0.03, AR:0.96']",0.018583833093897946,True,True
C5H5 <=> C2H2 + H2CCCH,605,0.3,"[1286, 1.17, 'C2H4:0.01, O2:0.03, AR:0.96']",0.013974312906752436,True,True
C5H5 + O2 <=> C2H2 + CH2CO + HCO,606,0.3,"[1286, 1.17, 'C2H4:0.01, O2:0.03, AR:0.96']",0.030802870935308792,True,True
C5H6 + O2 <=> C5H5 + HO2,607,0.3,"[1286, 1.17, 'C2H4:0.01, O2:0.03, AR:0.96']",0.019333348590338983,True,True
C5H5 + O <=> CO + i-C4H5,608,0.3,"[1286, 1.17, 'C2H4:0.01, O2:0.03, AR:0.96']",0.017049524021496898,True,True
C5H6 + H <=> C5H5 + H2,609,0.3,"[1286, 1.17, 'C2H4:0.01, O2:0.03, AR:0.96']",0.01541191407231071,True,True
C5H6 + H <=> C2H2 + C3H5,610,0.3,"[1286, 1.17, 'C2H4:0.01, O2:0.03, AR:0.96']",0.0012015855283918251,True,True
C5H5 + H <=> C5H6,611,0.3,"[1286, 1.17, 'C2H4:0.01, O2:0.03, AR:0.96']",0.029936224940270102,True,True
C5H5 + OH <=> 2 C2H2 + CH2O,612,0.3,"[1286, 1.17, 'C2H4:0.01, O2:0.03, AR:0.96']",0.008115639678148281,True,True
C5H6 + OH <=> C5H5 + H2O,613,0.3,"[1286, 1.17, 'C2H4:0.01, O2:0.03, AR:0.96']",0.03245640545859107,True,True
C5H6 + HO2 <=> C5H5 + H2O2,614,0.3,"[1286, 1.17, 'C2H4:0.01, O2:0.03, AR:0.96']",0.010228849697999342,True,True
C2H3 + C5H6 <=> C2H4 + C5H5,615,0.3,"[1286, 1.17, 'C2H4:0.01, O2:0.03, AR:0.96']",0.00047162284212967013,True,True
C6H5O <=> C5H5 + CO,616,0.3,"[1286, 1.17, 'C2H4:0.01, O2:0.03, AR:0.96']",0.0387907583343259,True,True
C6H5O + O <=> C5H5 + CO2,617,0.3,"[1286, 1.17, 'C2H4:0.01, O2:0.03, AR:0.96']",0.012662073317405223,True,True
C6H5O + H <=> C5H6 + CO,618,0.3,"[1286, 1.17, 'C2H4:0.01, O2:0.03, AR:0.96']",0.0030401986943354347,True,True
C6H5O + H <=> C6H5OH,619,0.3,"[1286, 1.17, 'C2H4:0.01, O2:0.03, AR:0.96']",0.014887456411794236,True,True
C6H5OH <=> C5H6 + CO,620,0.3,"[1286, 1.17, 'C2H4:0.01, O2:0.03, AR:0.96']",0.026001403034066808,True,True
C6H5OH + O <=> C6H5O + OH,621,0.3,"[1286, 1.17, 'C2H4:0.01, O2:0.03, AR:0.96']",0.00940728293909178,True,True
C6H5OH + H <=> C6H5O + H2,622,0.3,"[1286, 1.17, 'C2H4:0.01, O2:0.03, AR:0.96']",0.017500796367162442,True,True
C6H5OH + OH <=> C6H5O + H2O,623,0.3,"[1286, 1.17, 'C2H4:0.01, O2:0.03, AR:0.96']",0.002852823834828427,True,True
C2H3 + C6H5OH <=> C2H4 + C6H5O,624,0.3,"[1286, 1.17, 'C2H4:0.01, O2:0.03, AR:0.96']",0.02529851537528461,True,True
2 H2CCCH <=> A1,625,0.3,"[1286, 1.17, 'C2H4:0.01, O2:0.03, AR:0.96']",0.017880352683515795,True,True
2 H2CCCH <=> A1- + H,626,0.3,"[1286, 1.17, 'C2H4:0.01, O2:0.03, AR:0.96']",0.015855022393623595,True,True
C2H3 + H2CCCCH <=> A1,627,0.3,"[1286, 1.17, 'C2H4:0.01, O2:0.03, AR:0.96']",0.001293129322306728,True,True
C2H3 + H2CCCCH <=> A1- + H,628,0.3,"[1286, 1.17, 'C2H4:0.01, O2:0.03, AR:0.96']",0.0025131408779240937,True,True
C3H4 + H2CCCH <=> A1 + H,629,0.3,"[1286, 1.17, 'C2H4:0.01, O2:0.03, AR:0.96']",0.006164455875801097,True,True
C2H3 + C4H4 <=> A1 + H,630,0.3,"[1286, 1.17, 'C2H4:0.01, O2:0.03, AR:0.96']",0.019183975303045966,True,True
C2H2 + H2CCCCH <=> A1-,631,0.3,"[1286, 1.17, 'C2H4:0.01, O2:0.03, AR:0.96']",0.02881650554917321,True,True
C2H2 + C4H4 <=> A1- + H,632,0.3,"[1286, 1.17, 'C2H4:0.01, O2:0.03, AR:0.96']",0.005528846736158818,True,True
C2H2 + i-C4H5 <=> A1 + H,633,0.3,"[1286, 1.17, 'C2H4:0.01, O2:0.03, AR:0.96']",0.008413598817567265,True,True
C2H3 + i-C4H5 <=> A1 + H2,634,0.3,"[1286, 1.17, 'C2H4:0.01, O2:0.03, AR:0.96']",0.007955092774051079,True,True
C2H + i-C4H5 <=> A1,635,0.3,"[1286, 1.17, 'C2H4:0.01, O2:0.03, AR:0.96']",0.007594803082833189,True,True
C2H + i-C4H5 <=> A1- + H,636,0.3,"[1286, 1.17, 'C2H4:0.01, O2:0.03, AR:0.96']",0.013580202671971877,True,True
C5H5 + CH3 <=> A1 + 2 H,637,0.3,"[1286, 1.17, 'C2H4:0.01, O2:0.03, AR:0.96']",0.008244883798879329,True,True
C2H3 + C5H6 <=> A1 + CH3,638,0.3,"[1286, 1.17, 'C2H4:0.01, O2:0.03, AR:0.96']",0.019031787380229707,True,True
A1 <=> A1- + H,639,0.3,"[1286, 1.17, 'C2H4:0.01, O2:0.03, AR:0.96']",0.003742220939213807,True,True
A1 + O2 <=> A1- + HO2,640,0.3,"[1286, 1.17, 'C2H4:0.01, O2:0.03, AR:0.96']",0.010995088868681913,True,True
A1 + O <=> A1- + OH,641,0.3,"[1286, 1.17, 'C2H4:0.01, O2:0.03, AR:0.96']",0.005753888200273653,True,True
A1 + O <=> C6H5OH,642,0.3,"[1286, 1.17, 'C2H4:0.01, O2:0.03, AR:0.96']",0.005548224145238444,True,True
A1 + O <=> C6H5O + H,643,0.3,"[1286, 1.17, 'C2H4:0.01, O2:0.03, AR:0.96']",0.007618754283703955,True,True
A1 + H <=> A1- + H2,644,0.3,"[1286, 1.17, 'C2H4:0.01, O2:0.03, AR:0.96']",0.0184601872932172,True,True
A1 + OH <=> C6H5OH + H,645,0.3,"[1286, 1.17, 'C2H4:0.01, O2:0.03, AR:0.96']",0.030830177669813753,True,True
A1 + OH <=> A1- + H2O,646,0.3,"[1286, 1.17, 'C2H4:0.01, O2:0.03, AR:0.96']",0.01347295140863126,True,True
A1- + O2 <=> C6H5O + O,647,0.3,"[1286, 1.17, 'C2H4:0.01, O2:0.03, AR:0.96']",0.007449118773901456,True,True
A1- + O <=> C5H5 + CO,648,0.3,"[1286, 1.17, 'C2H4:0.01, O2:0.03, AR:0.96']",0.009809010042963024,True,True
A1- + OH <=> C6H5O + H,649,0.3,"[1286, 1.17, 'C2H4:0.01, O2:0.03, AR:0.96']",0.01578051754135944,True,True
A1- + C6H5OH <=> A1 + C6H5O,650,0.3,"[1286, 1.17, 'C2H4:0.01, O2:0.03, AR:0.96']",0.006866930503162547,True,True
C3H4 + i-C4H5 <=> C7H8 + H,651,0.3,"[1286, 1.17, 'C2H4:0.01, O2:0.03, AR:0.96']",0.008123633216197412,True,True
H2CCCH + i-C4H5 <=> C7H7 + H,652,0.3,"[1286, 1.17, 'C2H4:0.01, O2:0.03, AR:0.96']",0.005054228949651436,True,True
A1 + CH2 <=> C7H8,653,0.3,"[1286, 1.17, 'C2H4:0.01, O2:0.03, AR:0.96']",0.0017678239886276675,True,True
A1 + CH2(S) <=> C7H8,654,0.3,"[1286, 1.17, 'C2H4:0.01, O2:0.03, AR:0.96']",0.0017978919457371618,True,True
C7H8 <=> A1- + CH3,655,0.3,"[1286, 1.17, 'C2H4:0.01, O2:0.03, AR:0.96']",0.006386791386773869,True,True
H2CCCH + i-C4H5 <=> C7H8,656,0.3,"[1286, 1.17, 'C2H4:0.01, O2:0.03, AR:0.96']",0.023400658306770555,True,True
C7H8 + O2 <=> C7H7 + HO2,657,0.3,"[1286, 1.17, 'C2H4:0.01, O2:0.03, AR:0.96']",0.002044786687713017,True,True
C7H8 + O <=> C7H7 + OH,658,0.3,"[1286, 1.17, 'C2H4:0.01, O2:0.03, AR:0.96']",0.007179107606865623,True,True
C7H8 + H <=> A1 + CH3,659,0.3,"[1286, 1.17, 'C2H4:0.01, O2:0.03, AR:0.96']",0.0053005474121281,True,True
C7H8 + H <=> C7H7 + H2,660,0.3,"[1286, 1.17, 'C2H4:0.01, O2:0.03, AR:0.96']",0.0007454456392349467,True,True
C7H8 + OH <=> C7H7 + H2O,661,0.3,"[1286, 1.17, 'C2H4:0.01, O2:0.03, AR:0.96']",0.006792448049082848,True,True
C7H8 + HO2 <=> C7H7 + H2O2,662,0.3,"[1286, 1.17, 'C2H4:0.01, O2:0.03, AR:0.96']",0.0029263050187622475,True,True
C7H8 + CH3 <=> C7H7 + CH4,663,0.3,"[1286, 1.17, 'C2H4:0.01, O2:0.03, AR:0.96']",0.012409224770187416,True,True
C2H3 + C7H8 <=> C2H4 + C7H7,664,0.3,"[1286, 1.17, 'C2H4:0.01, O2:0.03, AR:0.96']",0.023268260602866297,True,True
C7H8 + H2CCCH <=> C3H4 + C7H7,665,0.3,"[1286, 1.17, 'C2H4:0.01, O2:0.03, AR:0.96']",0.006269562205662094,True,True
C3H5 + C7H8 <=> C3H6 + C7H7,666,0.3,"[1286, 1.17, 'C2H4:0.01, O2:0.03, AR:0.96']",0.026374303305860398,True,True
C5H5 + C7H8 <=> C5H6 + C7H7,667,0.3,"[1286, 1.17, 'C2H4:0.01, O2:0.03, AR:0.96']",0.015462408477907768,True,True
A1- + C7H8 <=> A1 + C7H7,668,0.3,"[1286, 1.17, 'C2H4:0.01, O2:0.03, AR:0.96']",0.015557048144188143,True,True
C6H5O + C7H8 <=> C6H5OH + C7H7,669,0.3,"[1286, 1.17, 'C2H4:0.01, O2:0.03, AR:0.96']",0.011020735170338395,True,True
C7H8 + HCO <=> C7H7 + CH2O,670,0.3,"[1286, 1.17, 'C2H4:0.01, O2:0.03, AR:0.96']",0.0018087104556458507,True,True
C7H8 + i-C4H5 <=> C4H6 + C7H7,671,0.3,"[1286, 1.17, 'C2H4:0.01, O2:0.03, AR:0.96']",0.011908932339605403,True,True
C7H7 + H2CCCH <=> C3H2 + C7H8,672,0.3,"[1286, 1.17, 'C2H4:0.01, O2:0.03, AR:0.96']",0.011345386470940789,True,True
C7H7 + HO2 <=> A1- + CH2O + OH,673,0.3,"[1286, 1.17, 'C2H4:0.01, O2:0.03, AR:0.96']",0.010629680583424422,True,True
C7H7 + O2 <=> A1- + HCO + OH,674,0.3,"[1286, 1.17, 'C2H4:0.01, O2:0.03, AR:0.96']",0.003688383793204191,True,True
C7H7 + HO2 <=> A1 + HCO + OH,675,0.3,"[1286, 1.17, 'C2H4:0.01, O2:0.03, AR:0.96']",0.0060707146758652965,True,True
C7H7 + OH <=> A1- + CH2OH,676,0.3,"[1286, 1.17, 'C2H4:0.01, O2:0.03, AR:0.96']",0.006955639032595714,True,True
A1- + CH3 <=> C7H7 + H,677,0.3,"[1286, 1.17, 'C2H4:0.01, O2:0.03, AR:0.96']",0.023068463832967286,True,True
C7H7 <=> C4H4 + H2CCCH,678,0.3,"[1286, 1.17, 'C2H4:0.01, O2:0.03, AR:0.96']",0.01805027903402372,True,True
C7H7 <=> C2H2 + C5H5,679,0.3,"[1286, 1.17, 'C2H4:0.01, O2:0.03, AR:0.96']",0.025646556861782705,True,True
C7H7 + O <=> A1 + HCO,680,0.3,"[1286, 1.17, 'C2H4:0.01, O2:0.03, AR:0.96']",0.033578723710430546,True,True
C7H7 + O <=> A1- + CH2O,681,0.3,"[1286, 1.17, 'C2H4:0.01, O2:0.03, AR:0.96']",0.019238591247111317,True,True
C7H7 + H <=> C7H8,682,0.3,"[1286, 1.17, 'C2H4:0.01, O2:0.03, AR:0.96']",0.00034630216025671875,True,True
C7H7 + H + OH <=> A1 + CH2OH,683,0.3,"[1286, 1.17, 'C2H4:0.01, O2:0.03, AR:0.96']",0.012494766295257378,True,True
C4H2 + i-C4H5 <=> A1C2H + H,684,0.3,"[1286, 1.17, 'C2H4:0.01, O2:0.03, AR:0.96']",0.013506712778337664,True,True
A1C2H- + H (+M) <=> A1C2H (+M),685,0.3,"[1286, 1.17, 'C2H4:0.01, O2:0.03, AR:0.96']",0.016767716543147532,True,True
C4H2 + H2CCCCH <=> A1C2H-,686,0.3,"[1286, 1.17, 'C2H4:0.01, O2:0.03, AR:0.96']",0.024275775239646077,True,True
A1- + C4H2 <=> A1C2H + C2H,687,0.3,"[1286, 1.17, 'C2H4:0.01, O2:0.03, AR:0.96']",0.01809434298870961,True,True
A1- + C2H3 <=> A1C2H + H2,688,0.3,"[1286, 1.17, 'C2H4:0.01, O2:0.03, AR:0.96']",0.014860074319091414,True,True
A1- + C4H4 <=> A1C2H + C2H3,689,0.3,"[1286, 1.17, 'C2H4:0.01, O2:0.03, AR:0.96']",0.011765589073331131,True,True
A1 + C2H <=> A1C2H + H,690,0.3,"[1286, 1.17, 'C2H4:0.01, O2:0.03, AR:0.96']",0.029962595684159692,True,True
A1- + C2H <=> A1C2H,691,0.3,"[1286, 1.17, 'C2H4:0.01, O2:0.03, AR:0.96']",0.031117414337669076,True,True
A1C2H + O <=> A1C2H- + OH,692,0.3,"[1286, 1.17, 'C2H4:0.01, O2:0.03, AR:0.96']",0.013282223359549955,True,True
A1C2H + O <=> A1- + HCCO,693,0.3,"[1286, 1.17, 'C2H4:0.01, O2:0.03, AR:0.96']",0.022644601451418514,True,True
A1C2H + O <=> C2H + C6H5O,694,0.3,"[1286, 1.17, 'C2H4:0.01, O2:0.03, AR:0.96']",0.006888241914250632,True,True
A1C2H + H <=> A1C2H- + H2,695,0.3,"[1286, 1.17, 'C2H4:0.01, O2:0.03, AR:0.96']",0.014725576478918236,True,True
A1C2H + H <=> A1- + C2H2,696,0.3,"[1286, 1.17, 'C2H4:0.01, O2:0.03, AR:0.96']",0.004394001891284514,True,True
A1C2H + H <=> n-C8H7,697,0.3,"[1286, 1.17, 'C2H4:0.01, O2:0.03, AR:0.96']",0.015795465171626003,True,True
A1C2H + OH <=> A1C2H- + H2O,698,0.3,"[1286, 1.17, 'C2H4:0.01, O2:0.03, AR:0.96']",0.006442907650171166,True,True
A1C2H + OH <=> A1- + CH2CO,699,0.3,"[1286, 1.17, 'C2H4:0.01, O2:0.03, AR:0.96']",0.022010657056775355,True,True
A1C2H + OH <=> A1 + HCCO,700,0.3,"[1286, 1.17, 'C2H4:0.01, O2:0.03, AR:0.96']",0.0022811717149412696,True,True
A1C2H + C2H <=> A1C2H- + C2H2,701,0.3,"[1286, 1.17, 'C2H4:0.01, O2:0.03, AR:0.96']",0.004113843473019859,True,True
2 C4H4 <=> A1C2H3,702,0.3,"[1286, 1.17, 'C2H4:0.01, O2:0.03, AR:0.96']",0.0013852128240711959,True,True
C4H4 + i-C4H5 <=> A1C2H3 + H,703,0.3,"[1286, 1.17, 'C2H4:0.01, O2:0.03, AR:0.96']",0.01966202002496352,True,True
C5H5 + H2CCCH <=> A1C2H3* + H,704,0.3,"[1286, 1.17, 'C2H4:0.01, O2:0.03, AR:0.96']",0.0061919223153915565,True,True
A1 + C2H3 <=> A1C2H3 + H,705,0.3,"[1286, 1.17, 'C2H4:0.01, O2:0.03, AR:0.96']",0.009234882291751052,True,True
A1- + C2H3 <=> A1C2H3,706,0.3,"[1286, 1.17, 'C2H4:0.01, O2:0.03, AR:0.96']",0.04452445635507567,True,True
A1- + C2H4 <=> A1C2H3 + H,707,0.3,"[1286, 1.17, 'C2H4:0.01, O2:0.03, AR:0.96']",0.0008552329780155485,True,True
A1- + C4H4 <=> A1C2H3 + C2H,708,0.3,"[1286, 1.17, 'C2H4:0.01, O2:0.03, AR:0.96']",0.021894923825876694,True,True
A1- + C4H6 <=> A1C2H3 + C2H3,709,0.3,"[1286, 1.17, 'C2H4:0.01, O2:0.03, AR:0.96']",0.006129440915716685,True,True
C7H7 + CH2 <=> A1C2H3 + H,710,0.3,"[1286, 1.17, 'C2H4:0.01, O2:0.03, AR:0.96']",0.013628041086407725,True,True
A1C2H3 + H <=> H2 + n-C8H7,711,0.3,"[1286, 1.17, 'C2H4:0.01, O2:0.03, AR:0.96']",0.0001292398078668624,True,True
A1C2H3 + H <=> A1C2H3* + H2,712,0.3,"[1286, 1.17, 'C2H4:0.01, O2:0.03, AR:0.96']",0.0034891432636961206,True,True
A1C2H3 + O <=> A1- + CH2CHO,713,0.3,"[1286, 1.17, 'C2H4:0.01, O2:0.03, AR:0.96']",0.01674276201162371,True,True
A1C2H3 + O <=> A1- + CH3 + CO,714,0.3,"[1286, 1.17, 'C2H4:0.01, O2:0.03, AR:0.96']",0.020405607479075813,True,True
A1C2H3 + O <=> C2H3 + C6H5O,715,0.3,"[1286, 1.17, 'C2H4:0.01, O2:0.03, AR:0.96']",0.001155997840462486,True,True
A1C2H3 + O <=> OH + n-C8H7,716,0.3,"[1286, 1.17, 'C2H4:0.01, O2:0.03, AR:0.96']",0.0006267879745867443,True,True
A1C2H3 + OH <=> H2O + n-C8H7,717,0.3,"[1286, 1.17, 'C2H4:0.01, O2:0.03, AR:0.96']",0.0035307173074755217,True,True
A1C2H3 + OH => C2H4 + C6H5O,718,0.3,"[1286, 1.17, 'C2H4:0.01, O2:0.03, AR:0.96']",0.013482294897979676,True,True
A1C2H3 + OH <=> A1C2H3* + H2O,719,0.3,"[1286, 1.17, 'C2H4:0.01, O2:0.03, AR:0.96']",0.004190113098762182,True,True
A1C2H3 + OH <=> C7H7 + CH2O,720,0.3,"[1286, 1.17, 'C2H4:0.01, O2:0.03, AR:0.96']",0.041907483264631874,True,True
A1C2H3 + O2 <=> C6H5O + CH2CHO,721,0.3,"[1286, 1.17, 'C2H4:0.01, O2:0.03, AR:0.96']",0.013700155778918423,True,True
A1C2H3* + O2 <=> C6H5O + CH2CO,722,0.3,"[1286, 1.17, 'C2H4:0.01, O2:0.03, AR:0.96']",0.02505488173522122,True,True
A1C2H3* + H (+M) <=> A1C2H3 (+M),723,0.3,"[1286, 1.17, 'C2H4:0.01, O2:0.03, AR:0.96']",0.027179017304715298,True,True
C5H5 + H2CCCH <=> H + n-C8H7,724,0.3,"[1286, 1.17, 'C2H4:0.01, O2:0.03, AR:0.96']",0.0001666711977548101,True,True
A1 + C2H <=> n-C8H7,725,0.3,"[1286, 1.17, 'C2H4:0.01, O2:0.03, AR:0.96']",0.014144812604577575,True,True
A1- + C2H2 <=> n-C8H7,726,0.3,"[1286, 1.17, 'C2H4:0.01, O2:0.03, AR:0.96']",0.04139483413590824,True,True
A1- + C2H3 <=> H + n-C8H7,727,0.3,"[1286, 1.17, 'C2H4:0.01, O2:0.03, AR:0.96']",0.03209801322682276,True,True
H + n-C8H7 <=> A1C2H3,728,0.3,"[1286, 1.17, 'C2H4:0.01, O2:0.03, AR:0.96']",0.017177479854335483,True,True
H + n-C8H7 <=> A1C2H + H2,729,0.3,"[1286, 1.17, 'C2H4:0.01, O2:0.03, AR:0.96']",0.013538967442503281,True,True
OH + n-C8H7 <=> A1C2H + H2O,730,0.3,"[1286, 1.17, 'C2H4:0.01, O2:0.03, AR:0.96']",0.01470963531382756,True,True
C4H4 + C5H5 <=> H + INDENE,731,0.3,"[1286, 1.17, 'C2H4:0.01, O2:0.03, AR:0.96']",0.011096864680635959,True,True
A1- + H2CCCH <=> INDENE,732,0.3,"[1286, 1.17, 'C2H4:0.01, O2:0.03, AR:0.96']",0.01827100189285813,True,True
A1- + C4H6 <=> CH3 + INDENE,733,0.3,"[1286, 1.17, 'C2H4:0.01, O2:0.03, AR:0.96']",0.002904456233611237,True,True
A1 + i-C4H5 <=> CH3 + INDENE,734,0.3,"[1286, 1.17, 'C2H4:0.01, O2:0.03, AR:0.96']",0.022379498642520933,True,True
A1- + C3H4 <=> H + INDENE,735,0.3,"[1286, 1.17, 'C2H4:0.01, O2:0.03, AR:0.96']",2.1448085826721136e-05,True,True
C2H + C4H2 <=> C6H2 + H,736,0.3,"[1286, 1.17, 'C2H4:0.01, O2:0.03, AR:0.96']",0.024083628545408037,True,True
C2H2 + C4H <=> C6H2 + H,737,0.3,"[1286, 1.17, 'C2H4:0.01, O2:0.03, AR:0.96']",0.000261941060132176,True,True
2 C3H2 => C6H2 + H2,738,0.3,"[1286, 1.17, 'C2H4:0.01, O2:0.03, AR:0.96']",0.006305266491153484,True,True
C2H2 + C6H <=> C8H2 + H,739,0.3,"[1286, 1.17, 'C2H4:0.01, O2:0.03, AR:0.96']",0.005978711485012604,True,True
C2H + C6H2 <=> C8H2 + H,740,0.3,"[1286, 1.17, 'C2H4:0.01, O2:0.03, AR:0.96']",0.015946099074368954,True,True
C2H + C6H <=> C8H2,741,0.3,"[1286, 1.17, 'C2H4:0.01, O2:0.03, AR:0.96']",0.028621241592396474,True,True
C2H + C4H2 <=> C2H2 + C4H,742,0.3,"[1286, 1.17, 'C2H4:0.01, O2:0.03, AR:0.96']",0.017926665831695564,True,True
C6H2 + H <=> C6H + H2,743,0.3,"[1286, 1.17, 'C2H4:0.01, O2:0.03, AR:0.96']",0.001143663551945311,True,True
C6H2 + OH <=> C6H + H2O,744,0.3,"[1286, 1.17, 'C2H4:0.01, O2:0.03, AR:0.96']",0.017364723075471496,True,True
C6H2 + M <=> C6H + H + M,745,0.3,"[1286, 1.17, 'C2H4:0.01, O2:0.03, AR:0.96']",0.015558835645907487,True,True
2 C4H2 <=> C8H2 + H2,746,0.3,"[1286, 1.17, 'C2H4:0.01, O2:0.03, AR:0.96']",7.982124768332435e-05,True,True
C8H2 + M <=> C8H + H + M,747,0.3,"[1286, 1.17, 'C2H4:0.01, O2:0.03, AR:0.96']",0.00571060682660097,True,True
C8H2 + H <=> C8H + H2,748,0.3,"[1286, 1.17, 'C2H4:0.01, O2:0.03, AR:0.96']",0.022627385327857248,True,True
C8H2 + OH <=> C8H + H2O,749,0.3,"[1286, 1.17, 'C2H4:0.01, O2:0.03, AR:0.96']",0.008149753020984996,True,True
A1 + CH3 <=> A1- + CH4,750,0.3,"[1286, 1.17, 'C2H4:0.01, O2:0.03, AR:0.96']",0.021223858149845107,True,True
A1 + C2H <=> A1- + C2H2,751,0.3,"[1286, 1.17, 'C2H4:0.01, O2:0.03, AR:0.96']",0.03148500638995491,True,True
A1 + C4H <=> A1- + C4H2,752,0.3,"[1286, 1.17, 'C2H4:0.01, O2:0.03, AR:0.96']",0.022282296154148847,True,True
A1 + C6H <=> A1- + C6H2,753,0.3,"[1286, 1.17, 'C2H4:0.01, O2:0.03, AR:0.96']",0.008748942339652697,True,True
A1 + C8H <=> A1- + C8H2,754,0.3,"[1286, 1.17, 'C2H4:0.01, O2:0.03, AR:0.96']",0.0016303790976519988,True,True
INDENE + O2 <=> HO2 + INDENYL,755,0.3,"[1286, 1.17, 'C2H4:0.01, O2:0.03, AR:0.96']",0.013787117139209463,True,True
HO2 + INDENE <=> H2O2 + INDENYL,756,0.3,"[1286, 1.17, 'C2H4:0.01, O2:0.03, AR:0.96']",0.0017188189812745369,True,True
INDENE <=> H + INDENYL,757,0.3,"[1286, 1.17, 'C2H4:0.01, O2:0.03, AR:0.96']",0.003939411822649778,True,True
INDENE + O <=> INDENYL + OH,758,0.3,"[1286, 1.17, 'C2H4:0.01, O2:0.03, AR:0.96']",0.011688859768462317,True,True
INDENE + O <=> C7H7 + HCCO,759,0.3,"[1286, 1.17, 'C2H4:0.01, O2:0.03, AR:0.96']",0.015387271678920345,True,True
H + INDENE <=> H2 + INDENYL,760,0.3,"[1286, 1.17, 'C2H4:0.01, O2:0.03, AR:0.96']",0.006075833432524211,True,True
C2H2 + C7H7 <=> H + INDENE,761,0.3,"[1286, 1.17, 'C2H4:0.01, O2:0.03, AR:0.96']",0.011003723325465484,True,True
H + INDENE <=> A1C2H + CH3,762,0.3,"[1286, 1.17, 'C2H4:0.01, O2:0.03, AR:0.96']",0.015620533915700667,True,True
H + INDENE <=> A1 + H2CCCH,763,0.3,"[1286, 1.17, 'C2H4:0.01, O2:0.03, AR:0.96']",0.01436014175277723,True,True
INDENE + OH <=> C7H7 + CH2CO,764,0.3,"[1286, 1.17, 'C2H4:0.01, O2:0.03, AR:0.96']",0.003145782861261891,True,True
INDENE + OH <=> H2O + INDENYL,765,0.3,"[1286, 1.17, 'C2H4:0.01, O2:0.03, AR:0.96']",0.009861739902474246,True,True
CH3 + INDENE <=> CH4 + INDENYL,766,0.3,"[1286, 1.17, 'C2H4:0.01, O2:0.03, AR:0.96']",0.028910440393288734,True,True
H2CCCH + INDENE <=> C3H4 + INDENYL,767,0.3,"[1286, 1.17, 'C2H4:0.01, O2:0.03, AR:0.96']",0.004551697265039618,True,True
A1- + INDENE <=> A1 + INDENYL,768,0.3,"[1286, 1.17, 'C2H4:0.01, O2:0.03, AR:0.96']",0.0007634356692072209,True,True
C7H7 + INDENE <=> C7H8 + INDENYL,769,0.3,"[1286, 1.17, 'C2H4:0.01, O2:0.03, AR:0.96']",0.008970729443939932,True,True
C4H2 + C5H5 <=> INDENYL,770,0.3,"[1286, 1.17, 'C2H4:0.01, O2:0.03, AR:0.96']",0.013207290852902094,True,True
INDENYL => C2H2 + C4H2 + H2CCCH,771,0.3,"[1286, 1.17, 'C2H4:0.01, O2:0.03, AR:0.96']",0.021828159497626853,True,True
INDENYL + O <=> CO + n-C8H7,772,0.3,"[1286, 1.17, 'C2H4:0.01, O2:0.03, AR:0.96']",0.0015573053084408715,True,True
INDENYL + O <=> A1C2H3* + CO,773,0.3,"[1286, 1.17, 'C2H4:0.01, O2:0.03, AR:0.96']",0.011488623859565634,True,True
HO2 + INDENYL => CO + OH + n-C8H7,774,0.3,"[1286, 1.17, 'C2H4:0.01, O2:0.03, AR:0.96']",0.013766649754586253,True,True
HO2 + INDENYL => A1C2H + CO + H2O,775,0.3,"[1286, 1.17, 'C2H4:0.01, O2:0.03, AR:0.96']",0.004749833071149039,True,True
HO2 + INDENYL => A1C2H3* + CO + OH,776,0.3,"[1286, 1.17, 'C2H4:0.01, O2:0.03, AR:0.96']",0.027901394170851152,True,True
A1 + A1- <=> H + P2,777,0.3,"[1286, 1.17, 'C2H4:0.01, O2:0.03, AR:0.96']",0.0009285127074983823,True,True
H2CCCH + INDENYL => P2,778,0.3,"[1286, 1.17, 'C2H4:0.01, O2:0.03, AR:0.96']",0.021126208432982296,True,True
H2CCCH + INDENE => H + P2,779,0.3,"[1286, 1.17, 'C2H4:0.01, O2:0.03, AR:0.96']",0.002775595813402093,True,True
2 A1- <=> P2,780,0.3,"[1286, 1.17, 'C2H4:0.01, O2:0.03, AR:0.96']",0.0018764233797755796,True,True
2 A1- <=> H + P2-,781,0.3,"[1286, 1.17, 'C2H4:0.01, O2:0.03, AR:0.96']",0.021813249962442258,True,True
P2 <=> H + P2-,782,0.3,"[1286, 1.17, 'C2H4:0.01, O2:0.03, AR:0.96']",0.026489912425584766,True,True
P2 <=> C3H2 + INDENE,783,0.3,"[1286, 1.17, 'C2H4:0.01, O2:0.03, AR:0.96']",0.02597410928570126,True,True
O2 + P2- <=> A2 + CO + HCO,784,0.3,"[1286, 1.17, 'C2H4:0.01, O2:0.03, AR:0.96']",0.011736765294825794,True,True
H + P2 <=> H2 + P2-,785,0.3,"[1286, 1.17, 'C2H4:0.01, O2:0.03, AR:0.96']",0.007843156644381385,True,True
OH + P2 <=> H2O + P2-,786,0.3,"[1286, 1.17, 'C2H4:0.01, O2:0.03, AR:0.96']",0.024141581988610637,True,True
A1 + i-C4H5 => A2 + H + H2,787,0.3,"[1286, 1.17, 'C2H4:0.01, O2:0.03, AR:0.96']",0.0015887008961678053,True,True
A1- + C4H6 => A2 + H + H2,788,0.3,"[1286, 1.17, 'C2H4:0.01, O2:0.03, AR:0.96']",0.01274232906116246,True,True
A1- + H2CCCCH <=> A2,789,0.3,"[1286, 1.17, 'C2H4:0.01, O2:0.03, AR:0.96']",0.015144035435043161,True,True
A1- + H2CCCCH <=> A2- + H,790,0.3,"[1286, 1.17, 'C2H4:0.01, O2:0.03, AR:0.96']",0.01223572274281194,True,True
A1- + C4H4 <=> A2 + H,791,0.3,"[1286, 1.17, 'C2H4:0.01, O2:0.03, AR:0.96']",0.006366507244748778,True,True
C7H7 + H2CCCH => A2 + 2 H,792,0.3,"[1286, 1.17, 'C2H4:0.01, O2:0.03, AR:0.96']",0.014286588725879738,True,True
A1C2H- + C2H2 <=> A2-,793,0.3,"[1286, 1.17, 'C2H4:0.01, O2:0.03, AR:0.96']",0.018707993662529274,True,True
A1C2H3* + C2H2 <=> A2 + H,794,0.3,"[1286, 1.17, 'C2H4:0.01, O2:0.03, AR:0.96']",0.019241905955679872,True,True
C2H2 + n-C8H7 <=> A2 + H,795,0.3,"[1286, 1.17, 'C2H4:0.01, O2:0.03, AR:0.96']",0.004915973664984409,True,True
CH3 + INDENYL <=> A2 + 2 H,796,0.3,"[1286, 1.17, 'C2H4:0.01, O2:0.03, AR:0.96']",0.012627869608334154,True,True
CH2 + INDENE => A2 + 2 H,797,0.3,"[1286, 1.17, 'C2H4:0.01, O2:0.03, AR:0.96']",0.016924277390434242,True,True
CH2(S) + INDENE <=> A2 + 2 H,798,0.3,"[1286, 1.17, 'C2H4:0.01, O2:0.03, AR:0.96']",0.014385529433396469,True,True
A2 + O <=> A1C2H + CH2CO,799,0.3,"[1286, 1.17, 'C2H4:0.01, O2:0.03, AR:0.96']",0.010880708529920994,True,True
A2 + O => CO + H + INDENYL,800,0.3,"[1286, 1.17, 'C2H4:0.01, O2:0.03, AR:0.96']",0.007243988658973248,True,True
A2 + O <=> HCCO + n-C8H7,801,0.3,"[1286, 1.17, 'C2H4:0.01, O2:0.03, AR:0.96']",0.005630165170320598,True,True
A2 + O <=> A1C2H3* + HCCO,802,0.3,"[1286, 1.17, 'C2H4:0.01, O2:0.03, AR:0.96']",0.019166453432850904,True,True
A2 + O <=> A2- + OH,803,0.3,"[1286, 1.17, 'C2H4:0.01, O2:0.03, AR:0.96']",0.02143325629423254,True,True
A2 + H <=> A2- + H2,804,0.3,"[1286, 1.17, 'C2H4:0.01, O2:0.03, AR:0.96']",0.0049501451201415065,True,True
A2 + OH <=> A2- + H2O,805,0.3,"[1286, 1.17, 'C2H4:0.01, O2:0.03, AR:0.96']",0.0014833870550229758,True,True
A2 + OH => A1C2H + CH2CO + H,806,0.3,"[1286, 1.17, 'C2H4:0.01, O2:0.03, AR:0.96']",0.04228402216854492,True,True
A2 + CH3 <=> A2- + CH4,807,0.3,"[1286, 1.17, 'C2H4:0.01, O2:0.03, AR:0.96']",0.013440308298361826,True,True
A2 + C2H <=> A2- + C2H2,808,0.3,"[1286, 1.17, 'C2H4:0.01, O2:0.03, AR:0.96']",0.015242454374030477,True,True
A2 + C2H <=> A2C2H + H,809,0.3,"[1286, 1.17, 'C2H4:0.01, O2:0.03, AR:0.96']",0.012746468765248847,True,True
A2- + O2 => A1C2H + CO + HCO,810,0.3,"[1286, 1.17, 'C2H4:0.01, O2:0.03, AR:0.96']",0.030915311650342517,True,True
A2- + O => CO + INDENYL,811,0.3,"[1286, 1.17, 'C2H4:0.01, O2:0.03, AR:0.96']",0.007711415822426027,True,True
A2- + H <=> A2,812,0.3,"[1286, 1.17, 'C2H4:0.01, O2:0.03, AR:0.96']",0.014231285679948013,True,True
A2- + HO2 => CO + INDENYL + OH,813,0.3,"[1286, 1.17, 'C2H4:0.01, O2:0.03, AR:0.96']",0.009199564847018647,True,True
A2- + C2H2 <=> A2C2H + H,814,0.3,"[1286, 1.17, 'C2H4:0.01, O2:0.03, AR:0.96']",0.013716188721625321,True,True
A2C2H + H <=> A2C2H* + H2,815,0.3,"[1286, 1.17, 'C2H4:0.01, O2:0.03, AR:0.96']",0.011515980324399589,True,True
A2C2H + OH <=> A2- + CH2CO,816,0.3,"[1286, 1.17, 'C2H4:0.01, O2:0.03, AR:0.96']",0.00808891012093072,True,True
A2C2H + OH <=> A2C2H* + H2O,817,0.3,"[1286, 1.17, 'C2H4:0.01, O2:0.03, AR:0.96']",0.018977514780649667,True,True
H2CCCH + INDENYL => A2C2H + 2 H,818,0.3,"[1286, 1.17, 'C2H4:0.01, O2:0.03, AR:0.96']",0.007162541312145163,True,True
A2- + CH3 <=> A2CH3,819,0.3,"[1286, 1.17, 'C2H4:0.01, O2:0.03, AR:0.96']",0.005150742963045694,True,True
A2 + CH2 <=> A2CH3,820,0.3,"[1286, 1.17, 'C2H4:0.01, O2:0.03, AR:0.96']",0.009197600466849051,True,True
A2 + CH2(S) <=> A2CH3,821,0.3,"[1286, 1.17, 'C2H4:0.01, O2:0.03, AR:0.96']",0.013885974475095812,True,True
A2CH2 + H <=> A2CH3,822,0.3,"[1286, 1.17, 'C2H4:0.01, O2:0.03, AR:0.96']",0.008642857742144785,True,True
A2- + CH3 <=> A2CH2 + H,823,0.3,"[1286, 1.17, 'C2H4:0.01, O2:0.03, AR:0.96']",0.006992605171451888,True,True
A2CH3 + O2 <=> A2CH2 + HO2,824,0.3,"[1286, 1.17, 'C2H4:0.01, O2:0.03, AR:0.96']",0.035340819941021034,True,True
A2CH3 + O <=> A2CH2 + OH,825,0.3,"[1286, 1.17, 'C2H4:0.01, O2:0.03, AR:0.96']",0.010716646610272584,True,True
A2CH3 + H <=> A2CH2 + H2,826,0.3,"[1286, 1.17, 'C2H4:0.01, O2:0.03, AR:0.96']",0.005581471139352039,True,True
A2CH3 + H <=> A2 + CH3,827,0.3,"[1286, 1.17, 'C2H4:0.01, O2:0.03, AR:0.96']",0.001442331285984592,True,True
A2CH3 + OH <=> A2CH2 + H2O,828,0.3,"[1286, 1.17, 'C2H4:0.01, O2:0.03, AR:0.96']",0.04932186037150331,True,True
A2CH3 + HO2 <=> A2CH2 + H2O2,829,0.3,"[1286, 1.17, 'C2H4:0.01, O2:0.03, AR:0.96']",0.011965389245538152,True,True
A2CH3 + CH3 <=> A2CH2 + CH4,830,0.3,"[1286, 1.17, 'C2H4:0.01, O2:0.03, AR:0.96']",0.02282773962295197,True,True
A2- + A2CH3 <=> A2 + A2CH2,831,0.3,"[1286, 1.17, 'C2H4:0.01, O2:0.03, AR:0.96']",0.011995567504711431,True,True
A2CH2 + CH2 <=> A2C2H + H + H2,832,0.3,"[1286, 1.17, 'C2H4:0.01, O2:0.03, AR:0.96']",0.006155634849786931,True,True
A2CH2 + H2CCCH <=> A3 + 2 H,833,0.3,"[1286, 1.17, 'C2H4:0.01, O2:0.03, AR:0.96']",0.00977308293739058,True,True
A1C2H- + C4H4 <=> A2R5 + H,834,0.3,"[1286, 1.17, 'C2H4:0.01, O2:0.03, AR:0.96']",0.0040433314994473635,True,True
A1C2H3* + C4H2 <=> A2R5 + H,835,0.3,"[1286, 1.17, 'C2H4:0.01, O2:0.03, AR:0.96']",0.002295877667165366,True,True
C4H2 + n-C8H7 <=> A2R5 + H,836,0.3,"[1286, 1.17, 'C2H4:0.01, O2:0.03, AR:0.96']",0.017366021489742266,True,True
H2CCCH + INDENYL => A2R5 + 2 H,837,0.3,"[1286, 1.17, 'C2H4:0.01, O2:0.03, AR:0.96']",0.012336535260878677,True,True
H2CCCH + INDENE => A2R5 + H + H2,838,0.3,"[1286, 1.17, 'C2H4:0.01, O2:0.03, AR:0.96']",0.017358773754125218,True,True
H2CCCH + INDENYL <=> A2R5 + H2,839,0.3,"[1286, 1.17, 'C2H4:0.01, O2:0.03, AR:0.96']",0.03928585764869417,True,True
A2- + C2H2 <=> A2R5 + H,840,0.3,"[1286, 1.17, 'C2H4:0.01, O2:0.03, AR:0.96']",0.011655892789249805,True,True
A2C2H* + H <=> A2R5,841,0.3,"[1286, 1.17, 'C2H4:0.01, O2:0.03, AR:0.96']",0.0379089162049578,True,True
A2C2H + H <=> A2R5 + H,842,0.3,"[1286, 1.17, 'C2H4:0.01, O2:0.03, AR:0.96']",0.019787495841626236,True,True
A2R5- + H (+M) <=> A2R5 (+M),843,0.3,"[1286, 1.17, 'C2H4:0.01, O2:0.03, AR:0.96']",0.004563675116431918,True,True
A2R5 <=> A1C2H + C4H2,844,0.3,"[1286, 1.17, 'C2H4:0.01, O2:0.03, AR:0.96']",0.002667828379269291,True,True
A2R5 + O <=> A2R5- + OH,845,0.3,"[1286, 1.17, 'C2H4:0.01, O2:0.03, AR:0.96']",0.019811604807028958,True,True
A2R5 + O => A2- + HCCO,846,0.3,"[1286, 1.17, 'C2H4:0.01, O2:0.03, AR:0.96']",0.008554698512639998,True,True
A2R5 + H <=> A2R5- + H2,847,0.3,"[1286, 1.17, 'C2H4:0.01, O2:0.03, AR:0.96']",0.005881296492465337,True,True
A2R5 + OH <=> A2R5- + H2O,848,0.3,"[1286, 1.17, 'C2H4:0.01, O2:0.03, AR:0.96']",0.019858526908521662,True,True
A2R5 + OH <=> A2- + CH2CO,849,0.3,"[1286, 1.17, 'C2H4:0.01, O2:0.03, AR:0.96']",0.04069391186480251,True,True
A1- + A1C2H <=> A3 + H,850,0.3,"[1286, 1.17, 'C2H4:0.01, O2:0.03, AR:0.96']",0.007144756804610026,True,True
A1 + A1C2H- <=> A3 + H,851,0.3,"[1286, 1.17, 'C2H4:0.01, O2:0.03, AR:0.96']",0.01495695382664221,True,True
A2- + C4H4 <=> A3 + H,852,0.3,"[1286, 1.17, 'C2H4:0.01, O2:0.03, AR:0.96']",0.014382014454865902,True,True
A2- + C4H2 <=> A3-,853,0.3,"[1286, 1.17, 'C2H4:0.01, O2:0.03, AR:0.96']",0.019008030838192174,True,True
C2H2 + P2- <=> A3 + H,854,0.3,"[1286, 1.17, 'C2H4:0.01, O2:0.03, AR:0.96']",0.009869204397746236,True,True
A2C2H* + C2H2 <=> A3-,855,0.3,"[1286, 1.17, 'C2H4:0.01, O2:0.03, AR:0.96']",0.01568712550871247,True,True
A2R5- + C2H2 <=> A3-,856,0.3,"[1286, 1.17, 'C2H4:0.01, O2:0.03, AR:0.96']",0.0002710480616969269,True,True
A2R5 + C2H2 => A3,857,0.3,"[1286, 1.17, 'C2H4:0.01, O2:0.03, AR:0.96']",0.015039774465795653,True,True
A2 + C4H2 => A3,858,0.3,"[1286, 1.17, 'C2H4:0.01, O2:0.03, AR:0.96']",0.035059684427124135,True,True
A3 + O <=> A2C2H + CH2CO,859,0.3,"[1286, 1.17, 'C2H4:0.01, O2:0.03, AR:0.96']",0.0004916906416752477,True,True
A3 + O <=> A3- + OH,860,0.3,"[1286, 1.17, 'C2H4:0.01, O2:0.03, AR:0.96']",0.02453968002289782,True,True
A3 + O => HCCO + P2-,861,0.3,"[1286, 1.17, 'C2H4:0.01, O2:0.03, AR:0.96']",0.028409019865848102,True,True
A3 + H <=> A3- + H2,862,0.3,"[1286, 1.17, 'C2H4:0.01, O2:0.03, AR:0.96']",0.0009175134290868588,True,True
A3 + OH <=> A3- + H2O,863,0.3,"[1286, 1.17, 'C2H4:0.01, O2:0.03, AR:0.96']",0.0019347779786818235,True,True
A3 + OH => A2C2H + CH2CO + H,864,0.3,"[1286, 1.17, 'C2H4:0.01, O2:0.03, AR:0.96']",0.007256357543131809,True,True
A3 + OH <=> CH2CO + P2-,865,0.3,"[1286, 1.17, 'C2H4:0.01, O2:0.03, AR:0.96']",0.02538017266584947,True,True
A3 + CH3 <=> A3- + CH4,866,0.3,"[1286, 1.17, 'C2H4:0.01, O2:0.03, AR:0.96']",0.01943782189946118,True,True
A3 + C2H <=> A3C2H + H,867,0.3,"[1286, 1.17, 'C2H4:0.01, O2:0.03, AR:0.96']",0.01790223033301564,True,True
A3C2H + H <=> A3C2H* + H2,868,0.3,"[1286, 1.17, 'C2H4:0.01, O2:0.03, AR:0.96']",0.025028796844980494,True,True
A3C2H + OH <=> A3- + CH2CO,869,0.3,"[1286, 1.17, 'C2H4:0.01, O2:0.03, AR:0.96']",0.01038313102287178,True,True
A3- + O2 => A2R5 + CO + HCO,870,0.3,"[1286, 1.17, 'C2H4:0.01, O2:0.03, AR:0.96']",0.008196150636507629,True,True
A3- + H <=> A3,871,0.3,"[1286, 1.17, 'C2H4:0.01, O2:0.03, AR:0.96']",0.005482055942676497,True,True
A3- + C2H2 <=> A3C2H + H,872,0.3,"[1286, 1.17, 'C2H4:0.01, O2:0.03, AR:0.96']",0.01717065643333102,True,True
A3 + CH2 <=> A3CH3,873,0.3,"[1286, 1.17, 'C2H4:0.01, O2:0.03, AR:0.96']",0.032502325075747386,True,True
A3 + CH2(S) <=> A3CH3,874,0.3,"[1286, 1.17, 'C2H4:0.01, O2:0.03, AR:0.96']",0.0018538150659427812,True,True
A3CH2 + H <=> A3- + CH3,875,0.3,"[1286, 1.17, 'C2H4:0.01, O2:0.03, AR:0.96']",0.005100633328267248,True,True
A3CH3 <=> A3CH2 + H,876,0.3,"[1286, 1.17, 'C2H4:0.01, O2:0.03, AR:0.96']",0.010908355617009903,True,True
A3CH3 + O2 <=> A3CH2 + HO2,877,0.3,"[1286, 1.17, 'C2H4:0.01, O2:0.03, AR:0.96']",0.0072888631567160035,True,True
A3CH3 + O <=> A3CH2 + OH,878,0.3,"[1286, 1.17, 'C2H4:0.01, O2:0.03, AR:0.96']",0.004480807116230219,True,True
A3CH2 + O <=> A3- + CH2O,879,0.3,"[1286, 1.17, 'C2H4:0.01, O2:0.03, AR:0.96']",0.031490813756658645,True,True
A3CH3 + H <=> A3CH2 + H2,880,0.3,"[1286, 1.17, 'C2H4:0.01, O2:0.03, AR:0.96']",0.03087867552836123,True,True
A3CH3 + H <=> A3 + CH3,881,0.3,"[1286, 1.17, 'C2H4:0.01, O2:0.03, AR:0.96']",0.024499250087916872,True,True
A3CH3 + OH <=> A3CH2 + H2O,882,0.3,"[1286, 1.17, 'C2H4:0.01, O2:0.03, AR:0.96']",0.007293675573597417,True,True
A3CH3 + HO2 <=> A3CH2 + H2O2,883,0.3,"[1286, 1.17, 'C2H4:0.01, O2:0.03, AR:0.96']",0.012529498087387406,True,True
A3CH3 + CH3 <=> A3CH2 + CH4,884,0.3,"[1286, 1.17, 'C2H4:0.01, O2:0.03, AR:0.96']",0.004236171680083669,True,True
A3CH2 + HO2 => A3- + CH2O + OH,885,0.3,"[1286, 1.17, 'C2H4:0.01, O2:0.03, AR:0.96']",0.007014193268140768,True,True
A3CH2 + CH2 <=> A4 + H + H2,886,0.3,"[1286, 1.17, 'C2H4:0.01, O2:0.03, AR:0.96']",0.007708018827892975,True,True
A2R5 + C4H2 => A4,887,0.3,"[1286, 1.17, 'C2H4:0.01, O2:0.03, AR:0.96']",0.011609401126187049,True,True
A1C2H + A1C2H- <=> A4 + H,888,0.3,"[1286, 1.17, 'C2H4:0.01, O2:0.03, AR:0.96']",0.003166794774988652,True,True
A1C2H + n-C8H7 => A4 + H + H2,889,0.3,"[1286, 1.17, 'C2H4:0.01, O2:0.03, AR:0.96']",0.01520842697696464,True,True
A1C2H + A1C2H3* => A4 + H + H2,890,0.3,"[1286, 1.17, 'C2H4:0.01, O2:0.03, AR:0.96']",0.000362828225972515,True,True
C7H7 + INDENYL => A4 + 2 H2,891,0.3,"[1286, 1.17, 'C2H4:0.01, O2:0.03, AR:0.96']",0.011581578923657571,True,True
2 INDENYL => A4 + C2H2 + H2,892,0.3,"[1286, 1.17, 'C2H4:0.01, O2:0.03, AR:0.96']",0.03128579861487255,True,True
A2 + C6H <=> A4-,893,0.3,"[1286, 1.17, 'C2H4:0.01, O2:0.03, AR:0.96']",0.005435936835617508,True,True
A1- + A2 <=> A4 + H + H2,894,0.3,"[1286, 1.17, 'C2H4:0.01, O2:0.03, AR:0.96']",0.018592791709531282,True,True
A1 + A2- <=> A4 + H + H2,895,0.3,"[1286, 1.17, 'C2H4:0.01, O2:0.03, AR:0.96']",0.02369685587868176,True,True
A1- + A2- => A4 + H2,896,0.3,"[1286, 1.17, 'C2H4:0.01, O2:0.03, AR:0.96']",0.009104543817811148,True,True
A2- + C6H2 <=> A4-,897,0.3,"[1286, 1.17, 'C2H4:0.01, O2:0.03, AR:0.96']",0.004303556042182191,True,True
A2C2H* + C4H4 <=> A4 + H,898,0.3,"[1286, 1.17, 'C2H4:0.01, O2:0.03, AR:0.96']",0.015746376105613375,True,True
A2R5- + C4H2 => A4-,899,0.3,"[1286, 1.17, 'C2H4:0.01, O2:0.03, AR:0.96']",0.04406077928853264,True,True
A2R5- + H2CCCCH <=> A4,900,0.3,"[1286, 1.17, 'C2H4:0.01, O2:0.03, AR:0.96']",0.009075057385154623,True,True
A3- + C2H2 <=> A4 + H,901,0.3,"[1286, 1.17, 'C2H4:0.01, O2:0.03, AR:0.96']",0.018807993721221748,True,True
A3C2H + H <=> A4 + H,902,0.3,"[1286, 1.17, 'C2H4:0.01, O2:0.03, AR:0.96']",0.0010221042356068919,True,True
A4 + O <=> A3- + HCCO,903,0.3,"[1286, 1.17, 'C2H4:0.01, O2:0.03, AR:0.96']",0.01881480352327907,True,True
A4 + H <=> A4- + H2,904,0.3,"[1286, 1.17, 'C2H4:0.01, O2:0.03, AR:0.96']",0.024633413788925643,True,True
A4 + OH <=> A4- + H2O,905,0.3,"[1286, 1.17, 'C2H4:0.01, O2:0.03, AR:0.96']",0.005061393062068331,True,True
A4 + OH <=> A3- + CH2CO,906,0.3,"[1286, 1.17, 'C2H4:0.01, O2:0.03, AR:0.96']",0.008307638276327797,True,True
A4 + CH3 <=> A4- + CH4,907,0.3,"[1286, 1.17, 'C2H4:0.01, O2:0.03, AR:0.96']",0.007197754682275979,True,True
A4- + O2 <=> A3- + 2 CO,908,0.3,"[1286, 1.17, 'C2H4:0.01, O2:0.03, AR:0.96']",0.003718583405919907,True,True
A4- + H <=> A4,909,0.3,"[1286, 1.17, 'C2H4:0.01, O2:0.03, AR:0.96']",0.02296150372106461,True,True
A4- + C2H2 <=> A4C2H + H,910,0.3,"[1286, 1.17, 'C2H4:0.01, O2:0.03, AR:0.96']",0.034366661428759354,True,True
A4C2H + H <=> A4C2H* + H2,911,0.3,"[1286, 1.17, 'C2H4:0.01, O2:0.03, AR:0.96']",0.019140943131732365,True,True
A4C2H + H <=> BGHIF + H,912,0.3,"[1286, 1.17, 'C2H4:0.01, O2:0.03, AR:0.96']",0.02738112406872122,True,True
A4C2H* + H <=> BGHIF,913,0.3,"[1286, 1.17, 'C2H4:0.01, O2:0.03, AR:0.96']",0.0015309004280841764,True,True
C6H + P2 <=> C18H11,914,0.3,"[1286, 1.17, 'C2H4:0.01, O2:0.03, AR:0.96']",0.020660451530931427,True,True
C6H2 + P2- <=> BGHIF + H,915,0.3,"[1286, 1.17, 'C2H4:0.01, O2:0.03, AR:0.96']",0.027355153377963123,True,True
C6H2 + P2- <=> C18H11,916,0.3,"[1286, 1.17, 'C2H4:0.01, O2:0.03, AR:0.96']",0.01758969437584318,True,True
A3- + C4H4 <=> C18H12 + H,917,0.3,"[1286, 1.17, 'C2H4:0.01, O2:0.03, AR:0.96']",0.027495372100731753,True,True
A3C2H* + C2H2 <=> BGHIF + H,918,0.3,"[1286, 1.17, 'C2H4:0.01, O2:0.03, AR:0.96']",0.021739390386140894,True,True
A1C2H- + A2 => BGHIF + H + H2,919,0.3,"[1286, 1.17, 'C2H4:0.01, O2:0.03, AR:0.96']",0.0070205744550844015,True,True
A1C2H + A2- => BGHIF + H + H2,920,0.3,"[1286, 1.17, 'C2H4:0.01, O2:0.03, AR:0.96']",0.0159105120953754,True,True
INDENE + INDENYL => C18H12 + H + H2,921,0.3,"[1286, 1.17, 'C2H4:0.01, O2:0.03, AR:0.96']",0.0061819594675785435,True,True
2 INDENYL => BGHIF + 2 H2,922,0.3,"[1286, 1.17, 'C2H4:0.01, O2:0.03, AR:0.96']",0.024543189523490744,True,True
A1- + A2C2H <=> C18H12 + H,923,0.3,"[1286, 1.17, 'C2H4:0.01, O2:0.03, AR:0.96']",0.027147770922371254,True,True
A1 + A2C2H* <=> C18H12 + H,924,0.3,"[1286, 1.17, 'C2H4:0.01, O2:0.03, AR:0.96']",0.0033210630591802934,True,True
A1 + A2R5- => BGHIF + H + H2,925,0.3,"[1286, 1.17, 'C2H4:0.01, O2:0.03, AR:0.96']",0.013033136544448522,True,True
A3C2H* + C4H4 <=> BAPYR + H,926,0.3,"[1286, 1.17, 'C2H4:0.01, O2:0.03, AR:0.96']",0.0011691597489598717,True,True
A4- + C4H4 <=> BAPYR + H,927,0.3,"[1286, 1.17, 'C2H4:0.01, O2:0.03, AR:0.96']",0.04423494568488219,True,True
A4C2H* + C2H2 <=> BAPYR*S,928,0.3,"[1286, 1.17, 'C2H4:0.01, O2:0.03, AR:0.96']",0.013822040445733614,True,True
BAPYR*S + H <=> BAPYR,929,0.3,"[1286, 1.17, 'C2H4:0.01, O2:0.03, AR:0.96']",0.014088538965822111,True,True
A1C2H- + P2 => BAPYR + H + H2,930,0.3,"[1286, 1.17, 'C2H4:0.01, O2:0.03, AR:0.96']",0.0029559583846442907,True,True
A1C2H3* + P2- => BAPYR + 2 H2,931,0.3,"[1286, 1.17, 'C2H4:0.01, O2:0.03, AR:0.96']",0.001289669201150385,True,True
P2- + n-C8H7 => BAPYR + 2 H2,932,0.3,"[1286, 1.17, 'C2H4:0.01, O2:0.03, AR:0.96']",0.015099712958470738,True,True
A1C2H- + A2R5- <=> BAPYR,933,0.3,"[1286, 1.17, 'C2H4:0.01, O2:0.03, AR:0.96']",0.0017736339261203665,True,True
A1C2H- + A2R5 <=> BAPYR + H,934,0.3,"[1286, 1.17, 'C2H4:0.01, O2:0.03, AR:0.96']",0.017678070506203722,True,True
A1C2H + A2R5- <=> BAPYR + H,935,0.3,"[1286, 1.17, 'C2H4:0.01, O2:0.03, AR:0.96']",0.030406281863885467,True,True
C18H11 + O2 => A4 + CO + HCO,936,0.3,"[1286, 1.17, 'C2H4:0.01, O2:0.03, AR:0.96']",0.007001581662487617,True,True
C18H11 + H <=> BGHIF + H2,937,0.3,"[1286, 1.17, 'C2H4:0.01, O2:0.03, AR:0.96']",0.016659380560332886,True,True
C18H11 + C2H => BAPYR,938,0.3,"[1286, 1.17, 'C2H4:0.01, O2:0.03, AR:0.96']",0.028209614699975766,True,True
C18H11 + C2H2 <=> BAPYR + H,939,0.3,"[1286, 1.17, 'C2H4:0.01, O2:0.03, AR:0.96']",0.017540451897092905,True,True
C18H12 + O <=> C18H11 + OH,940,0.3,"[1286, 1.17, 'C2H4:0.01, O2:0.03, AR:0.96']",0.014539837103359802,True,True
C18H12 + H <=> C18H11 + H2,941,0.3,"[1286, 1.17, 'C2H4:0.01, O2:0.03, AR:0.96']",0.013052790084405349,True,True
C18H12 + OH <=> C18H11 + H2O,942,0.3,"[1286, 1.17, 'C2H4:0.01, O2:0.03, AR:0.96']",0.006068441258585106,True,True
BGHIF + O <=> A4- + HCCO,943,0.3,"[1286, 1.17, 'C2H4:0.01, O2:0.03, AR:0.96']",0.02554172824197911,True,True
BGHIF + OH <=> A4- + CH2CO,944,0.3,"[1286, 1.17, 'C2H4:0.01, O2:0.03, AR:0.96']",0.003167792534209641,True,True
BAPYR*S + O2 => BGHIF + CO + HCO,945,0.3,"[1286, 1.17, 'C2H4:0.01, O2:0.03, AR:0.96']",0.003945391522065387,True,True
A4 + C4H2 => BAPYR,946,0.3,"[1286, 1.17, 'C2H4:0.01, O2:0.03, AR:0.96']",0.010964115399833167,True,True
BAPYR + O <=> C18H11 + HCCO,947,0.3,"[1286, 1.17, 'C2H4:0.01, O2:0.03, AR:0.96']",0.02395526935157124,True,True
BAPYR + OH => C18H11 + CH2CO,948,0.3,"[1286, 1.17, 'C2H4:0.01, O2:0.03, AR:0.96']",0.02221435896246481,True,True
2 C5H5 => A2 + 2 H,949,0.3,"[1286, 1.17, 'C2H4:0.01, O2:0.03, AR:0.96']",0.01995227931597828,True,False
2 C5H5 => A2 + 2 H,949,0.3,"[1286, 1.17, 'C2H4:0.01, O2:0.03, AR:0.96']",0.02057107393409262,True,False
C5H5 + H2CCCH <=> A1C2H3,951,0.3,"[1286, 1.17, 'C2H4:0.01, O2:0.03, AR:0.96']",0.012922805993356781,True,True
C5H5 + H2CCCCH <=> INDENE,952,0.3,"[1286, 1.17, 'C2H4:0.01, O2:0.03, AR:0.96']",0.0068762132543960025,True,True
2 C5H5 <=> CH3 + INDENYL,953,0.3,"[1286, 1.17, 'C2H4:0.01, O2:0.03, AR:0.96']",0.016757786752693554,True,True
C5H6 + CH3 <=> C5H5 + CH4,954,0.3,"[1286, 1.17, 'C2H4:0.01, O2:0.03, AR:0.96']",0.007482948330115995,True,True
C5H5 + C5H6 <=> CH3 + INDENE,955,0.3,"[1286, 1.17, 'C2H4:0.01, O2:0.03, AR:0.96']",0.010549158276522,True,True
A1C2H- + n-C8H7 => A4 + 2 H,956,0.3,"[1286, 1.17, 'C2H4:0.01, O2:0.03, AR:0.96']",0.028819053434222527,True,True
C5H5 + INDENYL => A3 + 2 H,957,0.3,"[1286, 1.17, 'C2H4:0.01, O2:0.03, AR:0.96']",0.011162463424998903,True,True
2 INDENYL => C18H12 + 2 H,958,0.3,"[1286, 1.17, 'C2H4:0.01, O2:0.03, AR:0.96']",0.010644028041256888,True,True
A1C2H- + A1C2H3* <=> A4 + 2 H,959,0.3,"[1286, 1.17, 'C2H4:0.01, O2:0.03, AR:0.96']",0.011954075235837264,True,True
A2C2H* + n-C8H7 <=> BAPYR + 2 H,960,0.3,"[1286, 1.17, 'C2H4:0.01, O2:0.03, AR:0.96']",0.020523926361831715,True,True
A1C2H3* + A2C2H* <=> BAPYR + 2 H,961,0.3,"[1286, 1.17, 'C2H4:0.01, O2:0.03, AR:0.96']",0.014217539434368608,True,True
A1- + A2R5- => BGHIF + 2 H,962,0.3,"[1286, 1.17, 'C2H4:0.01, O2:0.03, AR:0.96']",0.004482901213084885,True,True
A1C2H- + P2- => BAPYR + 2 H,963,0.3,"[1286, 1.17, 'C2H4:0.01, O2:0.03, AR:0.96']",0.012802688028682275,True,True
A1C2H3 + CH3 <=> A1C2H3* + CH4,964,0.3,"[1286, 1.17, 'C2H4:0.01, O2:0.03, AR:0.96']",0.00571876649842124,True,True
A2R5 + CH3 <=> A2R5- + CH4,965,0.3,"[1286, 1.17, 'C2H4:0.01, O2:0.03, AR:0.96']",0.01979180429100779,True,True
CH3 + P2 <=> CH4 + P2-,966,0.3,"[1286, 1.17, 'C2H4:0.01, O2:0.03, AR:0.96']",0.02177204898433628,True,True
A1 + O <=> C5H6 + CO,967,0.3,"[1286, 1.17, 'C2H4:0.01, O2:0.03, AR:0.96']",0.036010039764719046,True,True
A2R5 + OH => A2 + HCCO,968,0.3,"[1286, 1.17, 'C2H4:0.01, O2:0.03, AR:0.96']",0.009261856540488299,True,True
A1C2H3* + CH3 <=> H2 + INDENE,969,0.3,"[1286, 1.17, 'C2H4:0.01, O2:0.03, AR:0.96']",0.010260397845644347,True,True
C7H7 + CH3 <=> A1C2H3 + H2,970,0.3,"[1286, 1.17, 'C2H4:0.01, O2:0.03, AR:0.96']",0.015053302336975594,True,True
