,mu,mu_star,sigma,mu_star_conf
2 O + M <=> O2 + M,-1.6474548897802554e-07,2.3923080171553606e-07,3.1589229424387404e-07,1.7375003543370503e-07
H + O2 (+M) <=> HO2 (+M),7.968591968711912e-07,8.389364640720956e-07,1.4564300382058278e-06,1.075441063350264e-06
HO2 + O <=> O2 + OH,-3.61583370392214e-08,1.4351626642820844e-07,1.7747935082016016e-07,6.251352691092063e-08
H + HO2 <=> 2 OH,-7.268038700453436e-06,7.268038700453436e-06,7.832450485246178e-06,5.927088434081605e-06
H + O + M <=> OH + M,5.3022491792685657e-08,4.5067975263073854e-07,6.515691434401679e-07,3.3102134475418645e-07
H + O2 <=> O + OH,-0.00010058226591375339,0.00010058226591375339,3.395519677328316e-05,2.8154316382219483e-05
H + HO2 <=> H2 + O2,1.0159595049036689e-05,1.0345290046140856e-05,1.0498373626143528e-05,7.242503570808442e-06
H2 + O <=> H + OH,-1.5946044371446883e-06,4.857337695559278e-06,,5.559642874036596e-06
2 H + M <=> H2 + M,2.5856388494278633e-07,2.6684971246809137e-07,2.2052800572426952e-07,1.5480467585050846e-07
2 H + H <=> H2 + H,-7.881563681160668e-08,2.714074910216107e-07,4.565394859192364e-07,2.570334180354294e-07
2 H + N2 <=> H2 + N2,0.0,0.0,0.0,0.0
2 H + H2 <=> H2 + H2,-9.175930863858277e-08,1.5292088516741532e-07,1.6419464287284823e-07,7.058506070769101e-08
2 H + AR <=> H2 + AR,3.5157743788779185e-07,3.5157743788779185e-07,3.1688118366282437e-07,2.3247526667800594e-07
H2 + O2 <=> 2 OH,-2.746251946316251e-07,2.746251946316251e-07,3.0467665146741075e-07,2.2258051513419002e-07
2 HO2 <=> H2O2 + O2,-4.851905089446856e-08,3.1455427666200037e-07,,1.2580599255403367e-07
H2O2 + O <=> HO2 + OH,6.792794636023701e-08,1.6968495201834052e-07,1.869435970326586e-07,5.8404107472178936e-08
H + H2O2 <=> H2 + HO2,1.1623490013310764e-07,3.3444993709985864e-07,4.2445583556658326e-07,1.9807102986539067e-07
2 OH (+M) <=> H2O2 (+M),-6.181021290231169e-07,6.181021290231169e-07,2.8809320383414635e-07,2.332618028181385e-07
H2O2 + OH <=> H2O + HO2,3.071570026691625e-07,4.294758354090831e-07,,3.2869993749239715e-07
HO2 + OH <=> H2O + O2,4.6045667186474446e-08,5.248956329369111e-07,,1.823155692542704e-07
2 OH <=> H2O + O,5.217012495970094e-08,3.275809141730897e-07,5.13247757090082e-07,3.076139992338483e-07
H + H2O2 <=> H2O + OH,-8.267394052206264e-08,2.4397871010367543e-07,2.894206640288887e-07,1.1630694918799201e-07
H + HO2 <=> H2O + O,2.3023512468080125e-07,3.0842085540061496e-07,3.3683236087146235e-07,1.946111262398733e-07
H + OH (+M) <=> H2O (+M),-3.121339561080723e-07,4.746575730337995e-07,4.6797325927589927e-07,1.7487250126600874e-07
H2 + OH <=> H + H2O,-7.025999481222731e-06,7.025999481222731e-06,5.439998172952472e-06,4.154805277103984e-06
2 H + H2O <=> H2 + H2O,5.245505226314047e-07,5.245505226314047e-07,5.510539554878375e-07,4.4710550931200575e-07
C + OH <=> CO + H,-3.9017321409392806e-08,1.3964767542202e-07,1.8489655655655255e-07,9.368717477631906e-08
C + O2 <=> CO + O,2.586516454494993e-07,3.990334529383287e-07,5.766772809795793e-07,3.866234077554856e-07
CO + HO2 <=> CO2 + OH,-2.1091424459304069e-07,3.7731250117322274e-07,4.490457867208555e-07,1.9591947482956958e-07
CO + O (+M) <=> CO2 (+M),-1.4644608412826538e-07,1.8709433880989566e-07,2.4530241934435197e-07,1.5778341586087598e-07
CO + OH <=> CO2 + H,-6.087359836870246e-08,2.97909472401347e-07,,2.7764597807216146e-07
CO + O2 <=> CO2 + O,-1.3104146074876507e-07,2.407789248071919e-07,2.8339325917745686e-07,1.273788753199843e-07
CH + H <=> C + H2,2.9653165007249165e-07,3.683698209688577e-07,5.201861662455453e-07,4.2636970874142697e-07
CH + O <=> CO + H,3.2960008622558746e-07,4.5140472405406195e-07,6.078161841901237e-07,3.8607500026339087e-07
CH + O2 <=> CO2 + H,-1.0830031198112496e-07,1.8178055257497202e-07,2.0139888344817436e-07,8.245042448469761e-08
CH + O2 <=> CO + OH,-2.7905315659326474e-08,2.7975597913810087e-07,4.0880473151545816e-07,1.9630852122493952e-07
CH + OH <=> H + HCO,-1.986518554092472e-07,1.986518554092472e-07,2.106802224423369e-07,1.778600936377053e-07
CH + CO2 <=> CO + HCO,-1.201841145815507e-07,1.5073760207272616e-07,1.3657637309907426e-07,7.765173568152925e-08
HCO + M <=> CO + H + M,-1.6921063905863958e-05,1.6921063905863958e-05,1.0353613308215903e-05,7.183659729420269e-06
HCO + HO2 <=> CO2 + H + OH,-1.0351394941467764e-07,5.895207662952261e-07,7.895511318198231e-07,3.4138636736239396e-07
HCO + OH <=> CO + H2O,1.5632432878507456e-06,1.5632432878507456e-06,1.5551229664180366e-06,1.147601781544419e-06
HCO + O <=> CO2 + H,-3.923131902156294e-08,2.1145058535086583e-07,3.297970242678845e-07,1.7911603080046798e-07
HCO + O <=> CO + OH,-9.751172769415387e-08,3.97794173164583e-07,5.8667034049563e-07,3.0408686663737533e-07
H + HCO <=> CO + H2,2.3616635165829077e-06,2.3616635165829077e-06,1.0405052165823327e-06,9.322318083502198e-07
HCO + O2 <=> CO2 + OH,-7.653955094879903e-07,7.653955094879903e-07,6.646476638039828e-07,4.7391647789468165e-07
HCO + O2 <=> CO + HO2,6.364801906608226e-06,6.364801906608226e-06,3.0101365820511677e-06,2.477145019536217e-06
CH2 + O <=> CO + H2,4.859485705465026e-07,4.859485705465026e-07,5.853614335711439e-07,4.965383792338986e-07
CH2 + O <=> CO + 2 H,-1.9600559847816586e-07,2.14623816457838e-07,1.7534986550636522e-07,1.0565718188907502e-07
CH2 + H <=> CH + H2,-2.1477969306637854e-08,1.8247197534688967e-07,2.768394877576535e-07,1.3269987430028436e-07
CH2 + O2 <=> CO + H2O,2.0347391449582927e-06,2.0347391449582927e-06,2.8225653738152814e-06,2.1647320830768075e-06
CH2 + O2 <=> CO + H + OH,-2.631550622874643e-06,2.631550622874643e-06,7.745424681786972e-07,6.420483515156678e-07
CH2 + O2 <=> CO2 + 2 H,-4.149491728219356e-06,4.149491728219356e-06,2.980764547990805e-06,2.3187200150910554e-06
CH2 + O2 <=> CO2 + H2,2.3230526279764715e-06,2.3230526279764715e-06,7.579819579659555e-07,6.036407323103775e-07
CH2(S) + M <=> CH2 + M,3.1517736108848223e-07,6.412384050570716e-07,7.524490917405613e-07,3.6890559439376576e-07
CH2(S) + H <=> CH2 + H,-1.3377687415583296e-08,4.408490151181513e-07,5.523327997422249e-07,2.0359441964252253e-07
CH2(S) + O2 <=> CO + H + OH,-2.9721011042541633e-06,2.9721011042541633e-06,2.8583251025016324e-06,2.3642595009273787e-06
2 HCO <=> CH2O + CO,6.014146379851775e-08,3.600713366029503e-07,4.974821250801093e-07,2.5261162475313416e-07
CH2 + OH <=> CH2O + H,1.929381473080258e-07,1.929381473080258e-07,9.357514566406421e-08,6.716523167158598e-08
H + HCO (+M) <=> CH2O (+M),-2.0091969784124974e-07,3.0541300929716006e-07,3.971386515602174e-07,2.200023134850516e-07
CO + H2 (+M) <=> CH2O (+M),-9.72261891573996e-08,2.9834627341917384e-07,3.9421418369027517e-07,2.0382012684479055e-07
CH2O + HO2 <=> H2O2 + HCO,1.2997442143579884e-07,3.931051547571306e-07,4.968952862548937e-07,2.00413400090008e-07
CH2O + OH <=> H2O + HCO,-1.306318585441452e-07,1.0168455967893381e-06,1.4056804993837862e-06,6.774058200802662e-07
CH2O + O <=> HCO + OH,-1.918950889252561e-06,1.939796882736457e-06,2.1780970910907317e-06,1.4962873273025388e-06
CH + CH2O <=> CH2 + HCO,-1.7011356752880307e-07,1.7011356752880307e-07,1.5717794284344588e-07,1.2669557889391616e-07
CH2O + H <=> H2 + HCO,1.4437168984207938e-06,1.4437168984207938e-06,8.783992002099197e-07,7.595012144390566e-07
CH2 + CO2 <=> CH2O + CO,-1.7906305364261126e-07,3.5815865339029945e-07,3.88171215748702e-07,1.290420459877138e-07
CH2 + O2 <=> CH2O + O,4.2662792414919113e-07,9.66178191378364e-07,1.3082408483833074e-06,7.044834004263993e-07
CH2O + O2 <=> HCO + HO2,1.0361544878811617e-07,3.6406816643471533e-07,5.536117830545049e-07,2.6110263401108835e-07
CH2O + CH3 <=> CH4 + HCO,-5.397117508189847e-07,9.056041556411019e-07,1.6689680992780166e-06,1.0037639706041566e-06
CH3 + H <=> CH2 + H2,3.2948818597578516e-08,1.87878284963732e-07,2.3008296552569534e-07,7.218536271000374e-08
CH3 + M <=> CH2 + H + M,2.3753050078872568e-07,4.1525351584734615e-07,4.1075434947953907e-07,1.1915048680701917e-07
CH3 + OH <=> CH2(S) + H2O,-3.94920676823875e-06,3.94920676823875e-06,3.499606385371216e-06,3.051444265116739e-06
CH3 + O <=> CH2O + H,3.066337135011743e-06,3.2153586328564643e-06,4.000264187502357e-06,3.1645548199795935e-06
CH2 + HCO <=> CH3 + CO,-1.323663576969551e-07,3.1135282368822503e-07,3.95226564767407e-07,1.7361924454274102e-07
CH3 + O2 <=> CH2O + OH,-1.0283698137262298e-06,1.0283698137262298e-06,1.1122700853443864e-06,8.816423841092656e-07
CH2(S) + H2 <=> CH3 + H,1.943362915056437e-07,3.0702715940993656e-07,3.287367753960655e-07,1.5601293326471477e-07
CH3O + CO <=> CH3 + CO2,1.9076172925553223e-07,2.338274257116126e-07,3.0925875690851117e-07,2.0340765353458177e-07
CH3O + HO2 <=> CH2O + H2O2,3.421533065391267e-07,4.1275709683413353e-07,3.14749487112608e-07,1.3862525586166492e-07
CH3O + H <=> CH2(S) + H2O,3.541125225757354e-07,4.6632678674222126e-07,7.018670315198736e-07,4.793264976535856e-07
CH2O + H (+M) <=> CH3O (+M),-3.9562687854777966e-07,5.908583495683904e-07,9.458664410583549e-07,6.345074787344349e-07
CH3 + OH <=> CH3O + H,-2.788579815397288e-07,2.788579815397288e-07,2.193041819537952e-07,1.7742913002197602e-07
CH3 + O2 <=> CH3O + O,6.417538859019095e-08,1.9864170593056133e-07,2.391481638998463e-07,8.168184514417972e-08
CH3O + OH <=> CH2O + H2O,-6.829326844233778e-08,3.1318294229069777e-07,3.4929203638052336e-07,5.911676337535136e-08
CH3O + O <=> CH2O + OH,4.78138310820348e-08,3.251579767763271e-07,3.987619143017413e-07,1.395931736280147e-07
CH3 + HO2 <=> CH3O + OH,-1.1917819650331197e-07,1.9546331113090605e-07,2.963128338304834e-07,2.197137094934234e-07
CH3O + H <=> CH2O + H2,3.0036737584719857e-09,4.846378192708162e-07,5.791508513600173e-07,1.4600370292557703e-07
CH3O + O2 <=> CH2O + HO2,-5.8423012413294503e-08,3.2138250422179464e-07,5.007646359910334e-07,2.548812805731743e-07
CH2OH + HCO <=> 2 CH2O,1.8270476160520327e-07,3.189416884570199e-07,3.6300467722294255e-07,1.736318903667841e-07
CH2 + CH2OH <=> CH2O + CH3,-1.7216788671130496e-07,2.6543980333231644e-07,2.881585170482506e-07,1.4024839558359154e-07
CH2OH + H <=> CH2(S) + H2O,-1.6444153063252454e-08,4.775533617581743e-07,6.620496884115475e-07,3.0782228683348994e-07
CH3O + H <=> CH2OH + H,1.0443895924470403e-07,1.490632157355306e-07,1.5001552365416254e-07,7.123457568638669e-08
CH2O + H (+M) <=> CH2OH (+M),-7.733561788890902e-07,8.273981368658198e-07,6.594334584733637e-07,4.5363109990752855e-07
CH2OH + OH <=> CH2O + H2O,2.823184845913976e-07,2.823184845913976e-07,9.791492856532225e-08,7.144625788246188e-08
CH2OH + O <=> CH2O + OH,-2.4050408600676776e-07,4.369429407829795e-07,4.795886996912197e-07,2.0472316638988852e-07
CH2OH + H <=> CH2O + H2,2.2809513428497313e-07,2.4371877704425024e-07,2.554861043048657e-07,2.0818441881213936e-07
CH2OH + H <=> CH3 + OH,-9.623320728691773e-08,1.7706587450294704e-07,2.1323241143304622e-07,1.1008168976472112e-07
CH2OH + O2 <=> CH2O + HO2,1.0449293276383546e-07,3.284999331979619e-07,4.1162301894409717e-07,1.476486860553558e-07
CH3 + CH3O <=> CH2O + CH4,-6.515476801334676e-09,2.2150316061980852e-07,2.6478310086558275e-07,7.034406033781133e-08
CH2OH + CH3 <=> CH2O + CH4,-1.3850114489126876e-10,1.866375972507466e-07,2.32568576782519e-07,7.518642070859545e-08
CH4 + HO2 <=> CH3 + H2O2,1.892973284057191e-08,3.067507535313313e-07,3.8321470724891305e-07,1.3328500194511375e-07
CH3 + H (+M) <=> CH4 (+M),-2.334133279726199e-08,2.9778068645156127e-07,4.4154197669524516e-07,1.946712012340141e-07
CH3 + HCO <=> CH4 + CO,1.4913234300866806e-06,1.4913234300866806e-06,1.7832929064279285e-06,1.5851806150946354e-06
CH4 + OH <=> CH3 + H2O,8.026228360067523e-07,8.026228360067523e-07,5.374263137865292e-07,3.9540971921325897e-07
CH4 + O <=> CH3 + OH,2.1397735599294854e-07,2.407486950233892e-07,2.729842856365053e-07,1.8039819539121598e-07
CH2(S) + CH4 <=> 2 CH3,1.7077900581878194e-08,1.8054320560983302e-07,2.2894629083184145e-07,8.728690024831944e-08
CH2 + CH4 <=> 2 CH3,-2.3921390761796095e-07,2.3921390761796095e-07,1.6509916404307763e-07,1.3081993198284567e-07
CH4 + H <=> CH3 + H2,1.7163778924878135e-06,1.9566630765844084e-06,2.612582305506143e-06,1.6924907279570016e-06
C + CH4 <=> CH + CH3,-3.053576548904003e-07,5.253927930542984e-07,6.001267030489151e-07,2.8005495004552313e-07
CH4 + O2 <=> CH3 + HO2,-2.7783471181969717e-07,2.7783471181969717e-07,2.5940272681826596e-07,1.9561288228780077e-07
CH3OH + O2 <=> CH2OH + HO2,2.213749990814035e-07,4.4352871968414503e-07,5.565204355234934e-07,2.865825446738307e-07
CH3OH + O <=> CH3O + OH,4.823763647692246e-08,1.8176545873606338e-07,2.156025295820805e-07,6.908059236392696e-08
CH3OH + O <=> CH2OH + OH,-1.3753486472707686e-07,2.433938800529146e-07,3.3806520101164545e-07,1.7755948317007428e-07
CH3OH + M <=> CH2(S) + H2O + M,-1.3492252145750879e-09,2.630462410948291e-07,3.7662329661316714e-07,1.9224465910279226e-07
CH2OH + CH3O <=> CH2O + CH3OH,2.509125896133659e-07,4.103505631160284e-07,5.409621541671524e-07,3.0467158548713243e-07
CH2O + CH2OH <=> CH3OH + HCO,4.366197256039463e-07,4.366197256039463e-07,6.691828871068157e-07,5.305143970096698e-07
CH2OH + HCO <=> CH3OH + CO,6.738174942725848e-08,2.9586068277505255e-07,3.4922241951187544e-07,1.0390224533302813e-07
2 CH2OH <=> CH2O + CH3OH,-1.9523227570551225e-07,2.72452363555083e-07,3.153535482180806e-07,1.9507684134132842e-07
CH2O + CH3O <=> CH3OH + HCO,-2.425996717504543e-07,2.521055264369414e-07,3.746518961578665e-07,2.7037610691157106e-07
2 CH3O <=> CH2O + CH3OH,-5.40019497925435e-07,5.40019497925435e-07,3.116624789841895e-07,2.224226528154296e-07
CH3O + HCO <=> CH3OH + CO,6.7857346746592e-08,2.21725621842691e-07,2.79823456978969e-07,1.0532128975164533e-07
CH3 + CH3OH <=> CH3O + CH4,2.416510956811155e-07,3.811203741895955e-07,3.7266765776221095e-07,1.336324267055025e-07
CH3 + CH3OH <=> CH2OH + CH4,-6.80190674638073e-08,2.752996732490404e-07,3.5575274285557844e-07,1.625805445220994e-07
CH2 + CH3OH <=> CH3 + CH3O,8.136809644684824e-08,2.0769398681141612e-07,2.993528158505247e-07,1.703703474375245e-07
CH2 + CH3OH <=> CH2OH + CH3,-9.675936399704797e-08,2.86666689442618e-07,3.5232446851497796e-07,1.427761913018951e-07
CH2(S) + CH3OH <=> CH2OH + CH3,-1.299888344631785e-07,4.53791616032748e-07,7.48689055132131e-07,4.614461721653304e-07
CH3OH + OH <=> CH3O + H2O,4.9767774713312663e-08,2.5320275239893155e-07,3.195757630867983e-07,1.1961407457009654e-07
CH3OH + OH <=> CH2OH + H2O,1.6085221522378992e-07,2.5874909449188136e-07,2.7473803753403157e-07,1.1854815297667791e-07
CH3OH + H <=> CH3O + H2,-1.2973304958652922e-07,1.4899319145331848e-07,1.9481566344241045e-07,1.2576441660868268e-07
CH3OH + H <=> CH2OH + H2,-5.197217044628335e-08,2.756508743735885e-07,3.606452580640461e-07,1.4550674402069358e-07
CH3O + H (+M) <=> CH3OH (+M),-1.8074967245237142e-07,2.1318607071244254e-07,2.15106723832425e-07,1.6087302185656954e-07
CH2OH + H (+M) <=> CH3OH (+M),-1.2392863864151653e-07,1.439590196532235e-07,1.8722905022165683e-07,1.2953664984393924e-07
CH3 + OH (+M) <=> CH3OH (+M),7.555492033567574e-07,7.567164552353579e-07,6.784595120636333e-07,5.332681921569858e-07
CH3O2 + CH3OH <=> CH3O + CH3O2H,-1.6473814053265244e-07,3.546105185303287e-07,5.500029489425805e-07,3.3340017752573515e-07
CH3 + O2 (+M) <=> CH3O2 (+M),-2.8475780822151754e-07,2.8475780822151754e-07,1.9572515422272145e-07,1.4116877105951608e-07
CH3 + CH3O2 <=> 2 CH3O,4.1709883180711766e-08,1.290704486494412e-07,1.768814097530311e-07,8.795649254765999e-08
2 CH3O2 <=> CH2O + CH3OH + O2,2.6756508196029936e-07,2.7279017324205675e-07,2.89275475262052e-07,2.1275897771310314e-07
2 CH3O2 <=> 2 CH3O + O2,-1.7945095437927287e-08,4.2940023854367814e-07,5.138633300719786e-07,1.426919559329286e-07
CH3O2 + H <=> CH3O + OH,5.340194721694945e-08,2.2684969561787155e-07,3.2828245487497824e-07,1.73671756703269e-07
CH3O2 + O <=> CH3O + O2,2.480331524463735e-07,4.668228536233527e-07,7.364795718846464e-07,4.488179912122689e-07
CH3O2 + OH <=> CH3OH + O2,-1.2566277532300636e-07,1.54799810025255e-07,2.4276882216099133e-07,1.6873121430434888e-07
CH2O + CH3O2 <=> CH3O + HCO + OH,1.2098996566997114e-07,2.8122926003373573e-07,2.981401926345934e-07,7.316848425338445e-08
C2H + H <=> C2 + H2,-8.123644343204609e-08,7.591347203602534e-07,8.632706504643514e-07,1.5466186710325936e-07
C2H + OH <=> CH2 + CO,1.7718611061782454e-08,2.8034312957554645e-07,4.03036100395265e-07,1.872833510619274e-07
C2H + O <=> CH + CO,-2.9608172179138287e-07,5.323406761869003e-07,5.712833590657568e-07,1.9514685152720266e-07
C + CH2 <=> C2H + H,-2.0277187591865608e-07,2.9897450845921974e-07,3.934846112481889e-07,2.3007583649476427e-07
C2H + O2 <=> CH + CO2,-4.2311952242334136e-07,7.358984518119386e-07,9.554673756611189e-07,5.59323485621562e-07
C2H + O2 <=> CO + HCO,-8.020734658634079e-08,2.593531166787387e-07,3.145771297955582e-07,1.10778628606248e-07
C2H + OH <=> H + HCCO,-2.8297339924010207e-07,2.8297339924010207e-07,3.7657716223985356e-07,2.95671775163316e-07
CH2 + HCCO <=> C2H + CH2O,-3.2840674727411846e-07,4.273611024277376e-07,5.145429998941824e-07,3.0563442941600164e-07
H + HCCO <=> CH2 + CO,2.8345268989485804e-06,2.959020027299083e-06,6.081096486541217e-06,4.656154408839894e-06
C2H + O2 <=> HCCO + O,-1.7363732204224757e-06,1.7363732204224757e-06,2.3846166360222852e-06,2.0503785287942708e-06
CH + CO <=> HCCO,-1.4593486761571074e-06,1.4593486761571074e-06,2.2211549086804867e-06,1.6780731619701844e-06
HCCO + O <=> 2 CO + H,3.4558256968369874e-07,6.950125690149748e-07,8.250323061123842e-07,3.716160746295278e-07
HCCO + OH <=> CH2O + CO,4.0713137739481305e-07,5.048112087675252e-07,6.747043533716122e-07,4.789112898358119e-07
HCCO + OH <=> 2 HCO,-3.7260059847672246e-07,3.7260059847672246e-07,3.612733623333693e-07,2.815324435905407e-07
HCCO + O2 <=> CO + CO2 + H,-6.1031170683447455e-06,6.1031170683447455e-06,4.920488762376357e-06,3.6222763376590595e-06
HCCO + O2 <=> CO + HCO + O,-3.2719412961988804e-07,4.131014849457918e-07,4.4429947458587154e-07,2.6850383643316497e-07
HCCO + O2 <=> 2 CO + OH,-2.3771116170209114e-07,3.3549607191352836e-07,4.444742304774579e-07,2.586407127562308e-07
C2H + H (+M) <=> C2H2 (+M),7.894363811652343e-08,3.003327191039356e-07,4.518325847106863e-07,2.4241687988389474e-07
C2H2 + O2 <=> 2 HCO,0.0,5.686905446801486e-07,,2.98163335502529e-07
C2H2 + OH <=> CH3 + CO,-1.537661246210513e-07,1.8408841935271409e-07,2.467786327495333e-07,1.689453880478331e-07
C2H2 + OH <=> CH2CO + H,4.6101804695635334e-07,5.070603365459358e-07,3.6352749323294633e-07,2.3794450766974047e-07
C2H2 + OH <=> C2H + H2O,4.219688895319067e-09,2.1038713665437563e-07,3.0572018891245667e-07,1.4995583706647378e-07
C2H2 + O <=> CH2 + CO,-6.164414198221637e-07,7.725759465613876e-07,8.473093224087103e-07,5.692616610991769e-07
C2H2 + O <=> H + HCCO,-1.7052398066974967e-05,1.7052398066974967e-05,1.1775297600051625e-05,9.349673456310271e-06
C2H2 + HO2 <=> CH2CO + OH,1.058405316034969e-07,2.9275443455234845e-07,5.148037787133075e-07,3.4717583425283684e-07
C2H2 + O <=> C2H + OH,-1.9137611208803178e-07,1.9137611208803178e-07,9.456795364828301e-08,7.081938980365932e-08
C2H + CH2OH <=> C2H2 + CH2O,2.0755623196682424e-07,2.0755623196682424e-07,2.4236746816014894e-07,1.9451530011374334e-07
C2H + CH3OH <=> C2H2 + CH3O,-2.0058793649049952e-08,2.0745373941563497e-07,2.7502977217370445e-07,1.1713928105407951e-07
C2H + CH3OH <=> C2H2 + CH2OH,-4.922180866460946e-08,3.7031304450027287e-07,4.497385956001936e-07,1.494757574855944e-07
C2H2 + HO2 => CH2 + CO + OH,2.1992546493634081e-07,3.0968116750710873e-07,2.62816916489965e-07,6.9205769934365e-08
2 HCCO <=> C2H2 + 2 CO,9.73124480939146e-08,5.606744250905771e-07,6.909096869222866e-07,2.629294133018081e-07
2 CH2 <=> C2H2 + 2 H,-4.8733700716943505e-08,2.519731297823378e-07,3.065488840940573e-07,1.0768107986746082e-07
2 CH2 <=> C2H2 + H2,-9.246107792611859e-08,6.530523874345075e-07,8.808387234867267e-07,4.06797822976672e-07
CH + HCCO <=> C2H2 + CO,4.385196223777847e-08,3.206983459378343e-07,4.856352228156062e-07,2.67478822032487e-07
CH + CH2 <=> C2H2 + H,-1.682528803503395e-07,4.1764749515578074e-07,4.873827717926231e-07,1.8027652751534646e-07
C + CH3 <=> C2H2 + H,1.402471561293619e-07,3.686361725569655e-07,4.3789386927193195e-07,1.6684869396793908e-07
C2H2 + CH <=> C2H + CH2,6.083815686200716e-07,7.650312789228298e-07,9.838966043188884e-07,6.308082648571483e-07
C2H2 + CH <=> H2CCCH,3.3569184686633475e-07,3.9152372417359465e-07,6.022749647305939e-07,4.4691717139148173e-07
C2H2 + CH <=> C3H2 + H,-5.875151306560068e-07,6.613489203496688e-07,9.294978190612728e-07,6.383270611298672e-07
C2H2 + H <=> C2H + H2,1.1189984204852969e-08,3.4550741492928796e-07,4.966287241582976e-07,2.5924420063386146e-07
C2H + CH4 <=> C2H2 + CH3,-3.842311933945967e-08,3.678891757064833e-07,4.4799763521499886e-07,1.433027576306226e-07
C2H3 + H <=> H2 + H2CC,4.210945249712823e-06,4.210945249712823e-06,4.41560131287301e-06,3.195674485075695e-06
H2CC + OH <=> CH2CO + H,5.078062728480567e-07,5.078062728480567e-07,4.923883010405933e-07,4.2334166751793597e-07
H2CC + O2 <=> 2 HCO,-2.3017571742800397e-06,2.3017571742800397e-06,1.3174889406866153e-06,1.1157183172384377e-06
H + H2CC <=> C2H2 + H,5.464990686541233e-07,6.215554013830607e-07,8.349327408519214e-07,6.38015743871006e-07
C2H2 + H2CC (+M) <=> C4H4 (+M),-3.042694880132197e-08,1.5393880890300693e-07,1.9156500357110677e-07,7.326119903039542e-08
C2H4 (+M) <=> H2 + H2CC (+M),-6.740370827887918e-06,6.740370827887918e-06,7.74104489542826e-06,6.4604743921928055e-06
C2H2 (+M) <=> H2CC (+M),2.3347030008845452e-06,2.3347030008845452e-06,1.5293707131442244e-06,1.141348827748444e-06
CH2CO + O2 <=> CH2O + CO2,6.945410904474897e-09,1.6292095148569959e-07,2.557640986838277e-07,1.3726584979033665e-07
CH2CO + OH <=> CH2OH + CO,-2.2147695786813761e-07,2.7271275715884076e-07,2.9035665421726093e-07,1.6948313671365813e-07
CH2CO + OH <=> CH3 + CO2,-1.5374400380233286e-07,5.578803724726353e-07,6.575725926078784e-07,2.3513340611829324e-07
CH2CO + O <=> 2 HCO,-3.118752105089762e-08,3.555724897642776e-07,4.3687673334978314e-07,1.4719877913952307e-07
CH2CO + O <=> CO + H + HCO,6.279634524783327e-08,2.956778525864784e-07,4.137191685806536e-07,1.8966139344646563e-07
CH2CO + O <=> CH2O + CO,-8.9687967338745e-08,1.2855010079578297e-07,1.2367070811218834e-07,5.214681683306676e-08
CH2CO + O <=> CH2 + CO2,1.109662361075119e-07,2.833389034588308e-07,4.1024228698157876e-07,2.132302482908423e-07
CH2CO (+M) <=> CH2 + CO (+M),-2.8062602619079653e-07,2.8733657758450557e-07,2.923679539756052e-07,2.371285738705228e-07
CH2CO + H <=> CH3 + CO,2.6674205379404932e-06,2.6674205379404932e-06,3.2048749524646956e-06,2.789279630771105e-06
CH2CO + H <=> CH2CHO,-1.0678697719132872e-08,2.439705883815248e-07,3.4794077862954924e-07,1.5439288577787467e-07
CH2CO + H <=> CH3CO,2.472221099579535e-07,2.619447453928005e-07,2.4399139643354644e-07,1.993540381112584e-07
CH2CO + H <=> H2 + HCCO,-2.2711804592846686e-06,2.90332573776941e-06,3.325954255827666e-06,2.021539390142725e-06
CH2CO + O <=> HCCO + OH,-3.289965503259572e-07,3.289965503259572e-07,1.7026868150428298e-07,1.2514271826774818e-07
C2H2 + CH2OH <=> C2H3 + CH2O,-1.074703243291559e-08,1.7123640528933134e-07,2.1232336486412143e-07,7.43097067901983e-08
C2H3 + CH3 <=> C2H2 + CH4,2.5215251340882247e-06,2.5215251340882247e-06,2.260058032336128e-06,1.7556003815220315e-06
C2H3 + HO2 => CH3 + CO + OH,1.713747910502629e-07,2.5407518968961037e-07,2.5474788291783693e-07,1.1303258916880258e-07
C2H3 + OH <=> C2H2 + H2O,5.442517637409112e-07,5.850180562767354e-07,7.419139867380448e-07,4.811477826801565e-07
C2H3 + O <=> CH3 + CO,6.585986421170418e-07,6.940038418880434e-07,6.137513240424695e-07,4.426529179134867e-07
C2H + C2H3 <=> 2 C2H2,1.1072035639668793e-07,2.570183600180067e-07,3.2543740570909447e-07,1.6940714149735354e-07
CH2 + HCCO <=> C2H3 + CO,3.545758959348988e-07,4.464351362304232e-07,5.424435960684955e-07,3.503261400338136e-07
C2H3 + CH2 <=> C2H2 + CH3,3.049683483821783e-07,3.2348815071900334e-07,2.396898613899689e-07,1.7184606816331483e-07
C2H3 + CH <=> C2H2 + CH2,-6.523584318632168e-08,3.5277135757242344e-07,4.5699693234979143e-07,1.9278505841795903e-07
CH + CH3 <=> C2H3 + H,-1.770259845721334e-07,3.5694462282080495e-07,4.4515876425317207e-07,2.0861713818162056e-07
C2H3 + H <=> C2H2 + H2,3.3201905144111397e-06,3.3217493978879203e-06,5.7039906901164355e-06,4.892214888320093e-06
C2H2 + H (+M) <=> C2H3 (+M),-7.208271189130294e-06,7.208271189130294e-06,5.162089861310847e-06,3.938417764483123e-06
C2H3 + O2 <=> CH2CO + OH,-2.268016939030107e-07,4.830676993561328e-07,,3.6571769401225516e-07
C2H3 + O2 => CH2O + CO + H,-5.851430491696553e-07,3.258894908909906e-06,,3.79034171227874e-06
C2H3 + O2 <=> CH3O + CO,-3.653719734104551e-08,6.812588284874972e-07,,4.6279305962466653e-07
C2H3 + O2 <=> CH3 + CO2,6.801847429237654e-08,2.996960203130023e-07,,1.1102830120820606e-07
C2H3 + O2 <=> CH2CHO + O,-7.572185889263751e-06,9.543869154778344e-06,,5.711697479286607e-06
C2H3 + O2 <=> C2H2 + HO2,6.165945319203245e-07,9.95340200438926e-07,,9.984625501136788e-07
C2H3 + O2 <=> CH2O + HCO,2.48360200900622e-07,5.434181643890747e-07,,3.648255148508647e-07
CH2CHO + O2 <=> CH2O + CO + OH,2.0021325453118425e-07,3.920324628632017e-07,4.61686526822407e-07,1.891896758576408e-07
CH + CH2CHO <=> C2H3 + HCO,1.1757853449036664e-08,3.4212441915856127e-07,3.924384218246001e-07,7.040841627647047e-08
CH2CHO + OH <=> CH2OH + HCO,4.825866313835619e-07,5.402408857643719e-07,4.3389460174369015e-07,2.559790325970233e-07
CH2CHO + OH <=> CH2CO + H2O,6.737940924797522e-08,2.501183280983098e-07,2.9842639084851556e-07,1.0790794574669421e-07
CH2CHO + O <=> CH2O + HCO,5.907883482874813e-08,3.504757321901478e-07,5.603365920833167e-07,3.3054280695767187e-07
CH2CHO + CH3 <=> C2H5 + HCO,-1.6346255206409657e-07,2.6136889607234904e-07,2.760092267649983e-07,1.219981447725662e-07
CH2CHO + H <=> CH3 + HCO,-3.341271882603718e-08,9.298549625140178e-08,,4.340109981063861e-08
CH2CHO + H <=> CH3CO + H,-1.0397455691804714e-07,2.95419437136291e-07,3.693558431273736e-07,1.7139199520359873e-07
CH2CHO <=> CH3CO,-1.7826037211057452e-07,3.3667079846280577e-07,4.128309507094231e-07,1.878907378855854e-07
CH2CHO <=> CH3 + CO,-4.6805584707115865e-08,6.503788178730848e-07,7.705268510248646e-07,2.0968106155959787e-07
CH3CO <=> CH3 + CO,1.98184398972423e-06,1.995721996513342e-06,2.4666528696806444e-06,1.8647982175977386e-06
CH3CO + OH <=> CH2CO + H2O,1.612079398428625e-08,2.774548499574235e-07,3.666589117495877e-07,1.503600650840512e-07
CH3CO + O <=> CH2CO + OH,2.3792584376438765e-07,2.3792584376438765e-07,1.5249166582548426e-07,1.2548820593132386e-07
CH3CO + O <=> CH3 + CO2,-1.2755833435351085e-07,2.6771577587408394e-07,2.963630474937995e-07,1.0284556985142572e-07
CH3CO + H <=> CH2CO + H2,1.2318702890062207e-07,2.1944309447385052e-07,2.814114115441285e-07,1.3133226031825203e-07
CH3CO + H <=> CH3 + HCO,-6.049225899659136e-08,1.052861768145887e-07,1.1258004738648339e-07,4.737823427036724e-08
C2H3 + CH3O <=> C2H4 + CH2O,3.648163021657137e-07,4.0290782442335527e-07,3.7035081242391803e-07,2.439762204122248e-07
C2H3 + CH2OH <=> C2H4 + CH2O,1.7031105132538153e-07,2.1712267088236333e-07,3.2042658446293613e-07,1.9858347213661807e-07
CH2 + CH2OH <=> C2H4 + OH,4.03346664643656e-08,3.579177510834625e-07,5.678424739640508e-07,3.646018744190818e-07
C2H3 + CH3OH <=> C2H4 + CH3O,3.2978444769690786e-07,3.2978444769690786e-07,3.20143189149348e-07,2.6737459742229843e-07
C2H3 + CH3OH <=> C2H4 + CH2OH,-1.3353716602039555e-07,2.698390283749553e-07,3.0250680098826443e-07,1.354694178585133e-07
C2H3 + HCO <=> C2H4 + CO,9.366165818708053e-08,3.0922029661325183e-07,3.3853153807413023e-07,6.522403101140703e-08
C2H3 + H2O2 <=> C2H4 + HO2,-3.0748089968027056e-07,4.0628699441178647e-07,3.9923755605777384e-07,1.9791202420651768e-07
C2H3 + CH2O <=> C2H4 + HCO,6.066331693725307e-08,1.37572489913391e-07,1.5505060895316563e-07,4.93509209136968e-08
2 C2H3 <=> C2H2 + C2H4,3.563722986713777e-07,3.713756875379377e-07,4.4805291669197714e-07,3.494492635698468e-07
CH2 + CH2CHO <=> C2H4 + HCO,3.343206504291218e-08,2.7381785708974553e-07,3.749462561354975e-07,1.735265516384022e-07
CH2 + CH3 <=> C2H4 + H,3.189727373310955e-07,3.189727373310955e-07,3.6704695841367313e-07,2.863888852030838e-07
C2H4 + CH3 <=> C2H3 + CH4,-5.196166922412344e-07,6.004661558960194e-07,8.16708983972157e-07,5.842070484310091e-07
CH + CH4 <=> C2H4 + H,1.8734260384700876e-08,4.006406424814317e-07,4.831203333534907e-07,1.3859141212009245e-07
C2H4 + CH2 <=> C3H6,1.492767873763098e-06,1.555595596549351e-06,2.0778910587270948e-06,1.494080714866221e-06
C2H4 + CH2(S) <=> C3H6,1.4407574465736353e-06,1.4407574465736353e-06,5.875275922116867e-07,4.6984851880734174e-07
C2H4 + O2 <=> C2H3 + HO2,-1.2375751653292725e-07,2.0318647620131788e-07,2.50868168377522e-07,1.3228856247665284e-07
C2H3 + H (+M) <=> C2H4 (+M),4.762188233172586e-06,1.2213667056880246e-05,2.124447772302166e-05,1.2525181661375422e-05
C2H4 + H (+M) <=> C2H5 (+M),5.213497204219778e-08,3.607870493146012e-07,4.4044754170727535e-07,1.583180555581473e-07
C2H4 + H <=> C2H3 + H2,9.454930823063284e-06,9.454930823063284e-06,1.0837048355984989e-05,9.709719246587947e-06
C2H4 + OH <=> C2H3 + H2O,-1.1985598482979983e-05,1.1985598482979983e-05,2.797404282589108e-06,2.15660589563199e-06
C2H4 + OH <=> CH2O + CH3,3.899959470614319e-07,4.093725419102564e-07,3.12691315647468e-07,2.659941682072891e-07
C2H4 + OH <=> C2H3OH + H,-2.1476413293077646e-06,2.4427897254534663e-06,2.3443756448855773e-06,1.6303309975144285e-06
C2H4 + OH <=> CH3CHO + H,-4.4580926378284354e-07,4.4580926378284354e-07,3.6494531311680996e-07,2.7795054847959905e-07
C2H4 + OH <=> CH2CH2OH,2.2362313332408155e-07,3.088348722565291e-07,,2.0416229703353868e-07
C2H4 + O <=> CH2 + CH2O,-4.953814878256164e-06,4.953814878256164e-06,3.396920674527374e-06,2.8094465061857434e-06
C2H4 + O <=> CH3 + HCO,-7.9400381090251e-07,2.101509846374535e-06,2.676304208627633e-06,1.2987686524893336e-06
C2H4 + O <=> CH2CO + H2,4.772720419533524e-06,4.772720419533524e-06,2.1195303336676623e-06,1.694858852397629e-06
C2H4 + O <=> CH2CHO + H,-1.7480941470732055e-05,1.7480941470732055e-05,1.0059569135052273e-05,8.034204206381047e-06
C2H4 + HO2 <=> CH2OCH2 + OH,1.4825721886699365e-07,2.259888421793279e-07,2.7140880595865005e-07,1.4113308175888472e-07
CH2CH2O2H <=> C2H4 + HO2,-1.554215333197595e-08,2.9442647792880244e-07,4.2418203905871136e-07,1.9633893360580394e-07
CH3CHO (+M) <=> CH3 + HCO (+M),-1.2432164050869669e-07,2.2048741720110993e-07,2.602781182407329e-07,1.2583680698505533e-07
CH3CHO (+M) <=> CH4 + CO (+M),1.876833664151777e-07,3.061142808331997e-07,5.328153282913982e-07,3.391076489633881e-07
CH3CHO + O2 <=> CH3CO + HO2,1.0987048039861173e-07,3.654848746889281e-07,4.5023430102870167e-07,1.813747388840588e-07
CH3CHO + HO2 <=> CH2CHO + H2O2,-9.398647639461666e-08,2.7941976598635414e-07,3.80016743574736e-07,2.0098081550931044e-07
CH3CHO + HO2 <=> CH3CO + H2O2,9.469601238148651e-08,1.9553523632093273e-07,3.2275446192384776e-07,2.14304125649293e-07
CH3 + CH3CHO <=> CH2CHO + CH4,1.2969357484567437e-07,1.989624875033198e-07,2.5961467367116825e-07,1.5697737094937656e-07
CH3 + CH3CHO <=> CH3CO + CH4,2.1427436057318816e-07,3.143416029729587e-07,3.521367212294026e-07,1.8554827430055223e-07
CH3CHO + H <=> CH2CHO + H2,-2.44431961058441e-09,4.105443447178733e-07,4.771259996003069e-07,1.0473603599783456e-07
CH3CHO + H <=> CH3CO + H2,3.795233789461044e-07,4.202480269197565e-07,4.3246526563492164e-07,3.3868147672423384e-07
CH3CHO + O <=> CH2CHO + OH,2.389604024322415e-07,2.710409899358196e-07,2.239934768661408e-07,1.2871582094368193e-07
CH3CHO + O <=> CH3CO + OH,-5.310514304749905e-07,5.708287024862916e-07,5.063993816879897e-07,3.2357880709007836e-07
CH3CHO + OH <=> CH2CHO + H2O,-2.023857205761923e-07,3.835458022094508e-07,4.939005788630234e-07,2.3812673117429246e-07
CH3CHO + OH <=> CH3CO + H2O,2.410242211271831e-07,2.794120763496602e-07,2.9215750280668446e-07,1.976037385101835e-07
CH2OCH2 <=> CH3CHO,-2.2163103162058983e-08,2.0239540155885374e-07,2.261616505806077e-07,1.8721976349754068e-08
CH2OCH2 <=> CH3 + HCO,3.4330429799573676e-08,2.1313684059618415e-07,2.7233474508056555e-07,1.0914216484116122e-07
CH2OCH2 <=> CH4 + CO,9.267461527450973e-08,1.6906411502619161e-07,2.4669703064718233e-07,1.450145028873717e-07
CH2OCH2 <=> CH3CO + H,-1.473093344849182e-07,2.6361246424503187e-07,3.395443921297906e-07,1.7392204399929086e-07
CH2OCH2 <=> CH2CHO + H,2.448801677160224e-07,2.448801677160224e-07,2.6840872380794347e-07,2.1112316599662462e-07
CH2OCH2 <=> CH2CO + H2,-1.4774053952011796e-07,2.3177608168371213e-07,2.5455079582594065e-07,1.4169834435893326e-07
CH2OCH2 <=> C2H2 + H2O,2.168625712519392e-08,5.170911531865098e-07,7.361690394877829e-07,3.851214237825555e-07
CH2OCH <=> CH3 + CO,-4.296766145472735e-08,1.4367423585677433e-07,2.2807951642648303e-07,1.412152092612086e-07
CH2OCH <=> CH2CO + H,2.5589866691381545e-07,2.5589866691381545e-07,1.9861556076296482e-07,1.4651122944205844e-07
CH2OCH <=> CH2CHO,6.204503024640358e-08,2.0971700886008003e-07,2.45567643041004e-07,7.116847464533532e-08
CH2OCH2 + H <=> CH3CHO + H,-1.9718119902461513e-07,4.117053743528855e-07,5.614671709882568e-07,3.1282289624750127e-07
CH2OCH2 + H <=> CH2OCH + H2,6.062515907807276e-08,4.090746373576269e-07,4.819859204434946e-07,1.4129585564366259e-07
CH2OCH2 + H <=> C2H4 + OH,-1.418453707796653e-07,1.930264180303979e-07,2.9672305158266446e-07,2.3634999340373653e-07
CH2OCH2 + O <=> CH2OCH + OH,2.0368612010477025e-07,4.168137220269948e-07,5.422543183387435e-07,2.666843215336417e-07
CH2OCH2 + OH <=> CH2OCH + H2O,-1.2127377574255594e-07,1.371329038937411e-07,2.1354442997864285e-07,1.522259887229325e-07
CH2OCH2 + CH3 <=> CH2OCH + CH4,-3.5835126183376396e-07,3.8916851106431784e-07,4.407905799628735e-07,3.3984088792029875e-07
CH3 + CH4 <=> C2H5 + H2,9.252195652506198e-08,3.488624647821428e-07,4.1418690265974074e-07,1.4434233750338772e-07
C2H5 + CH2OH <=> C2H4 + CH3OH,-3.5035230684729517e-07,4.889159867270796e-07,4.509370736441752e-07,1.7566638131316898e-07
C2H5 + HO2 <=> CH3CH2O + OH,2.792754507067362e-07,3.0064305704586863e-07,2.3633749442178352e-07,1.5568722007637724e-07
2 CH3 <=> C2H5 + H,1.6538585032170084e-07,2.2472393671837558e-07,2.883611650881761e-07,1.8377958059649334e-07
C2H5 + O2 <=> C2H4 + HO2,2.1045985721307638e-07,2.7930275339954137e-07,2.7990029591997924e-07,1.5878420199856875e-07
C2H5 + O2 <=> C2H5O2,-5.228650090791418e-08,1.53351080373251e-07,1.8260200289359857e-07,7.177081107602382e-08
C2H5 + O <=> CH2O + CH3,5.998638473235401e-08,2.9461363822673926e-07,3.3582768216217994e-07,7.426143973096534e-08
C2H5 + O <=> CH3CHO + H,-7.921299660139728e-08,2.7916488093772576e-07,4.297561996554742e-07,2.3092005331730562e-07
C2H5 + O <=> C2H4 + OH,8.721618811678751e-08,3.2872637845965735e-07,3.608803256751412e-07,5.4567511880416305e-08
C2H5 + H (+M) <=> C2H6 (+M),6.865181588559506e-08,4.956257272258806e-07,6.292221669887022e-07,2.120881230415049e-07
C2H5 + O2 <=> CH2OCH2 + OH,-1.4341271114179424e-07,5.405007313143947e-07,6.977401583981713e-07,2.8697424126989367e-07
CH2CHOO + OH <=> C2H3OH + O2,-1.099176710074095e-07,3.3307882452753703e-07,3.8278238074830596e-07,1.315500388557511e-07
CH2CHOO + OH <=> CH2CHO + HO2,1.2179717449969545e-07,4.3601077898055294e-07,5.928505985087393e-07,2.98076860960669e-07
CH2CHOO + H <=> CH2CHO + OH,-2.2975867531322823e-07,2.2975867531322823e-07,1.0446477203743164e-07,9.246489550494991e-08
C2H3 + O2 <=> CH2CHOO,1.545577916017199e-07,2.416774672247647e-07,,1.0680316168898806e-07
CH2CHOO <=> CH2CHO + O,3.1967305268014604e-08,2.644075024474694e-07,,1.0753767242721616e-07
CH2CHOO <=> CH2CO + OH,-2.7220847485538695e-08,2.127981045105472e-07,,1.1231292473346946e-07
CH2CHOO <=> CH2O + HCO,-1.986029249500226e-07,4.853027749141271e-07,,2.1822281139794718e-07
CH2CHOO => CH2O + CO + H,-2.496633523657509e-08,1.1238594284385337e-07,,6.700313933147284e-08
CH2CHOO <=> CH3O + CO,-1.7218947049363518e-07,4.068406596930721e-07,,1.1890310243619164e-07
CH2CHOO <=> CH3 + CO2,-1.252926615343985e-07,3.753370577592595e-07,,2.565395596854244e-07
C2H5 + CH3O <=> C2H6 + CH2O,-4.42879387841104e-08,3.3812443029703644e-07,4.3466016052467153e-07,1.5419909429236701e-07
C2H5 + CH2OH <=> C2H6 + CH2O,-4.0158794499603466e-07,4.1285788200980785e-07,4.811223616338521e-07,3.6950496674846466e-07
C2H + C2H6 <=> C2H2 + C2H5,-6.149957466931346e-07,6.149957466931346e-07,5.403328777557791e-07,4.258292222836418e-07
CH3 + CH4 <=> C2H6 + H,1.287610291296235e-07,2.2107874492313983e-07,3.3315792710618045e-07,1.920568429359796e-07
C2H3 + C2H6 <=> C2H4 + C2H5,-1.3413285025874703e-07,3.497745036915832e-07,4.417932740266045e-07,2.164038684201257e-07
C2H6 + CH2 <=> C2H5 + CH3,1.7420417430768886e-07,1.7420417430768886e-07,1.6695990383602485e-07,1.30534848925467e-07
C2H6 + O2 <=> C2H5 + HO2,6.110211956718839e-09,2.609610459770511e-07,3.8360531847555753e-07,1.9601685933890447e-07
2 CH3 (+M) <=> C2H6 (+M),2.1085515373057022e-07,3.2136880475488585e-07,3.4501803669108923e-07,1.6959344795225557e-07
C2H6 + HO2 <=> C2H5 + H2O2,2.8441658750768323e-07,4.4020098088202763e-07,5.362989163607174e-07,2.9419143190812024e-07
C2H6 + OH <=> C2H5 + H2O,-6.768623418640116e-08,1.4797371940759767e-07,1.6095284673258185e-07,5.4488762496369674e-08
C2H6 + O <=> C2H5 + OH,-1.3052843043494264e-07,3.780996717559454e-07,4.237423765129225e-07,1.1108637661299911e-07
C2H6 + CH3 <=> C2H5 + CH4,2.1999382901190062e-07,3.042346385897425e-07,3.4430510119904746e-07,1.725503905777316e-07
C2H6 + CH2(S) <=> C2H5 + CH3,1.4656421616139641e-08,4.2385166551078996e-07,5.357062281905756e-07,2.0427613091045313e-07
C2H6 + CH <=> C2H4 + CH3,9.608383286941133e-08,2.894060863351776e-07,3.5358571242805523e-07,1.4609827485197086e-07
C2H6 + H <=> C2H5 + H2,-9.024441826613205e-08,3.6655812946897987e-07,4.6200397112256497e-07,2.13198689279371e-07
C2H5O2 (+M) <=> C2H4 + HO2 (+M),-1.760183638854364e-07,4.3878707588316404e-07,5.840190390612919e-07,2.8546762826976586e-07
C2H5O2 <=> CH2CH2O2H,3.1300653520725816e-07,4.2971413281315196e-07,4.5538877922176256e-07,2.5453037661835145e-07
C2H5O2 <=> CH3CHO + OH,1.036399410356285e-07,3.225269300221016e-07,4.1751584106944627e-07,1.9811076619985993e-07
C2H5O2 <=> CH3CH2O + O,-4.2746724293345445e-07,7.36884231460116e-07,9.812628519575738e-07,6.060363473139851e-07
2 C2H5O2 <=> 2 CH3CH2O + O2,2.034685366027631e-08,6.132085274876179e-08,8.698717663970677e-08,4.8492026295826644e-08
2 C2H5O2 <=> C2H5OH + CH3CHO + O2,-1.3541457499394214e-07,2.431177370312005e-07,3.5224379153981857e-07,2.0468185574961167e-07
C2H5O2 + HO2 <=> C2H5O2H + O2,-1.2530315403893625e-07,3.0673709285732534e-07,3.5891112107211805e-07,1.2799212389158441e-07
CH3CHOH <=> CH2CH2OH,6.706244303408544e-08,3.3932375107545936e-07,4.406056161110493e-07,1.942670084580913e-07
CH2CH2OH + O2 <=> O2C2H4OH,-7.325075080933293e-08,2.3177598287679976e-07,3.7300563829007716e-07,2.2054107431832662e-07
CH2CH2OH + O2 <=> C2H3OH + HO2,1.3925417029217392e-08,3.977584346777488e-07,5.551149204191334e-07,2.406131169265297e-07
CH2CH2OH + O2 <=> 2 CH2O + OH,-5.718380898754447e-08,3.714999433408197e-07,4.832672729314451e-07,1.980115385079345e-07
O2C2H4OH <=> C2H3OH + HO2,5.912358659391405e-08,4.34318257116671e-07,5.683891634174127e-07,2.449165747723455e-07
CH3CH2O + OH <=> CH3CHO + H2O,-2.644780421231386e-07,5.179230053639746e-07,6.510730148506461e-07,3.280033668014827e-07
CH3CH2O + H <=> C2H4 + H2O,2.394131557201823e-08,1.7915082027034343e-07,2.5743347689411417e-07,1.126966665996111e-07
CH3CH2O + H <=> CH2OH + CH3,-2.4317859652666087e-07,3.113717634235337e-07,4.162219499711587e-07,2.8691437346967024e-07
CH3CH2O + CO <=> C2H5 + CO2,2.1864766856210253e-07,2.7141566215736355e-07,3.144069359176518e-07,2.2050428186511854e-07
CH3CH2O + O2 <=> CH3CHO + HO2,3.871823913256743e-07,3.977146564047336e-07,3.555800744582739e-07,2.837801098076344e-07
CH3CH2O + M <=> CH2O + CH3 + M,-9.018057952440712e-08,1.0532217075223682e-07,1.328480033879639e-07,9.415159730608125e-08
CH3CH2O + M <=> CH3CHO + H + M,4.46726760137221e-08,5.111007687750446e-07,7.694753511454938e-07,4.248339463853232e-07
CH3CHOH + M <=> CH3CHO + H + M,1.7490153800795473e-07,2.6990766360418956e-07,3.034764183558583e-07,1.631870673168619e-07
CH3CHOH + OH <=> CH3CHO + H2O,8.654799872834663e-08,3.165860365902777e-07,3.6689902998597775e-07,1.1595712067769838e-07
CH3CHOH + HO2 <=> CH3CHO + 2 OH,1.522257014693304e-07,2.0462904951253645e-07,2.2086793842220802e-07,1.316851918272437e-07
CH3CHOH + H <=> CH2OH + CH3,1.4476495156637482e-08,3.353292858210149e-07,4.217083110348183e-07,1.3879823873954752e-07
CH3CHOH + H <=> C2H4 + H2O,1.5863909621807218e-07,1.643992876568442e-07,1.81690024334362e-07,1.5130927561575522e-07
CH3CHOH + O <=> CH3CHO + OH,1.2283669971497813e-07,4.0005198186882655e-07,4.894253737744403e-07,1.7823822487514454e-07
CH3CHOH + O2 <=> CH3CHO + HO2,-3.5297211833592195e-08,4.6905600079270927e-07,5.998892370552759e-07,2.4956962834518314e-07
CH3CHOH + O2 <=> C2H3OH + HO2,-1.374510091668168e-07,1.7628555847400608e-07,2.8265926394721666e-07,2.1926819441221167e-07
CH3CHOH + O2 <=> C2H4O2OH,-1.6570702338152994e-07,3.395135876215658e-07,4.267664769015483e-07,2.0197734115577942e-07
C2H4O2OH <=> C2H3OH + HO2,2.0850181699137323e-07,3.979483544540228e-07,4.4347893239781356e-07,1.6434475520370612e-07
CH3CHOH <=> CH3CH2O,-3.275219507051355e-07,3.275219507051355e-07,2.607254448610504e-07,2.0478762151754771e-07
C2H3OH + O2 <=> CH2CHO + HO2,8.481094971354486e-08,1.6211279941333554e-07,1.790710266010088e-07,7.266924128855746e-08
C2H3OH + H <=> CH2CHO + H2,-1.859195076321379e-07,2.668911384754587e-07,3.227285982769862e-07,1.864048566699873e-07
C2H3OH + O <=> CH2CHO + OH,-1.1349292477638668e-07,2.393301562051374e-07,2.5633273542487113e-07,8.300012247061685e-08
C2H3OH + OH <=> CH2CHO + H2O,-1.50696579863102e-07,3.390684187321415e-07,3.9855448244801593e-07,1.6618042206430853e-07
C2H3OH + CH3 <=> CH2CHO + CH4,-1.7413567472277017e-07,1.7413567472277017e-07,1.4771090490401956e-07,1.1561839094338993e-07
C2H3OH + HO2 <=> CH3CHO + HO2,1.0740042406208315e-07,2.0020812170171598e-07,2.73866724796078e-07,1.665564207998375e-07
C2H4O2OH <=> CH3CHO + HO2,-8.644422828811603e-08,3.588120481654215e-07,4.3359806536877526e-07,1.5533772064857858e-07
C2H3OH + CH3O2 <=> CH2CHO + CH3O2H,-2.980369714624992e-07,3.6512100951848166e-07,2.9939353175955364e-07,1.4487326515459252e-07
C2H5O2H <=> CH3CH2O + OH,-5.913911322125709e-08,1.302241441323303e-07,1.7325480146976036e-07,1.0024453262015057e-07
C2H5O2 + CH4 <=> C2H5O2H + CH3,2.3984296244533764e-07,3.2437670972523323e-07,3.3736694508270794e-07,1.9007574075466008e-07
C2H5O2 + C2H6 <=> C2H5 + C2H5O2H,-1.4805463524810716e-08,1.2776767478262707e-07,1.5856552595430598e-07,5.581323065879505e-08
C2H5O2 + C2H5OH <=> C2H5O2H + CH2CH2OH,-2.0031599643824597e-07,5.705501625491965e-07,7.711436850223559e-07,3.602391744457605e-07
C2H5OH + O <=> CH3CHOH + OH,-4.7434097924282947e-07,4.7434097924282947e-07,4.5602749664109235e-07,3.5896051872198394e-07
C2H5OH + O <=> CH2CH2OH + OH,-5.259996883966494e-07,6.313067124075747e-07,5.094059260006647e-07,2.394787924907425e-07
C2H5OH + O <=> CH3CH2O + OH,-1.6486715265121265e-08,1.8845248016021633e-07,2.766747250949107e-07,1.3328903047413045e-07
C2H5OH + H <=> CH3CHOH + H2,7.957366021211717e-09,1.1643508118751458e-07,1.4377608287896377e-07,4.632811750241225e-08
C2H5OH + H <=> CH2CH2OH + H2,2.8961141010780606e-07,2.8961141010780606e-07,2.582364834493245e-07,2.1897097055182686e-07
C2H5OH + H <=> CH3CH2O + H2,-1.4214158801827343e-07,2.730752667366552e-07,2.707655700585905e-07,6.386828350760145e-08
C2H5OH + OH <=> CH3CHOH + H2O,-1.2023197443998952e-07,1.7672204061762323e-07,2.5680426579717954e-07,1.455072449600952e-07
C2H5OH + OH <=> CH2CH2OH + H2O,1.7244330468874514e-08,2.84001849501469e-07,3.5533696492052476e-07,1.2438597335934695e-07
C2H5OH + OH <=> CH3CH2O + H2O,5.972934585697084e-08,3.8324179320710985e-07,4.6712547439052027e-07,1.481925662667248e-07
C2H5OH + HO2 <=> CH3CHOH + H2O2,-2.4520377193711746e-07,6.303325756512013e-07,7.286675707350907e-07,2.739247427190288e-07
C2H5OH + HO2 <=> CH2CH2OH + H2O2,1.3628768974407667e-07,3.1249282921391204e-07,4.094006397700775e-07,1.9756815848790265e-07
C2H5OH + HO2 <=> CH3CH2O + H2O2,3.1706937401475613e-07,3.201056136934076e-07,2.531963477412221e-07,2.0583266837823417e-07
C2H5OH + CH3 <=> CH3CHOH + CH4,-3.445171465039729e-07,4.794757798214562e-07,5.656418489944528e-07,3.3310673624083763e-07
C2H5OH + CH3 <=> CH2CH2OH + CH4,9.909625038691231e-08,2.3511352993695797e-07,2.8971285323128535e-07,1.127136347899419e-07
C2H5OH + CH3 <=> CH3CH2O + CH4,-4.2427587307439543e-07,4.636441456315108e-07,5.562589931813065e-07,3.996206163967644e-07
C2H5OH + CH3O <=> CH3CHOH + CH3OH,-1.7615881956173945e-07,5.864050268169012e-07,7.878835192219025e-07,3.428699974996175e-07
C2H5OH + CH3O <=> CH2CH2OH + CH3OH,-6.433039136620455e-08,1.6351361793270994e-07,2.1893128421633125e-07,1.1623875332825153e-07
C2H5OH + CH3O <=> CH3CH2O + CH3OH,6.308377550289623e-08,3.734483215566046e-07,4.806371930477541e-07,1.6692724547159294e-07
C2H5OH (+M) <=> C2H5 + OH (+M),1.2020253604281465e-07,3.165036656093513e-07,3.88364329538864e-07,1.682703343878309e-07
C2H5OH (+M) <=> C2H4 + H2O (+M),3.8159669416240496e-08,2.0599793343801946e-07,2.7239284738891435e-07,1.0665108239420749e-07
C2H5OH (+M) <=> CH2OH + CH3 (+M),-3.2804322975665345e-07,3.8585043945168994e-07,3.684513711707371e-07,2.271093402839544e-07
C2H5OH (+M) <=> CH3CHO + H2 (+M),0.0,0.0,0.0,0.0
C3H2 + OH <=> C2H2 + CO + H,3.438973130117744e-07,5.901207481558088e-07,7.648470224078498e-07,4.216143086976036e-07
C3H2 + O <=> C2H + CO + H,2.6008000461645804e-08,2.46497682544869e-07,2.897983993043027e-07,7.78598752206879e-08
C3H2 + O2 <=> C2H2 + CO2,6.494394305381284e-07,6.511284974875205e-07,7.204059064607303e-07,5.536781723341548e-07
C3H2 + O2 <=> HCCO + HCO,-1.200364735392837e-07,4.3759804173116645e-07,5.585538831170631e-07,2.0961261747851996e-07
H2CCCH + OH <=> C2H3 + HCO,-1.640247228751019e-07,4.92265886176133e-07,5.599803256943155e-07,1.490837004562422e-07
H + H2CCCH <=> C3H2 + H2,-2.3682450941926508e-07,3.244919170458291e-07,4.268818964521408e-07,2.8303343563729354e-07
H2CCCH + O <=> C2H + CH2O,-1.7774922789672375e-07,2.145318662586316e-07,2.0709541701346324e-07,1.3120711138592684e-07
H2CCCH + O2 <=> CH3CO + CO,-1.1021661917238524e-07,3.2442431694687307e-07,3.52860973959906e-07,6.377238280304173e-08
H2CCCH + O2 <=> C2H3 + CO2,-2.3971242238916825e-07,4.6545431383896914e-07,6.274559177632403e-07,3.4482838067750057e-07
2 C2H3 <=> CH3 + H2CCCH,-3.4760907152936536e-07,3.4760907152936536e-07,2.975847931639834e-07,2.3595101171759515e-07
C2H2 + HCCO <=> CO + H2CCCH,1.5133930718246864e-07,1.9277583172914648e-07,1.8138246892256582e-07,8.921869722310617e-08
C2H2 + CH2 <=> H + H2CCCH,2.4837893761919513e-07,2.764467071889733e-07,2.5697678200484115e-07,1.704337528557944e-07
C2H + CH3 <=> H + H2CCCH,-6.197405421236711e-08,1.5591755201938617e-07,2.1789569991574778e-07,1.3362763683454087e-07
H2CCCH + OH <=> C3H2 + H2O,-7.589384203722274e-07,7.620659895044124e-07,8.21450901267755e-07,5.982072666216756e-07
H2CCCH + O <=> C2H2 + CO + H,8.930188583871281e-08,2.1300696371399416e-07,2.606726288573425e-07,1.14308859569738e-07
H2CCCH + O2 <=> CH2CO + HCO,3.633599426160032e-07,3.6596740149025794e-07,4.6882861063144393e-07,3.7658330578848304e-07
C2H2 + CH2(S) <=> H + H2CCCH,3.6958411371239125e-09,2.5761947912784614e-07,3.2753509306558673e-07,1.1792761963679225e-07
C2H5 + C3H4 <=> C2H6 + H2CCCH,-2.7974992234199414e-07,3.5537283966862336e-07,3.5597854803030214e-07,2.0167672172003744e-07
C2H3 + C3H4 <=> C2H4 + H2CCCH,-2.4045893407267386e-07,3.445820179243015e-07,3.193734909389339e-07,1.4111968938388366e-07
C2H + C3H4 <=> C2H2 + H2CCCH,-1.5491382032529003e-09,3.364213711427458e-07,4.4178018913730777e-07,1.735334710846007e-07
C3H4 + CH3 <=> CH4 + H2CCCH,-3.6762305957267684e-09,2.2511606889293215e-07,2.802474240604762e-07,1.0770285983546425e-07
C3H4 + OH <=> H2CCCH + H2O,5.034233055473987e-08,5.181270137746947e-07,7.791491428407819e-07,3.7347662009448706e-07
C3H4 + OH <=> CH2CO + CH3,5.3573736839036006e-08,9.576069372339963e-08,1.6217065067343358e-07,9.934490658385189e-08
C3H4 + H <=> H2 + H2CCCH,1.119374156487299e-06,1.119374156487299e-06,1.719619604759242e-06,1.3890653368083051e-06
C3H4 + HO2 <=> H2CCCH + H2O2,1.4641498721332566e-07,1.9837128386037757e-07,1.8780831216872672e-07,7.795598648919736e-08
C3H4 + H <=> C2H2 + CH3,4.553242709811886e-07,5.475338934173199e-07,8.91370804473323e-07,6.629636465185862e-07
C3H4 + O <=> C2H4 + CO,4.6812795279308905e-07,6.017832074554054e-07,6.146608053741328e-07,3.8211756123404757e-07
C3H4 + O <=> C2H3 + HCO,4.668695037403963e-08,2.0946431152759355e-07,2.6864036699745023e-07,1.1559843509170086e-07
C3H4 + O <=> H2CCCH + OH,1.6578812855338422e-07,1.728121294228067e-07,1.6916698780858813e-07,1.3072945346980186e-07
C3H4 + O <=> CH3 + HCCO,-5.007325748870425e-08,1.7296676646308473e-07,2.91762551634944e-07,1.440823014991985e-07
C3H4 + O2 <=> H2CCCH + HO2,-2.1976391689671226e-08,4.394874626846228e-07,5.46085323894256e-07,1.7264100024433993e-07
H + H2CCCH (+M) <=> C3H4 (+M),4.215663622145408e-08,3.924555138712755e-07,6.284514998808179e-07,3.683062719633633e-07
C2H4 + CH <=> C3H4 + H,2.6406109875947617e-07,6.59884400799764e-07,8.934532787406739e-07,4.6703004925791845e-07
C2H2 + CH2 <=> C3H4,1.642448092711396e-07,2.210701668549158e-07,2.8207517835857263e-07,1.637276183247449e-07
C2H5 + C3H5 <=> C2H6 + C3H4,4.8058767130831997e-08,3.3600863064964834e-07,4.238396601801408e-07,1.4557126181056876e-07
C2H3 + C3H5 <=> C2H4 + C3H4,-1.5859603938321483e-08,5.072963853222904e-07,6.736427124049148e-07,2.9991442351709005e-07
C3H5 + HO2 => C2H3 + CH2O + OH,1.7791715791110242e-07,4.100591308355922e-07,5.405109762765727e-07,2.640883057223061e-07
C3H5 + HO2 <=> C2H4 + HCO + OH,-2.5195063938212787e-07,3.6030556652338286e-07,5.767062935053101e-07,4.4397252290355293e-07
C3H5 + OH <=> C3H4 + H2O,1.1950689526692354e-07,2.3298785891303877e-07,3.0902284639715855e-07,1.659267894549192e-07
C3H5 + OH <=> C2H4 + CH2O,1.5434746988187954e-07,4.141159485094293e-07,5.226756742221413e-07,2.2900266740916912e-07
C3H5 + H <=> C3H4 + H2,4.310314241890807e-07,4.974057420999992e-07,6.310219599590068e-07,5.197499498751244e-07
C2H3 + CH3 <=> C3H5 + H,5.388754195067628e-08,3.5598530303086795e-07,4.4787743956071086e-07,1.6215350711951653e-07
C3H5 + O => C2H4 + CO + H,-3.372405325655114e-09,2.9761642879281305e-07,3.7953561282491357e-07,1.346966840952211e-07
C3H5 + O <=> CH2CO + CH3,7.370034201830636e-07,8.342942998699224e-07,1.2419055993017769e-06,1.0123733300243525e-06
C3H5 + O2 <=> C3H4 + HO2,-9.882845466500884e-08,3.2524736566763153e-07,3.826537423914051e-07,1.1647414508552538e-07
C3H5 + O2 <=> CH2O + CH3 + CO,-4.549581263820862e-08,6.139211146674651e-07,8.330750778185411e-07,3.437655534397679e-07
C3H4 + H (+M) <=> C3H5 (+M),-4.583166263800057e-07,4.583166263800057e-07,1.7497743595845408e-07,1.3846754991616012e-07
C2H2 + CH3 <=> C3H5,-1.660298384443355e-07,4.3123626498031945e-07,5.870389226603348e-07,2.924200645055529e-07
C2H3 + C2H5 <=> C3H5 + CH3,4.0075773797088266e-07,4.857058731318553e-07,5.009238575809945e-07,3.004947933978404e-07
C2H5 + C3H6 <=> C2H6 + C3H5,2.7277798467252038e-09,2.9207039509219673e-07,4.100411361609954e-07,1.730333098817737e-07
C2H3 + C3H6 <=> C2H4 + C3H5,1.222941021695194e-07,2.2188451161612206e-07,3.3169218491397386e-07,2.23681282622297e-07
C2H + C3H6 <=> C2H3 + C3H4,-5.6880406072775404e-08,9.964402462346586e-08,1.0696864300877464e-07,4.337836369483907e-08
C3H6 + CH2 <=> C3H5 + CH3,1.515180721733851e-07,3.4493402104407317e-07,3.683195512797598e-07,1.0056485563875173e-07
C3H6 + CH3 <=> C3H5 + CH4,-1.0424329890815274e-07,1.0424329890815274e-07,1.3070853806127222e-07,1.0600223269842802e-07
C3H6 + HO2 <=> C3H5 + H2O2,2.155127448958236e-07,2.5147310379989783e-07,2.793850146808707e-07,1.7805665136835797e-07
C3H6 + OH <=> C2H5 + CH2O,2.9214025258370246e-07,2.991663013037388e-07,3.1057317900791065e-07,2.263401459665851e-07
C3H6 + OH <=> C3H5 + H2O,5.146992500769925e-07,5.146992500769925e-07,3.6407023486583645e-07,3.262433256490577e-07
C3H6 + H <=> C2H4 + CH3,-1.5283066318052702e-07,2.47537582681372e-07,2.498455344544162e-07,8.55757523860059e-08
C3H6 + H <=> C3H5 + H2,2.667810423377041e-07,3.5279796727358875e-07,5.756287750200617e-07,3.7124171143849487e-07
C3H6 + O <=> C2H4 + CH2O,2.714038688107908e-07,2.714038688107908e-07,2.023996113759509e-07,1.5760704480666732e-07
C3H6 + O <=> C2H5 + HCO,-4.237335138336089e-08,3.6562618165883953e-07,4.6110560967318683e-07,1.613757412816319e-07
C3H6 + O <=> C3H5 + OH,-1.2261829979039852e-07,3.3937255305849916e-07,4.7436948121788986e-07,2.1512195758928123e-07
C3H6 + O <=> CH2CO + CH3 + H,5.692882273065721e-08,1.6083289654948683e-07,1.8866643974953157e-07,6.752511721150164e-08
C3H6 + O <=> CH3 + CH3CO,4.870285956885313e-08,2.3637935152962138e-07,2.724815910549579e-07,6.942484218707e-08
C3H6 + O2 <=> C3H5 + HO2,5.893934958721479e-09,1.1260031429824453e-07,1.5147454545425788e-07,6.661542672331866e-08
C3H6 <=> C2H2 + CH4,2.8235585174818667e-07,4.6144760063501745e-07,6.035895567128114e-07,3.551056426107001e-07
C3H6 <=> C3H4 + H2,1.880930430951315e-07,3.005463571306446e-07,3.801447816999996e-07,2.108460253207034e-07
C3H5 + H (+M) <=> C3H6 (+M),-8.455370579190441e-07,8.45573311731293e-07,1.4703748945593513e-06,1.1128864257958393e-06
C2H3 + CH3 (+M) <=> C3H6 (+M),2.5323254656160484e-07,4.0803090116850367e-07,4.395168830579089e-07,1.811003620403341e-07
C2H3 + C3H5 <=> C2H2 + C3H6,2.05244591716959e-07,3.144880495956117e-07,3.787923981780902e-07,2.2364503879424294e-07
C3H5 + CH2O <=> C3H6 + HCO,-2.5238398287459373e-08,1.6538735513226532e-07,2.1226846117263316e-07,9.32812941861061e-08
2 C3H5 <=> C3H4 + C3H6,2.335445316305841e-09,4.839745317944832e-07,7.165632373082288e-07,3.349071340210067e-07
C3H4 + C3H5 <=> C3H6 + H2CCCH,-2.3330369635655832e-08,2.5178156247236947e-07,3.907660624254988e-07,2.0138317107212968e-07
C2H5 + C3H5 <=> C2H4 + C3H6,2.0850242259157251e-07,4.855906067591147e-07,6.380232826429357e-07,3.4364103418604233e-07
C3H6 + H (+M) <=> nC3H7 (+M),1.1164857640052405e-07,3.7902045155699824e-07,4.4515338218122384e-07,1.440735334388852e-07
O2 + nC3H7 <=> C3H6 + HO2,1.1839822107045667e-07,3.907356780857125e-07,4.681854855838474e-07,1.7115583098456939e-07
nC3H7 <=> C2H4 + CH3,-1.094241494519633e-07,2.7353685947648175e-07,3.853673309030959e-07,2.158923721304854e-07
CH3 + iC3H7 <=> C3H6 + CH4,1.9359845456436145e-07,4.0572231829836624e-07,4.752721615132678e-07,2.2220094266083408e-07
C3H6 + H (+M) <=> iC3H7 (+M),2.452975102849915e-08,2.605243825577526e-07,4.1401965028266426e-07,2.305270370341845e-07
O2 + iC3H7 <=> C3H6 + HO2,6.477572103329649e-08,3.6875279469228674e-07,4.993565986693929e-07,2.0640229596382856e-07
H + iC3H7 <=> C3H8,-2.545210832285641e-07,3.209024382412026e-07,3.133639214340522e-07,1.8121959902754448e-07
2 iC3H7 <=> C3H6 + C3H8,1.920969702529478e-07,2.7397259889310695e-07,3.343649314831115e-07,2.1100294051164855e-07
C3H8 + iC3H7 <=> C3H8 + nC3H7,-1.2161410136928523e-07,1.8902492456093375e-07,2.7887084671976943e-07,1.823033878453768e-07
C3H5 + C3H8 <=> C3H6 + iC3H7,3.2112666120039654e-07,3.854643296531354e-07,4.186625432042809e-07,2.6447658029873717e-07
C3H5 + C3H8 <=> C3H6 + nC3H7,1.508593821810097e-07,4.4297621471756464e-07,5.26620402288912e-07,1.8594137173352387e-07
C3H8 + O2 <=> HO2 + iC3H7,-2.789734343576178e-07,2.789734343576178e-07,2.3111421203210476e-07,1.678463524492201e-07
C3H8 + O2 <=> HO2 + nC3H7,-7.236694526388315e-08,1.7749325373623805e-07,2.405104329415673e-07,1.2085364511429321e-07
C3H8 + CH3 <=> CH4 + iC3H7,4.376408447957504e-08,4.639736461381185e-07,6.623691220987345e-07,3.35203094942071e-07
C3H8 + CH3 <=> CH4 + nC3H7,1.0598042949042417e-07,2.2554962163918541e-07,2.5779423477763907e-07,1.0605840494598014e-07
C3H8 + HO2 <=> H2O2 + iC3H7,-1.0786850972045788e-07,3.9242022839085414e-07,5.075970801990691e-07,2.0878398392026632e-07
C3H8 + HO2 <=> H2O2 + nC3H7,-1.8085767525302158e-07,3.680619083980083e-07,5.832447079480732e-07,3.4197120451851197e-07
C3H8 + OH <=> H2O + iC3H7,1.9777060619638443e-07,4.384051718495389e-07,5.099311283534884e-07,2.295963909664116e-07
C3H8 + OH <=> H2O + nC3H7,-2.392702122032349e-08,3.136933087901546e-07,3.609197506419934e-07,6.378014597543074e-08
C3H8 + O <=> OH + iC3H7,8.748601281641127e-08,2.1342676705395658e-07,2.494160534150112e-07,9.751694456512273e-08
C3H8 + O <=> OH + nC3H7,-1.6786393321264648e-07,4.451549488102177e-07,4.932046129350641e-07,1.2976423103485486e-07
C3H8 + H <=> H2 + iC3H7,7.399306617519828e-08,1.7033382096047861e-07,2.1468641439552335e-07,9.459444570869666e-08
C3H8 + H <=> H2 + nC3H7,2.997451457495721e-07,3.9182159787786563e-07,4.89703894642772e-07,3.608106728079473e-07
C3H8 <=> H + nC3H7,3.32064064942678e-08,1.8427378908407287e-07,2.974540368625292e-07,1.7853618370696597e-07
C3H8 (+M) <=> C2H5 + CH3 (+M),4.4587515587060134e-07,4.960650783700447e-07,4.903555055240454e-07,3.1272523182024583e-07
C2H5O2 + C3H8 <=> C2H5O2H + iC3H7,1.312170788962227e-07,2.3144381447463873e-07,2.1786320053751976e-07,4.104032908772975e-08
C2H5O2 + C3H8 <=> C2H5O2H + nC3H7,-2.8350543983038504e-07,4.603470008654646e-07,4.5647230991662334e-07,1.5430362617591198e-07
C4H2 + OH <=> C3H2 + HCO,-3.0311633288795744e-08,3.644005821923531e-07,4.832393524166308e-07,1.9804802287959258e-07
C4H2 + OH <=> C4H + H2O,-2.8545273172315026e-07,3.787939619070304e-07,3.8314244381810714e-07,2.135753321828413e-07
C4H2 + O <=> C3H2 + CO,3.473544422685331e-08,2.9035483082665704e-07,4.1842708675017403e-07,1.9733503913900615e-07
C2H + C2H2 <=> C4H2 + H,-2.825213113559895e-08,1.7201702950426656e-07,2.49693020866153e-07,1.3058105375089564e-07
C4H2 + M <=> C4H + H + M,-9.153926424080217e-09,3.358624066864921e-07,4.4909970088737325e-07,1.6068154706434958e-07
C4H2 <=> 2 C2H,-1.3549354491220138e-07,3.47995962119735e-07,4.4014739489542606e-07,1.9493998243708121e-07
C2H3 + H2CCCCH <=> 2 H2CCCH,-5.514047548363252e-08,4.1351725372398664e-07,5.68695469175835e-07,2.879661235084415e-07
CH2 + H2CCCCH <=> C2H + C3H4,1.2399570930757248e-08,3.4034996200805785e-07,4.835570928199279e-07,2.0958413123041073e-07
H2 + H2CCCCH <=> C2H2 + C2H3,8.167849529113456e-09,1.4743435640688566e-07,2.084991896363072e-07,9.724225087623177e-08
H2CCCCH + O2 <=> CH2CO + HCCO,1.8605517912812384e-07,2.0992480301489788e-07,2.0687545105013244e-07,1.375118971149991e-07
H2CCCCH + OH <=> C4H2 + H2O,-1.3689104527476286e-07,4.000962987396743e-07,5.12286136586905e-07,2.0221647803091853e-07
H2CCCCH + O <=> C2H + CH2CO,4.0558285473594324e-07,5.399280512976278e-07,4.5241273685193053e-07,1.7183673834189467e-07
H + H2CCCCH <=> C4H2 + H2,6.752051722327558e-08,3.6208725049941053e-07,4.020845642867374e-07,4.398372713509693e-08
C3H2 + CH2 <=> H + H2CCCCH,1.9898355356424345e-08,2.115268479645155e-07,2.703798308437689e-07,1.05604891585529e-07
C2H + C2H2 <=> H2CCCCH,-2.9763977549054896e-07,7.147436255395474e-07,8.65207631855031e-07,3.5103302263907656e-07
CH + H2CCCH <=> H + H2CCCCH,-2.5634525273179546e-07,3.769457331295281e-07,3.582207781062118e-07,1.420932324195241e-07
2 C2H2 <=> H + H2CCCCH,2.7800901757499817e-07,4.6057687380107013e-07,5.898113587127545e-07,3.5087868133463197e-07
C4H2 + H (+M) <=> H2CCCCH (+M),1.331681794201328e-07,3.0879796565210456e-07,3.7728119185369585e-07,1.7013245302661013e-07
C2H3 + C4H4 <=> C2H4 + H2CCCCH,2.6452922039998127e-07,3.171124570120109e-07,2.572873103918225e-07,1.360497990074183e-07
C2H + C4H4 <=> C2H2 + H2CCCCH,1.1021558381637411e-07,1.5229854442374654e-07,2.056361627624884e-07,1.217306904491358e-07
C2H + C4H4 <=> C2H3 + C4H2,-5.567259077392951e-07,5.567259077392951e-07,3.789537724559143e-07,2.6552785590632417e-07
C4H4 + OH <=> H2CCCCH + H2O,5.994306422681144e-08,2.783927270981682e-07,3.356567715332005e-07,1.1740905664461741e-07
C4H4 + O <=> C3H4 + CO,9.028475245928503e-08,2.2625374086403747e-07,2.975829692809224e-07,1.5018319062085124e-07
C2H2 + C2H3 <=> C4H4 + H,-3.4747838549799217e-07,3.5647563786860113e-07,4.329019499469007e-07,3.5741679471132826e-07
CH2 + H2CCCH <=> C4H4 + H,1.3501705760697202e-07,4.598536147566589e-07,6.036811449590802e-07,2.853319531473166e-07
C4H4 + H <=> H2 + H2CCCCH,1.0796535940605748e-07,1.4459116458427365e-07,1.5119727131576716e-07,8.524843350678348e-08
C4H4 + O <=> H2CCCH + HCO,-9.865800726819121e-09,5.106450794147591e-07,7.1423884717542e-07,3.2998609439829953e-07
C4H4 + M <=> H + H2CCCCH + M,-3.9477959938367565e-08,1.9750767535069727e-07,2.800597467386078e-07,1.3777418442712495e-07
C4H4 <=> 2 C2H2,2.475810226545482e-07,5.257505450911839e-07,5.765488455656072e-07,1.797976177351296e-07
C3H2 + CH3 <=> C4H4 + H,-1.8977284452730472e-07,2.961055968518849e-07,3.8174314385539856e-07,2.2475649425931278e-07
C2H + C2H4 <=> C4H4 + H,-7.75452560197032e-08,1.1920834206256436e-07,1.6445677027305527e-07,1.0691176322614039e-07
C2H + i-C4H5 <=> 2 H2CCCH,6.126314457346896e-08,3.6746903651643333e-07,4.0857203334768016e-07,4.417383060191464e-08
OH + i-C4H5 <=> C4H4 + H2O,-2.7535640665491035e-07,3.149051245572964e-07,4.402083296167413e-07,3.0393767461751993e-07
H + i-C4H5 <=> CH3 + H2CCCH,1.1693474381431379e-07,1.5552036146504236e-07,2.1012749159106006e-07,1.45751968924402e-07
H + i-C4H5 <=> C4H4 + H2,3.553218905901162e-08,3.577559656984733e-07,4.782305376573916e-07,1.8988728313297452e-07
O2 + i-C4H5 <=> CH2CHO + CH2CO,-9.359803505714509e-08,2.1177499293071776e-07,2.354204938834476e-07,7.805745736813971e-08
O2 + i-C4H5 <=> C4H4 + HO2,-1.5933350287778287e-07,4.865740441722599e-07,6.406324272161941e-07,3.1453778063289053e-07
i-C4H5 (+M) <=> C4H4 + H (+M),5.2109011811916815e-08,2.4865323434786073e-07,2.8274616303316496e-07,6.827863196442704e-08
i-C4H5 + M <=> C2H2 + C2H3 + M,-1.5713889257923987e-07,2.3184181570589064e-07,3.2116252141032937e-07,2.1678835139062327e-07
2 C2H3 <=> H + i-C4H5,-7.838782849899924e-08,2.284892948301124e-07,3.1790730080651784e-07,1.4914482191770442e-07
C4H6 + H2CCCH <=> C3H4 + i-C4H5,-2.117354026455782e-07,2.117354026455782e-07,9.726153489460816e-08,8.449222993084172e-08
C2H3 + C4H6 <=> C2H4 + i-C4H5,-2.773518175049461e-07,3.3272553560600654e-07,4.091860122832581e-07,2.727992661708038e-07
C4H6 + CH3 <=> CH4 + i-C4H5,2.8067132163504735e-07,4.6963367312607036e-07,6.153835142078307e-07,3.7300348192540154e-07
C4H6 + OH <=> C2H3 + CH3CHO,1.735486436484642e-07,2.8903220008956074e-07,3.555001803277213e-07,1.9604704570521683e-07
C4H6 + OH <=> C2H5 + CH2CO,-1.9305290929937658e-07,3.399584836112311e-07,3.590608261800852e-07,1.4265791301391512e-07
C4H6 + OH <=> H2O + i-C4H5,3.2914620485575156e-07,4.040801826042325e-07,4.6776102459564565e-07,3.238311458110624e-07
C4H6 + H <=> H2 + i-C4H5,2.5397878152196333e-07,4.117869505931734e-07,5.993489446509821e-07,4.229534749359042e-07
C4H6 + H <=> C3H4 + CH3,-2.562807929123065e-07,3.111974905167572e-07,2.8376713677554664e-07,1.702111371782341e-07
C4H6 + O <=> C3H5 + CO + H,5.3863052414553e-08,4.5244754972382015e-07,6.530675448812371e-07,3.18161795746644e-07
C4H6 + O <=> OH + i-C4H5,-1.5353411235165103e-07,4.608982695470062e-07,5.893747238342671e-07,2.670507378858912e-07
C4H6 + O2 <=> HO2 + i-C4H5,-7.444223437580143e-08,5.998407460473198e-07,7.301654917041571e-07,2.574673714364548e-07
C4H6 <=> C2H2 + C2H4,4.234342388088029e-08,3.8267714224979567e-07,5.437368883417557e-07,2.852134647557309e-07
C4H6 <=> C4H4 + H2,5.330234341227553e-08,1.2313111201834242e-07,1.2999153614106238e-07,2.9214246581357753e-08
C4H6 <=> H + i-C4H5,-1.147135776766147e-07,4.953253370823818e-07,7.352851854307642e-07,3.7008316026802046e-07
CH3 + H2CCCH (+M) <=> C4H6 (+M),-3.830937078448389e-07,4.716694056257996e-07,4.4263438781688315e-07,2.553771892874269e-07
C2H3 + C2H4 <=> C4H6 + H,2.1527662389190982e-07,6.891194364540622e-07,7.828248397926751e-07,2.4507006153999046e-07
2 C2H3 <=> C4H6,2.161370235449433e-06,2.161370235449433e-06,2.285431230822653e-06,1.7732805184093188e-06
C3H5 + nC4H7 <=> C3H6 + C4H6,-1.488414739047701e-07,2.6802940996532425e-07,3.4425182733946337e-07,2.0040190963931147e-07
C2H5 + nC4H7 <=> C2H6 + C4H6,-9.595414519651614e-08,2.3667699083797092e-07,3.157995440799672e-07,1.6686137753393489e-07
C2H3 + nC4H7 <=> C2H4 + C4H6,5.2688253526812644e-08,1.6720511938482195e-07,2.064047419714388e-07,8.12992328069787e-08
CH3 + nC4H7 <=> C4H6 + CH4,-4.2235537449938995e-08,1.6901578290972907e-07,2.355845974012457e-07,1.0965902626319707e-07
H + nC4H7 <=> C4H6 + H2,-1.8377465825777856e-07,3.2186086340152793e-07,4.0164421558125294e-07,2.0036384710814692e-07
O2 + nC4H7 <=> C4H6 + HO2,1.1052645901290666e-07,2.797782738519197e-07,3.8430284176996555e-07,1.7951653261500995e-07
nC4H7 + M <=> C3H4 + CH3 + M,2.6552094799333258e-08,2.74024471606629e-07,3.313055139458385e-07,1.0254180455030953e-07
nC4H7 + M <=> C2H3 + C2H4 + M,-5.5409172206127663e-08,3.457624678557658e-07,4.5422303123753396e-07,2.118963288564789e-07
nC4H7 + M <=> C4H6 + H + M,4.189517611117579e-08,1.7666759523840011e-07,2.554714550357353e-07,1.3875528419740667e-07
C2H5 + nC4H7 <=> C2H4 + C4H8,-4.232795678593335e-08,2.6752660235095875e-07,4.1942976079409436e-07,2.2305380653778793e-07
C4H8 <=> H + nC4H7,-9.014770542867229e-08,4.491085781971704e-07,5.987819493991336e-07,2.596890138472644e-07
C4H8 <=> C3H5 + CH3,2.749459997085965e-07,3.328493598377726e-07,4.2243780543602614e-07,2.631862796126411e-07
C2H3 + C2H5 => C4H8,1.4912329017737095e-07,3.496138542503277e-07,3.9884695281341374e-07,1.4896337968296024e-07
C3H5 + C4H8 <=> C3H6 + nC4H7,-1.3394078636287234e-07,3.979742178016964e-07,5.00924744274967e-07,2.0388742745117379e-07
C4H8 + H <=> H2 + nC4H7,2.724605399271075e-07,4.6515835113039253e-07,7.734522707565623e-07,5.069764181486834e-07
C4H8 + HO2 <=> H2O2 + nC4H7,3.6571630349838784e-07,3.6571630349838784e-07,3.121747914013381e-07,2.662661998382039e-07
C2H5 + C4H8 <=> C2H6 + nC4H7,6.973933050188872e-08,3.458467347121248e-07,4.256717539712907e-07,1.4239029172204023e-07
C4H8 + CH3 <=> CH4 + nC4H7,6.374476140739945e-08,2.3012806877682793e-07,3.119845536820153e-07,1.5641132081688726e-07
C4H8 + OH <=> H2O + nC4H7,-3.036642316881069e-07,3.839533358686645e-07,5.227698285719511e-07,3.296142914564553e-07
C4H8 + O <=> OH + nC4H7,-1.1277821409227793e-07,3.146746969688279e-07,4.5352953897062165e-07,2.288864690128796e-07
C4H8 + OH <=> CH2O + nC3H7,-3.112776747429309e-08,2.0060524445063868e-07,2.825073541657147e-07,1.3976264319638735e-07
C4H8 + OH <=> C2H5 + CH3CHO,-2.2548428658994126e-08,3.773339426007767e-07,5.685161944078884e-07,2.945530813562279e-07
C4H8 + O <=> C2H4 + CH3CHO,9.861941237307488e-08,3.54027173003469e-07,3.8220533746172513e-07,2.8562386366939935e-08
C4H8 + O => C2H5 + CH3 + CO,1.1117290495437745e-07,2.8661118945759237e-07,3.935246129024547e-07,2.1232860440424892e-07
C4H8 + O <=> C3H6 + CH2O,1.1199377347050253e-07,2.3297210835509064e-07,2.5685774883610344e-07,1.0021177885531227e-07
C4H8 + OH => C2H6 + CH3 + CO,-2.6556191775134477e-07,3.620617825099175e-07,2.904460987366806e-07,7.455159142890809e-08
C4H8 + O <=> HCO + nC3H7,-2.186764604768533e-07,2.3142096312846535e-07,2.286725448124326e-07,1.8647973601541895e-07
C2H3 + H2CCCH <=> C5H5 + H,1.760453512243625e-08,3.08139676032376e-07,3.8094231584042466e-07,1.2536900287704565e-07
C5H5 <=> C2H2 + H2CCCH,-1.6352637609771983e-07,3.1248205448884234e-07,4.980328726947844e-07,3.1838098739799103e-07
C5H5 + O2 <=> C2H2 + CH2CO + HCO,-1.6380045266270526e-07,1.774579280086695e-07,1.290828351495051e-07,8.05330685658178e-08
C5H6 + O2 <=> C5H5 + HO2,1.1139187403696107e-07,3.7643249122305636e-07,4.976242524648518e-07,2.2568366265906722e-07
C5H5 + O <=> CO + i-C4H5,-2.8977641170980963e-08,8.219211567369184e-08,9.955877385316854e-08,3.7351694818200036e-08
C5H6 + H <=> C5H5 + H2,8.173957069089742e-09,4.189255366254486e-07,4.857226003552076e-07,1.0412497088962864e-07
C5H6 + H <=> C2H2 + C3H5,6.628836969658516e-08,3.166970987801505e-07,4.876710148642287e-07,2.453106515768952e-07
C5H5 + H <=> C5H6,4.219459501433181e-08,1.9263044245439581e-07,2.563787927208877e-07,1.0915254563054554e-07
C5H5 + OH <=> 2 C2H2 + CH2O,-1.851153970641365e-08,2.2221916777345502e-07,2.9453646182302884e-07,1.0840691673793256e-07
C5H6 + OH <=> C5H5 + H2O,3.0312480739439336e-08,1.833856695102283e-07,2.642655062649781e-07,1.3630527665479355e-07
C5H6 + HO2 <=> C5H5 + H2O2,8.176810710133708e-08,3.3065436552657764e-07,4.346341321515421e-07,2.1068020757634005e-07
C2H3 + C5H6 <=> C2H4 + C5H5,2.955780629541675e-07,3.565950787005148e-07,2.8056991723884184e-07,1.3218693497754565e-07
C6H5O <=> C5H5 + CO,-3.1315473224894895e-07,3.649778440154654e-07,4.290914736060917e-07,3.12694863905158e-07
C6H5O + O <=> C5H5 + CO2,4.203173688147571e-07,5.424696594763196e-07,5.657961089100773e-07,3.3800361383982e-07
C6H5O + H <=> C5H6 + CO,9.866477242360909e-08,1.0830324003588813e-07,1.309145647848968e-07,9.775826342012948e-08
C6H5O + H <=> C6H5OH,-1.0422226174561545e-07,2.2795277475886887e-07,2.891108733496038e-07,1.5169668656757117e-07
C6H5OH <=> C5H6 + CO,-3.0053112471790945e-07,3.0053112471790945e-07,2.7790211002531734e-07,1.9471581054152622e-07
C6H5OH + O <=> C6H5O + OH,1.433929132087564e-07,2.0708619748857004e-07,2.1260519842307183e-07,1.1281918710751378e-07
C6H5OH + H <=> C6H5O + H2,-9.300668930725897e-08,1.4680941499067499e-07,2.428882791448285e-07,1.5299650044979913e-07
C6H5OH + OH <=> C6H5O + H2O,-8.735043616021483e-08,4.2912466915517047e-07,5.537313064199117e-07,2.471253090208634e-07
C2H3 + C6H5OH <=> C2H4 + C6H5O,-1.6000657599874738e-07,3.878761081311342e-07,4.4962244568275107e-07,1.7458930311172986e-07
2 H2CCCH <=> A1,-1.0441835125042365e-07,3.824735500732268e-07,5.51660882842733e-07,2.781933942425399e-07
2 H2CCCH <=> A1- + H,3.002715825912335e-07,5.387544948115951e-07,6.536116515257135e-07,3.3584076302986885e-07
C2H3 + H2CCCCH <=> A1,-1.2399117691636615e-08,2.249769595822913e-07,2.849721143916732e-07,1.0663055945532374e-07
C2H3 + H2CCCCH <=> A1- + H,-1.7038776301218493e-07,1.7431951754979152e-07,1.9016053300568992e-07,1.4763899115651674e-07
C3H4 + H2CCCH <=> A1 + H,-2.1274487783403445e-07,4.354868003398988e-07,5.541495283015119e-07,2.7589108727923795e-07
C2H3 + C4H4 <=> A1 + H,1.6467206674754137e-07,2.9959362412487136e-07,3.242694730978573e-07,1.2176654649765904e-07
C2H2 + H2CCCCH <=> A1-,3.23073456721468e-07,3.4895854559694365e-07,3.2430444073113854e-07,2.1583011994665136e-07
C2H2 + C4H4 <=> A1- + H,2.2853885632336204e-07,3.7201913691298575e-07,4.121768839065766e-07,1.8307080994620553e-07
C2H2 + i-C4H5 <=> A1 + H,-4.544773472218487e-08,2.3953750735691136e-07,3.157181216447684e-07,1.3665481195314286e-07
C2H3 + i-C4H5 <=> A1 + H2,-2.939190218679553e-07,2.939190218679553e-07,1.7622646747176882e-07,1.4891346622582637e-07
C2H + i-C4H5 <=> A1,2.9895602801632557e-07,2.9895602801632557e-07,2.015114669419374e-07,1.5466193812453007e-07
C2H + i-C4H5 <=> A1- + H,-2.8631862366227586e-07,2.8631862366227586e-07,3.636761347514456e-07,2.6930190866275293e-07
C5H5 + CH3 <=> A1 + 2 H,-2.769304715236333e-07,2.8740703076126777e-07,2.937155120899548e-07,2.29383205648521e-07
C2H3 + C5H6 <=> A1 + CH3,-1.7288005584698042e-07,2.3646717737676351e-07,3.2223164655864706e-07,1.962581016357454e-07
A1 <=> A1- + H,-2.415741208251219e-07,2.762265774342006e-07,2.6097073029397357e-07,1.6085901474811673e-07
A1 + O2 <=> A1- + HO2,-1.784872180476938e-07,3.82980939571486e-07,4.591643517269587e-07,2.0097383039511967e-07
A1 + O <=> A1- + OH,7.344649019374664e-08,2.765581990517368e-07,3.6306458292240455e-07,1.5244190379529708e-07
A1 + O <=> C6H5OH,-2.193004260088326e-07,4.3002359499944223e-07,6.930406783841187e-07,4.689644376896736e-07
A1 + O <=> C6H5O + H,-2.5856016213990577e-07,4.346060162162153e-07,4.6365375108973557e-07,2.1670897183113225e-07
A1 + H <=> A1- + H2,1.5092725598129308e-07,5.584651382876212e-07,6.918934286952622e-07,2.6441689552203217e-07
A1 + OH <=> C6H5OH + H,1.177925401827798e-07,3.567283124745201e-07,4.703684708666409e-07,2.187462355632983e-07
A1 + OH <=> A1- + H2O,1.0370220101390291e-07,2.2475471353183417e-07,2.7553460091192794e-07,1.3139125885266847e-07
A1- + O2 <=> C6H5O + O,-2.9198615351507325e-07,2.9198615351507325e-07,2.5961537687268555e-07,1.9773684309220158e-07
A1- + O <=> C5H5 + CO,-7.859381399844928e-08,1.3157753412884024e-07,2.2108671639742103e-07,1.1903503283871043e-07
A1- + OH <=> C6H5O + H,-5.619379406536829e-08,2.521177508206517e-07,3.3797358868889554e-07,1.426904903048665e-07
A1- + C6H5OH <=> A1 + C6H5O,1.0495235152178533e-08,4.783628981824691e-07,5.962377767325399e-07,2.1068770279249754e-07
C3H4 + i-C4H5 <=> C7H8 + H,-6.101724709354418e-07,6.101724709354418e-07,4.3168247779869e-07,3.5282446427053195e-07
H2CCCH + i-C4H5 <=> C7H7 + H,1.1372024036192685e-07,4.031240676288851e-07,6.453088182814174e-07,3.9764428141466077e-07
A1 + CH2 <=> C7H8,3.964529655924782e-08,1.0654186815530476e-07,1.2898676540630655e-07,4.642380323815121e-08
A1 + CH2(S) <=> C7H8,5.829132346198794e-08,2.1548954593287436e-07,3.2823460191191396e-07,1.987173693417047e-07
C7H8 <=> A1- + CH3,1.0246320018387708e-07,1.940299993944669e-07,2.3295565344552633e-07,1.0661869677247615e-07
H2CCCH + i-C4H5 <=> C7H8,-7.520603048524836e-08,1.8150500154642997e-07,2.1391496885609976e-07,8.880429713949654e-08
C7H8 + O2 <=> C7H7 + HO2,-2.1246236489271802e-07,3.978821671864339e-07,4.293180168993817e-07,1.6498818602894895e-07
C7H8 + O <=> C7H7 + OH,-1.409371533568457e-07,4.7557216403617226e-07,6.375210745501435e-07,3.0120052396277446e-07
C7H8 + H <=> A1 + CH3,-1.5852200777088026e-07,3.5067472850082094e-07,3.811940546368224e-07,1.0974660441981102e-07
C7H8 + H <=> C7H7 + H2,-1.8867113209945671e-07,3.226353149756548e-07,4.271848718441127e-07,2.5131035615890165e-07
C7H8 + OH <=> C7H7 + H2O,2.5733761425286747e-07,5.974109817060258e-07,6.987016771894179e-07,2.63393719110484e-07
C7H8 + HO2 <=> C7H7 + H2O2,1.268894463646822e-07,2.7188159754359043e-07,3.2492362342273846e-07,1.4268172270241666e-07
C7H8 + CH3 <=> C7H7 + CH4,-2.664809569931567e-07,4.275012274600243e-07,4.4701094047102523e-07,1.8111559161133035e-07
C2H3 + C7H8 <=> C2H4 + C7H7,2.3510975596756615e-08,2.5723055130726736e-07,3.193625438011852e-07,1.0449579224407199e-07
C7H8 + H2CCCH <=> C3H4 + C7H7,2.561356561062134e-08,2.0692723183697414e-07,3.105808850679761e-07,1.5986520179458818e-07
C3H5 + C7H8 <=> C3H6 + C7H7,8.33611726674724e-08,4.358117991590783e-07,5.786304210934095e-07,2.4270301234526544e-07
C5H5 + C7H8 <=> C5H6 + C7H7,-2.906828779365641e-07,3.6743252435082384e-07,3.741047299734281e-07,2.2452066573277183e-07
A1- + C7H8 <=> A1 + C7H7,1.0282908678115236e-07,3.918365292481314e-07,4.931552810582817e-07,1.954851335337427e-07
C6H5O + C7H8 <=> C6H5OH + C7H7,3.9367241628040743e-07,3.9367241628040743e-07,5.29580618434202e-07,4.0850707294828516e-07
C7H8 + HCO <=> C7H7 + CH2O,5.567245442463625e-07,5.567245442463625e-07,5.559853365499761e-07,4.394998484847309e-07
C7H8 + i-C4H5 <=> C4H6 + C7H7,-9.156478165541374e-08,4.046404867999588e-07,4.888127348029578e-07,1.4820930109450387e-07
C7H7 + H2CCCH <=> C3H2 + C7H8,-2.812500122893036e-07,4.4064026968723333e-07,5.02141432926891e-07,2.6653418544838587e-07
C7H7 + HO2 <=> A1- + CH2O + OH,2.2805383393865358e-07,3.8895497962778705e-07,4.060373514911863e-07,1.423013658612656e-07
C7H7 + O2 <=> A1- + HCO + OH,-2.1861612376073067e-07,2.2622614871560447e-07,1.840604805952594e-07,1.276747041334086e-07
C7H7 + HO2 <=> A1 + HCO + OH,8.993418218795573e-08,1.8623539531286036e-07,2.2810783139403948e-07,1.188150267199889e-07
C7H7 + OH <=> A1- + CH2OH,2.2195422328359295e-07,2.2195422328359295e-07,1.7836393369964725e-07,1.4989850609571906e-07
A1- + CH3 <=> C7H7 + H,-5.407883249064366e-08,2.3638457857849527e-07,2.957345439015023e-07,1.1832833574284325e-07
C7H7 <=> C4H4 + H2CCCH,-2.543943137576771e-07,3.1018399349639775e-07,4.257236132734549e-07,3.3180600903122717e-07
C7H7 <=> C2H2 + C5H5,8.280205747845378e-08,2.949032903394814e-07,3.9078431062255474e-07,1.7791648641657306e-07
C7H7 + O <=> A1 + HCO,-6.5829960908018e-08,2.1546262543117415e-07,2.3468704281418335e-07,3.737589601946586e-08
C7H7 + O <=> A1- + CH2O,-1.431629139260532e-07,3.1190438869454575e-07,4.6029908406911744e-07,2.8137221408348227e-07
C7H7 + H <=> C7H8,-1.3971604549229828e-07,2.303375637046033e-07,3.6937411996345656e-07,2.1861801683668542e-07
C7H7 + H + OH <=> A1 + CH2OH,-8.942366779249073e-08,2.039478298545422e-07,2.4307082492982485e-07,9.710607088960122e-08
C4H2 + i-C4H5 <=> A1C2H + H,-2.688550151445008e-07,3.4551751852360213e-07,3.779132187124124e-07,2.426931750977663e-07
A1C2H- + H (+M) <=> A1C2H (+M),2.3615432466317745e-07,2.6940267833098754e-07,2.5935974361847136e-07,1.7003660045217364e-07
C4H2 + H2CCCCH <=> A1C2H-,1.2549648496550926e-07,1.7671692193641394e-07,1.8745294216094804e-07,1.0319264146044246e-07
A1- + C4H2 <=> A1C2H + C2H,3.09068136029662e-08,2.688936045544561e-07,3.5320845048342204e-07,1.6588575775863452e-07
A1- + C2H3 <=> A1C2H + H2,-1.1282692954263853e-07,1.1282692954263853e-07,8.56076719566807e-08,7.085547969673354e-08
A1- + C4H4 <=> A1C2H + C2H3,-3.685645370383568e-07,4.0555638494832655e-07,4.986242341094642e-07,3.3586456569170376e-07
A1 + C2H <=> A1C2H + H,2.3298010036175849e-07,2.7083122527638896e-07,1.953706568640602e-07,9.583034946491443e-08
A1- + C2H <=> A1C2H,-1.7111946933811183e-07,2.485130969704382e-07,3.381185668268616e-07,2.3043284760359892e-07
A1C2H + O <=> A1C2H- + OH,2.8076949534411636e-08,1.1959552650742145e-07,1.7828509724991177e-07,8.689018301235626e-08
A1C2H + O <=> A1- + HCCO,-1.358255349852255e-07,2.7662570994891053e-07,3.24841636236421e-07,1.5737330181065584e-07
A1C2H + O <=> C2H + C6H5O,-2.1847638001655624e-07,2.5350657108999667e-07,2.05592619045772e-07,1.0607173488333511e-07
A1C2H + H <=> A1C2H- + H2,-9.117161782168541e-08,2.7534852070932934e-07,3.328734485053717e-07,1.1943083417608313e-07
A1C2H + H <=> A1- + C2H2,-1.069174197547181e-07,1.3998449690837136e-07,1.9559228237671416e-07,1.4877786951976542e-07
A1C2H + H <=> n-C8H7,2.657576000053818e-07,4.114745464436269e-07,4.522268285468119e-07,2.3074218140728559e-07
A1C2H + OH <=> A1C2H- + H2O,1.5299443028467512e-07,2.1875726398043064e-07,2.791778863633754e-07,1.8310230220507174e-07
A1C2H + OH <=> A1- + CH2CO,-1.0342483179683916e-08,1.3038494095111634e-07,1.8613422052616757e-07,8.857833358150145e-08
A1C2H + OH <=> A1 + HCCO,-1.2513827512536028e-07,3.513423122073164e-07,4.4571115917500305e-07,2.2481757853825884e-07
A1C2H + C2H <=> A1C2H- + C2H2,-3.215376332077008e-09,3.9948862966973655e-07,4.994366950788221e-07,1.7291013389207587e-07
2 C4H4 <=> A1C2H3,-1.4005430451320353e-07,3.120852318679959e-07,4.511536926173351e-07,2.3931448692569955e-07
C4H4 + i-C4H5 <=> A1C2H3 + H,3.9006265535817565e-07,4.3188720895105253e-07,4.2415176308503526e-07,3.1694223815721524e-07
C5H5 + H2CCCH <=> A1C2H3* + H,2.1912251644562193e-07,4.086496796698846e-07,4.7228150875672363e-07,2.422430253694185e-07
A1 + C2H3 <=> A1C2H3 + H,-6.12337428109888e-08,2.2966756887727688e-07,2.837391036989119e-07,1.076153113749657e-07
A1- + C2H3 <=> A1C2H3,2.975718503975207e-08,3.1906776878053696e-07,4.0483381361632364e-07,1.528602731055689e-07
A1- + C2H4 <=> A1C2H3 + H,-1.6129598436930905e-07,2.543460974864528e-07,3.0151734121553596e-07,1.542426404790077e-07
A1- + C4H4 <=> A1C2H3 + C2H,1.9118257412591856e-07,3.471328224926047e-07,4.1327411734852473e-07,1.9322456021123575e-07
A1- + C4H6 <=> A1C2H3 + C2H3,3.202760625851557e-08,2.21313855273107e-07,2.513639242926152e-07,4.571317602991198e-08
C7H7 + CH2 <=> A1C2H3 + H,-5.362458830700045e-08,4.0292086357408163e-07,5.240873631679792e-07,2.1447228681549732e-07
A1C2H3 + H <=> H2 + n-C8H7,-5.7904177778703945e-08,1.381775097093187e-07,2.3724011749334545e-07,1.5501827778436282e-07
A1C2H3 + H <=> A1C2H3* + H2,-1.6785808063144807e-07,2.432993607841112e-07,3.6583399860519026e-07,2.2216831837779601e-07
A1C2H3 + O <=> A1- + CH2CHO,1.4134337911599226e-07,3.1186713394887064e-07,3.675159240491535e-07,1.5630944579844655e-07
A1C2H3 + O <=> A1- + CH3 + CO,-3.190515786917654e-07,4.4477972103107794e-07,3.8897860634523375e-07,1.347097490208542e-07
A1C2H3 + O <=> C2H3 + C6H5O,2.6891488793033973e-07,3.2144039816150807e-07,3.829543421153929e-07,2.2583728021474847e-07
A1C2H3 + O <=> OH + n-C8H7,2.1759199759003833e-07,2.1759199759003833e-07,2.0120161947513577e-07,1.339552882634288e-07
A1C2H3 + OH <=> H2O + n-C8H7,1.4016324043072076e-07,3.844757956364799e-07,4.2000574442298584e-07,9.406146846527554e-08
A1C2H3 + OH => C2H4 + C6H5O,9.762734091920002e-08,1.4473830958872087e-07,2.6255484979245464e-07,1.7472578658502926e-07
A1C2H3 + OH <=> A1C2H3* + H2O,5.666677770994259e-08,2.798858481323297e-07,3.6448906314973985e-07,1.5733975120054614e-07
A1C2H3 + OH <=> C7H7 + CH2O,1.426570690837804e-07,2.3552425404452477e-07,2.43025098017679e-07,9.03568354398872e-08
A1C2H3 + O2 <=> C6H5O + CH2CHO,-1.2664033914024461e-08,1.300207514298413e-07,1.6797115235616154e-07,5.651982966968866e-08
A1C2H3* + O2 <=> C6H5O + CH2CO,5.828852610986952e-09,1.9553765879847722e-07,2.6838520056795956e-07,1.2156400865177583e-07
A1C2H3* + H (+M) <=> A1C2H3 (+M),5.2637179011207865e-08,1.8082128106078405e-07,2.492130155570515e-07,1.1611304671218727e-07
C5H5 + H2CCCH <=> H + n-C8H7,-2.6180932742446995e-07,4.2166587900529207e-07,4.389957150268573e-07,1.8083850202587084e-07
A1 + C2H <=> n-C8H7,2.3106175817205688e-07,3.935776690223498e-07,6.468253496329941e-07,3.9679876293114905e-07
A1- + C2H2 <=> n-C8H7,-1.0368277430089569e-07,4.041835488807225e-07,5.458037495505916e-07,2.4624538987986344e-07
A1- + C2H3 <=> H + n-C8H7,1.1968139467747468e-08,2.9986612932272774e-07,3.9447671385786376e-07,1.708923558680565e-07
H + n-C8H7 <=> A1C2H3,2.0508406837510906e-07,2.1788992840326556e-07,1.3896548473673553e-07,9.122786677557282e-08
H + n-C8H7 <=> A1C2H + H2,-2.6597248409366173e-07,2.6597248409366173e-07,1.1136157816909269e-07,8.492185574957834e-08
OH + n-C8H7 <=> A1C2H + H2O,3.204459753194085e-08,2.4887704283405366e-07,3.0250309724627136e-07,8.805198139531709e-08
C4H4 + C5H5 <=> H + INDENE,-1.0764702336944727e-07,2.444657014767047e-07,3.8030238297029964e-07,2.3379890808531954e-07
A1- + H2CCCH <=> INDENE,1.870875305307782e-07,3.6748502529886067e-07,5.966405508411948e-07,3.7030020763420436e-07
A1- + C4H6 <=> CH3 + INDENE,1.2255977813702237e-07,1.825473027779805e-07,2.2930539759050437e-07,1.3564331705614757e-07
A1 + i-C4H5 <=> CH3 + INDENE,-2.777974902059889e-07,4.222589510396032e-07,5.023772780094101e-07,2.9903927522239176e-07
A1- + C3H4 <=> H + INDENE,-2.314592163845823e-08,2.4253331094269556e-07,2.992173651703171e-07,9.68198305955838e-08
C2H + C4H2 <=> C6H2 + H,-7.967178884193618e-08,2.412313471673752e-07,3.125374388574741e-07,1.4418912916466653e-07
C2H2 + C4H <=> C6H2 + H,-2.3444470660849338e-07,2.8217640603448656e-07,2.8757166586713254e-07,2.1181420139445142e-07
2 C3H2 => C6H2 + H2,-1.0117661243298912e-09,3.429927303418599e-07,5.360180964639165e-07,2.7887584614658624e-07
C2H2 + C6H <=> C8H2 + H,-5.809621198502988e-07,6.068088837948422e-07,6.563546867146738e-07,4.722601987529844e-07
C2H + C6H2 <=> C8H2 + H,-1.5090630875822522e-07,5.004478539209636e-07,6.376313800442154e-07,3.0455201375487683e-07
C2H + C6H <=> C8H2,-1.4504109513775295e-07,1.7275081759866685e-07,1.327304170123126e-07,6.469693632451413e-08
C2H + C4H2 <=> C2H2 + C4H,-2.1446297392937367e-07,3.681950317335465e-07,4.6597963487230755e-07,2.4609858535104604e-07
C6H2 + H <=> C6H + H2,2.4166913261424625e-08,2.2180219663339894e-07,2.7715545277535087e-07,1.0252982067230892e-07
C6H2 + OH <=> C6H + H2O,-7.624013151713042e-08,2.685156391067955e-07,3.3992861174788445e-07,1.260631997499558e-07
C6H2 + M <=> C6H + H + M,-4.2779825455016925e-08,1.3209308341536402e-07,2.1568864317558937e-07,1.4291391429485586e-07
2 C4H2 <=> C8H2 + H2,1.6752811788276714e-07,3.2468365962500825e-07,3.9939868258662535e-07,1.9262247839849618e-07
C8H2 + M <=> C8H + H + M,3.4830985287974395e-07,4.792640388828714e-07,6.651705017173696e-07,4.464993732319284e-07
C8H2 + H <=> C8H + H2,-1.1863786386429396e-07,3.880522902003527e-07,5.043992282849989e-07,2.2053060017309823e-07
C8H2 + OH <=> C8H + H2O,3.540667047224785e-08,4.7117113852892205e-07,6.264401731212414e-07,2.973404967543587e-07
A1 + CH3 <=> A1- + CH4,2.1463828895879853e-07,2.3086215621160456e-07,2.273813999496234e-07,1.4466513333044374e-07
A1 + C2H <=> A1- + C2H2,-1.5758258774898272e-07,2.7838859523452424e-07,3.0803364773391014e-07,1.3603388509143455e-07
A1 + C4H <=> A1- + C4H2,5.886867002036853e-07,5.886867002036853e-07,2.615907891235322e-07,2.0983721731858137e-07
A1 + C6H <=> A1- + C6H2,-1.61398139453105e-07,1.6293283951870346e-07,3.324677467784768e-07,2.480123000544353e-07
A1 + C8H <=> A1- + C8H2,3.3928888631089275e-07,3.3928888631089275e-07,2.5279130763562454e-07,1.741987472773163e-07
INDENE + O2 <=> HO2 + INDENYL,4.458992287688599e-08,3.2602598917568503e-07,4.0641861144222245e-07,1.4317224374502558e-07
HO2 + INDENE <=> H2O2 + INDENYL,1.9026845676797066e-07,4.1799083326539814e-07,4.6060724137536306e-07,1.6161474525466925e-07
INDENE <=> H + INDENYL,-4.004803567283146e-08,5.656577412794805e-07,7.368304436677552e-07,2.671834469514727e-07
INDENE + O <=> INDENYL + OH,2.5413994075444746e-09,5.040619246855934e-07,6.071005771278169e-07,1.9462329095379028e-07
INDENE + O <=> C7H7 + HCCO,1.5059899781424586e-07,2.448321708630541e-07,3.8708595187311154e-07,2.342283922279586e-07
H + INDENE <=> H2 + INDENYL,1.7967417438132562e-07,1.9863385863878944e-07,2.171984025733595e-07,1.5326962921406616e-07
C2H2 + C7H7 <=> H + INDENE,-1.2734821195362962e-07,3.2167235038267323e-07,5.040704667996313e-07,2.684930369909641e-07
H + INDENE <=> A1C2H + CH3,1.4469912218085303e-07,3.174587467809107e-07,4.54492508611043e-07,2.4383508949202923e-07
H + INDENE <=> A1 + H2CCCH,2.107480410418483e-07,3.163259677624012e-07,3.592316077159106e-07,2.1258968353415133e-07
INDENE + OH <=> C7H7 + CH2CO,-1.752586140561725e-08,3.112393059937862e-07,4.1987186009380565e-07,1.7657806828887973e-07
INDENE + OH <=> H2O + INDENYL,-9.590507911050954e-08,2.808566553269506e-07,3.385222695046598e-07,1.1608061252005893e-07
CH3 + INDENE <=> CH4 + INDENYL,-2.7063662798589594e-07,3.3180184405876165e-07,2.451260885188572e-07,9.28015340968934e-08
H2CCCH + INDENE <=> C3H4 + INDENYL,-7.733867241361816e-08,4.234204355597318e-07,5.142376127473009e-07,1.6914459305928868e-07
A1- + INDENE <=> A1 + INDENYL,-2.0726433484798868e-07,3.916566442698398e-07,4.950631862450078e-07,2.5076647389493534e-07
C7H7 + INDENE <=> C7H8 + INDENYL,-1.4173032270319814e-07,4.436401221055758e-07,5.138427238413297e-07,1.680153194762384e-07
C4H2 + C5H5 <=> INDENYL,-2.1072828251284144e-07,2.8828137208699593e-07,2.308970569454235e-07,5.509725602856185e-08
INDENYL => C2H2 + C4H2 + H2CCCH,-1.8946414377213036e-08,5.01491626232368e-07,6.660023785049608e-07,2.6221350977325377e-07
INDENYL + O <=> CO + n-C8H7,7.097855678565631e-08,2.4035934921560994e-07,3.2240540861248836e-07,1.554744143611109e-07
INDENYL + O <=> A1C2H3* + CO,8.171305807195594e-08,4.381104296032088e-07,5.395785935614855e-07,1.7566539487994188e-07
HO2 + INDENYL => CO + OH + n-C8H7,-1.0744992757512934e-07,2.9680892990720665e-07,3.6408384567482796e-07,1.5292147709407162e-07
HO2 + INDENYL => A1C2H + CO + H2O,3.3326855895746214e-07,6.956371502419552e-07,1.1270997913452288e-06,6.65819052797477e-07
HO2 + INDENYL => A1C2H3* + CO + OH,9.229777947655543e-08,1.796686401744438e-07,2.842643062194022e-07,1.8851072607400146e-07
A1 + A1- <=> H + P2,3.010359810155215e-07,4.4119281511293336e-07,4.892775083138679e-07,2.759523266792317e-07
H2CCCH + INDENYL => P2,-1.6502968885368663e-07,2.825348348040125e-07,3.111068372853043e-07,1.3771609835086902e-07
H2CCCH + INDENE => H + P2,-1.91430916167259e-07,3.2987357522513143e-07,3.917597837752317e-07,2.2315052607824058e-07
2 A1- <=> P2,3.198964676608877e-07,4.328141524146016e-07,5.946991238438191e-07,3.833657207677424e-07
2 A1- <=> H + P2-,9.896748651277434e-08,3.0009367700862574e-07,4.5631708870238023e-07,2.605462009438698e-07
P2 <=> H + P2-,7.990645139645681e-10,2.480083047847662e-07,3.384111381213245e-07,1.5468283783906822e-07
P2 <=> C3H2 + INDENE,-1.9997217250327773e-07,2.0982014938889016e-07,2.5382923633218125e-07,1.7488660753559481e-07
O2 + P2- <=> A2 + CO + HCO,1.2171826785504945e-07,3.3895196794853485e-07,3.9524050072181024e-07,1.4021745239400014e-07
H + P2 <=> H2 + P2-,-2.3114243050832413e-07,2.6349763046324775e-07,2.8080806850529874e-07,1.8750212490947125e-07
OH + P2 <=> H2O + P2-,6.787430782305011e-08,2.4060809531224303e-07,3.9888510460654374e-07,2.1365285024926602e-07
A1 + i-C4H5 => A2 + H + H2,3.2778884755134867e-07,5.375442887394884e-07,5.295466564630035e-07,1.6368588474761325e-07
A1- + C4H6 => A2 + H + H2,1.6731573791613886e-07,2.723918297681095e-07,3.2344296643608475e-07,1.6815191202165073e-07
A1- + H2CCCCH <=> A2,1.012624786752672e-07,4.513403697035777e-07,5.441155866292718e-07,1.781415031018875e-07
A1- + H2CCCCH <=> A2- + H,1.0202573563627631e-07,3.1089211297469456e-07,3.917548554630947e-07,1.7337435884640196e-07
A1- + C4H4 <=> A2 + H,9.81229842011183e-08,3.0008783077284996e-07,3.4347305056506636e-07,1.1028137931370861e-07
C7H7 + H2CCCH => A2 + 2 H,3.09086547635142e-07,3.09086547635142e-07,2.5138150681466806e-07,2.0231921433070613e-07
A1C2H- + C2H2 <=> A2-,9.438145917884668e-08,3.1812488898654456e-07,4.1031938524487244e-07,1.742184908749321e-07
A1C2H3* + C2H2 <=> A2 + H,1.212973298291505e-07,3.2702152264477216e-07,4.254928283557738e-07,1.6385239365659374e-07
C2H2 + n-C8H7 <=> A2 + H,2.0430726787819453e-08,2.1824196855109607e-07,2.7602488478196397e-07,9.579646637667668e-08
CH3 + INDENYL <=> A2 + 2 H,7.560354581545104e-08,2.718520411490943e-07,4.208743845078087e-07,2.1423759114024503e-07
CH2 + INDENE => A2 + 2 H,2.537206037553629e-08,2.0090372785498494e-07,2.511224052527112e-07,9.336583396789811e-08
CH2(S) + INDENE <=> A2 + 2 H,-6.383269492247091e-10,2.7600879348832864e-07,3.918480097519243e-07,1.9031563460309285e-07
A2 + O <=> A1C2H + CH2CO,-3.726094964441765e-07,5.549908361459609e-07,7.649146519638704e-07,4.94618717754894e-07
A2 + O => CO + H + INDENYL,4.202473802013375e-07,4.202473802013375e-07,2.2955894999526284e-07,2.0241054104427047e-07
A2 + O <=> HCCO + n-C8H7,-3.4121091893357964e-08,2.8261522429223464e-07,4.0705940471029827e-07,1.8922969099235838e-07
A2 + O <=> A1C2H3* + HCCO,2.3412500215713075e-07,3.083394016426329e-07,3.799640615498543e-07,2.634349518842633e-07
A2 + O <=> A2- + OH,2.1324471857243222e-08,2.1490066163849056e-07,2.7662526398184796e-07,1.1083019023439651e-07
A2 + H <=> A2- + H2,1.982732571559135e-07,1.982732571559135e-07,1.5217637309126714e-07,1.272971985257656e-07
A2 + OH <=> A2- + H2O,2.5809315926795503e-08,3.1847577576955485e-07,3.824996110399873e-07,1.0003640857158594e-07
A2 + OH => A1C2H + CH2CO + H,-5.263497631685852e-07,5.890112643932701e-07,5.3854530951757e-07,3.243905850056594e-07
A2 + CH3 <=> A2- + CH4,7.481812143278794e-08,1.8340114074103926e-07,2.3333370704395411e-07,1.0409280384207721e-07
A2 + C2H <=> A2- + C2H2,-1.8139890871788703e-07,2.2624323618457275e-07,2.6893815815935253e-07,1.6740621107541733e-07
A2 + C2H <=> A2C2H + H,1.4130930070515926e-07,2.520143285837801e-07,2.697949309869314e-07,1.1025872384290855e-07
A2- + O2 => A1C2H + CO + HCO,-1.224060315521072e-07,2.7031993094044005e-07,3.4883589202826593e-07,1.8037723936038128e-07
A2- + O => CO + INDENYL,2.2820257446210172e-07,4.3510905756834344e-07,5.420475669871141e-07,2.806987231429621e-07
A2- + H <=> A2,1.7329178267895016e-07,5.442543313064216e-07,7.553629628392634e-07,3.905142669046433e-07
A2- + HO2 => CO + INDENYL + OH,-1.0051329326936492e-07,1.733344660896867e-07,2.3661897318391933e-07,1.2524007362112002e-07
A2- + C2H2 <=> A2C2H + H,-1.66745735182765e-07,3.637362823493566e-07,5.934792152760965e-07,3.6080004201930197e-07
A2C2H + H <=> A2C2H* + H2,2.527147800048701e-07,2.527147800048701e-07,1.6135891588656383e-07,1.1178620108783493e-07
A2C2H + OH <=> A2- + CH2CO,-1.1604084349899535e-07,3.4725618625813327e-07,4.394497430585176e-07,1.8595926577351765e-07
A2C2H + OH <=> A2C2H* + H2O,3.1523345205695696e-07,3.9001282631224267e-07,3.9547839097857476e-07,2.3840334031749573e-07
H2CCCH + INDENYL => A2C2H + 2 H,-3.9739994617958474e-08,2.7703316639254655e-07,3.274601442049774e-07,7.68929032578657e-08
A2- + CH3 <=> A2CH3,-1.061496046863303e-07,3.024723038111483e-07,3.7751309149780856e-07,1.7159634039811418e-07
A2 + CH2 <=> A2CH3,1.5928096017380814e-07,3.2400599748553325e-07,4.472185315808314e-07,2.549475039604717e-07
A2 + CH2(S) <=> A2CH3,3.5750895732671307e-08,3.9247183784240535e-07,5.135544776672501e-07,2.262704625773023e-07
A2CH2 + H <=> A2CH3,8.731504841238225e-08,2.6113521692077286e-07,3.4489191893658745e-07,1.693485649945246e-07
A2- + CH3 <=> A2CH2 + H,1.955044668880632e-08,2.589989496026381e-07,3.277720364870426e-07,1.0828122992287935e-07
A2CH3 + O2 <=> A2CH2 + HO2,-1.0916384544257956e-09,1.4400956710453927e-07,1.7733525141475024e-07,5.980010216707577e-08
A2CH3 + O <=> A2CH2 + OH,1.571968926432078e-07,1.9856811439682977e-07,1.9352635747995196e-07,1.1955015663694844e-07
A2CH3 + H <=> A2CH2 + H2,-1.0270753105782849e-07,2.8693753287892977e-07,3.2627551186938117e-07,9.478170527875049e-08
A2CH3 + H <=> A2 + CH3,-5.7912008471586194e-08,3.911369458535255e-07,4.709541241727719e-07,1.607550053528804e-07
A2CH3 + OH <=> A2CH2 + H2O,-3.6917440862469455e-07,3.6917440862469455e-07,3.1460818439755323e-07,2.4851725861623935e-07
A2CH3 + HO2 <=> A2CH2 + H2O2,3.5862261684143557e-07,3.5862261684143557e-07,1.6709625564796385e-07,1.1786645347785902e-07
A2CH3 + CH3 <=> A2CH2 + CH4,-3.039466759649665e-07,5.800585965312945e-07,6.826934915614981e-07,2.8738168774142223e-07
A2- + A2CH3 <=> A2 + A2CH2,-6.971112198143271e-08,3.11231741002719e-07,4.899516589449127e-07,2.614187393009041e-07
A2CH2 + CH2 <=> A2C2H + H + H2,-6.931150801317999e-08,3.0773692178638e-07,3.7955855284922807e-07,1.3191898394242548e-07
A2CH2 + H2CCCH <=> A3 + 2 H,-1.2292012669559328e-07,2.283694333593657e-07,3.0522632925647333e-07,1.565976588374446e-07
A1C2H- + C4H4 <=> A2R5 + H,-4.93891094451974e-08,2.7365873220589093e-07,3.5792718142890913e-07,1.3610723147326032e-07
A1C2H3* + C4H2 <=> A2R5 + H,-1.939800477875292e-08,2.425638966965999e-07,3.316427356816243e-07,1.588573179323727e-07
C4H2 + n-C8H7 <=> A2R5 + H,-2.089369575168774e-07,2.9241773297365145e-07,3.3152861837414935e-07,1.890117522342472e-07
H2CCCH + INDENYL => A2R5 + 2 H,3.204685241548005e-07,3.211768337238261e-07,2.855848120424242e-07,2.5121083206590105e-07
H2CCCH + INDENE => A2R5 + H + H2,1.4286310209530404e-07,3.651454355676105e-07,3.9509009920551705e-07,9.641461559602724e-08
H2CCCH + INDENYL <=> A2R5 + H2,3.633019655367541e-07,3.976885040086198e-07,2.8163639217124615e-07,1.59659628331021e-07
A2- + C2H2 <=> A2R5 + H,-8.085212743561619e-08,1.9111862752930242e-07,2.2931105450316514e-07,9.113418392260884e-08
A2C2H* + H <=> A2R5,7.190043454908769e-08,2.2369482801509196e-07,2.766403305187264e-07,1.0904262297353111e-07
A2C2H + H <=> A2R5 + H,2.7709012594533952e-08,7.840939220141594e-08,1.0191001387267619e-07,5.094115239394157e-08
A2R5- + H (+M) <=> A2R5 (+M),9.564566676905831e-09,3.38529091278849e-07,4.4792701259632123e-07,1.907847944867762e-07
A2R5 <=> A1C2H + C4H2,-1.805654135905206e-07,2.542470948129334e-07,2.900329782803913e-07,1.583792043022965e-07
A2R5 + O <=> A2R5- + OH,-1.7489874934173094e-07,2.464285348046965e-07,3.2229040994863234e-07,2.0116905662375383e-07
A2R5 + O => A2- + HCCO,-7.70850351266616e-08,2.2606993834521685e-07,2.989935930987432e-07,1.3118135778903121e-07
A2R5 + H <=> A2R5- + H2,6.254988066239028e-08,2.170169772109031e-07,3.339405457221828e-07,2.1004370535431165e-07
A2R5 + OH <=> A2R5- + H2O,1.2418334309424207e-07,1.2418334309424207e-07,7.02845448739071e-08,5.889906659660888e-08
A2R5 + OH <=> A2- + CH2CO,4.198754944660513e-09,4.004427541864743e-07,4.962167376154913e-07,1.8532961275797892e-07
A1- + A1C2H <=> A3 + H,1.1893273000275804e-07,3.1787392487294265e-07,4.110560952483534e-07,1.765160822886464e-07
A1 + A1C2H- <=> A3 + H,1.4776712359620018e-07,2.7389293735434214e-07,3.860822131090443e-07,2.0469795317604562e-07
A2- + C4H4 <=> A3 + H,1.527753071902703e-07,1.5783389466261007e-07,2.1353956716350704e-07,1.65456078626952e-07
A2- + C4H2 <=> A3-,2.5960404519103153e-07,3.8651691215420046e-07,3.517934133481366e-07,1.2339823649182485e-07
C2H2 + P2- <=> A3 + H,-4.056445275343036e-08,2.3632695190409126e-07,3.252403590586518e-07,1.321005156008979e-07
A2C2H* + C2H2 <=> A3-,-2.2608071007167403e-07,2.635103567097489e-07,3.4469134469175895e-07,2.629316354583435e-07
A2R5- + C2H2 <=> A3-,3.5089227935541836e-08,1.7218974949837195e-07,2.1612547770685905e-07,8.294990459144705e-08
A2R5 + C2H2 => A3,-7.041614047008217e-08,3.3909362783743424e-07,4.356950497329279e-07,1.5605434849944662e-07
A2 + C4H2 => A3,7.830939068393858e-09,2.2552238927875543e-07,2.969088218381467e-07,1.2824832198158667e-07
A3 + O <=> A2C2H + CH2CO,-1.752474419592803e-07,2.872079221254735e-07,3.124922086312468e-07,1.5771638608640462e-07
A3 + O <=> A3- + OH,1.224782720323147e-07,2.2825196046400995e-07,2.6434664672980625e-07,1.1674627772202174e-07
A3 + O => HCCO + P2-,1.3807257792363897e-07,2.437808603311584e-07,2.792756404379201e-07,1.4242883035319014e-07
A3 + H <=> A3- + H2,-2.0690802933575985e-07,5.250371213450894e-07,9.179499118872287e-07,5.850006082544812e-07
A3 + OH <=> A3- + H2O,8.891308505665451e-08,2.1080201005185675e-07,2.558030578260165e-07,9.32454361566568e-08
A3 + OH => A2C2H + CH2CO + H,1.6784073238521376e-07,2.7369968324345107e-07,3.364317492652587e-07,1.783299086822646e-07
A3 + OH <=> CH2CO + P2-,-1.1612313990126675e-07,3.5688461366399173e-07,6.034005010436675e-07,4.1373800441028265e-07
A3 + CH3 <=> A3- + CH4,-1.563856337697562e-07,3.444498811575794e-07,3.827401260441233e-07,1.3793533310706808e-07
A3 + C2H <=> A3C2H + H,-1.2237950681028445e-07,3.2757141672488626e-07,4.1300639256812306e-07,1.80825047974721e-07
A3C2H + H <=> A3C2H* + H2,-4.3708538747297395e-08,2.814617162960477e-07,3.500158309311083e-07,1.2119239843331615e-07
A3C2H + OH <=> A3- + CH2CO,-2.5337599647787537e-08,2.1703497311957463e-07,2.867738182780535e-07,1.230581218384632e-07
A3- + O2 => A2R5 + CO + HCO,-1.5701119891591844e-08,3.3460608362976067e-07,3.911989405054601e-07,9.055761281177784e-08
A3- + H <=> A3,3.674088591714862e-08,4.830379383679724e-07,6.457581713181513e-07,2.8038646635182713e-07
A3- + C2H2 <=> A3C2H + H,-5.122625803216346e-07,5.122625803216346e-07,3.9570729004612534e-07,2.8080338614959155e-07
A3 + CH2 <=> A3CH3,1.2004536697450293e-07,2.577994651605463e-07,3.316641406220509e-07,1.394253936004014e-07
A3 + CH2(S) <=> A3CH3,1.0378717615586693e-07,3.940605682219019e-07,5.41760569717659e-07,2.6831443375363373e-07
A3CH2 + H <=> A3- + CH3,1.183193475681289e-07,3.265842115873558e-07,4.0125659036161785e-07,1.5775950100814255e-07
A3CH3 <=> A3CH2 + H,-3.3218704802417866e-07,3.3218704802417866e-07,3.4567457513334424e-07,2.4842617047324e-07
A3CH3 + O2 <=> A3CH2 + HO2,6.935647709485493e-08,4.5013736156831606e-07,6.014927280915772e-07,2.749091302082721e-07
A3CH3 + O <=> A3CH2 + OH,9.360461798144069e-08,1.8444825047176156e-07,2.3430763730507878e-07,1.1789514293386635e-07
A3CH2 + O <=> A3- + CH2O,-6.037628082577751e-07,6.037628082577751e-07,2.1983437906367814e-07,1.5846873122700027e-07
A3CH3 + H <=> A3CH2 + H2,8.622667794935356e-08,2.0002417314356847e-07,2.3549567790981273e-07,8.984134653382212e-08
A3CH3 + H <=> A3 + CH3,6.86464219420391e-08,2.8468368837146504e-07,3.5554314126403905e-07,1.4439334866023357e-07
A3CH3 + OH <=> A3CH2 + H2O,1.17799000759153e-07,4.580611640770116e-07,5.73747564588419e-07,2.2359815295527387e-07
A3CH3 + HO2 <=> A3CH2 + H2O2,1.0065571245089513e-07,1.7110098681870284e-07,1.882920890436631e-07,8.229166251852315e-08
A3CH3 + CH3 <=> A3CH2 + CH4,4.499396306151394e-07,4.5056905984664116e-07,4.400239783682682e-07,3.3442953001682043e-07
A3CH2 + HO2 => A3- + CH2O + OH,-7.667317644202302e-08,2.9606915696374386e-07,3.607006541773919e-07,1.2162174014354962e-07
A3CH2 + CH2 <=> A4 + H + H2,-2.1729913886987403e-07,2.638942641085581e-07,4.147785802518701e-07,3.0766352637084195e-07
A2R5 + C4H2 => A4,-3.630871507969826e-07,3.630871507969826e-07,3.602395245726963e-07,2.738823425895208e-07
A1C2H + A1C2H- <=> A4 + H,2.7570767071485953e-07,3.24855571728925e-07,4.7534329468375343e-07,3.981924778203355e-07
A1C2H + n-C8H7 => A4 + H + H2,6.086038930975273e-08,1.5437675027404682e-07,1.779325459393818e-07,6.135526489907534e-08
A1C2H + A1C2H3* => A4 + H + H2,1.643132667408659e-07,2.2175392688549765e-07,2.272362778307692e-07,1.0754678455066055e-07
C7H7 + INDENYL => A4 + 2 H2,-1.662726238597036e-07,3.012469534678856e-07,3.2463187341343406e-07,1.342741045710422e-07
2 INDENYL => A4 + C2H2 + H2,2.3739464725351718e-07,2.49840962752413e-07,3.418524683434206e-07,2.486076343332099e-07
A2 + C6H <=> A4-,-6.381362460994411e-08,1.496827622747401e-07,1.9690653673263203e-07,9.745575528019127e-08
A1- + A2 <=> A4 + H + H2,2.2297861150023258e-07,2.2297861150023258e-07,1.8765497667281554e-07,1.495265368485009e-07
A1 + A2- <=> A4 + H + H2,-1.0219760597346259e-07,1.6746220143322237e-07,1.7866024346613819e-07,7.737040723450084e-08
A1- + A2- => A4 + H2,3.876376021304305e-08,4.012942329612306e-07,4.741330581574931e-07,1.1189327210687564e-07
A2- + C6H2 <=> A4-,2.402895700925195e-07,2.402895700925195e-07,2.1514868955016066e-07,1.674997196307326e-07
A2C2H* + C4H4 <=> A4 + H,5.595820340040841e-07,6.199193673721035e-07,6.227354539116406e-07,4.2976742733198863e-07
A2R5- + C4H2 => A4-,6.101109458610146e-08,3.138503041723927e-07,3.9603359217205064e-07,1.4867949003250095e-07
A2R5- + H2CCCCH <=> A4,8.74240221658631e-08,2.1176969474581468e-07,2.43317089265975e-07,8.24981382410047e-08
A3- + C2H2 <=> A4 + H,-1.550408678722642e-07,1.666517577497497e-07,2.4533198238048776e-07,1.822522121241629e-07
A3C2H + H <=> A4 + H,1.4055637828146338e-07,1.4482861807708775e-07,1.5081703151695503e-07,1.1001126655056893e-07
A4 + O <=> A3- + HCCO,-1.4237728479906518e-07,2.8067202586858165e-07,3.623713166791804e-07,2.0930043970161434e-07
A4 + H <=> A4- + H2,-3.1668940830970175e-07,3.48940101191773e-07,3.9676574342406137e-07,3.094709476685938e-07
A4 + OH <=> A4- + H2O,1.7893036362307412e-07,3.32785419547249e-07,4.784531301085387e-07,2.5788201068718927e-07
A4 + OH <=> A3- + CH2CO,3.7469408980941795e-07,4.2835715620374855e-07,3.441256117050126e-07,2.1740019822229086e-07
A4 + CH3 <=> A4- + CH4,2.774736381776138e-07,4.048425506465809e-07,3.855645211705256e-07,1.5916153681781824e-07
A4- + O2 <=> A3- + 2 CO,1.6627246759733078e-07,1.8423882767149929e-07,1.7751281736139424e-07,1.0622002436365463e-07
A4- + H <=> A4,3.980562231959339e-07,5.091373901672017e-07,5.127412274529903e-07,2.946913481351525e-07
A4- + C2H2 <=> A4C2H + H,-4.263044564595825e-07,5.693493975159443e-07,7.274851353764052e-07,4.431547809037807e-07
A4C2H + H <=> A4C2H* + H2,-4.0543124325716615e-07,4.0545247332010084e-07,2.94903420081208e-07,2.3875768230571236e-07
A4C2H + H <=> BGHIF + H,-1.7739742841141045e-08,3.360484649215706e-07,4.261271854192617e-07,1.2738803242166447e-07
A4C2H* + H <=> BGHIF,-5.691702953821735e-08,2.2778900195329795e-07,2.981410404414394e-07,1.422860921800437e-07
C6H + P2 <=> C18H11,-3.137195211179768e-07,3.9811941246292215e-07,5.481927825481891e-07,3.8911444236760265e-07
C6H2 + P2- <=> BGHIF + H,1.5862110344937348e-08,3.6338875893245047e-07,4.770030364217992e-07,2.1468765323562753e-07
C6H2 + P2- <=> C18H11,1.6557854786366523e-09,2.05153255049811e-07,2.492173651918291e-07,7.542718065112476e-08
A3- + C4H4 <=> C18H12 + H,-4.4829934062972344e-08,2.4109914518368066e-07,3.1691807304835786e-07,1.383375671100448e-07
A3C2H* + C2H2 <=> BGHIF + H,-1.7324923246645325e-07,1.9598968987818325e-07,2.035578809591185e-07,1.4470133457080781e-07
A1C2H- + A2 => BGHIF + H + H2,-3.9115955256967464e-07,3.9115955256967464e-07,4.16887502052551e-07,3.436895400598888e-07
A1C2H + A2- => BGHIF + H + H2,1.9180699968211827e-07,1.9180699968211827e-07,1.483312757768953e-07,1.2443930505039374e-07
INDENE + INDENYL => C18H12 + H + H2,-2.0711315569119174e-07,3.140027160164838e-07,3.058984165350884e-07,1.1951130370567893e-07
2 INDENYL => BGHIF + 2 H2,-4.141556054033723e-08,3.141944871358092e-07,3.922294420612419e-07,1.3347514896780317e-07
A1- + A2C2H <=> C18H12 + H,1.9914763301842954e-08,4.076328660395319e-07,4.82614342621807e-07,1.2773239540966222e-07
A1 + A2C2H* <=> C18H12 + H,-2.391327288671667e-07,4.384694885953402e-07,6.832492372660895e-07,4.002585418675343e-07
A1 + A2R5- => BGHIF + H + H2,-5.3387674514668736e-08,3.49500611017822e-07,4.327155603661512e-07,1.6108332585256082e-07
A3C2H* + C4H4 <=> BAPYR + H,-1.397737941021576e-07,3.9244002091238414e-07,5.038878508700501e-07,2.3560176961743988e-07
A4- + C4H4 <=> BAPYR + H,-1.934834196245479e-07,3.373348066215393e-07,3.354261600336344e-07,1.0143591477375327e-07
A4C2H* + C2H2 <=> BAPYR*S,3.4462623558249655e-08,2.024168848563474e-07,2.7593643898855565e-07,1.2295815710518836e-07
BAPYR*S + H <=> BAPYR,9.59124886386682e-08,2.1874677586714143e-07,3.9378210406636316e-07,2.7832831852533906e-07
A1C2H- + P2 => BAPYR + H + H2,-1.1174007751513162e-07,3.791311990609798e-07,4.3120631129994656e-07,1.1119044159731686e-07
A1C2H3* + P2- => BAPYR + 2 H2,3.8042440191682814e-08,1.798204417595439e-07,2.517606237459182e-07,1.192448806955106e-07
P2- + n-C8H7 => BAPYR + 2 H2,-6.330325642546432e-08,2.0570129259960864e-07,3.481361909434229e-07,2.2908769559820256e-07
A1C2H- + A2R5- <=> BAPYR,1.3535939819806246e-08,3.7760810218240415e-07,4.402572405265347e-07,8.397616768713198e-08
A1C2H- + A2R5 <=> BAPYR + H,-1.3820602229862876e-07,3.8466678176816644e-07,5.120908220718305e-07,2.3698178797823252e-07
A1C2H + A2R5- <=> BAPYR + H,-4.341310530322937e-08,3.0555923946951373e-07,4.015726896844123e-07,1.7842271060013279e-07
C18H11 + O2 => A4 + CO + HCO,1.2316340738445118e-08,2.578388337061443e-07,3.209423959186597e-07,1.1485027523085477e-07
C18H11 + H <=> BGHIF + H2,1.1097105660485792e-07,3.495875666620777e-07,4.70894230234674e-07,2.2231205578279392e-07
C18H11 + C2H => BAPYR,4.626295018740048e-09,2.200666831171118e-07,2.9044589154416815e-07,1.1084180836378997e-07
C18H11 + C2H2 <=> BAPYR + H,-2.474015173664873e-08,3.262023941619192e-07,4.088106305555466e-07,1.4839400834614968e-07
C18H12 + O <=> C18H11 + OH,4.1103747782407355e-08,2.9385571691154693e-07,4.640970976965456e-07,2.7946907384993904e-07
C18H12 + H <=> C18H11 + H2,-1.2105889291017852e-07,1.4254168540687945e-07,1.580513652514446e-07,1.1089801707558301e-07
C18H12 + OH <=> C18H11 + H2O,-1.826409443369914e-07,2.616070853103356e-07,3.3342582702433133e-07,2.063020320007577e-07
BGHIF + O <=> A4- + HCCO,1.0874404527072908e-07,2.958144217557758e-07,3.7871662745483783e-07,1.7552759197382328e-07
BGHIF + OH <=> A4- + CH2CO,1.2766396226171724e-07,2.5971376910930066e-07,4.0267735958732063e-07,2.3564457369149271e-07
BAPYR*S + O2 => BGHIF + CO + HCO,-8.198349578834087e-08,1.947696802430341e-07,3.346257844768697e-07,2.0802180097459875e-07
A4 + C4H2 => BAPYR,-1.3267649741396164e-07,1.4305729092116331e-07,2.6146067259392147e-07,1.9017283749671437e-07
BAPYR + O <=> C18H11 + HCCO,2.761057890678758e-07,3.594807757514291e-07,3.613220213295838e-07,1.765042805815723e-07
BAPYR + OH => C18H11 + CH2CO,-1.0122813413996637e-07,2.5117209569631325e-07,2.885761135888678e-07,1.0804226555399462e-07
2 C5H5 => A2 + 2 H,1.126961655415566e-08,1.913294525475284e-07,,1.2327423035031452e-07
C5H5 + H2CCCH <=> A1C2H3,1.9115273407383806e-07,1.9690898341195212e-07,1.6880855125342503e-07,1.3212368653741742e-07
C5H5 + H2CCCCH <=> INDENE,-2.045828770835764e-07,3.408029979321772e-07,3.3139645718369035e-07,1.0054360865380304e-07
2 C5H5 <=> CH3 + INDENYL,-3.1258361578222227e-07,5.054022204674178e-07,7.049115248543446e-07,4.29190861646455e-07
C5H6 + CH3 <=> C5H5 + CH4,-4.377676086129669e-08,5.220075208030823e-07,5.913223236479918e-07,8.358589651431948e-08
C5H5 + C5H6 <=> CH3 + INDENE,1.2237657325017983e-07,3.685827948678092e-07,4.2129561215827627e-07,1.3209636453690916e-07
A1C2H- + n-C8H7 => A4 + 2 H,7.705742407933247e-08,1.5694906328208545e-07,1.9425970588148128e-07,9.010585317894361e-08
C5H5 + INDENYL => A3 + 2 H,6.813080084081352e-08,2.0907861490417476e-07,3.1031616701215805e-07,1.6689031069609074e-07
2 INDENYL => C18H12 + 2 H,4.386817783827982e-08,1.5206252794350805e-07,1.8694116058135943e-07,6.241588207010124e-08
A1C2H- + A1C2H3* <=> A4 + 2 H,2.2926357442721313e-07,3.332306004962588e-07,3.7104553784895983e-07,1.9745945268427498e-07
A2C2H* + n-C8H7 <=> BAPYR + 2 H,-2.6896029020790714e-07,3.5386823697402334e-07,3.769719123438007e-07,2.3529337321160796e-07
A1C2H3* + A2C2H* <=> BAPYR + 2 H,1.619970063961097e-07,2.6360909737364447e-07,3.419872918667303e-07,1.8979062530813476e-07
A1- + A2R5- => BGHIF + 2 H,-1.7447215479709107e-07,3.5401619253867107e-07,4.627791507986211e-07,2.526003029787672e-07
A1C2H- + P2- => BAPYR + 2 H,-3.6285411575212264e-07,3.6287790128782184e-07,2.912193616653689e-07,2.0457663957670324e-07
A1C2H3 + CH3 <=> A1C2H3* + CH4,-6.28676931116909e-09,1.9860278501838944e-07,2.7562474618822045e-07,1.2045227522650158e-07
A2R5 + CH3 <=> A2R5- + CH4,7.58134637321835e-08,2.5205465540957196e-07,3.2889385659062674e-07,1.5001402189210175e-07
CH3 + P2 <=> CH4 + P2-,-1.30726101601719e-07,4.79316373361167e-07,5.892851065019868e-07,2.212414484740139e-07
A1 + O <=> C5H6 + CO,1.7861599068487008e-07,4.26107357440293e-07,5.050167172748373e-07,2.2861632688090024e-07
A2R5 + OH => A2 + HCCO,2.3940344207984915e-08,2.4678809809375557e-07,3.375672032702717e-07,1.4304616204538744e-07
A1C2H3* + CH3 <=> H2 + INDENE,-2.0761033265926417e-07,2.345112103669628e-07,1.9855946550306247e-07,1.1666256198320814e-07
C7H7 + CH3 <=> A1C2H3 + H2,-7.095104610348608e-08,3.135028032925146e-07,3.6984281871216676e-07,9.646139071377131e-08
