,mu,mu_star,sigma,mu_star_conf
2 O + M <=> O2 + M,-2.1557718316723448e-07,3.1464813300331394e-07,4.169771038765596e-07,2.107010796262566e-07
H + O2 (+M) <=> HO2 (+M),1.103493323538714e-06,1.2909041937784303e-06,1.9835878132825707e-06,1.0839333545017027e-06
HO2 + O <=> O2 + OH,1.9314464703931325e-07,4.342332496323653e-07,5.825642955080522e-07,2.3935393934558074e-07
H + HO2 <=> 2 OH,-8.723256785894476e-06,8.723256785894476e-06,1.6690548073688495e-05,9.694277267097866e-06
H + O + M <=> OH + M,8.378334257119789e-08,2.738944329426455e-07,3.83532705261532e-07,1.6090729315507263e-07
H + O2 <=> O + OH,-0.0001322036061329495,0.0001322036061329495,8.631941355872779e-05,4.878017171705725e-05
H + HO2 <=> H2 + O2,6.031911894851122e-06,6.031911894851122e-06,1.0286154571605174e-05,6.136947699085536e-06
H2 + O <=> H + OH,-1.6591596513526228e-06,2.5965421604373283e-06,,1.9020243971869546e-06
2 H + M <=> H2 + M,1.1963988572640604e-07,3.405112806880064e-07,4.0856749616088357e-07,1.5159030028247485e-07
2 H + H <=> H2 + H,-1.8540851069313185e-08,3.060058895075397e-07,4.846521221885056e-07,1.8587490942024603e-07
2 H + N2 <=> H2 + N2,0.0,0.0,0.0,0.0
2 H + H2 <=> H2 + H2,-2.7041166691962596e-08,4.041314886242968e-07,5.239417422260572e-07,1.7686848078383877e-07
2 H + AR <=> H2 + AR,8.474217565620448e-08,1.8958633659808784e-07,2.4242689400961217e-07,1.0198197277052281e-07
H2 + O2 <=> 2 OH,-4.280570665437241e-08,2.872745727734249e-07,4.0550787724927297e-07,1.4618970575033795e-07
2 HO2 <=> H2O2 + O2,-9.965451588119465e-08,3.141182338451732e-07,,1.6710296529190446e-07
H2O2 + O <=> HO2 + OH,2.815668606318786e-07,3.2426665942697817e-07,3.7485404365613734e-07,1.7552003525664542e-07
H + H2O2 <=> H2 + HO2,-1.9943406826455685e-09,2.2757039756771984e-07,3.2150285431907164e-07,1.1822961087270826e-07
2 OH (+M) <=> H2O2 (+M),-8.237452949285714e-08,3.179394607492229e-07,3.667045970176768e-07,1.0115433491243261e-07
H2O2 + OH <=> H2O + HO2,5.885426707017138e-08,1.9676780693969143e-07,,1.0639093819173128e-07
HO2 + OH <=> H2O + O2,4.307988692688715e-07,8.880103921660514e-07,,5.204552437859825e-07
2 OH <=> H2O + O,-9.072350623776046e-08,2.207811935414233e-07,2.943598617088898e-07,1.1115109829089187e-07
H + H2O2 <=> H2O + OH,1.8920574287297116e-07,2.928400919633741e-07,4.401349883187252e-07,2.320557446882195e-07
H + HO2 <=> H2O + O,3.3106221796590103e-08,5.074012297920054e-07,7.491901230578785e-07,3.1349548594395255e-07
H + OH (+M) <=> H2O (+M),5.67962232440611e-08,2.6952407326228454e-07,3.9432709373391736e-07,1.5927123627904024e-07
H2 + OH <=> H + H2O,-6.3094696253931196e-06,6.3094696253931196e-06,5.51295343958e-06,3.203083063163161e-06
2 H + H2O <=> H2 + H2O,5.978023087521118e-08,4.0158243364020525e-07,5.264234459394912e-07,1.8677559507096828e-07
C + OH <=> CO + H,-9.791570796833334e-08,3.392996501282179e-07,3.971573019793707e-07,1.2923285237771218e-07
C + O2 <=> CO + O,-2.3769019896025213e-08,5.218352464916258e-07,7.052361798832316e-07,2.790463242495778e-07
CO + HO2 <=> CO2 + OH,9.679390144884355e-08,1.4077398117535914e-07,1.4668507468784917e-07,5.680332576206646e-08
CO + O (+M) <=> CO2 (+M),-1.0955992157655301e-07,4.872087291187594e-07,6.372737684203542e-07,2.6341516987628233e-07
CO + OH <=> CO2 + H,-8.03932809711468e-08,3.1864491066858854e-07,,1.2914602236650754e-07
CO + O2 <=> CO2 + O,-6.25464479713077e-08,2.192054987273324e-07,3.584116076928214e-07,1.7252869358717927e-07
CH + H <=> C + H2,-6.266744199183598e-09,2.507215263781977e-07,3.4387456564332603e-07,1.0753672112844548e-07
CH + O <=> CO + H,1.45475190471e-07,2.7345604956232805e-07,3.8251251909746594e-07,1.6829163125829504e-07
CH + O2 <=> CO2 + H,-1.2313028425066035e-06,1.3734203640011416e-06,1.8817141662129056e-06,1.0444305632414215e-06
CH + O2 <=> CO + OH,-3.4728580786062673e-07,5.28494827151126e-07,6.288788761247565e-07,2.76273617488651e-07
CH + OH <=> H + HCO,-3.1353611127966504e-07,4.553557814134749e-07,7.20826945889504e-07,3.5910534404081406e-07
CH + CO2 <=> CO + HCO,1.8373655621692684e-07,2.5762944951300865e-07,2.719179537680053e-07,1.359477581322098e-07
HCO + M <=> CO + H + M,-3.08777444086466e-05,3.08777444086466e-05,3.305884546762687e-05,1.8807639989640427e-05
HCO + HO2 <=> CO2 + H + OH,-7.585579785528937e-08,4.5119597393348607e-07,6.384371303232079e-07,2.3784875993641427e-07
HCO + OH <=> CO + H2O,1.7897375085607175e-06,1.7897375085607175e-06,1.5822020254261807e-06,8.632497306333027e-07
HCO + O <=> CO2 + H,3.359166694888327e-08,2.727473465898692e-07,4.3523056401881286e-07,2.0974984573952573e-07
HCO + O <=> CO + OH,2.761660699982158e-07,3.450536270368416e-07,3.674303158332621e-07,1.6984891339377408e-07
H + HCO <=> CO + H2,6.690466011311419e-06,6.690466011311419e-06,7.611523193844764e-06,4.7713654280834075e-06
HCO + O2 <=> CO2 + OH,-9.746098850691938e-07,9.746098850691938e-07,9.414047151490888e-07,5.193175840931835e-07
HCO + O2 <=> CO + HO2,1.4563640647067972e-05,1.4563640647067972e-05,1.7826356940158943e-05,1.1858053590921139e-05
CH2 + O <=> CO + H2,8.810973005730334e-07,8.810973005730334e-07,7.644223972995092e-07,4.608402861086309e-07
CH2 + O <=> CO + 2 H,-5.5709173427214744e-08,2.764919318522098e-07,3.401009656768997e-07,9.457579026813945e-08
CH2 + H <=> CH + H2,3.51019774917574e-07,4.3736511374033174e-07,3.3616336070718974e-07,1.0373451840252599e-07
CH2 + O2 <=> CO + H2O,1.3525049363495852e-06,1.3647678479744616e-06,1.1598020262476828e-06,6.534957503918527e-07
CH2 + O2 <=> CO + H + OH,-7.242059406863724e-06,7.242059406863724e-06,1.2294953779072744e-05,6.60920273326971e-06
CH2 + O2 <=> CO2 + 2 H,-3.634964925535308e-06,3.634964925535308e-06,1.834025406339656e-06,1.1776392078197462e-06
CH2 + O2 <=> CO2 + H2,3.816305433384822e-06,3.816305433384822e-06,3.164757069162431e-06,2.0083700832471436e-06
CH2(S) + M <=> CH2 + M,-3.966675577316034e-07,7.689736175559866e-07,1.4200184169386811e-06,7.077323071678103e-07
CH2(S) + H <=> CH2 + H,-6.851118173456025e-08,3.3107021836146195e-07,4.59156638934869e-07,1.731013941209713e-07
CH2(S) + O2 <=> CO + H + OH,-3.1526055071317296e-06,3.1526055071317296e-06,2.822633235009878e-06,1.8512795576666018e-06
2 HCO <=> CH2O + CO,-7.702434765370693e-08,4.6819337101708853e-07,6.801311932055372e-07,2.4708949492033273e-07
CH2 + OH <=> CH2O + H,2.3620632775261483e-07,4.4382237499421826e-07,6.551502873290968e-07,2.9881562881324305e-07
H + HCO (+M) <=> CH2O (+M),-1.1650808468274659e-07,2.205530567229806e-07,2.7844170250709684e-07,1.1780885240331266e-07
CO + H2 (+M) <=> CH2O (+M),-4.089301005057032e-08,3.3927724347818807e-07,4.0776655295929614e-07,9.715671116366372e-08
CH2O + HO2 <=> H2O2 + HCO,1.6748266377482338e-08,3.3413576747924706e-07,4.3178593033727617e-07,1.477793745799184e-07
CH2O + OH <=> H2O + HCO,-4.014945977458058e-08,1.0462181612415591e-06,1.466089873462974e-06,5.543936656873614e-07
CH2O + O <=> HCO + OH,-1.041203215373332e-06,1.1227436801772272e-06,1.0450743741993216e-06,5.914740386656409e-07
CH + CH2O <=> CH2 + HCO,9.924961968310498e-08,5.154439050514764e-07,7.128300645233088e-07,3.006389795760536e-07
CH2O + H <=> H2 + HCO,4.9712309458291875e-06,4.9712309458291875e-06,8.796002565214946e-06,4.965692078029514e-06
CH2 + CO2 <=> CH2O + CO,-9.5059949388908e-09,2.328657790275483e-07,3.345942331454636e-07,1.2746937722374394e-07
CH2 + O2 <=> CH2O + O,-6.595053825098804e-08,3.387561994819187e-06,4.865616502199004e-06,1.873270430343548e-06
CH2O + O2 <=> HCO + HO2,-1.0750803992439885e-07,2.9553061264364456e-07,4.2962099435647356e-07,1.8997767060324133e-07
CH2O + CH3 <=> CH4 + HCO,-1.3572638719122507e-06,1.4829628272231038e-06,1.7651960691691411e-06,9.732734572800948e-07
CH3 + H <=> CH2 + H2,-6.718385696895043e-07,7.515069501729309e-07,1.1093137398798945e-06,5.856354227577946e-07
CH3 + M <=> CH2 + H + M,1.5103075517538268e-07,3.1684304638977874e-07,3.5800924128012895e-07,1.2608290874006774e-07
CH3 + OH <=> CH2(S) + H2O,-4.171567218058107e-06,4.171567218058107e-06,2.8583939485495974e-06,1.8129450068612767e-06
CH3 + O <=> CH2O + H,2.34176900381792e-06,2.561349210338485e-06,3.2630724556817987e-06,1.8553678570393206e-06
CH2 + HCO <=> CH3 + CO,2.0393685617453102e-07,3.6281461728077514e-07,4.837767476049909e-07,1.9857169043262438e-07
CH3 + O2 <=> CH2O + OH,-2.615208237506608e-06,2.615208237506608e-06,2.3252478453253056e-06,1.2389186137298751e-06
CH2(S) + H2 <=> CH3 + H,4.7566777229640016e-07,1.1079013761668675e-06,2.544918703547392e-06,1.4585601271980371e-06
CH3O + CO <=> CH3 + CO2,-1.363399197147984e-07,3.751136875157491e-07,4.5321030713342804e-07,1.7442761025469788e-07
CH3O + HO2 <=> CH2O + H2O2,1.1849732610561278e-07,3.851366799613929e-07,5.507066216046754e-07,2.3719557365120024e-07
CH3O + H <=> CH2(S) + H2O,-9.612759598238126e-09,2.84888398243778e-07,3.801215497333803e-07,1.3538512993173392e-07
CH2O + H (+M) <=> CH3O (+M),1.9385709919118495e-07,3.84297973054211e-07,4.5398604193461773e-07,1.9781318298110807e-07
CH3 + OH <=> CH3O + H,1.8533560250995153e-07,2.588475902688476e-07,2.471102761952224e-07,8.161966516471059e-08
CH3 + O2 <=> CH3O + O,-3.4853254512815485e-07,5.246679394463348e-07,7.122903641104305e-07,3.405640494097374e-07
CH3O + OH <=> CH2O + H2O,-1.1023098799156802e-07,4.5728664470336e-07,6.308505624091326e-07,2.7399616786099614e-07
CH3O + O <=> CH2O + OH,-3.8379142158085426e-08,3.904946567538881e-07,4.88544372943977e-07,1.3373126036501544e-07
CH3 + HO2 <=> CH3O + OH,-5.453693150463885e-07,6.731429930255394e-07,9.624902096877345e-07,4.4723601487282295e-07
CH3O + H <=> CH2O + H2,2.986077845720787e-08,4.374493333833075e-07,5.35262209316029e-07,1.5805952887453132e-07
CH3O + O2 <=> CH2O + HO2,-3.3499341082476255e-09,2.214800544567527e-07,2.546583410042995e-07,6.009785841851373e-08
CH2OH + HCO <=> 2 CH2O,-5.545963425998791e-08,4.885889120160013e-07,6.89783793162815e-07,2.7286722011900676e-07
CH2 + CH2OH <=> CH2O + CH3,2.078351774399133e-08,2.8888332889278245e-07,4.338679773252362e-07,1.6883643354292956e-07
CH2OH + H <=> CH2(S) + H2O,1.1169472807466848e-07,5.629138325426734e-07,6.256142201790787e-07,1.3879442133170396e-07
CH3O + H <=> CH2OH + H,-2.1169846560341885e-07,4.37859812760868e-07,5.467072095532351e-07,2.2480888768521053e-07
CH2O + H (+M) <=> CH2OH (+M),-3.3819263590374965e-07,4.920874713916821e-07,5.620754498207353e-07,2.4730761459383985e-07
CH2OH + OH <=> CH2O + H2O,4.728778420906732e-08,4.072944783001217e-07,5.683545872988368e-07,1.8093947898139677e-07
CH2OH + O <=> CH2O + OH,1.9304554020981866e-08,3.0123563054510783e-07,4.0903780222903976e-07,1.6761771986260395e-07
CH2OH + H <=> CH2O + H2,-1.1483941449509264e-10,3.0154628088759995e-07,3.714726689841973e-07,1.2415163061985325e-07
CH2OH + H <=> CH3 + OH,-1.0784902040623759e-07,3.750802020340419e-07,5.005122317008666e-07,1.9115986478115947e-07
CH2OH + O2 <=> CH2O + HO2,-1.721013512573438e-07,4.4851921374919064e-07,6.772830775604056e-07,3.283466484264725e-07
CH3 + CH3O <=> CH2O + CH4,8.984903806284911e-08,2.986308712494468e-07,3.3345805393108154e-07,8.901121603561458e-08
CH2OH + CH3 <=> CH2O + CH4,3.22406934781613e-07,4.887776710250714e-07,4.678496592794606e-07,1.4998191555579992e-07
CH4 + HO2 <=> CH3 + H2O2,-2.0358179556465945e-07,3.580611843855023e-07,5.274016611185864e-07,2.3482051077325988e-07
CH3 + H (+M) <=> CH4 (+M),1.6803159269653006e-06,1.778678843748892e-06,2.9437830909342603e-06,1.6335650662002388e-06
CH3 + HCO <=> CH4 + CO,3.7689058874246234e-06,3.7689058874246234e-06,5.265216515282447e-06,3.3160534145751334e-06
CH4 + OH <=> CH3 + H2O,3.953123953840892e-07,6.03938527996665e-07,6.893264142554566e-07,2.9754548453454385e-07
CH4 + O <=> CH3 + OH,1.454265742282119e-07,3.5883886413230423e-07,4.4224913925040907e-07,1.689189882842262e-07
CH2(S) + CH4 <=> 2 CH3,-1.4358354749958376e-07,3.0583167677236665e-07,3.5378030941753567e-07,1.1450036400543017e-07
CH2 + CH4 <=> 2 CH3,-1.705378914618369e-07,2.910728010545949e-07,3.374323828424931e-07,1.1535483077633168e-07
CH4 + H <=> CH3 + H2,7.283397697771561e-07,8.346072414357987e-07,9.483264178111791e-07,4.786679294096539e-07
C + CH4 <=> CH + CH3,2.1180365552902168e-08,3.0966771875935156e-07,3.859346778591355e-07,1.2927182659282616e-07
CH4 + O2 <=> CH3 + HO2,-7.169239387616241e-08,5.780053019573868e-07,8.400625424593682e-07,3.49084840903709e-07
CH3OH + O2 <=> CH2OH + HO2,-3.431616398185826e-07,4.2448500101853767e-07,3.3625391777616486e-07,1.1765906273019796e-07
CH3OH + O <=> CH3O + OH,1.6013086032084109e-07,3.66555774552297e-07,4.770120747609222e-07,1.7943186266341155e-07
CH3OH + O <=> CH2OH + OH,-5.204845100431871e-08,4.23801604929264e-07,7.619620670099488e-07,4.1720791975718915e-07
CH3OH + M <=> CH2(S) + H2O + M,-2.7491226412719854e-07,4.5206991736711796e-07,5.649698223690319e-07,2.6947591175037536e-07
CH2OH + CH3O <=> CH2O + CH3OH,1.2680541556310248e-08,2.597967249435425e-07,3.287773242903643e-07,1.0997001723004006e-07
CH2O + CH2OH <=> CH3OH + HCO,9.934962384211355e-08,5.312940309584926e-07,7.887166041770235e-07,3.247105132661738e-07
CH2OH + HCO <=> CH3OH + CO,1.2743980062674225e-07,2.0614434294776776e-07,2.808760571268013e-07,1.3777832736811065e-07
2 CH2OH <=> CH2O + CH3OH,1.5781537331545523e-07,3.2766263335762433e-07,3.702336894846951e-07,1.0873405527787207e-07
CH2O + CH3O <=> CH3OH + HCO,4.8542447585669714e-08,2.3410709797960205e-07,4.50540750281024e-07,2.0271183950108772e-07
2 CH3O <=> CH2O + CH3OH,-6.098880369228399e-08,2.831268984998182e-07,4.128801046691943e-07,2.0013108107578336e-07
CH3O + HCO <=> CH3OH + CO,2.052956944058222e-08,4.989956313857004e-07,6.750131183246735e-07,2.6591192856960873e-07
CH3 + CH3OH <=> CH3O + CH4,5.5175287932537944e-08,3.243916498671161e-07,5.251773608342238e-07,2.3150292811320504e-07
CH3 + CH3OH <=> CH2OH + CH4,-3.123040712437584e-07,3.6735894212692376e-07,3.6567112816220504e-07,1.6281365340579202e-07
CH2 + CH3OH <=> CH3 + CH3O,1.5724834057172916e-07,3.9599991682844773e-07,4.5073377847683726e-07,1.4670485776577281e-07
CH2 + CH3OH <=> CH2OH + CH3,6.900666302695071e-08,3.0845201810832387e-07,3.9469905694151574e-07,1.441548748313726e-07
CH2(S) + CH3OH <=> CH2OH + CH3,7.272562583364738e-08,2.879404249459149e-07,3.5470520990570386e-07,1.1269050362868266e-07
CH3OH + OH <=> CH3O + H2O,-2.3321368488108587e-07,3.3912796314924764e-07,3.9207314423467584e-07,1.6201580931020266e-07
CH3OH + OH <=> CH2OH + H2O,-1.47940761212578e-07,3.122462115214523e-07,4.881221128109321e-07,2.2730718164803005e-07
CH3OH + H <=> CH3O + H2,-9.322352339310539e-08,2.4113735634304193e-07,3.2467763112944135e-07,1.3021213090972707e-07
CH3OH + H <=> CH2OH + H2,-1.0910073695528883e-07,3.827838667912812e-07,5.130355147126263e-07,1.8223461604465963e-07
CH3O + H (+M) <=> CH3OH (+M),1.6835807877960206e-09,3.0383657563286397e-07,4.905087220573762e-07,2.050022026588435e-07
CH2OH + H (+M) <=> CH3OH (+M),-1.4766073384304466e-07,4.611242358108849e-07,6.270417268355714e-07,2.2534809346530133e-07
CH3 + OH (+M) <=> CH3OH (+M),1.1031984816279019e-07,3.652464800628404e-07,4.938270658739879e-07,1.9383856934976846e-07
CH3O2 + CH3OH <=> CH3O + CH3O2H,1.567934654893876e-07,3.069855124516109e-07,5.730519837070535e-07,3.103741785046745e-07
CH3 + O2 (+M) <=> CH3O2 (+M),4.109746615046972e-08,2.686786241578185e-07,3.3557969548675865e-07,1.0431309509875187e-07
CH3 + CH3O2 <=> 2 CH3O,1.166485722697166e-07,3.171739921914145e-07,3.89715442050745e-07,1.4857809394022763e-07
2 CH3O2 <=> CH2O + CH3OH + O2,2.178751311685339e-07,3.788105847271867e-07,4.5148985048274955e-07,1.9607544214482252e-07
2 CH3O2 <=> 2 CH3O + O2,8.807507675929645e-08,4.235147780360368e-07,5.448446547101746e-07,1.8458018935415326e-07
CH3O2 + H <=> CH3O + OH,2.2804640151421348e-07,3.3147814964793654e-07,4.3907559324751244e-07,2.39426974938366e-07
CH3O2 + O <=> CH3O + O2,-1.1344693752470146e-07,2.523490840903879e-07,3.1811376798988726e-07,1.3273777975229888e-07
CH3O2 + OH <=> CH3OH + O2,-9.070950834465044e-08,2.0891499772857036e-07,3.092054436567331e-07,1.4119406377091394e-07
CH2O + CH3O2 <=> CH3O + HCO + OH,7.378468780045366e-08,3.80204050751421e-07,5.801298949386845e-07,2.538181132741416e-07
C2H + H <=> C2 + H2,-1.3960121307929437e-07,3.982436480424446e-07,5.190262114783212e-07,1.8585053349316433e-07
C2H + OH <=> CH2 + CO,3.370074529785643e-08,5.016268423024414e-07,6.154100860354386e-07,1.804891013851091e-07
C2H + O <=> CH + CO,2.176359115246806e-07,3.7559719273055907e-07,4.560002456586782e-07,1.8826622691503707e-07
C + CH2 <=> C2H + H,9.425719606402798e-08,2.653454216492546e-07,3.9188048950579536e-07,1.7557901666469393e-07
C2H + O2 <=> CH + CO2,-1.4354560495926202e-06,1.4432194359381117e-06,1.6456346220911126e-06,9.841313274700157e-07
C2H + O2 <=> CO + HCO,6.743928245924488e-08,5.644725865972406e-07,8.93209428053419e-07,4.4105283042670713e-07
C2H + OH <=> H + HCCO,4.501078021174584e-08,5.482071594593841e-07,7.835836044114183e-07,3.3767521489156104e-07
CH2 + HCCO <=> C2H + CH2O,1.825289736261835e-07,2.836631753470702e-07,3.9195539717787644e-07,1.9432059349291154e-07
H + HCCO <=> CH2 + CO,5.288647030264647e-06,5.3953669973464175e-06,6.790037742782911e-06,4.256377885912469e-06
C2H + O2 <=> HCCO + O,-1.8498416374183447e-06,1.8498416374183447e-06,2.5430199313872906e-06,1.5015086696514852e-06
CH + CO <=> HCCO,-1.7679014268491649e-06,1.7679014268491649e-06,1.9523623238485796e-06,1.1760247450649222e-06
HCCO + O <=> 2 CO + H,1.237524152742561e-06,1.313259343122142e-06,1.0396904467075673e-06,5.55077852889552e-07
HCCO + OH <=> CH2O + CO,8.884198838735002e-07,9.338523514449742e-07,7.934867597071198e-07,4.2208547126782676e-07
HCCO + OH <=> 2 HCO,2.5192947918437056e-07,4.3975303674112747e-07,6.760316954771706e-07,3.4828926215553883e-07
HCCO + O2 <=> CO + CO2 + H,-7.304287707086258e-06,7.304287707086258e-06,6.52403277285215e-06,4.354976374683459e-06
HCCO + O2 <=> CO + HCO + O,-1.0596925790630202e-06,1.0980850574918214e-06,1.1329261063748386e-06,6.799233770539894e-07
HCCO + O2 <=> 2 CO + OH,-7.917017340858119e-07,8.522525940182319e-07,1.3627857728651376e-06,8.698772114090019e-07
C2H + H (+M) <=> C2H2 (+M),1.9642070299090008e-08,4.2206869480174553e-07,7.02063171262627e-07,3.2073948111603644e-07
C2H2 + O2 <=> 2 HCO,-1.9534726237151816e-08,3.1076558857907805e-07,,1.605513048381843e-07
C2H2 + OH <=> CH3 + CO,7.823345890940173e-08,2.6686025510089716e-07,3.2794560845977936e-07,1.1446807233493501e-07
C2H2 + OH <=> CH2CO + H,5.741651772912014e-07,1.1453189535810353e-06,2.4912289182711865e-06,1.3270540147145926e-06
C2H2 + OH <=> C2H + H2O,-9.466587742533394e-08,4.057558458329184e-07,4.776760312340835e-07,1.2494941614846798e-07
C2H2 + O <=> CH2 + CO,4.7835476947018553e-08,2.670280762227478e-06,3.815133526670309e-06,1.3584869074301797e-06
C2H2 + O <=> H + HCCO,-1.3122064156405006e-05,1.3122064156405006e-05,1.426584912759514e-05,8.979213641131343e-06
C2H2 + HO2 <=> CH2CO + OH,-3.30732264338284e-08,2.750552942679851e-07,4.185785739602959e-07,1.7447158450797098e-07
C2H2 + O <=> C2H + OH,-1.3991039257162768e-07,3.4189467638009367e-07,6.032951520623498e-07,3.052396155723027e-07
C2H + CH2OH <=> C2H2 + CH2O,1.6797146770025978e-08,2.5319883702598526e-07,3.665073982254169e-07,1.6649406084469452e-07
C2H + CH3OH <=> C2H2 + CH3O,2.7258431106211724e-08,2.3827933695071435e-07,2.651711112168231e-07,4.919928307897723e-08
C2H + CH3OH <=> C2H2 + CH2OH,-1.6773877906125923e-07,3.5734732438850615e-07,4.895206740934042e-07,2.1302477220627646e-07
C2H2 + HO2 => CH2 + CO + OH,-4.011181517688202e-08,3.330903540870595e-07,4.897601179764489e-07,1.9041794072493836e-07
2 HCCO <=> C2H2 + 2 CO,3.818547872386579e-07,4.3961338499827417e-07,4.729514950426146e-07,2.337288039541868e-07
2 CH2 <=> C2H2 + 2 H,1.526560241918919e-08,2.796152481167917e-07,4.2339329066717413e-07,1.85070647359531e-07
2 CH2 <=> C2H2 + H2,-3.1936732102866535e-07,3.9598123715967965e-07,4.834593688426167e-07,2.2116911735495799e-07
CH + HCCO <=> C2H2 + CO,-6.621973436944641e-08,3.3755049535764605e-07,5.361047016047534e-07,2.2254495418229706e-07
CH + CH2 <=> C2H2 + H,7.037712255717794e-08,3.06103014391306e-07,4.7268705256503464e-07,2.1116056482864773e-07
C + CH3 <=> C2H2 + H,-1.7216715569838022e-07,4.003022508932132e-07,5.928854399496514e-07,2.470689526839089e-07
C2H2 + CH <=> C2H + CH2,7.569971393251789e-07,9.931743865300695e-07,1.1194535544831975e-06,5.431401578871746e-07
C2H2 + CH <=> H2CCCH,3.634660860003637e-07,6.561995161559206e-07,7.624678334371439e-07,2.9134884301848476e-07
C2H2 + CH <=> C3H2 + H,-1.101961218067189e-06,1.184072735915602e-06,2.387671914235281e-06,1.4800588546436068e-06
C2H2 + H <=> C2H + H2,-1.390323676078872e-06,1.8210033169198754e-06,3.5690456643485804e-06,1.7627485345387447e-06
C2H + CH4 <=> C2H2 + CH3,1.0777376490172756e-07,3.606943926761872e-07,4.82879600287732e-07,1.8231978455774678e-07
C2H3 + H <=> H2 + H2CC,1.5686590262995828e-05,1.5686590262995828e-05,1.5459473273236264e-05,9.759261860531816e-06
H2CC + OH <=> CH2CO + H,2.546663412740974e-07,5.920718064195304e-07,8.981611189702254e-07,4.412437129089987e-07
H2CC + O2 <=> 2 HCO,-1.0859782707609166e-05,1.0859782707609166e-05,9.141222448713601e-06,4.812054994578714e-06
H + H2CC <=> C2H2 + H,2.7825311705001997e-07,4.807391079201519e-07,6.722395077349878e-07,2.7383767868522214e-07
C2H2 + H2CC (+M) <=> C4H4 (+M),-2.8166353997517704e-07,3.764225260229191e-07,4.5838311155854185e-07,2.1187641040522074e-07
C2H4 (+M) <=> H2 + H2CC (+M),-5.798468516492325e-06,5.798468516492325e-06,4.872691780246647e-06,3.0051703064980775e-06
C2H2 (+M) <=> H2CC (+M),5.145970701753261e-06,5.145970701753261e-06,5.834228172291216e-06,3.3932685734423024e-06
CH2CO + O2 <=> CH2O + CO2,1.1849182891908264e-08,2.437147945697087e-07,3.343507349118877e-07,1.263200992420186e-07
CH2CO + OH <=> CH2OH + CO,-5.806413837505554e-07,6.562459175973835e-07,9.436460241909e-07,5.392765809919154e-07
CH2CO + OH <=> CH3 + CO2,-1.633206917184805e-07,3.8776767077968986e-07,5.400317846779012e-07,2.4335751270698283e-07
CH2CO + O <=> 2 HCO,-3.6550110373927354e-07,5.263866988866974e-07,6.861512999125081e-07,3.468110809786034e-07
CH2CO + O <=> CO + H + HCO,-4.7472084339560696e-08,2.4157944382294546e-07,3.388113552798891e-07,1.456735890066074e-07
CH2CO + O <=> CH2O + CO,2.942752884139662e-08,3.0825547786225454e-07,4.152572580495136e-07,1.7005756559811226e-07
CH2CO + O <=> CH2 + CO2,-8.047302048442673e-08,2.486763388928703e-07,3.475799834690361e-07,1.4889808334485305e-07
CH2CO (+M) <=> CH2 + CO (+M),-7.965424920127331e-07,1.0454594406069061e-06,1.2783595201112188e-06,6.670127866246731e-07
CH2CO + H <=> CH3 + CO,6.719172369833859e-06,6.719172369833859e-06,6.412963634930433e-06,3.410832471390404e-06
CH2CO + H <=> CH2CHO,-2.3862611558446274e-07,3.4495286345870226e-07,3.328199118065832e-07,1.1984546281618068e-07
CH2CO + H <=> CH3CO,2.5843101946036104e-06,2.5843101946036104e-06,2.595579913176371e-06,1.4667724769001944e-06
CH2CO + H <=> H2 + HCCO,-1.9852106832462515e-06,2.6726291825880495e-06,3.788474572541713e-06,2.0285694201087234e-06
CH2CO + O <=> HCCO + OH,-4.8250770786986066e-08,3.895739678883154e-07,5.513838756360073e-07,2.035416593808434e-07
C2H2 + CH2OH <=> C2H3 + CH2O,-4.6546482283748063e-08,3.0608652058799543e-07,3.778662025859585e-07,1.1756758889878887e-07
C2H3 + CH3 <=> C2H2 + CH4,2.72027683036277e-06,2.72027683036277e-06,2.500663416347262e-06,1.4813780134455447e-06
C2H3 + HO2 => CH3 + CO + OH,-1.1422261444743713e-07,5.143243159488434e-07,5.882987695055149e-07,1.5165107324690845e-07
C2H3 + OH <=> C2H2 + H2O,7.236834528335398e-07,7.30628381453808e-07,6.071743518444806e-07,3.9205271258958423e-07
C2H3 + O <=> CH3 + CO,1.1883602820234571e-06,1.2508686274708806e-06,1.6124512101006265e-06,9.681826271834632e-07
C2H + C2H3 <=> 2 C2H2,-4.41165708070829e-07,4.90750256468727e-07,6.058928370955035e-07,3.137287869259358e-07
CH2 + HCCO <=> C2H3 + CO,-1.4931285154998584e-08,3.7757332575330447e-07,5.093156261738773e-07,1.9480938645422902e-07
C2H3 + CH2 <=> C2H2 + CH3,-1.2958348815461432e-07,2.604172146416961e-07,3.0477869696356836e-07,1.0206598032916287e-07
C2H3 + CH <=> C2H2 + CH2,-4.434165558606522e-09,3.8817599258182634e-07,4.889942474068235e-07,1.5930244339047035e-07
CH + CH3 <=> C2H3 + H,-1.823736509333128e-07,6.131713628091512e-07,9.354700323787935e-07,4.3122349218310526e-07
C2H3 + H <=> C2H2 + H2,4.128080277187723e-06,4.128080277187723e-06,3.2439112501049126e-06,1.9101909995952706e-06
C2H2 + H (+M) <=> C2H3 (+M),-2.3614491795121138e-05,2.489622985523993e-05,3.788860300062872e-05,2.0336136599184553e-05
C2H3 + O2 <=> CH2CO + OH,-5.233213290038289e-08,3.3000978792318586e-07,,1.3898668841698932e-07
C2H3 + O2 => CH2O + CO + H,-1.990616141800435e-06,3.122360181906879e-06,,2.188742980692984e-06
C2H3 + O2 <=> CH3O + CO,1.4034176143284808e-07,3.652282127982199e-07,,1.7537181208528597e-07
C2H3 + O2 <=> CH3 + CO2,-1.4646713751823144e-07,3.2451436547360205e-07,,1.4130048219699207e-07
C2H3 + O2 <=> CH2CHO + O,-1.7661241010847536e-05,1.9037195441210556e-05,,9.97373884112312e-06
C2H3 + O2 <=> C2H2 + HO2,7.212512446211957e-07,9.50915372960268e-07,,5.55596081387364e-07
C2H3 + O2 <=> CH2O + HCO,7.280910121685764e-09,1.3495518506764335e-06,,9.402577108062805e-07
CH2CHO + O2 <=> CH2O + CO + OH,1.787076924557092e-07,3.6419843145516953e-07,4.4223539588513206e-07,1.5954421398475052e-07
CH + CH2CHO <=> C2H3 + HCO,-6.915205624793892e-08,5.051817721349456e-07,6.874174092320557e-07,2.3242742820050129e-07
CH2CHO + OH <=> CH2OH + HCO,-2.900636558580618e-07,5.047781645671327e-07,5.841870255147548e-07,1.8060866090810313e-07
CH2CHO + OH <=> CH2CO + H2O,-3.079310484631949e-07,3.2969855686632973e-07,3.5378820571808557e-07,1.9480805821583888e-07
CH2CHO + O <=> CH2O + HCO,-8.23385671648894e-08,3.728356909620721e-07,4.81852881141409e-07,1.7879206639742522e-07
CH2CHO + CH3 <=> C2H5 + HCO,5.089280840215664e-08,2.775658648038531e-07,4.171986912033626e-07,1.7624231746765018e-07
CH2CHO + H <=> CH3 + HCO,4.685002033885051e-08,2.726046536962537e-07,,1.2488442207747936e-07
CH2CHO + H <=> CH3CO + H,8.947165179209575e-08,3.075619088783959e-07,4.3834556736234187e-07,1.7473776684082892e-07
CH2CHO <=> CH3CO,-5.837888712355957e-09,3.815834500881163e-07,5.244736541654056e-07,2.0425798576164835e-07
CH2CHO <=> CH3 + CO,1.363260756066784e-07,3.494968374574912e-07,4.764000699826826e-07,1.8427725656749072e-07
CH3CO <=> CH3 + CO,1.5050152103489387e-06,1.5346638871046512e-06,2.5142298787782502e-06,1.4261223313900087e-06
CH3CO + OH <=> CH2CO + H2O,-3.124945302215014e-07,3.836338914289257e-07,3.41710422905839e-07,1.4876527721488153e-07
CH3CO + O <=> CH2CO + OH,-2.8739288941234826e-08,3.2137817276384025e-07,4.538956351143167e-07,1.6859534546380074e-07
CH3CO + O <=> CH3 + CO2,-2.8107643527513314e-08,2.573662415644122e-07,3.1824573708014327e-07,9.335750401419465e-08
CH3CO + H <=> CH2CO + H2,6.501639060881519e-08,2.8320052472273805e-07,3.5129467579681796e-07,1.2006466002282618e-07
CH3CO + H <=> CH3 + HCO,-2.54228244647281e-07,3.626492776292328e-07,4.3040951221953985e-07,1.8487628298801423e-07
C2H3 + CH3O <=> C2H4 + CH2O,3.7955874360488877e-08,3.2332325189204126e-07,3.885473003024379e-07,1.1206955019293782e-07
C2H3 + CH2OH <=> C2H4 + CH2O,3.995132380407822e-08,2.2920674194739286e-07,3.3483586109170674e-07,1.2840700445316594e-07
CH2 + CH2OH <=> C2H4 + OH,4.336499651929281e-08,3.158760962288637e-07,3.708843451756608e-07,9.128891630836944e-08
C2H3 + CH3OH <=> C2H4 + CH3O,-9.066786121358193e-08,4.7674281564641236e-07,5.776355745614686e-07,1.7251043399824406e-07
C2H3 + CH3OH <=> C2H4 + CH2OH,-9.19147006553646e-08,4.0132206162885553e-07,4.978094585644771e-07,1.5086361025563278e-07
C2H3 + HCO <=> C2H4 + CO,-1.3144916314529395e-07,5.930135610335789e-07,8.382027065192261e-07,3.538470551777493e-07
C2H3 + H2O2 <=> C2H4 + HO2,-6.092863117791392e-08,4.3556918337367274e-07,6.096855887938652e-07,2.477438916074489e-07
C2H3 + CH2O <=> C2H4 + HCO,7.583410481518626e-08,2.824921608960515e-07,4.431080314828712e-07,2.05821224881923e-07
2 C2H3 <=> C2H2 + C2H4,2.1019565571422086e-07,3.487265696376976e-07,7.04832103274402e-07,4.261057679792938e-07
CH2 + CH2CHO <=> C2H4 + HCO,-2.7339006965023425e-08,1.9593454389042533e-07,2.341738271005638e-07,6.767728103249151e-08
CH2 + CH3 <=> C2H4 + H,1.1287166850184028e-07,5.531529677538039e-07,8.703989424325096e-07,3.646497576157588e-07
C2H4 + CH3 <=> C2H3 + CH4,-1.2205789117230807e-06,1.255413718515729e-06,1.5829411326867119e-06,9.004366274552836e-07
CH + CH4 <=> C2H4 + H,8.392921974429738e-08,5.727142432244597e-07,8.589602763865655e-07,4.33237046121721e-07
C2H4 + CH2 <=> C3H6,3.8048025210634035e-06,3.8048025210634035e-06,3.914578904783534e-06,2.093877638223563e-06
C2H4 + CH2(S) <=> C3H6,1.4638489798953163e-06,1.4638489798953163e-06,1.3053954291002684e-06,6.829610934027601e-07
C2H4 + O2 <=> C2H3 + HO2,-1.1788587531734821e-07,3.8197348513996697e-07,5.382385072365565e-07,2.1425704825573693e-07
C2H3 + H (+M) <=> C2H4 (+M),-5.538977179557352e-06,1.0006826208121111e-05,1.358031741453842e-05,5.545736381838151e-06
C2H4 + H (+M) <=> C2H5 (+M),1.4512493457950391e-07,4.908811409977465e-07,9.134298349071098e-07,4.912141192265247e-07
C2H4 + H <=> C2H3 + H2,3.608469204985555e-06,5.753200165020311e-06,9.777865302420631e-06,5.370152279493406e-06
C2H4 + OH <=> C2H3 + H2O,-7.372961706876557e-06,8.170778581384177e-06,4.6410593657842214e-06,1.7633118940289711e-06
C2H4 + OH <=> CH2O + CH3,3.0354205381220334e-07,4.259771817894475e-07,4.975150953504985e-07,2.118109253956174e-07
C2H4 + OH <=> C2H3OH + H,-5.209640160475671e-07,1.37023705417492e-06,1.7525447596365247e-06,6.425665480961378e-07
C2H4 + OH <=> CH3CHO + H,1.0090558419460134e-07,2.48568833490096e-07,3.0565495378614553e-07,1.1251861532395354e-07
C2H4 + OH <=> CH2CH2OH,-8.905399883847359e-09,3.5571927812868076e-07,,1.6250925605519605e-07
C2H4 + O <=> CH2 + CH2O,-6.139774570154509e-06,6.407293366243467e-06,1.3925030769167412e-05,8.103426848267215e-06
C2H4 + O <=> CH3 + HCO,8.556335102541585e-06,1.1300968900295267e-05,1.5309213876049604e-05,7.1413295069281345e-06
C2H4 + O <=> CH2CO + H2,4.6425487953127314e-06,4.6425487953127314e-06,2.355760002727752e-06,1.3021161400364219e-06
C2H4 + O <=> CH2CHO + H,-1.134368580566389e-05,1.134368580566389e-05,6.566837702331865e-06,3.8230423183767e-06
C2H4 + HO2 <=> CH2OCH2 + OH,-5.9432691154794336e-08,3.187455189653726e-07,3.963849362636989e-07,1.336929874440729e-07
CH2CH2O2H <=> C2H4 + HO2,-3.3660658498188446e-08,4.822483810274225e-07,5.886400802656694e-07,1.8606391444293594e-07
CH3CHO (+M) <=> CH3 + HCO (+M),1.511405774160564e-07,4.344452624710037e-07,6.285179075111737e-07,2.482694535876576e-07
CH3CHO (+M) <=> CH4 + CO (+M),1.186257185765816e-07,3.1751849898552813e-07,3.95638838944489e-07,1.4738740268769776e-07
CH3CHO + O2 <=> CH3CO + HO2,5.9283563784568535e-08,1.4162750519777145e-07,1.9014122221154658e-07,8.077400418137892e-08
CH3CHO + HO2 <=> CH2CHO + H2O2,-6.22442871328982e-08,4.583511890549268e-07,6.011333308542081e-07,2.283521954418071e-07
CH3CHO + HO2 <=> CH3CO + H2O2,4.9823145807086376e-08,3.821765970137601e-07,4.838649201853438e-07,1.4933778499464085e-07
CH3 + CH3CHO <=> CH2CHO + CH4,-4.7414473386007193e-08,2.8444247118607073e-07,3.6795131895853607e-07,1.1811191347307098e-07
CH3 + CH3CHO <=> CH3CO + CH4,-1.195249447036765e-07,4.067718203200976e-07,5.154150241333913e-07,1.8836041095815693e-07
CH3CHO + H <=> CH2CHO + H2,-4.3106533242060526e-08,3.673688594193296e-07,5.586615215020938e-07,2.523917581045402e-07
CH3CHO + H <=> CH3CO + H2,-2.1218782316925954e-07,4.957743506712306e-07,6.327708574745579e-07,2.4351107220894695e-07
CH3CHO + O <=> CH2CHO + OH,8.542133052984042e-09,3.297521976707887e-07,4.355747478338734e-07,1.6447321998609595e-07
CH3CHO + O <=> CH3CO + OH,8.605932868307812e-08,4.010223150707223e-07,5.390352836971122e-07,2.2626507590479424e-07
CH3CHO + OH <=> CH2CHO + H2O,-1.2774476794827026e-07,1.8477846557686378e-07,2.2230084487833422e-07,1.1219166502184248e-07
CH3CHO + OH <=> CH3CO + H2O,-9.271760205909808e-08,4.925538578678166e-07,7.148648751006314e-07,2.877399306823623e-07
CH2OCH2 <=> CH3CHO,1.1518506358885127e-10,3.0003502827687855e-07,3.644862921870896e-07,1.0103398915499561e-07
CH2OCH2 <=> CH3 + HCO,-1.5099134715438035e-07,2.422077788520686e-07,3.173842357028767e-07,1.3200893708165603e-07
CH2OCH2 <=> CH4 + CO,1.9007132857812483e-09,5.1822311609049e-07,7.578104428548684e-07,2.9778856436041675e-07
CH2OCH2 <=> CH3CO + H,-1.861991548898606e-07,5.935352042426139e-07,9.071114979571433e-07,3.819223151936619e-07
CH2OCH2 <=> CH2CHO + H,1.6606470485941338e-07,2.984068868582765e-07,3.7067799737031526e-07,1.6821038426866552e-07
CH2OCH2 <=> CH2CO + H2,-1.0196620877999124e-07,4.831651567899078e-07,8.831138281784114e-07,4.5194492686840267e-07
CH2OCH2 <=> C2H2 + H2O,-5.231369462303804e-08,2.9894257901368656e-07,4.618125106561085e-07,2.0234713894974139e-07
CH2OCH <=> CH3 + CO,2.6855743199833475e-08,4.1167643966031935e-07,6.053923198548939e-07,2.5596255892861735e-07
CH2OCH <=> CH2CO + H,1.2341123455740893e-08,2.397594459155425e-07,3.3809211968208047e-07,1.2746480920256735e-07
CH2OCH <=> CH2CHO,-3.58391026999962e-07,4.994519604421774e-07,5.66490713975166e-07,2.468810672451052e-07
CH2OCH2 + H <=> CH3CHO + H,3.084257560519734e-07,5.732846363161877e-07,8.208225824330311e-07,3.531374282845716e-07
CH2OCH2 + H <=> CH2OCH + H2,7.236032212516661e-08,2.1486440416710212e-07,2.947747766289189e-07,1.1830548708358605e-07
CH2OCH2 + H <=> C2H4 + OH,5.2019474905817004e-08,4.570851156621196e-07,6.728541379107829e-07,2.9234156464932253e-07
CH2OCH2 + O <=> CH2OCH + OH,-2.128777844761228e-07,2.9808478869810527e-07,4.0496242176426855e-07,1.949247315130992e-07
CH2OCH2 + OH <=> CH2OCH + H2O,-1.390964809093324e-07,3.893457308896834e-07,5.148515690564735e-07,1.9079342298491432e-07
CH2OCH2 + CH3 <=> CH2OCH + CH4,-4.123837477694203e-09,2.1988851405566312e-07,2.9792030557214863e-07,1.0146501608341817e-07
CH3 + CH4 <=> C2H5 + H2,3.499266136010526e-08,2.533895810224186e-07,3.2636044562926733e-07,1.1953309669547098e-07
C2H5 + CH2OH <=> C2H4 + CH3OH,2.4653718395327034e-07,3.330763648801434e-07,3.81849944185665e-07,1.6175441847822722e-07
C2H5 + HO2 <=> CH3CH2O + OH,-1.6400692428678461e-07,2.983837209084199e-07,3.5440636134184433e-07,1.2191261804738917e-07
2 CH3 <=> C2H5 + H,3.320495066761661e-07,3.98303309720395e-07,3.920459879405461e-07,1.8994302486512862e-07
C2H5 + O2 <=> C2H4 + HO2,-4.168375360412757e-08,3.811676741923472e-07,4.7206234444128287e-07,1.5086538336853772e-07
C2H5 + O2 <=> C2H5O2,1.0546844797131776e-07,2.531753083862543e-07,3.1011347779904316e-07,1.1624570310788793e-07
C2H5 + O <=> CH2O + CH3,-1.2630966196876784e-08,3.3016159927383656e-07,4.985011926984313e-07,2.219840395547092e-07
C2H5 + O <=> CH3CHO + H,1.7297564282683044e-07,4.1260426521707214e-07,5.351817621606525e-07,2.0844983982244553e-07
C2H5 + O <=> C2H4 + OH,-1.002117641409626e-08,3.525295891328823e-07,4.6186409391519147e-07,1.902673349935508e-07
C2H5 + H (+M) <=> C2H6 (+M),6.637273504690389e-08,4.088642745871611e-07,5.255901129729616e-07,1.4824441062290283e-07
C2H5 + O2 <=> CH2OCH2 + OH,1.488587563244742e-07,2.654975073422675e-07,3.181212604164936e-07,1.3757275849825067e-07
CH2CHOO + OH <=> C2H3OH + O2,7.495956596155101e-08,3.070812623658684e-07,3.9711920861020633e-07,1.4533522117244297e-07
CH2CHOO + OH <=> CH2CHO + HO2,3.367512819734353e-08,4.4205186203477017e-07,6.333083882295751e-07,2.8139048218226773e-07
CH2CHOO + H <=> CH2CHO + OH,5.045789065615555e-08,5.627222544886159e-07,6.387585387823646e-07,1.3391850086361754e-07
C2H3 + O2 <=> CH2CHOO,-1.8695987736513402e-08,3.2732452546743783e-07,,1.7544812358899513e-07
CH2CHOO <=> CH2CHO + O,1.1193975455061519e-08,3.2850667806679875e-07,,2.0769203228453884e-07
CH2CHOO <=> CH2CO + OH,4.199831025697738e-08,3.444501059327685e-07,,1.4359323160324683e-07
CH2CHOO <=> CH2O + HCO,7.220877864436035e-08,3.5372222760749314e-07,,1.0947038206111062e-07
CH2CHOO => CH2O + CO + H,3.789757074888593e-09,3.6981278760303087e-07,,1.8409408489169942e-07
CH2CHOO <=> CH3O + CO,1.5256168392060766e-07,4.243482745639273e-07,,2.507732532866174e-07
CH2CHOO <=> CH3 + CO2,-1.6391464027943735e-07,2.606799989068786e-07,,8.689841070207387e-08
C2H5 + CH3O <=> C2H6 + CH2O,9.83076304621964e-08,3.1178659888232374e-07,4.307078613419134e-07,1.6699164684323536e-07
C2H5 + CH2OH <=> C2H6 + CH2O,9.763302139697956e-08,4.6469609488844787e-07,5.43825725215991e-07,1.4906840488821599e-07
C2H + C2H6 <=> C2H2 + C2H5,-2.593563921685688e-07,4.4483352631306277e-07,6.818214448447074e-07,3.502159148971393e-07
CH3 + CH4 <=> C2H6 + H,3.670866256287905e-07,5.719862841753055e-07,1.0303516084609004e-06,5.316459172905099e-07
C2H3 + C2H6 <=> C2H4 + C2H5,-3.2630489007642864e-07,5.752532008139892e-07,7.223439587813299e-07,3.1195707603302256e-07
C2H6 + CH2 <=> C2H5 + CH3,7.16783011250183e-08,2.7737202539275466e-07,4.074033916451732e-07,1.6266655939374088e-07
C2H6 + O2 <=> C2H5 + HO2,4.072581880302084e-08,3.113131255363822e-07,4.306076687047933e-07,1.6008020239091365e-07
2 CH3 (+M) <=> C2H6 (+M),6.657942920492176e-07,7.103934250622566e-07,1.059001201898568e-06,6.298238121524176e-07
C2H6 + HO2 <=> C2H5 + H2O2,7.586056752394394e-08,2.964191228204845e-07,3.922895092174595e-07,1.5744229800031627e-07
C2H6 + OH <=> C2H5 + H2O,-7.959383759780311e-08,2.721705218073584e-07,4.4040233713564344e-07,1.9956929244296422e-07
C2H6 + O <=> C2H5 + OH,-1.1357962733502182e-07,2.299483021070279e-07,3.826406358331083e-07,2.0863545035596666e-07
C2H6 + CH3 <=> C2H5 + CH4,-1.0646051760804267e-07,2.7098054247061004e-07,3.3517467390282734e-07,1.2109566924726213e-07
C2H6 + CH2(S) <=> C2H5 + CH3,-3.2527917034375444e-08,1.7880799402686452e-07,2.6420771692678897e-07,1.1920317168640166e-07
C2H6 + CH <=> C2H4 + CH3,1.3788477042093057e-07,2.431513624264345e-07,3.0405795461729096e-07,1.275596309709632e-07
C2H6 + H <=> C2H5 + H2,-3.2921777881672464e-07,5.873882737737469e-07,8.999680355190585e-07,4.191477504583591e-07
C2H5O2 (+M) <=> C2H4 + HO2 (+M),1.573536759791733e-07,4.680951458853762e-07,6.321797667289087e-07,2.527244860134794e-07
C2H5O2 <=> CH2CH2O2H,-6.727370048994104e-08,3.258980923582431e-07,3.898532514268897e-07,1.1302244707447745e-07
C2H5O2 <=> CH3CHO + OH,-7.407753405304736e-08,2.95088978878041e-07,4.595547093260319e-07,1.9673360920685633e-07
C2H5O2 <=> CH3CH2O + O,1.9675824819294534e-07,2.8640258870844056e-07,3.1308635151513776e-07,1.4007434848389087e-07
2 C2H5O2 <=> 2 CH3CH2O + O2,-1.7105601290763496e-07,4.603725672565505e-07,5.989682623254959e-07,2.1930179552913967e-07
2 C2H5O2 <=> C2H5OH + CH3CHO + O2,-2.7284162956206e-08,2.7006375939855987e-07,3.341211395062867e-07,9.614482276428522e-08
C2H5O2 + HO2 <=> C2H5O2H + O2,4.9778631021936145e-08,3.3582549444590824e-07,4.1385394415624643e-07,1.306948841247973e-07
CH3CHOH <=> CH2CH2OH,-1.435919632343732e-07,2.1262875763322403e-07,2.2067960877696413e-07,8.09312501909787e-08
CH2CH2OH + O2 <=> O2C2H4OH,-3.6790151537677634e-08,3.4634857052446605e-07,4.2170576920570416e-07,1.230431431919665e-07
CH2CH2OH + O2 <=> C2H3OH + HO2,8.563757381917978e-08,3.541220587639523e-07,5.599044988843316e-07,2.222635212499114e-07
CH2CH2OH + O2 <=> 2 CH2O + OH,2.233732184772119e-07,4.774260399163331e-07,5.301273995375932e-07,1.5992455564791882e-07
O2C2H4OH <=> C2H3OH + HO2,-4.646368537567938e-08,4.897675305497063e-07,5.884873285309562e-07,1.4076813759623393e-07
CH3CH2O + OH <=> CH3CHO + H2O,-1.628185523208746e-08,5.07156564931164e-07,7.684138499724948e-07,3.4046503112604756e-07
CH3CH2O + H <=> C2H4 + H2O,-1.9272583421728058e-07,3.062608732802899e-07,4.326260330966593e-07,2.0793633832800477e-07
CH3CH2O + H <=> CH2OH + CH3,6.498960878610686e-08,4.1316688308537394e-07,5.655294432892633e-07,2.2299915620385784e-07
CH3CH2O + CO <=> C2H5 + CO2,1.8210388927741975e-07,3.044844989986095e-07,4.11938435374081e-07,1.698097094359359e-07
CH3CH2O + O2 <=> CH3CHO + HO2,1.0670093935525168e-07,2.370658161682729e-07,2.7976787801348995e-07,1.079029314594717e-07
CH3CH2O + M <=> CH2O + CH3 + M,-3.332747514025606e-07,4.769391756976075e-07,6.259363369564203e-07,2.4713229792536114e-07
CH3CH2O + M <=> CH3CHO + H + M,-1.9032653057554788e-08,2.954286426453237e-07,3.8370352018443426e-07,1.3916207867446034e-07
CH3CHOH + M <=> CH3CHO + H + M,6.80206885623203e-08,3.058041268516352e-07,4.2663090085943e-07,1.8699237223453748e-07
CH3CHOH + OH <=> CH3CHO + H2O,8.621256487660494e-09,2.333603719684863e-07,3.3851192929758776e-07,1.348480027513318e-07
CH3CHOH + HO2 <=> CH3CHO + 2 OH,6.834641876817955e-09,2.462447363642602e-07,3.891957695811348e-07,1.5394683180771817e-07
CH3CHOH + H <=> CH2OH + CH3,-1.2933922910663502e-07,3.5836608452476844e-07,4.927742733260624e-07,2.1226767786294806e-07
CH3CHOH + H <=> C2H4 + H2O,-4.119814369713922e-08,2.103027865248415e-07,2.8531618682751837e-07,1.1280643647075046e-07
CH3CHOH + O <=> CH3CHO + OH,5.653231819393642e-08,2.6293626323383286e-07,3.326147747683554e-07,1.211530177924172e-07
CH3CHOH + O2 <=> CH3CHO + HO2,-1.7877218796802234e-07,1.9835936138269859e-07,2.715197500043753e-07,1.6137843171855346e-07
CH3CHOH + O2 <=> C2H3OH + HO2,-1.5811639938861697e-07,5.300763203589655e-07,6.813149125142806e-07,2.622269393812853e-07
CH3CHOH + O2 <=> C2H4O2OH,1.1708756489752795e-07,3.0705246169179745e-07,3.7373203503379007e-07,1.2326024942743952e-07
C2H4O2OH <=> C2H3OH + HO2,6.319890892273061e-08,3.180614056199275e-07,4.950960641555118e-07,2.2119129377743078e-07
CH3CHOH <=> CH3CH2O,-1.5569234103429833e-07,4.850862051826242e-07,8.615639160577656e-07,4.0073951585712557e-07
C2H3OH + O2 <=> CH2CHO + HO2,-7.281809007599891e-08,3.2004533486337727e-07,4.2624380790393586e-07,1.5392852937514132e-07
C2H3OH + H <=> CH2CHO + H2,3.2356634653601797e-07,5.689931566650681e-07,9.490265816820068e-07,4.543929064306596e-07
C2H3OH + O <=> CH2CHO + OH,-1.9394123496614127e-07,3.489968033312894e-07,3.812961974109347e-07,1.334030670685673e-07
C2H3OH + OH <=> CH2CHO + H2O,2.0560406174850888e-07,3.826699463187244e-07,5.4866809683964e-07,2.5849374428099816e-07
C2H3OH + CH3 <=> CH2CHO + CH4,-1.7789286688499504e-07,4.043956790712421e-07,6.488014310174165e-07,3.0505819785700044e-07
C2H3OH + HO2 <=> CH3CHO + HO2,1.7163414759438265e-07,3.6769408311014617e-07,5.396466993984533e-07,2.517843452117778e-07
C2H4O2OH <=> CH3CHO + HO2,3.3712997698544493e-07,3.695013129303025e-07,3.354652427812322e-07,1.8587416017845805e-07
C2H3OH + CH3O2 <=> CH2CHO + CH3O2H,2.1030450853436632e-07,4.587531826677718e-07,5.949746287868183e-07,2.637788722775917e-07
C2H5O2H <=> CH3CH2O + OH,2.651872528358025e-07,2.7888862485364967e-07,2.6395509270214873e-07,1.5293101670588445e-07
C2H5O2 + CH4 <=> C2H5O2H + CH3,-6.132979817598342e-08,2.5878567454819123e-07,3.3461242991765387e-07,1.2401220023938755e-07
C2H5O2 + C2H6 <=> C2H5 + C2H5O2H,1.548975148324505e-08,3.8348123982303485e-07,4.5756224236698757e-07,1.261805142259139e-07
C2H5O2 + C2H5OH <=> C2H5O2H + CH2CH2OH,2.3269036553906872e-08,3.977447177429037e-07,5.367935369298971e-07,1.9776527766116816e-07
C2H5OH + O <=> CH3CHOH + OH,1.164809657664838e-07,5.071883150435289e-07,8.745647073490559e-07,3.8693051140077437e-07
C2H5OH + O <=> CH2CH2OH + OH,6.220291855704559e-08,3.7514268187207086e-07,4.373638603907542e-07,1.0673139715024268e-07
C2H5OH + O <=> CH3CH2O + OH,-1.0256426483644975e-08,4.6382469869246873e-07,6.503713444021961e-07,2.2549429539962303e-07
C2H5OH + H <=> CH3CHOH + H2,-2.990886440535416e-07,4.3517607934427265e-07,4.212133567802856e-07,1.422602449476394e-07
C2H5OH + H <=> CH2CH2OH + H2,-4.548957420646935e-08,3.3909082777968746e-07,4.2737158620392745e-07,1.436354079624007e-07
C2H5OH + H <=> CH3CH2O + H2,8.896398117408934e-08,3.123130387835764e-07,3.78135793983982e-07,1.0667014342050676e-07
C2H5OH + OH <=> CH3CHOH + H2O,4.898690382492859e-08,1.3182218646696854e-07,1.5923527320273977e-07,5.326417878421134e-08
C2H5OH + OH <=> CH2CH2OH + H2O,1.1126354743603675e-07,2.758829789712456e-07,3.4361605685272225e-07,1.1422004277544578e-07
C2H5OH + OH <=> CH3CH2O + H2O,5.517470295446615e-07,5.703615058599314e-07,5.91525036370278e-07,3.4458877731357123e-07
C2H5OH + HO2 <=> CH3CHOH + H2O2,-3.598642775243647e-08,2.3729651070522609e-07,2.910053607776304e-07,9.607516262750007e-08
C2H5OH + HO2 <=> CH2CH2OH + H2O2,-9.908142324640968e-08,2.399322856627389e-07,2.9656281995269947e-07,1.2644647228749414e-07
C2H5OH + HO2 <=> CH3CH2O + H2O2,-1.7064089974612754e-08,1.4063244767813997e-07,1.8860447902681135e-07,6.456432296300674e-08
C2H5OH + CH3 <=> CH3CHOH + CH4,1.3367027056824225e-08,3.7994091850862205e-07,5.061635685726726e-07,1.949824218693239e-07
C2H5OH + CH3 <=> CH2CH2OH + CH4,-1.3792144961865033e-07,3.0921732665145193e-07,3.6863911670262227e-07,1.424038745227377e-07
C2H5OH + CH3 <=> CH3CH2O + CH4,-2.857819942229564e-08,3.108283481532092e-07,4.206362171931904e-07,1.6143522155785028e-07
C2H5OH + CH3O <=> CH3CHOH + CH3OH,1.1985890459621681e-07,3.5707776831095307e-07,4.7544847026447084e-07,1.8942572165629067e-07
C2H5OH + CH3O <=> CH2CH2OH + CH3OH,-2.650188329594256e-07,3.665275685409261e-07,5.636986637634938e-07,2.7729982520862737e-07
C2H5OH + CH3O <=> CH3CH2O + CH3OH,-1.303971954591458e-08,2.7317791434869077e-07,3.1730431073107465e-07,7.614004334329045e-08
C2H5OH (+M) <=> C2H5 + OH (+M),1.9964901540132034e-07,4.753116630606091e-07,6.154132367388733e-07,2.2131842733745082e-07
C2H5OH (+M) <=> C2H4 + H2O (+M),8.99841600733901e-08,3.13412967363096e-07,4.2104177253988153e-07,1.5828280294712062e-07
C2H5OH (+M) <=> CH2OH + CH3 (+M),1.7265303851071445e-08,4.0517642224641445e-07,5.732750297146323e-07,2.111643008099201e-07
C2H5OH (+M) <=> CH3CHO + H2 (+M),0.0,0.0,0.0,0.0
C3H2 + OH <=> C2H2 + CO + H,-9.877571108209763e-08,4.922961743509872e-07,6.532415470219561e-07,2.36038036135321e-07
C3H2 + O <=> C2H + CO + H,5.6438127738622646e-08,2.52067677355134e-07,3.3726998733734e-07,1.196845692904964e-07
C3H2 + O2 <=> C2H2 + CO2,5.354755390579454e-07,7.384592344391696e-07,1.5135183073282534e-06,8.097942361327261e-07
C3H2 + O2 <=> HCCO + HCO,-2.676476971048679e-07,4.737176510910816e-07,6.151367765387204e-07,2.6830394435430404e-07
H2CCCH + OH <=> C2H3 + HCO,-1.2139217192699882e-06,1.449443372559918e-06,2.203690586003799e-06,1.2639994958409426e-06
H + H2CCCH <=> C3H2 + H2,-6.171639695794003e-07,6.591611722927128e-07,8.216130220454344e-07,4.3399712363880815e-07
H2CCCH + O <=> C2H + CH2O,-3.760841653600575e-07,7.686244965037503e-07,1.1219152789545813e-06,4.853161354599119e-07
H2CCCH + O2 <=> CH3CO + CO,-5.481066047268539e-08,3.106779324012931e-07,4.262549029678792e-07,1.3837694284261482e-07
H2CCCH + O2 <=> C2H3 + CO2,-1.6440770239867946e-07,3.719705417269868e-07,4.5271534550491205e-07,1.7180413988966326e-07
2 C2H3 <=> CH3 + H2CCCH,8.336688155826251e-07,1.0565629666937762e-06,1.5308609651370667e-06,8.486254413169088e-07
C2H2 + HCCO <=> CO + H2CCCH,6.10056821628763e-08,2.9224631322025086e-07,3.5010842706383067e-07,1.1089315258920487e-07
C2H2 + CH2 <=> H + H2CCCH,4.817509101662226e-07,4.933312156620723e-07,3.907947414325102e-07,2.150280007523904e-07
C2H + CH3 <=> H + H2CCCH,-5.47073291776675e-08,2.1358449561698826e-07,3.240641853524439e-07,1.4921018138645864e-07
H2CCCH + OH <=> C3H2 + H2O,-6.566830552893463e-07,7.140653504179902e-07,1.028838940367147e-06,5.688632022482858e-07
H2CCCH + O <=> C2H2 + CO + H,4.67571160423713e-08,2.708311392038804e-07,3.8432342096400476e-07,1.4920507303847848e-07
H2CCCH + O2 <=> CH2CO + HCO,1.1259647916913896e-08,3.36463981912838e-07,5.162141316058703e-07,2.143106662344421e-07
C2H2 + CH2(S) <=> H + H2CCCH,7.288544273764834e-07,1.0041577765489648e-06,1.692556413981582e-06,9.980643157914448e-07
C2H5 + C3H4 <=> C2H6 + H2CCCH,1.9529353627776913e-08,3.875573311437594e-07,5.439630915473302e-07,1.8997175388144234e-07
C2H3 + C3H4 <=> C2H4 + H2CCCH,-6.880129261804042e-08,2.709375743197536e-07,3.5819667623978225e-07,1.317603822570251e-07
C2H + C3H4 <=> C2H2 + H2CCCH,-7.828398891268615e-08,1.7695617288995566e-07,2.0701592735195355e-07,6.643905625084057e-08
C3H4 + CH3 <=> CH4 + H2CCCH,7.402979906697134e-09,3.67929435528527e-07,6.118704133916113e-07,2.808752155708708e-07
C3H4 + OH <=> H2CCCH + H2O,4.5913130624345615e-07,7.407183969140122e-07,1.321718103112061e-06,7.764143489307275e-07
C3H4 + OH <=> CH2CO + CH3,8.213192643516411e-08,3.5568209250586553e-07,5.192113565247416e-07,2.1512150072105077e-07
C3H4 + H <=> H2 + H2CCCH,3.642974856904932e-06,3.6475307997175837e-06,6.666459508687463e-06,3.906123811098519e-06
C3H4 + HO2 <=> H2CCCH + H2O2,-1.3330781988087368e-07,2.8964337810845205e-07,4.4254984010347196e-07,2.415090477859118e-07
C3H4 + H <=> C2H2 + CH3,6.849505059545288e-07,7.318001144707504e-07,9.438533825078011e-07,5.241203176550188e-07
C3H4 + O <=> C2H4 + CO,7.508724524688999e-08,3.1623510946681206e-07,4.0111737700017014e-07,1.5658373630527998e-07
C3H4 + O <=> C2H3 + HCO,-3.449081732389391e-07,5.615670601916824e-07,7.434727232295629e-07,3.3880434554915854e-07
C3H4 + O <=> H2CCCH + OH,1.2373751049769701e-07,2.654700187958395e-07,2.958079727476737e-07,8.667387437029675e-08
C3H4 + O <=> CH3 + HCCO,9.966509865705513e-08,4.602010211058381e-07,6.983264098708204e-07,2.9127768962528695e-07
C3H4 + O2 <=> H2CCCH + HO2,-6.686315770175636e-08,5.199077766625135e-07,6.165001704732001e-07,1.731236908977593e-07
H + H2CCCH (+M) <=> C3H4 (+M),-3.0239655192678707e-07,1.6584374354907582e-06,3.165064583339678e-06,1.451161916231927e-06
C2H4 + CH <=> C3H4 + H,7.539642859331653e-07,8.11469248680756e-07,7.291440517787329e-07,4.091590916601964e-07
C2H2 + CH2 <=> C3H4,2.989605281466324e-07,6.360136006078379e-07,9.783089524374107e-07,5.255746701998936e-07
C2H5 + C3H5 <=> C2H6 + C3H4,-7.666109057762451e-09,2.3444175626437348e-07,3.0439770527975427e-07,1.135312872425995e-07
C2H3 + C3H5 <=> C2H4 + C3H4,-2.231344200648648e-07,5.009235706085515e-07,8.124129846719192e-07,3.9633025973840514e-07
C3H5 + HO2 => C2H3 + CH2O + OH,-1.0625498771409023e-07,6.210944427502691e-07,8.25373821527491e-07,3.3616437035719563e-07
C3H5 + HO2 <=> C2H4 + HCO + OH,-1.1459959096019228e-07,5.477905819865049e-07,7.387365528136169e-07,2.827112568141559e-07
C3H5 + OH <=> C3H4 + H2O,-3.720662030016506e-08,3.564382445947753e-07,4.562062541544688e-07,1.5901819561246734e-07
C3H5 + OH <=> C2H4 + CH2O,-1.984280974851321e-07,2.9647169427118825e-07,3.1487078596104147e-07,1.1783525008871408e-07
C3H5 + H <=> C3H4 + H2,2.852662218406553e-07,4.1638054501762474e-07,4.542195605856997e-07,2.0090979421556357e-07
C2H3 + CH3 <=> C3H5 + H,-9.883476015936487e-08,4.2703117078100164e-07,8.473826315012797e-07,4.317365778176926e-07
C3H5 + O => C2H4 + CO + H,-5.4863939275646555e-08,2.866116947804989e-07,3.908238478801453e-07,1.4255974097894749e-07
C3H5 + O <=> CH2CO + CH3,1.7570568178478614e-07,3.827848058626615e-07,4.525569738062674e-07,1.4734893575634032e-07
C3H5 + O2 <=> C3H4 + HO2,-4.9878826728759914e-08,3.567750153677492e-07,5.035753275611805e-07,1.8751433900126537e-07
C3H5 + O2 <=> CH2O + CH3 + CO,-1.4227784097860535e-07,4.5873919698585284e-07,5.965436535276045e-07,2.2052166022244256e-07
C3H4 + H (+M) <=> C3H5 (+M),-4.2932594928260827e-07,5.286911979511656e-07,7.833637925065238e-07,3.821846191215572e-07
C2H2 + CH3 <=> C3H5,-1.2356718666861204e-07,3.662645189565724e-07,4.671310782193809e-07,1.69902414520095e-07
C2H3 + C2H5 <=> C3H5 + CH3,-3.113340809559087e-07,4.2003076217856195e-07,4.366030384671829e-07,2.1042218692384527e-07
C2H5 + C3H6 <=> C2H6 + C3H5,6.338218978235582e-09,2.0934991836171105e-07,2.7074827013107807e-07,9.244656223049748e-08
C2H3 + C3H6 <=> C2H4 + C3H5,2.6480558048487205e-07,2.9795851701526255e-07,2.7023242351090556e-07,1.3078034289895726e-07
C2H + C3H6 <=> C2H3 + C3H4,-1.0279331820031122e-08,2.755789991569982e-07,4.3048457014798426e-07,1.8119048590367556e-07
C3H6 + CH2 <=> C3H5 + CH3,3.456536910896689e-07,3.991314211981466e-07,4.844086652062658e-07,2.968137966508949e-07
C3H6 + CH3 <=> C3H5 + CH4,1.4431805707730028e-07,4.334960274052825e-07,6.923714844526373e-07,2.9060626756666874e-07
C3H6 + HO2 <=> C3H5 + H2O2,-1.8245857121713802e-07,2.91127005883004e-07,4.770151726386472e-07,2.4197563252798167e-07
C3H6 + OH <=> C2H5 + CH2O,-3.2806611453105015e-07,4.931205393338351e-07,6.344616129927414e-07,3.029222694537632e-07
C3H6 + OH <=> C3H5 + H2O,3.7941808258785523e-07,5.763180030211855e-07,6.538109046731812e-07,2.655645482809765e-07
C3H6 + H <=> C2H4 + CH3,-1.3366123702092204e-07,6.355310949219334e-07,9.20288577358834e-07,4.1907066877842804e-07
C3H6 + H <=> C3H5 + H2,3.4095089221892e-07,4.6835934069602146e-07,5.867066686421895e-07,2.7403804292357e-07
C3H6 + O <=> C2H4 + CH2O,2.0525956013482008e-07,4.964447462461486e-07,6.196229755174861e-07,2.3458675313529746e-07
C3H6 + O <=> C2H5 + HCO,-1.4153114166796317e-07,3.4402303516723536e-07,4.509848605092023e-07,1.8343588102009164e-07
C3H6 + O <=> C3H5 + OH,3.2064581570159026e-07,5.056577377377117e-07,5.742047625879594e-07,2.547618023839395e-07
C3H6 + O <=> CH2CO + CH3 + H,1.1888124177765488e-07,5.142331406490174e-07,6.545830834727316e-07,2.26888562374779e-07
C3H6 + O <=> CH3 + CH3CO,-6.338712896915596e-08,1.9813206300399424e-07,2.2795449473171952e-07,6.839757784958421e-08
C3H6 + O2 <=> C3H5 + HO2,-1.1674507625181141e-07,2.9767273300142143e-07,3.316804385948274e-07,9.894732747839555e-08
C3H6 <=> C2H2 + CH4,-7.975713550494228e-08,4.483512455430203e-07,5.895946389362956e-07,1.871202653891913e-07
C3H6 <=> C3H4 + H2,3.2955075472861186e-08,3.0904999464233013e-07,3.7857197889515126e-07,1.129419990848497e-07
C3H5 + H (+M) <=> C3H6 (+M),-1.0711640347085466e-06,1.072104035090725e-06,1.0740148501968406e-06,7.291140747792218e-07
C2H3 + CH3 (+M) <=> C3H6 (+M),2.750137010055225e-07,4.902380612494392e-07,5.571538482231605e-07,1.8021615303657886e-07
C2H3 + C3H5 <=> C2H2 + C3H6,1.2075782090826783e-07,3.353708847636028e-07,4.191780941936162e-07,1.3924203805912558e-07
C3H5 + CH2O <=> C3H6 + HCO,1.339357987936956e-07,3.2918923642238095e-07,4.0309311503736063e-07,1.3857785680937012e-07
2 C3H5 <=> C3H4 + C3H6,-7.390834804513106e-08,3.056187249883961e-07,4.5939086314001936e-07,1.9138865985979818e-07
C3H4 + C3H5 <=> C3H6 + H2CCCH,1.5882394410915327e-07,3.6659734776865696e-07,4.810203855907697e-07,1.9461463032845148e-07
C2H5 + C3H5 <=> C2H4 + C3H6,-2.3125919203280778e-07,2.4692714320975385e-07,2.748623523659651e-07,1.3804725567414478e-07
C3H6 + H (+M) <=> nC3H7 (+M),-5.220362872464327e-08,2.827932420800486e-07,3.366705990341294e-07,1.0519083673509657e-07
O2 + nC3H7 <=> C3H6 + HO2,-2.0705167774228213e-09,2.729181312597791e-07,3.478909998898952e-07,1.1278009752951591e-07
nC3H7 <=> C2H4 + CH3,-2.913450837798982e-08,2.5224828471711415e-07,3.240451093975919e-07,1.0784036341077535e-07
CH3 + iC3H7 <=> C3H6 + CH4,3.9203960198130183e-08,3.3101213503369906e-07,4.088168149052375e-07,1.210932886957984e-07
C3H6 + H (+M) <=> iC3H7 (+M),1.9847075791442738e-07,3.8126178799048675e-07,5.317640019714377e-07,2.0206969887300414e-07
O2 + iC3H7 <=> C3H6 + HO2,9.094132507094254e-08,3.393831369143851e-07,4.66125404906293e-07,1.9729780947051435e-07
H + iC3H7 <=> C3H8,-2.6193892085653197e-07,3.8534259977615226e-07,6.323350127113332e-07,3.0041315292630335e-07
2 iC3H7 <=> C3H6 + C3H8,2.0585137847623033e-07,2.2979590587012757e-07,2.3166612199994941e-07,1.0823286663521648e-07
C3H8 + iC3H7 <=> C3H8 + nC3H7,8.455661477104566e-08,2.5923749329501924e-07,3.337762981156713e-07,1.0754424178048435e-07
C3H5 + C3H8 <=> C3H6 + iC3H7,-3.291778849364661e-08,2.0584405500691622e-07,2.5372256633346693e-07,8.390996468564884e-08
C3H5 + C3H8 <=> C3H6 + nC3H7,-1.8615623073410043e-07,3.291236243869915e-07,4.042491086095699e-07,1.6034155153066903e-07
C3H8 + O2 <=> HO2 + iC3H7,-9.683890821470787e-08,3.7713274349455616e-07,6.130832375386582e-07,2.6247605513472677e-07
C3H8 + O2 <=> HO2 + nC3H7,-7.292289772845135e-08,2.8468771740369783e-07,4.175436302195943e-07,1.611133188563576e-07
C3H8 + CH3 <=> CH4 + iC3H7,5.739698137360687e-08,3.1376127270202523e-07,3.5239161990016276e-07,7.635541768877214e-08
C3H8 + CH3 <=> CH4 + nC3H7,5.4298874595746305e-08,3.3321656203656253e-07,4.6558421377477707e-07,1.7125909268769025e-07
C3H8 + HO2 <=> H2O2 + iC3H7,-2.7480249493596742e-08,3.907339481407771e-07,5.588440331136514e-07,2.4006540648324714e-07
C3H8 + HO2 <=> H2O2 + nC3H7,2.470336386871044e-07,3.8320875050928795e-07,5.189979594683981e-07,2.2350725143084786e-07
C3H8 + OH <=> H2O + iC3H7,-3.552609918930305e-08,2.8680243566998204e-07,4.030222123724428e-07,1.546539601526328e-07
C3H8 + OH <=> H2O + nC3H7,1.8491143077640028e-07,4.122125466664978e-07,4.6373400710455787e-07,1.6230379046875444e-07
C3H8 + O <=> OH + iC3H7,-1.289213735141992e-07,3.3672167600155595e-07,4.0247951953694556e-07,1.4190757713988204e-07
C3H8 + O <=> OH + nC3H7,-1.8752382937476032e-07,2.2924571198225998e-07,2.4357709190010644e-07,1.190476351295583e-07
C3H8 + H <=> H2 + iC3H7,-3.50998003960865e-08,3.101975172855445e-07,4.1619182825269045e-07,1.6673361041772796e-07
C3H8 + H <=> H2 + nC3H7,9.0254429148922e-08,2.1609255597441778e-07,2.876095727973003e-07,1.212489691028788e-07
C3H8 <=> H + nC3H7,-2.6029232258559767e-08,2.541073263932718e-07,3.298594451812817e-07,1.1609473496234781e-07
C3H8 (+M) <=> C2H5 + CH3 (+M),-2.57214487168067e-07,3.9299997435100696e-07,6.436915602670478e-07,3.191444727518166e-07
C2H5O2 + C3H8 <=> C2H5O2H + iC3H7,1.5449691223875702e-07,3.885499973429902e-07,5.004818775993579e-07,1.8197624237047934e-07
C2H5O2 + C3H8 <=> C2H5O2H + nC3H7,5.275216980385715e-08,3.970397000637767e-07,6.166932710014169e-07,2.7368147720186056e-07
C4H2 + OH <=> C3H2 + HCO,1.1827979713130806e-07,2.5929977550058454e-07,3.8725778906703277e-07,1.8330567519182784e-07
C4H2 + OH <=> C4H + H2O,-1.2969292431255782e-07,3.350696506963704e-07,5.494666390328636e-07,3.0261976489541386e-07
C4H2 + O <=> C3H2 + CO,-9.798425918092641e-08,4.126206488936302e-07,5.709099997912542e-07,2.2413271238388616e-07
C2H + C2H2 <=> C4H2 + H,-2.0958635089526452e-07,2.8638952717244166e-07,3.776577119638608e-07,1.8382822123679767e-07
C4H2 + M <=> C4H + H + M,1.7837183821346694e-07,4.30576494845755e-07,5.455139324735572e-07,1.909820960943455e-07
C4H2 <=> 2 C2H,2.7554418340984453e-08,3.116170945820103e-07,4.4792235400019245e-07,1.775270534034906e-07
C2H3 + H2CCCCH <=> 2 H2CCCH,1.1241110216253695e-08,4.748432044551678e-07,7.134738974694354e-07,3.213337769387753e-07
CH2 + H2CCCCH <=> C2H + C3H4,-1.790150576961698e-07,4.296686027383946e-07,6.697480641335322e-07,2.847887379965401e-07
H2 + H2CCCCH <=> C2H2 + C2H3,-5.86617899772856e-09,3.2546442663351767e-07,4.219217702429342e-07,1.441168164244955e-07
H2CCCCH + O2 <=> CH2CO + HCCO,-6.271631996091638e-08,4.759624574471687e-07,6.008256327030375e-07,2.129548557283715e-07
H2CCCCH + OH <=> C4H2 + H2O,-1.5764140617257427e-07,3.572110979593197e-07,4.497755575187358e-07,1.7875090805546623e-07
H2CCCCH + O <=> C2H + CH2CO,1.8756366609760647e-07,3.570480333109292e-07,3.6793238522017336e-07,1.08091954404035e-07
H + H2CCCCH <=> C4H2 + H2,-1.982129562310278e-07,3.1801813474581176e-07,4.029025834383678e-07,1.7535853784093345e-07
C3H2 + CH2 <=> H + H2CCCCH,1.0175114546704996e-07,1.9366104646964696e-07,2.337549937767459e-07,9.369183355708706e-08
C2H + C2H2 <=> H2CCCCH,-2.0908113096909668e-07,4.507700363551946e-07,6.266993882570474e-07,3.2268762276781783e-07
CH + H2CCCH <=> H + H2CCCCH,6.635168610197534e-09,2.4798922254471987e-07,3.224718660226104e-07,1.0768721354883247e-07
2 C2H2 <=> H + H2CCCCH,1.605968079512618e-07,3.9655934423397824e-07,6.010349253495545e-07,2.917868661681335e-07
C4H2 + H (+M) <=> H2CCCCH (+M),-7.385427524020347e-08,1.0927287004540386e-07,2.7711948687769567e-07,1.4741415014791378e-07
C2H3 + C4H4 <=> C2H4 + H2CCCCH,-4.981326522328305e-08,3.225213890292387e-07,4.031665715736909e-07,1.3099228228439137e-07
C2H + C4H4 <=> C2H2 + H2CCCCH,1.6949386484641962e-07,4.5532273138295353e-07,6.520628708143823e-07,2.3799025756131114e-07
C2H + C4H4 <=> C2H3 + C4H2,2.5177370650123967e-07,2.9034726567381834e-07,2.755055026992099e-07,1.3832212471226168e-07
C4H4 + OH <=> H2CCCCH + H2O,-4.780850199507874e-08,2.716472408434554e-07,3.985425687838436e-07,1.646664534952536e-07
C4H4 + O <=> C3H4 + CO,9.84485965476359e-09,1.9734998649058317e-07,2.5127422944179273e-07,8.341365615776589e-08
C2H2 + C2H3 <=> C4H4 + H,-1.512271160690949e-07,3.3030953434171676e-07,3.735856910898901e-07,1.1678839167512123e-07
CH2 + H2CCCH <=> C4H4 + H,-8.752963306274023e-08,3.640476016453501e-07,4.550069360337667e-07,1.4318324651745085e-07
C4H4 + H <=> H2 + H2CCCCH,-1.7165375505256396e-08,2.8955402064355993e-07,4.051433982616655e-07,1.450923862891403e-07
C4H4 + O <=> H2CCCH + HCO,-1.118942534300523e-07,3.4681772799099355e-07,4.919003651012365e-07,2.0305971100048342e-07
C4H4 + M <=> H + H2CCCCH + M,2.022761117906841e-08,3.249194623008443e-07,4.888151281788867e-07,1.9368664326523305e-07
C4H4 <=> 2 C2H2,8.218827363564651e-08,1.4572428449106165e-07,1.8387833668587977e-07,7.849386120901622e-08
C3H2 + CH3 <=> C4H4 + H,9.274717749392641e-10,3.3994211227164945e-07,4.385391389267402e-07,1.528967323203012e-07
C2H + C2H4 <=> C4H4 + H,1.6799099320236878e-07,4.884333640403259e-07,6.666527340287086e-07,3.2827506940488543e-07
C2H + i-C4H5 <=> 2 H2CCCH,8.768330816839188e-08,2.162970526628651e-07,3.4544793444526133e-07,1.5162914878221994e-07
OH + i-C4H5 <=> C4H4 + H2O,-3.900041493868901e-08,3.714098468781928e-07,5.123668432150419e-07,1.8951471534341917e-07
H + i-C4H5 <=> CH3 + H2CCCH,-2.573488827154084e-07,5.147777637111227e-07,6.871087708675003e-07,2.7658743557875197e-07
H + i-C4H5 <=> C4H4 + H2,-2.2551182660464562e-07,4.072504653525719e-07,5.490596149821556e-07,1.921970313283117e-07
O2 + i-C4H5 <=> CH2CHO + CH2CO,8.39568844240063e-09,3.696922448357626e-07,4.858426892279457e-07,1.729122962518434e-07
O2 + i-C4H5 <=> C4H4 + HO2,1.218075297410887e-07,2.6197093489583307e-07,3.86123039866912e-07,1.875575949429839e-07
i-C4H5 (+M) <=> C4H4 + H (+M),8.856944908119141e-08,4.596423863834864e-07,7.232782733925642e-07,3.3704920766345645e-07
i-C4H5 + M <=> C2H2 + C2H3 + M,-3.6948556477226367e-07,5.969367459772334e-07,1.0122011906195757e-06,5.790683919490356e-07
2 C2H3 <=> H + i-C4H5,-1.8098753691909442e-07,4.5561880546066957e-07,5.702357655494197e-07,1.9608888078868894e-07
C4H6 + H2CCCH <=> C3H4 + i-C4H5,8.186653474215057e-08,2.348803598057106e-07,2.783466055999913e-07,9.45583846242975e-08
C2H3 + C4H6 <=> C2H4 + i-C4H5,-1.5619573886783172e-07,1.8824584567967517e-07,1.9361353627384322e-07,8.864617250595738e-08
C4H6 + CH3 <=> CH4 + i-C4H5,-9.008710702035229e-08,2.812775122609247e-07,3.960780539863958e-07,1.8509866105033498e-07
C4H6 + OH <=> C2H3 + CH3CHO,3.6541727654361764e-08,2.479339418483592e-07,3.174077499397944e-07,9.595120399899307e-08
C4H6 + OH <=> C2H5 + CH2CO,6.605350763509271e-09,3.397164032358546e-07,5.82996546737025e-07,2.42027561949723e-07
C4H6 + OH <=> H2O + i-C4H5,-2.291559501392286e-07,2.897146425359218e-07,2.8786420127778126e-07,1.4383598110508863e-07
C4H6 + H <=> H2 + i-C4H5,5.922100704080568e-08,5.548110786894692e-07,7.558593651598317e-07,2.8861245372818453e-07
C4H6 + H <=> C3H4 + CH3,2.0998708861756422e-07,3.5676288793606094e-07,5.304435836365259e-07,2.2310923948953667e-07
C4H6 + O <=> C3H5 + CO + H,1.8953533720202113e-07,5.23630404391628e-07,7.577573111438687e-07,3.677744561267703e-07
C4H6 + O <=> OH + i-C4H5,4.5570288967845425e-08,2.866642292614732e-07,4.0778938391041114e-07,1.4938604994828e-07
C4H6 + O2 <=> HO2 + i-C4H5,-2.923753635538431e-08,3.384754212214243e-07,5.186635299888568e-07,2.129517122380828e-07
C4H6 <=> C2H2 + C2H4,2.3255463807441972e-07,5.981299854467323e-07,8.806093039983702e-07,4.456848308774678e-07
C4H6 <=> C4H4 + H2,1.9925936278913217e-07,3.3498359865411307e-07,5.080636511732709e-07,2.568824142182481e-07
C4H6 <=> H + i-C4H5,-8.958261993180878e-09,2.975696683316254e-07,3.74978500580914e-07,1.3148005087587353e-07
CH3 + H2CCCH (+M) <=> C4H6 (+M),-2.3392147326722824e-07,4.303333802517734e-07,4.448956759987509e-07,1.363152285294357e-07
C2H3 + C2H4 <=> C4H6 + H,-7.067002808443069e-08,3.69120405085707e-07,5.40165101337282e-07,2.3102332046443466e-07
2 C2H3 <=> C4H6,1.850518741656635e-06,1.901972075661524e-06,3.904581210028508e-06,2.334694947190854e-06
C3H5 + nC4H7 <=> C3H6 + C4H6,7.988670868524238e-08,3.043501183075199e-07,4.033886953094372e-07,1.7636142791532232e-07
C2H5 + nC4H7 <=> C2H6 + C4H6,6.419912533759136e-08,3.047997404076194e-07,5.22093997869519e-07,2.09586715706639e-07
C2H3 + nC4H7 <=> C2H4 + C4H6,-1.2386692485553885e-07,5.267440676121715e-07,6.735848988404554e-07,2.0852018660171135e-07
CH3 + nC4H7 <=> C4H6 + CH4,-4.5816259944393215e-08,3.044964574777912e-07,4.5158536695922835e-07,1.9968629167051393e-07
H + nC4H7 <=> C4H6 + H2,-1.6482819404826334e-07,3.27110418000058e-07,4.3576192090947924e-07,1.9460261649929593e-07
O2 + nC4H7 <=> C4H6 + HO2,-1.1190103812893178e-07,2.2196008855478994e-07,3.1461224577015176e-07,1.535752874864897e-07
nC4H7 + M <=> C3H4 + CH3 + M,-2.6421605346546202e-08,2.4073019834517767e-07,3.031753634848498e-07,1.0139784394165373e-07
nC4H7 + M <=> C2H3 + C2H4 + M,-8.670602296892783e-08,5.062924187852925e-07,6.733357292088765e-07,2.7032531333355067e-07
nC4H7 + M <=> C4H6 + H + M,5.730653774292963e-08,2.8310174998708633e-07,3.945975823074731e-07,1.6406903412810037e-07
C2H5 + nC4H7 <=> C2H4 + C4H8,-1.1111666506906906e-07,3.630758444361007e-07,5.607219834798387e-07,2.40519785655428e-07
C4H8 <=> H + nC4H7,1.8112967622263517e-07,3.551497698582929e-07,5.474792078117742e-07,2.5144891829364185e-07
C4H8 <=> C3H5 + CH3,-2.800105609345691e-07,3.386345114996908e-07,3.974384951168746e-07,2.0146459016092856e-07
C2H3 + C2H5 => C4H8,-7.495818720709076e-08,2.5926991959063035e-07,2.943313497268386e-07,8.572344697528652e-08
C3H5 + C4H8 <=> C3H6 + nC4H7,-7.302408035698636e-08,3.0869503125193426e-07,4.1514412774690395e-07,1.6360963962866664e-07
C4H8 + H <=> H2 + nC4H7,-1.582035520600146e-08,4.0499758354477507e-07,5.161618579739737e-07,1.5277634835587503e-07
C4H8 + HO2 <=> H2O2 + nC4H7,5.044554733542103e-08,2.3893733819861713e-07,3.138922917164577e-07,1.2424318118427634e-07
C2H5 + C4H8 <=> C2H6 + nC4H7,-3.562554647753084e-08,2.649842026416045e-07,3.24982321740292e-07,9.700004850086035e-08
C4H8 + CH3 <=> CH4 + nC4H7,-1.6434607214462786e-07,2.9788511928330494e-07,6.128172746886718e-07,3.1443760771959425e-07
C4H8 + OH <=> H2O + nC4H7,-2.5179667757849257e-07,3.2710672091706387e-07,3.849015353606807e-07,1.8503399677648122e-07
C4H8 + O <=> OH + nC4H7,-1.0747939012775804e-07,3.012950219563086e-07,3.7832295502446135e-07,1.3133823393200907e-07
C4H8 + OH <=> CH2O + nC3H7,-8.078061841975303e-08,2.4272169724927074e-07,2.610406617081264e-07,5.361439620868208e-08
C4H8 + OH <=> C2H5 + CH3CHO,3.6042035040082056e-08,4.693152909464081e-07,5.531386105108061e-07,1.449198282128379e-07
C4H8 + O <=> C2H4 + CH3CHO,-1.1503792697182374e-07,2.581862658519816e-07,3.865389429784569e-07,1.8973256027125152e-07
C4H8 + O => C2H5 + CH3 + CO,8.39589481700015e-08,2.369801119565736e-07,2.9645762340904e-07,1.0664673728007917e-07
C4H8 + O <=> C3H6 + CH2O,-1.6527256056113918e-07,3.8552257173808935e-07,4.5437553744931687e-07,1.6069713090935077e-07
C4H8 + OH => C2H6 + CH3 + CO,2.5719810107506014e-07,4.635174763996471e-07,7.020116322520674e-07,3.2345282344022713e-07
C4H8 + O <=> HCO + nC3H7,-2.962098649340537e-09,2.973877896597813e-07,3.712812876574599e-07,1.1341378367182347e-07
C2H3 + H2CCCH <=> C5H5 + H,-1.7953086309529092e-07,3.9803833466730857e-07,6.480879963587741e-07,3.2772893307435264e-07
C5H5 <=> C2H2 + H2CCCH,2.0453586451937347e-08,2.192938524316733e-07,3.126312268908648e-07,1.2495001315273196e-07
C5H5 + O2 <=> C2H2 + CH2CO + HCO,2.985331690519797e-07,4.4134415544735674e-07,5.114757993177005e-07,2.062084850786317e-07
C5H6 + O2 <=> C5H5 + HO2,-3.591079273473412e-08,3.8357957577013743e-07,5.015357123377998e-07,1.827962330605422e-07
C5H5 + O <=> CO + i-C4H5,2.682008719135425e-08,4.5470586953461593e-07,5.839239253094076e-07,1.7792212102700374e-07
C5H6 + H <=> C5H5 + H2,-2.021829505445528e-07,5.611901391758231e-07,8.998428918942894e-07,3.762587809886495e-07
C5H6 + H <=> C2H2 + C3H5,1.1475163178870495e-07,3.0428537012873685e-07,4.1044608512903675e-07,1.748493760582935e-07
C5H5 + H <=> C5H6,7.487887907244424e-09,4.710170704137919e-07,6.431972402269927e-07,2.45707635551633e-07
C5H5 + OH <=> 2 C2H2 + CH2O,-2.146180457911187e-07,2.665208591563658e-07,3.7639510102153764e-07,1.8522563164773965e-07
C5H6 + OH <=> C5H5 + H2O,-3.865585957042101e-09,2.395537318350007e-07,2.79212126666684e-07,6.961908753423062e-08
C5H6 + HO2 <=> C5H5 + H2O2,-3.964827095548373e-08,3.6492206703989276e-07,5.346974120078081e-07,1.973710672793668e-07
C2H3 + C5H6 <=> C2H4 + C5H5,-3.581714151856665e-07,4.677831305028253e-07,4.920200224325738e-07,1.9831982180709413e-07
C6H5O <=> C5H5 + CO,1.167114890792256e-07,2.009655002787918e-07,2.6959907282958693e-07,1.0318625722311892e-07
C6H5O + O <=> C5H5 + CO2,-1.7189568438051278e-07,3.96342188347826e-07,5.003383823001199e-07,1.9027008233988407e-07
C6H5O + H <=> C5H6 + CO,-2.6666777479449965e-08,2.663829164068465e-07,3.481205922796467e-07,1.2011085197452186e-07
C6H5O + H <=> C6H5OH,-1.8894418540123478e-07,2.9757885628589906e-07,3.849787357555386e-07,1.9667345085547836e-07
C6H5OH <=> C5H6 + CO,5.221113712747778e-08,2.534402994958618e-07,4.1652695968861303e-07,1.8391453489408795e-07
C6H5OH + O <=> C6H5O + OH,-3.2004885755167986e-07,3.925471099023243e-07,4.034751577989168e-07,2.0958951025351874e-07
C6H5OH + H <=> C6H5O + H2,2.6419048066236043e-08,2.848928558406012e-07,4.2762050246619246e-07,1.841716798628349e-07
C6H5OH + OH <=> C6H5O + H2O,-6.967896395226956e-09,3.1867024195696253e-07,4.1849851321595904e-07,1.4555863945405919e-07
C2H3 + C6H5OH <=> C2H4 + C6H5O,-1.6187105304115515e-07,3.451283223584335e-07,4.204695170299315e-07,1.86519450012886e-07
2 H2CCCH <=> A1,-3.082069916854846e-08,3.376550495597474e-07,4.38925885513207e-07,1.6839578813920832e-07
2 H2CCCH <=> A1- + H,-1.0497537018337762e-08,2.1960168394949143e-07,2.713850355937097e-07,7.951150227163145e-08
C2H3 + H2CCCCH <=> A1,1.2300017195636735e-08,2.1896698157561258e-07,2.9421843364960553e-07,1.0027542269811921e-07
C2H3 + H2CCCCH <=> A1- + H,-7.558473578493727e-08,4.3076340897382166e-07,5.188930706537617e-07,1.4716009484823494e-07
C3H4 + H2CCCH <=> A1 + H,-4.22094076985337e-07,5.284599675702273e-07,6.696107603699998e-07,3.736801057905712e-07
C2H3 + C4H4 <=> A1 + H,1.0142606082835977e-07,3.9377485052778324e-07,4.825602492716546e-07,1.4862657095037097e-07
C2H2 + H2CCCCH <=> A1-,-1.2477641158161582e-07,2.4621751493770944e-07,3.222710429279865e-07,1.3277610251898e-07
C2H2 + C4H4 <=> A1- + H,-1.5475604453105695e-07,4.4997762196397274e-07,8.025342885307713e-07,3.9707421369859024e-07
C2H2 + i-C4H5 <=> A1 + H,9.246892048722229e-08,2.849836092021571e-07,3.715383564750426e-07,1.6165115976441443e-07
C2H3 + i-C4H5 <=> A1 + H2,3.2911023742213483e-07,5.757393950223328e-07,6.526481127088977e-07,2.570055510174195e-07
C2H + i-C4H5 <=> A1,5.2874913393994395e-08,2.912111801257651e-07,4.517215092531842e-07,2.246571494382508e-07
C2H + i-C4H5 <=> A1- + H,-1.349991920997483e-07,4.052589835154266e-07,5.049969522516546e-07,2.0715636982614596e-07
C5H5 + CH3 <=> A1 + 2 H,-2.766528146868775e-07,4.6195493659929073e-07,5.754881899672301e-07,2.2309002194191558e-07
C2H3 + C5H6 <=> A1 + CH3,-2.9368231120212848e-08,3.669348401334277e-07,4.7479010590814176e-07,1.6649214906941474e-07
A1 <=> A1- + H,-2.666950517759392e-08,3.2665035049409986e-07,4.2688475265979097e-07,1.49058432568484e-07
A1 + O2 <=> A1- + HO2,1.9923681723640073e-07,3.299030519388237e-07,3.766807615785056e-07,1.4567525560743105e-07
A1 + O <=> A1- + OH,-1.7493965736695921e-07,2.4305964571136875e-07,2.7286858152064476e-07,1.2346640726864502e-07
A1 + O <=> C6H5OH,9.28029649719317e-08,4.164087794336735e-07,5.206891407442704e-07,1.804967182297024e-07
A1 + O <=> C6H5O + H,-1.0260713874486394e-07,2.5292671667017313e-07,3.4457949398087225e-07,1.3665058359590154e-07
A1 + H <=> A1- + H2,5.14887025707462e-08,3.582316647414402e-07,5.386086474464071e-07,2.4374137982473534e-07
A1 + OH <=> C6H5OH + H,-1.4161792062418307e-08,5.506737231371342e-07,8.126082027340495e-07,3.4905708908755844e-07
A1 + OH <=> A1- + H2O,2.875402158581458e-07,4.61295505008375e-07,7.103283400712428e-07,3.190530634055606e-07
A1- + O2 <=> C6H5O + O,1.1024974470730733e-07,2.9071960236386575e-07,3.2426834634219677e-07,8.115440857746013e-08
A1- + O <=> C5H5 + CO,-1.1510936423831574e-08,2.817655263118888e-07,3.3954569315405315e-07,9.568980051475895e-08
A1- + OH <=> C6H5O + H,-1.7163050884718928e-07,3.335754438866588e-07,5.01529293531087e-07,2.341849595827759e-07
A1- + C6H5OH <=> A1 + C6H5O,-6.477993493003139e-08,4.3576376064175685e-07,5.782436291668563e-07,2.17951492305668e-07
C3H4 + i-C4H5 <=> C7H8 + H,1.2712903332546168e-07,4.102797566920125e-07,5.029129265584155e-07,1.8235391928703227e-07
H2CCCH + i-C4H5 <=> C7H7 + H,-8.631870374168468e-08,3.9041680936353875e-07,4.84758229662621e-07,1.4989678842226285e-07
A1 + CH2 <=> C7H8,1.710428806024272e-07,3.195575668012798e-07,4.143274433838143e-07,1.7727494606177223e-07
A1 + CH2(S) <=> C7H8,-1.4507058894746477e-07,3.012429291303675e-07,4.970094608633483e-07,2.3783162967917806e-07
C7H8 <=> A1- + CH3,5.14804495273493e-08,5.004222483407308e-07,6.752550250303078e-07,2.389074405845983e-07
H2CCCH + i-C4H5 <=> C7H8,7.437616844352435e-08,4.3576704800552337e-07,4.975977823456007e-07,1.1116713820537419e-07
C7H8 + O2 <=> C7H7 + HO2,2.951779888669494e-07,4.937377183232254e-07,5.165366596618262e-07,1.7894116461195462e-07
C7H8 + O <=> C7H7 + OH,9.961506907727909e-08,2.510793697741766e-07,2.9832793211998895e-07,1.0656338867062358e-07
C7H8 + H <=> A1 + CH3,1.335436792209996e-08,3.5491229366009436e-07,4.96592555122036e-07,1.7339007106909334e-07
C7H8 + H <=> C7H7 + H2,3.1361954354414762e-09,3.0489293376800586e-07,3.596582775056003e-07,9.296028420028171e-08
C7H8 + OH <=> C7H7 + H2O,1.6084402054774968e-07,2.9141043481217937e-07,4.444325075541174e-07,2.3195161346257362e-07
C7H8 + HO2 <=> C7H7 + H2O2,4.93979703496687e-07,5.950228141389727e-07,7.241087365527824e-07,3.324068463221043e-07
C7H8 + CH3 <=> C7H7 + CH4,2.7108685202409213e-08,1.6499768401847678e-07,2.3472216269039068e-07,9.147566997700435e-08
C2H3 + C7H8 <=> C2H4 + C7H7,-1.8451797234681736e-07,2.890406852071162e-07,3.351207232410801e-07,1.422282649339013e-07
C7H8 + H2CCCH <=> C3H4 + C7H7,-6.561909277095608e-08,4.335919884923362e-07,5.459196823175213e-07,1.744374332023872e-07
C3H5 + C7H8 <=> C3H6 + C7H7,-4.3029410640538014e-08,2.4374500357714175e-07,3.382264962985155e-07,1.44396172282424e-07
C5H5 + C7H8 <=> C5H6 + C7H7,-4.7971820303508233e-08,2.0495674615263365e-07,2.558646284177289e-07,8.809730824381555e-08
A1- + C7H8 <=> A1 + C7H7,2.441022129338732e-08,3.628095613727137e-07,5.143916928618798e-07,1.8428622490888028e-07
C6H5O + C7H8 <=> C6H5OH + C7H7,-2.2202710967814207e-07,2.824937467674307e-07,3.385565565954687e-07,1.5392406985896987e-07
C7H8 + HCO <=> C7H7 + CH2O,-1.1969087831782833e-07,1.7854260610018842e-07,2.0058191756712544e-07,9.227667515805725e-08
C7H8 + i-C4H5 <=> C4H6 + C7H7,-5.11387125893112e-08,2.978374035539504e-07,4.6479943238560967e-07,1.907155673658317e-07
C7H7 + H2CCCH <=> C3H2 + C7H8,1.2448019439481614e-07,2.1834768169789355e-07,2.2835454264593752e-07,7.208315231993176e-08
C7H7 + HO2 <=> A1- + CH2O + OH,-6.113235001663552e-08,3.6484249164495245e-07,6.006448465374484e-07,2.662328563432345e-07
C7H7 + O2 <=> A1- + HCO + OH,9.149082265447848e-09,2.347166301048385e-07,3.3414998152168224e-07,1.3170724067081735e-07
C7H7 + HO2 <=> A1 + HCO + OH,-2.126444717654615e-07,4.165682492738233e-07,6.75137064164093e-07,3.20414631795722e-07
C7H7 + OH <=> A1- + CH2OH,1.479043337220816e-07,5.060888717291638e-07,6.416571461481049e-07,2.0852966656913698e-07
A1- + CH3 <=> C7H7 + H,-1.150999124739527e-08,3.6553937915874377e-07,4.800396769812793e-07,1.654434326457436e-07
C7H7 <=> C4H4 + H2CCCH,6.33691851308711e-08,2.482316557799499e-07,4.3730289242994263e-07,1.9102251067580656e-07
C7H7 <=> C2H2 + C5H5,3.892930939965818e-09,2.0402593672661092e-07,2.4493954838478846e-07,6.516033661037778e-08
C7H7 + O <=> A1 + HCO,-2.7411309460951666e-07,2.923129527610892e-07,2.388122566476472e-07,1.1849383249023087e-07
C7H7 + O <=> A1- + CH2O,-2.1082891712945374e-07,4.1984231938058157e-07,5.69518632294412e-07,2.26045461832234e-07
C7H7 + H <=> C7H8,9.533567678261541e-08,3.619484870112126e-07,4.150340000650878e-07,1.0435711613343427e-07
C7H7 + H + OH <=> A1 + CH2OH,-1.3663773282907307e-08,2.829275000756087e-07,4.308578906015079e-07,1.8438026926448682e-07
C4H2 + i-C4H5 <=> A1C2H + H,7.565092178936115e-08,6.386123511429555e-07,8.191431617760919e-07,2.7851092443734597e-07
A1C2H- + H (+M) <=> A1C2H (+M),2.6466457510334238e-08,4.5768911265069174e-07,6.150084318494652e-07,2.2873112589530593e-07
C4H2 + H2CCCCH <=> A1C2H-,1.3584627045430963e-07,3.0701664212317077e-07,3.861048768381181e-07,1.432188398124016e-07
A1- + C4H2 <=> A1C2H + C2H,2.138286721229916e-07,3.527681099152413e-07,3.7639123087086614e-07,1.2184842530785585e-07
A1- + C2H3 <=> A1C2H + H2,1.370272459877851e-07,2.5764829495054216e-07,3.1512730476036094e-07,1.1514462328291387e-07
A1- + C4H4 <=> A1C2H + C2H3,2.163931055392285e-07,2.739403909835163e-07,2.440572835860813e-07,1.0139906630489836e-07
A1 + C2H <=> A1C2H + H,-1.105128434620944e-07,4.600444111868652e-07,6.899809686865851e-07,3.2780538950202094e-07
A1- + C2H <=> A1C2H,7.529129538457741e-08,3.4195045850533724e-07,4.993084523134993e-07,1.815800188961821e-07
A1C2H + O <=> A1C2H- + OH,-1.0631190314812741e-07,3.380820977719804e-07,4.2632156881688217e-07,1.4782104692713134e-07
A1C2H + O <=> A1- + HCCO,-1.1231863867423567e-07,4.010747555568718e-07,5.883205705050457e-07,2.2235868709862692e-07
A1C2H + O <=> C2H + C6H5O,-1.2604892697879413e-07,2.0261459934183237e-07,2.336265001443485e-07,9.49103754907113e-08
A1C2H + H <=> A1C2H- + H2,1.4884474457578643e-07,5.479329063732826e-07,7.657307916884052e-07,3.306643269058177e-07
A1C2H + H <=> A1- + C2H2,9.232420230208781e-09,3.9287104028909866e-07,4.95239189389199e-07,1.6958917409900083e-07
A1C2H + H <=> n-C8H7,-1.4955224269800284e-07,4.2143717675328765e-07,5.926178480622442e-07,2.4379582921352627e-07
A1C2H + OH <=> A1C2H- + H2O,-2.50862213270516e-07,2.598073472684174e-07,3.014331845068609e-07,1.7779823225728656e-07
A1C2H + OH <=> A1- + CH2CO,-1.42201572715385e-07,3.2416642711730626e-07,4.1387952726633154e-07,1.49497108920632e-07
A1C2H + OH <=> A1 + HCCO,-2.449685062548633e-07,3.527270715180089e-07,3.959851433162636e-07,1.4645188501179112e-07
A1C2H + C2H <=> A1C2H- + C2H2,1.7561885454964286e-07,3.7788818123455096e-07,5.39919682906924e-07,2.556710263781476e-07
2 C4H4 <=> A1C2H3,1.6340945528571159e-07,3.9121739438788206e-07,4.583337979106224e-07,1.4986574929097516e-07
C4H4 + i-C4H5 <=> A1C2H3 + H,-3.6243056675574255e-08,3.6834024241250855e-07,4.724481420812242e-07,1.69250900116103e-07
C5H5 + H2CCCH <=> A1C2H3* + H,-6.217076799089662e-08,3.588424947602711e-07,4.751875813079867e-07,1.7949924572493688e-07
A1 + C2H3 <=> A1C2H3 + H,-8.301292872877446e-08,2.7510566752662303e-07,3.4727913891085817e-07,1.2223211115981827e-07
A1- + C2H3 <=> A1C2H3,-2.419972263594482e-07,4.352465247123814e-07,5.429095851737346e-07,2.2398139341153246e-07
A1- + C2H4 <=> A1C2H3 + H,7.090338620126502e-09,4.4647537889363906e-07,6.648360470335811e-07,2.690215202088356e-07
A1- + C4H4 <=> A1C2H3 + C2H,-2.1962677088334819e-07,2.6011517081153907e-07,3.372392072882307e-07,1.7266007144073216e-07
A1- + C4H6 <=> A1C2H3 + C2H3,2.289137135876881e-07,3.817855542772414e-07,4.833948748970978e-07,1.965932796451134e-07
C7H7 + CH2 <=> A1C2H3 + H,-1.0402231969150349e-07,2.345260929968386e-07,4.0056941553314423e-07,2.115881039489787e-07
A1C2H3 + H <=> H2 + n-C8H7,-2.847153141497176e-08,4.993207930192215e-07,7.576911574311675e-07,3.2626695350121447e-07
A1C2H3 + H <=> A1C2H3* + H2,-3.1093854240554e-08,3.009066462587444e-07,3.701801160461394e-07,1.1651550425789286e-07
A1C2H3 + O <=> A1- + CH2CHO,8.66761257104979e-08,2.571685148650457e-07,3.463578592438005e-07,1.4564132651203601e-07
A1C2H3 + O <=> A1- + CH3 + CO,1.0659622727821197e-07,5.087091302692182e-07,6.683895992386742e-07,2.5916051985467194e-07
A1C2H3 + O <=> C2H3 + C6H5O,-1.727700320747581e-07,3.4439615605623263e-07,4.56435773902855e-07,1.94537111800001e-07
A1C2H3 + O <=> OH + n-C8H7,1.4205479277726763e-07,2.2795018555416374e-07,2.7720345163344617e-07,1.1156106591461804e-07
A1C2H3 + OH <=> H2O + n-C8H7,-1.8121595277206324e-08,3.042620910161088e-07,3.419363004998958e-07,7.547686370047146e-08
A1C2H3 + OH => C2H4 + C6H5O,-2.451890138466743e-07,4.669413446867519e-07,6.948726812120813e-07,3.375659176576006e-07
A1C2H3 + OH <=> A1C2H3* + H2O,1.8502716821315098e-07,3.355704483428159e-07,6.908269970456173e-07,3.360908799309048e-07
A1C2H3 + OH <=> C7H7 + CH2O,-2.0972309484765078e-07,3.845956536253992e-07,5.063477442615966e-07,2.1306072393402257e-07
A1C2H3 + O2 <=> C6H5O + CH2CHO,2.053160776236612e-08,2.996894924927024e-07,4.208705589229114e-07,1.7271797441975587e-07
A1C2H3* + O2 <=> C6H5O + CH2CO,-2.2078013422693262e-08,3.4543315034212167e-07,5.1334422016376e-07,1.8295490476867664e-07
A1C2H3* + H (+M) <=> A1C2H3 (+M),1.5771269523368438e-07,2.5402362519209136e-07,4.2585875009486536e-07,1.9733191138132516e-07
C5H5 + H2CCCH <=> H + n-C8H7,-1.5017677815689517e-07,3.2629045610963725e-07,3.9322577405721883e-07,1.5759692176371242e-07
A1 + C2H <=> n-C8H7,-1.6950555614027754e-07,5.122607640347726e-07,7.155558679476047e-07,2.521727443737122e-07
A1- + C2H2 <=> n-C8H7,5.527796371236801e-08,1.8457688718796263e-07,2.8201828461336006e-07,1.3111723785488884e-07
A1- + C2H3 <=> H + n-C8H7,5.1086648849905494e-08,3.636643545161073e-07,5.319935847598347e-07,2.3087168936061812e-07
H + n-C8H7 <=> A1C2H3,9.61086592503277e-08,3.8725185898441e-07,4.691664839454774e-07,1.3060683313849412e-07
H + n-C8H7 <=> A1C2H + H2,1.076575999326011e-07,3.6643142816324863e-07,4.628181103108455e-07,1.7455334948266178e-07
OH + n-C8H7 <=> A1C2H + H2O,8.39973057923589e-08,4.4794982163192514e-07,6.679529636337449e-07,2.982658937262357e-07
C4H4 + C5H5 <=> H + INDENE,1.2450359835788747e-07,3.277463198981327e-07,4.2941529836966046e-07,1.5480346609221458e-07
A1- + H2CCCH <=> INDENE,5.531265968679354e-08,3.701637382136063e-07,5.199283387637164e-07,1.9935868466022703e-07
A1- + C4H6 <=> CH3 + INDENE,-1.8626083748560435e-08,3.483085250474337e-07,4.2909119065169107e-07,1.3094560320209436e-07
A1 + i-C4H5 <=> CH3 + INDENE,4.638437016545597e-08,1.7796530256534473e-07,2.324097769357494e-07,8.686071918606667e-08
A1- + C3H4 <=> H + INDENE,-4.334909262318961e-08,3.22653432291999e-07,4.3640554723783766e-07,1.6634306767724459e-07
C2H + C4H2 <=> C6H2 + H,-2.3953015263715253e-07,3.5987741922669373e-07,4.6507716180950484e-07,1.9748395133511014e-07
C2H2 + C4H <=> C6H2 + H,-2.2535356125143733e-07,2.9916414869503024e-07,3.8858314089105617e-07,2.177925227260927e-07
2 C3H2 => C6H2 + H2,2.7268732227346407e-08,1.9610108700906861e-07,2.547201519190838e-07,8.643286475036294e-08
C2H2 + C6H <=> C8H2 + H,-1.3363505283845136e-07,5.166281247742888e-07,6.748974748974603e-07,2.452590099230456e-07
C2H + C6H2 <=> C8H2 + H,4.1907139453672664e-07,5.543697509278823e-07,6.848478473972083e-07,3.4189454009242803e-07
C2H + C6H <=> C8H2,-8.298020587764486e-08,3.5609311795797837e-07,4.5835912226778584e-07,1.7737483127693677e-07
C2H + C4H2 <=> C2H2 + C4H,-1.7211041023640608e-07,4.775034155137836e-07,5.336179769250316e-07,1.6398337326700985e-07
C6H2 + H <=> C6H + H2,4.21548640588911e-08,3.913784414193767e-07,5.996729301105306e-07,2.6352381893278503e-07
C6H2 + OH <=> C6H + H2O,2.2728023456406933e-08,4.493464519564113e-07,5.602515343144503e-07,1.800666639068732e-07
C6H2 + M <=> C6H + H + M,9.312689255220168e-09,2.6317888368384054e-07,4.432594406212535e-07,2.1499030241660615e-07
2 C4H2 <=> C8H2 + H2,8.330928327272455e-08,4.386441347195847e-07,6.268085443649646e-07,2.692594189849878e-07
C8H2 + M <=> C8H + H + M,2.9672247087548186e-08,3.475506284287643e-07,4.109257028553641e-07,1.1038301258319454e-07
C8H2 + H <=> C8H + H2,-1.6860071574155925e-07,3.654935398516474e-07,5.847187132969955e-07,2.916741438980634e-07
C8H2 + OH <=> C8H + H2O,-1.2173033298195093e-07,3.8317412545556554e-07,4.5096835188506115e-07,1.5213284130247865e-07
A1 + CH3 <=> A1- + CH4,-6.865337150067548e-08,2.8192754917842277e-07,3.508611598583922e-07,1.1515058095595701e-07
A1 + C2H <=> A1- + C2H2,1.5907534833311586e-08,3.2528335579022325e-07,4.2217939222858545e-07,1.220730940731822e-07
A1 + C4H <=> A1- + C4H2,1.3420251136268762e-07,3.708870233708493e-07,5.217540831306648e-07,2.151604388216541e-07
A1 + C6H <=> A1- + C6H2,-1.11606482912894e-07,4.295859775099855e-07,5.388971835997718e-07,1.792377580010866e-07
A1 + C8H <=> A1- + C8H2,1.1633880144926052e-07,4.429853883444689e-07,6.304242823654495e-07,2.711716418545396e-07
INDENE + O2 <=> HO2 + INDENYL,-2.6652260972423274e-08,2.0263171018059499e-07,2.9416340956336385e-07,1.356690420833506e-07
HO2 + INDENE <=> H2O2 + INDENYL,-1.7733775245532346e-07,3.4752435230517214e-07,4.130412929233059e-07,1.6111790728439976e-07
INDENE <=> H + INDENYL,3.058959578384359e-08,3.578432578283292e-07,5.022560948864893e-07,2.1088285107298744e-07
INDENE + O <=> INDENYL + OH,1.5614598490622887e-07,3.1233935655748516e-07,3.81779161209685e-07,1.512477993030507e-07
INDENE + O <=> C7H7 + HCCO,-1.743214608466557e-08,4.5026349564207976e-07,7.054643964758071e-07,2.9115315279546697e-07
H + INDENE <=> H2 + INDENYL,-4.662512165652558e-09,4.110893210319415e-07,6.341226441504447e-07,2.932696492742602e-07
C2H2 + C7H7 <=> H + INDENE,-2.5842624758811426e-07,4.321518784094166e-07,6.330314635082693e-07,3.147546249721304e-07
H + INDENE <=> A1C2H + CH3,4.046240291882795e-09,4.2685364139456686e-07,6.009240327196162e-07,2.218503011815178e-07
H + INDENE <=> A1 + H2CCCH,-2.532918649967154e-07,3.773653848992181e-07,5.421946772839975e-07,2.6181355537416623e-07
INDENE + OH <=> C7H7 + CH2CO,-1.5251434864942975e-07,4.14145962456318e-07,4.892210588694285e-07,1.7627487240945866e-07
INDENE + OH <=> H2O + INDENYL,-2.783723904439321e-07,4.1448338519921795e-07,5.160633189626723e-07,2.197669935346936e-07
CH3 + INDENE <=> CH4 + INDENYL,1.1444319131641267e-07,4.026413313806881e-07,5.617349258714316e-07,2.161291163859361e-07
H2CCCH + INDENE <=> C3H4 + INDENYL,-3.310745984308572e-07,6.07684923597119e-07,6.768917458783081e-07,2.5853173181884645e-07
A1- + INDENE <=> A1 + INDENYL,6.56866490214571e-08,4.097311182240471e-07,5.280843003677492e-07,1.8723106676218054e-07
C7H7 + INDENE <=> C7H8 + INDENYL,-7.847095786035585e-08,3.3868572960012934e-07,4.3986136150308107e-07,1.6957042950372758e-07
C4H2 + C5H5 <=> INDENYL,-7.035396490571978e-08,3.4898854183705766e-07,5.375817587951915e-07,2.6714995946847144e-07
INDENYL => C2H2 + C4H2 + H2CCCH,1.2048110614363677e-07,3.459766671715632e-07,4.388709803403514e-07,1.5555882151797304e-07
INDENYL + O <=> CO + n-C8H7,1.745333963003842e-07,2.4289189478730555e-07,3.071849821506629e-07,1.5590705577127129e-07
INDENYL + O <=> A1C2H3* + CO,-1.7247696973869668e-07,2.56663386320331e-07,3.737548842875721e-07,1.923114037044096e-07
HO2 + INDENYL => CO + OH + n-C8H7,-2.1302155498170598e-07,2.4169980910248034e-07,2.7482104381442577e-07,1.425365899040938e-07
HO2 + INDENYL => A1C2H + CO + H2O,2.821593539482329e-08,4.388771366607369e-07,5.235745505715412e-07,1.4729451443077796e-07
HO2 + INDENYL => A1C2H3* + CO + OH,6.745000953845259e-08,3.2997674871739233e-07,4.171871350404568e-07,1.4762993829638328e-07
A1 + A1- <=> H + P2,1.2303478317204155e-07,2.8651330665270307e-07,3.6629445401548746e-07,1.3173771762064575e-07
H2CCCH + INDENYL => P2,-2.1788210089071692e-08,3.9507595035730257e-07,5.456643706620449e-07,1.9248856107631422e-07
H2CCCH + INDENE => H + P2,5.013310184402592e-08,3.2779443951772026e-07,4.472458630959313e-07,1.7079403126775362e-07
2 A1- <=> P2,-6.158493913159207e-08,2.3649721770459122e-07,3.353989724617733e-07,1.4126077633696733e-07
2 A1- <=> H + P2-,-2.079984050071963e-07,3.834729074579223e-07,5.044180118762792e-07,2.2434870305547936e-07
P2 <=> H + P2-,2.9801068546485513e-08,2.917470001255264e-07,3.623394893859426e-07,1.2224089238217298e-07
P2 <=> C3H2 + INDENE,-4.153378240035279e-08,2.3299317148194162e-07,3.1325368538334943e-07,1.0954451184784102e-07
O2 + P2- <=> A2 + CO + HCO,1.1707335705857903e-07,2.918228556363141e-07,3.1953512792170035e-07,8.887612129177445e-08
H + P2 <=> H2 + P2-,-2.620175598508072e-07,3.116649635380216e-07,3.9962186968651314e-07,2.152455515724326e-07
OH + P2 <=> H2O + P2-,4.724190821384868e-08,3.867137583096031e-07,5.228488372038175e-07,1.8433928619019717e-07
A1 + i-C4H5 => A2 + H + H2,-1.879730441630885e-07,2.781602739263828e-07,2.731658872519547e-07,8.739076142888367e-08
A1- + C4H6 => A2 + H + H2,-8.635896749525098e-08,2.6236529187660536e-07,3.3767550618976703e-07,1.2656794414685514e-07
A1- + H2CCCCH <=> A2,1.9201184794114338e-07,4.270665253691227e-07,6.458822090611154e-07,2.9880372556541425e-07
A1- + H2CCCCH <=> A2- + H,-2.445663457458583e-07,3.954424758903089e-07,5.6109231121233e-07,2.4254551126287057e-07
A1- + C4H4 <=> A2 + H,-2.0386916270796548e-07,2.5573112172114163e-07,3.078118001333647e-07,1.5182735792759978e-07
C7H7 + H2CCCH => A2 + 2 H,-3.0216236279011475e-08,3.269899123433088e-07,4.173320603127684e-07,1.3524100598456897e-07
A1C2H- + C2H2 <=> A2-,1.1441727039359076e-07,3.192392207185853e-07,4.3135781765088843e-07,1.7531050313069985e-07
A1C2H3* + C2H2 <=> A2 + H,1.7694314808189965e-07,5.341777400625371e-07,6.37654711465418e-07,2.005251108104099e-07
C2H2 + n-C8H7 <=> A2 + H,-6.737181646107644e-08,4.5017807939892826e-07,7.505237814660346e-07,3.6123742947757847e-07
CH3 + INDENYL <=> A2 + 2 H,-8.459572433488141e-08,2.872948877008929e-07,4.0637940952246436e-07,1.5341245307909247e-07
CH2 + INDENE => A2 + 2 H,1.0714035377927001e-07,3.2763901403906025e-07,4.459152789557771e-07,1.9645583086319856e-07
CH2(S) + INDENE <=> A2 + 2 H,-2.2010154280840706e-09,3.178563576839189e-07,4.0183257569757913e-07,1.208135468252827e-07
A2 + O <=> A1C2H + CH2CO,-6.929020921855402e-08,3.029697494787782e-07,3.5424829668953723e-07,9.349600766721069e-08
A2 + O => CO + H + INDENYL,2.465597762472798e-07,4.682772601616371e-07,6.26260532170966e-07,2.451771189648784e-07
A2 + O <=> HCCO + n-C8H7,3.084081429995399e-08,3.8668662551270223e-07,4.957413093154186e-07,1.7875907008564634e-07
A2 + O <=> A1C2H3* + HCCO,-1.97854384405611e-08,4.5796417174809245e-07,5.718683923549327e-07,1.927655555892673e-07
A2 + O <=> A2- + OH,7.320580244880506e-08,4.0254123934871446e-07,5.224771353147332e-07,1.711488189896669e-07
A2 + H <=> A2- + H2,7.02582098022691e-08,3.265487826671599e-07,4.357387627156408e-07,1.6941765333659821e-07
A2 + OH <=> A2- + H2O,-1.3011072017306433e-07,3.9993551181366555e-07,5.193181627970685e-07,1.8730950148444429e-07
A2 + OH => A1C2H + CH2CO + H,3.08864343965729e-08,5.271225021939772e-07,6.629667606042296e-07,2.1869693213371607e-07
A2 + CH3 <=> A2- + CH4,2.1880801172988527e-07,4.3026362391835005e-07,6.572260029262808e-07,3.2099609280166707e-07
A2 + C2H <=> A2- + C2H2,4.435755256109491e-08,5.555258671904375e-07,6.62068815672319e-07,1.940415128250539e-07
A2 + C2H <=> A2C2H + H,-5.7742813415386135e-08,2.7417444773916786e-07,3.13953410768938e-07,7.427057378409186e-08
A2- + O2 => A1C2H + CO + HCO,8.603715175694452e-08,3.1086593656266123e-07,5.260280229150652e-07,2.441073459718407e-07
A2- + O => CO + INDENYL,-4.2640367017278266e-08,2.885658186219281e-07,4.211007782477839e-07,1.8149532000152164e-07
A2- + H <=> A2,1.5562558044602574e-07,2.9928175570594656e-07,4.0373027650163787e-07,1.695209639723572e-07
A2- + HO2 => CO + INDENYL + OH,-9.62728038390901e-08,3.1207071275909695e-07,3.8009655062615667e-07,1.1981471930199412e-07
A2- + C2H2 <=> A2C2H + H,-3.391431781668007e-07,4.831789524157535e-07,7.099036931143293e-07,3.273051103106092e-07
A2C2H + H <=> A2C2H* + H2,-1.802385602671454e-08,4.261299844828346e-07,5.495730385498236e-07,1.8802448767664053e-07
A2C2H + OH <=> A2- + CH2CO,1.6950856980541286e-07,3.9198707445006363e-07,4.4902386584818213e-07,1.4644231289791483e-07
A2C2H + OH <=> A2C2H* + H2O,1.597509097698858e-07,5.607186572198381e-07,7.480794439481175e-07,2.757098846712902e-07
H2CCCH + INDENYL => A2C2H + 2 H,1.827159125665364e-08,2.1254171637617194e-07,2.6837669709450427e-07,8.502907828631633e-08
A2- + CH3 <=> A2CH3,3.277558188909634e-07,3.3095325867908293e-07,2.477760696600722e-07,1.2027813385206683e-07
A2 + CH2 <=> A2CH3,2.0777575272224694e-07,3.5845149658528495e-07,4.3627905223268534e-07,1.9344801937453988e-07
A2 + CH2(S) <=> A2CH3,1.7010634799416192e-07,3.8318271945241553e-07,5.681168726179965e-07,2.5996584295187495e-07
A2CH2 + H <=> A2CH3,1.2595756246189858e-07,3.1463814725880575e-07,4.204982120254902e-07,1.7309051816501975e-07
A2- + CH3 <=> A2CH2 + H,-2.6404081144031526e-07,3.113195082112909e-07,2.4867034897643206e-07,9.590237608725728e-08
A2CH3 + O2 <=> A2CH2 + HO2,6.304848026458472e-08,3.57197849473165e-07,5.904799922093665e-07,2.961530989369722e-07
A2CH3 + O <=> A2CH2 + OH,1.1402003651932218e-07,4.6483516171067197e-07,8.151114033042587e-07,3.800895220963011e-07
A2CH3 + H <=> A2CH2 + H2,3.2794893193463067e-07,4.373302487094987e-07,6.055924706557657e-07,2.783453136985485e-07
A2CH3 + H <=> A2 + CH3,-2.4138605772235934e-07,4.343204188276576e-07,6.53644814300314e-07,3.3498550589871504e-07
A2CH3 + OH <=> A2CH2 + H2O,6.964798766294729e-08,2.6702057453093696e-07,3.057333887492936e-07,9.164163578629163e-08
A2CH3 + HO2 <=> A2CH2 + H2O2,-1.0456712832154099e-07,3.487303706978341e-07,6.509814307034372e-07,3.029457532017336e-07
A2CH3 + CH3 <=> A2CH2 + CH4,-4.564593776122779e-09,4.207355823786116e-07,5.753196280945692e-07,2.0189296789674227e-07
A2- + A2CH3 <=> A2 + A2CH2,5.086321398535747e-07,5.974893632607922e-07,7.233393365645434e-07,3.5343906252967983e-07
A2CH2 + CH2 <=> A2C2H + H + H2,-7.145007904410275e-08,2.8110571127832265e-07,3.7053668584280114e-07,1.502138806186335e-07
A2CH2 + H2CCCH <=> A3 + 2 H,-2.898413733886884e-08,3.775734725980011e-07,5.679181996254196e-07,2.536443092279154e-07
A1C2H- + C4H4 <=> A2R5 + H,-2.013796185219873e-07,2.8048139433173316e-07,3.866493756052274e-07,1.8969484410636682e-07
A1C2H3* + C4H2 <=> A2R5 + H,8.50518765459772e-08,4.819625492969071e-07,6.339007053907665e-07,2.4119198216919625e-07
C4H2 + n-C8H7 <=> A2R5 + H,-4.9687716180929755e-08,2.823960002761078e-07,3.607974209586259e-07,1.1162823848046951e-07
H2CCCH + INDENYL => A2R5 + 2 H,6.213123355998829e-08,2.828804074087968e-07,3.502457083840814e-07,1.2000561573843636e-07
H2CCCH + INDENE => A2R5 + H + H2,2.9157185255954557e-08,2.500442236405417e-07,3.1217959236823395e-07,1.158647578252634e-07
H2CCCH + INDENYL <=> A2R5 + H2,1.0627932512653699e-07,3.592522520964224e-07,4.5926451053989006e-07,1.5124209989402037e-07
A2- + C2H2 <=> A2R5 + H,-9.748469668852942e-08,4.092750606470871e-07,6.107784546681995e-07,2.949758106239229e-07
A2C2H* + H <=> A2R5,-1.401966707510781e-07,2.408091396282947e-07,2.8163021720986343e-07,9.54095703898629e-08
A2C2H + H <=> A2R5 + H,-2.0656824634920296e-07,3.1242939574528457e-07,4.225301955537667e-07,2.117365279149157e-07
A2R5- + H (+M) <=> A2R5 (+M),-8.309202140897073e-08,3.3829433832999155e-07,4.337267509150816e-07,1.6157469929929418e-07
A2R5 <=> A1C2H + C4H2,-6.573093057602517e-08,3.145354563302195e-07,3.8522186202109936e-07,1.1166206547892782e-07
A2R5 + O <=> A2R5- + OH,-2.908542559075236e-08,2.9740662461745065e-07,4.095273840616224e-07,1.7075357639098437e-07
A2R5 + O => A2- + HCCO,-9.31009274711526e-08,3.3071321629275327e-07,3.6984652641457524e-07,8.655005837271639e-08
A2R5 + H <=> A2R5- + H2,3.6607054649837075e-08,2.6943697855190815e-07,4.431909039285263e-07,1.8093684659630725e-07
A2R5 + OH <=> A2R5- + H2O,7.125942111843779e-08,3.5477496342431655e-07,4.2555648264419005e-07,1.237345630619042e-07
A2R5 + OH <=> A2- + CH2CO,-2.1528751560195244e-07,6.344590482603442e-07,8.409572994523572e-07,3.3347778111573635e-07
A1- + A1C2H <=> A3 + H,8.751989997214739e-08,3.3138195992058527e-07,4.0045135478789936e-07,1.2162618651099634e-07
A1 + A1C2H- <=> A3 + H,1.4908856010123127e-07,2.3447067189069486e-07,3.0970973367911864e-07,1.4352998500074384e-07
A2- + C4H4 <=> A3 + H,3.855806843410688e-07,4.943186283380352e-07,7.440968252256808e-07,3.706941807520046e-07
A2- + C4H2 <=> A3-,-1.8918655604720964e-07,4.459063327414382e-07,4.679279245442993e-07,1.2365712811697442e-07
C2H2 + P2- <=> A3 + H,3.066380588508441e-07,3.611272729982788e-07,3.02122870105078e-07,1.4563331461504475e-07
A2C2H* + C2H2 <=> A3-,-1.2318693821010596e-07,4.1724197107500667e-07,4.80638179737252e-07,1.5402043481215378e-07
A2R5- + C2H2 <=> A3-,3.1387893897224116e-07,3.846233264015634e-07,4.092345476873397e-07,2.093745736279922e-07
A2R5 + C2H2 => A3,1.820221699908697e-07,4.6363898759306385e-07,8.303557410142514e-07,4.540629173124982e-07
A2 + C4H2 => A3,-4.6493871899685324e-08,3.3845141985202597e-07,4.0426033025808837e-07,1.187053997686454e-07
A3 + O <=> A2C2H + CH2CO,2.91956912967284e-07,6.786149378665005e-07,1.0931476326424433e-06,5.659923801897865e-07
A3 + O <=> A3- + OH,1.041965379079584e-07,3.4099951534688353e-07,4.587157916402056e-07,1.8027247616165988e-07
A3 + O => HCCO + P2-,1.4369113147579173e-07,4.051736298695363e-07,6.036039850711054e-07,2.488985910112474e-07
A3 + H <=> A3- + H2,4.67651748215351e-08,2.5995014620349177e-07,3.778738413537324e-07,1.7435788427514445e-07
A3 + OH <=> A3- + H2O,-1.5232962573782084e-07,2.7969401678017616e-07,3.6612275700558517e-07,1.4682995890192476e-07
A3 + OH => A2C2H + CH2CO + H,5.0123676091854955e-08,3.0918918946689065e-07,4.026250662057229e-07,1.591542897687262e-07
A3 + OH <=> CH2CO + P2-,3.4592230614350884e-07,5.185352329404752e-07,5.951191045137051e-07,2.8068019665216044e-07
A3 + CH3 <=> A3- + CH4,-9.107921176415325e-08,2.6585580127940365e-07,4.052161695839975e-07,1.680113631909322e-07
A3 + C2H <=> A3C2H + H,-1.7842487519807837e-07,3.034350345360597e-07,5.837888218214211e-07,3.771256125119759e-07
A3C2H + H <=> A3C2H* + H2,-9.150460793586758e-08,5.067713494592388e-07,6.907509439726081e-07,2.67783360427069e-07
A3C2H + OH <=> A3- + CH2CO,-1.3569137224738684e-08,1.6042915400981543e-07,1.9967587447287172e-07,6.567898668509202e-08
A3- + O2 => A2R5 + CO + HCO,-1.520445625774973e-07,2.343919523117936e-07,3.091581135164083e-07,1.490119163597301e-07
A3- + H <=> A3,2.022652528125387e-07,3.3958345473110623e-07,3.756590238006759e-07,1.1891879985036829e-07
A3- + C2H2 <=> A3C2H + H,3.102422905426617e-07,3.385585339479246e-07,4.465357267293206e-07,2.6227566300697863e-07
A3 + CH2 <=> A3CH3,9.653490738814457e-08,3.614428737459807e-07,5.090389154900617e-07,1.7083378164969765e-07
A3 + CH2(S) <=> A3CH3,-1.4489497117727238e-07,2.8371344879845154e-07,3.1289777448367866e-07,1.0744738261278042e-07
A3CH2 + H <=> A3- + CH3,4.6306285623783226e-08,2.635563892067952e-07,4.0859375547379947e-07,1.7540369477578975e-07
A3CH3 <=> A3CH2 + H,-2.462294140065633e-07,3.018267541733006e-07,4.54368772659334e-07,2.3470246853330032e-07
A3CH3 + O2 <=> A3CH2 + HO2,-2.7690711142937786e-08,2.0514680237323178e-07,2.727898155743793e-07,9.577975156447308e-08
A3CH3 + O <=> A3CH2 + OH,-1.1496942192670624e-08,3.5167749292324674e-07,4.245859082008255e-07,1.2468652880306245e-07
A3CH2 + O <=> A3- + CH2O,-4.866743140043518e-08,3.3947394425712317e-07,4.706429163897171e-07,2.0849916121300194e-07
A3CH3 + H <=> A3CH2 + H2,1.51936786409332e-07,3.439522922790324e-07,5.221525206630544e-07,2.2981700161933967e-07
A3CH3 + H <=> A3 + CH3,-6.632859000858834e-10,2.919328839474787e-07,3.9571215115640226e-07,1.2524878120626042e-07
A3CH3 + OH <=> A3CH2 + H2O,-1.444048962243343e-07,3.162694729156335e-07,4.859623674777073e-07,2.0845422903967273e-07
A3CH3 + HO2 <=> A3CH2 + H2O2,-9.153353567133401e-08,2.1379808270056028e-07,4.890757723999767e-07,2.9799251365449986e-07
A3CH3 + CH3 <=> A3CH2 + CH4,1.6207183029694674e-07,4.75977763970091e-07,6.415534387035144e-07,2.527699357591814e-07
A3CH2 + HO2 => A3- + CH2O + OH,-8.810280266207841e-08,2.8927202825206636e-07,4.1451299444368664e-07,1.6442350735841974e-07
A3CH2 + CH2 <=> A4 + H + H2,9.777373455274874e-08,3.7988488388028393e-07,4.5443133115784124e-07,1.3725579483693045e-07
A2R5 + C4H2 => A4,-5.252245869169679e-08,2.8459010465935563e-07,4.390367121659363e-07,1.890220744934488e-07
A1C2H + A1C2H- <=> A4 + H,-8.928631929849797e-08,2.77014841200799e-07,3.6134123577260137e-07,1.212684386801943e-07
A1C2H + n-C8H7 => A4 + H + H2,1.6970893168136913e-08,2.470937861721093e-07,3.371928118251662e-07,1.1691948488290167e-07
A1C2H + A1C2H3* => A4 + H + H2,1.1535545757679551e-07,3.195216292207881e-07,5.137383227103156e-07,2.444970918648357e-07
C7H7 + INDENYL => A4 + 2 H2,2.9596863051641918e-08,2.9244685638584064e-07,3.681764921917008e-07,1.2126329385478843e-07
2 INDENYL => A4 + C2H2 + H2,-4.092403660394475e-08,1.8166984522653566e-07,2.4921196568574747e-07,1.0433506714952256e-07
A2 + C6H <=> A4-,8.130231260241607e-08,3.0327680635403103e-07,4.328986400841884e-07,1.6653855546387948e-07
A1- + A2 <=> A4 + H + H2,1.282571486870619e-07,4.216387253651372e-07,5.109330364681144e-07,1.8706298351389092e-07
A1 + A2- <=> A4 + H + H2,7.422321897075554e-08,1.8760969334881293e-07,2.319314273624298e-07,8.779441879178535e-08
A1- + A2- => A4 + H2,-2.0893966211042624e-07,2.620753425883594e-07,2.1705015106484108e-07,8.614143686371916e-08
A2- + C6H2 <=> A4-,-2.732200984261169e-08,2.429856008541709e-07,3.441850616709625e-07,1.4572356912273204e-07
A2C2H* + C4H4 <=> A4 + H,-4.278784471504712e-08,5.242529072395074e-07,6.536357501458138e-07,2.063005342135916e-07
A2R5- + C4H2 => A4-,-1.5360649890602084e-07,3.4314974023362805e-07,4.128175762506994e-07,1.6355098869130426e-07
A2R5- + H2CCCCH <=> A4,-2.1387250126695619e-07,3.3778000084740225e-07,4.87759871381107e-07,2.5189329632178777e-07
A3- + C2H2 <=> A4 + H,2.356794449368791e-07,3.967173266801651e-07,4.425020589504713e-07,1.8083108944591363e-07
A3C2H + H <=> A4 + H,-7.065766467064978e-08,2.5952719816177625e-07,3.8991791803521884e-07,1.6314337963883529e-07
A4 + O <=> A3- + HCCO,-8.180736184451662e-08,2.868549671379688e-07,3.7324090283498095e-07,1.301026693202554e-07
A4 + H <=> A4- + H2,-1.0358401694744509e-07,4.80526570042031e-07,5.613637394121511e-07,1.789252469979109e-07
A4 + OH <=> A4- + H2O,2.157567905924225e-07,4.879322082774682e-07,6.099959167274235e-07,2.107737902841402e-07
A4 + OH <=> A3- + CH2CO,2.250051965999714e-10,2.3398727651446914e-07,3.564391852973442e-07,1.6520326235440962e-07
A4 + CH3 <=> A4- + CH4,-4.6835925522660055e-08,1.2114218797248824e-07,1.4757772276737572e-07,5.5060919059061916e-08
A4- + O2 <=> A3- + 2 CO,-4.770477543062355e-09,3.340915056517421e-07,4.604632961878635e-07,1.8131681160063343e-07
A4- + H <=> A4,-1.6788526750905178e-07,4.239259105131429e-07,5.273694661563876e-07,1.8667170112807365e-07
A4- + C2H2 <=> A4C2H + H,8.533920736522362e-08,3.9412030087081987e-07,5.037051686819499e-07,1.5973275644358986e-07
A4C2H + H <=> A4C2H* + H2,-3.869823664025978e-08,2.2529651697831392e-07,3.359649446348994e-07,1.4067112321126817e-07
A4C2H + H <=> BGHIF + H,-8.150049567647331e-08,3.3277729410934107e-07,4.655836447835174e-07,1.756532689122819e-07
A4C2H* + H <=> BGHIF,-6.689408343523413e-08,3.8191149677438297e-07,4.7539821710111236e-07,1.5112962951513032e-07
C6H + P2 <=> C18H11,1.5072861026020294e-08,2.2093681800883918e-07,2.900521380071328e-07,9.972563406093285e-08
C6H2 + P2- <=> BGHIF + H,-3.3954100084053746e-08,3.899812791225606e-07,5.618347094334622e-07,2.3336944773272938e-07
C6H2 + P2- <=> C18H11,1.0014986580746758e-07,4.592867798307722e-07,6.951379736345662e-07,3.0633308963877793e-07
A3- + C4H4 <=> C18H12 + H,-1.0660501136764985e-07,4.1185368628850583e-07,5.47091645198588e-07,1.8382922172949657e-07
A3C2H* + C2H2 <=> BGHIF + H,1.5119127104935174e-07,2.627656720168599e-07,3.3848516531602047e-07,1.3755159426588377e-07
A1C2H- + A2 => BGHIF + H + H2,1.1504240611761693e-08,3.5223602864915665e-07,4.849051959480603e-07,1.8552397182527501e-07
A1C2H + A2- => BGHIF + H + H2,-1.8216530732773197e-07,5.844793711147036e-07,7.399978316729833e-07,2.544192240683492e-07
INDENE + INDENYL => C18H12 + H + H2,6.069935515389716e-08,3.288554106723053e-07,3.662080729437233e-07,8.109427540903442e-08
2 INDENYL => BGHIF + 2 H2,-1.4010732422021208e-08,2.7891131667561546e-07,3.616615093574754e-07,1.2830327673371008e-07
A1- + A2C2H <=> C18H12 + H,1.4495623612733383e-07,3.8228749477794754e-07,5.046235807044581e-07,2.201493798764573e-07
A1 + A2C2H* <=> C18H12 + H,2.7404236166225295e-07,3.953245811955896e-07,4.721047292512023e-07,2.0444623418385015e-07
A1 + A2R5- => BGHIF + H + H2,-7.049966812572136e-08,4.792920621565179e-07,6.143070016389136e-07,2.0491483076189271e-07
A3C2H* + C4H4 <=> BAPYR + H,8.650589213867273e-08,3.9506290402777023e-07,5.242112711994159e-07,2.1421676849708213e-07
A4- + C4H4 <=> BAPYR + H,6.709751239990191e-08,3.7924985971509627e-07,5.724554202460583e-07,2.339085805266367e-07
A4C2H* + C2H2 <=> BAPYR*S,-6.315397182576464e-08,2.851656566442653e-07,4.4010552892382333e-07,1.9753273588124452e-07
BAPYR*S + H <=> BAPYR,7.895618968069478e-08,2.852188761697132e-07,3.4873342765935386e-07,1.148998904002198e-07
A1C2H- + P2 => BAPYR + H + H2,1.0666668244950859e-07,2.53915365296359e-07,3.3646535370850587e-07,1.4549754949467558e-07
A1C2H3* + P2- => BAPYR + 2 H2,8.854102027880468e-08,1.9688907827425977e-07,2.939747391439518e-07,1.3814459829526692e-07
P2- + n-C8H7 => BAPYR + 2 H2,4.44163724232076e-08,1.3183396563382453e-07,1.93322277427751e-07,8.424480538192544e-08
A1C2H- + A2R5- <=> BAPYR,-2.2252418483611567e-07,2.8790992191389124e-07,4.280883995071608e-07,2.3137681398387846e-07
A1C2H- + A2R5 <=> BAPYR + H,-8.52174235147548e-08,2.93976018577218e-07,4.835379660902414e-07,2.538514423633457e-07
A1C2H + A2R5- <=> BAPYR + H,-7.651491054540989e-08,2.639084315530167e-07,3.133243071223151e-07,1.0023902985590972e-07
C18H11 + O2 => A4 + CO + HCO,9.128413544706182e-08,4.326842042472016e-07,5.160904184775308e-07,1.5637968013076786e-07
C18H11 + H <=> BGHIF + H2,-2.338784758894346e-07,3.868258553754603e-07,4.1082169302436365e-07,1.5554016426631726e-07
C18H11 + C2H => BAPYR,-7.550468792992643e-08,2.2874462522408674e-07,3.024928794124632e-07,1.1540914449556624e-07
C18H11 + C2H2 <=> BAPYR + H,-6.725650321529271e-08,4.104612037511927e-07,5.229611149738296e-07,1.6280862220427938e-07
C18H12 + O <=> C18H11 + OH,3.702186169743954e-08,3.217263272533453e-07,4.124644966362379e-07,1.480709266828448e-07
C18H12 + H <=> C18H11 + H2,-1.2377010297137085e-07,2.760761563574719e-07,4.0089235873884044e-07,1.8864584487947002e-07
C18H12 + OH <=> C18H11 + H2O,-1.8231761331528958e-08,4.230357816292277e-07,5.417438169314323e-07,1.7345017645996095e-07
BGHIF + O <=> A4- + HCCO,-1.6637186083645483e-07,2.984352061245607e-07,3.196494903371792e-07,9.72024498073514e-08
BGHIF + OH <=> A4- + CH2CO,5.847445852843286e-08,2.2861637095114738e-07,2.680653885638951e-07,7.345369901112581e-08
BAPYR*S + O2 => BGHIF + CO + HCO,1.674330202710523e-07,3.372295338476996e-07,5.505280061871131e-07,2.482021881621891e-07
A4 + C4H2 => BAPYR,4.023734337137773e-07,4.7149775392615573e-07,5.110450767695832e-07,2.296768031227313e-07
BAPYR + O <=> C18H11 + HCCO,-2.2040185658775997e-07,4.3845082021258766e-07,6.500688904610504e-07,2.8681256879827906e-07
BAPYR + OH => C18H11 + CH2CO,1.5211740804780917e-07,4.566171125789889e-07,5.352646407552363e-07,1.8034455406121715e-07
2 C5H5 => A2 + 2 H,2.7748306679192803e-08,2.3675914523605642e-07,,1.1597739441595724e-07
C5H5 + H2CCCH <=> A1C2H3,-2.7912997683190145e-07,4.6360060153316256e-07,5.822815898577924e-07,2.6913909806611314e-07
C5H5 + H2CCCCH <=> INDENE,-1.2516264972383583e-07,2.701987156497416e-07,3.2424579418111195e-07,1.2731335472761126e-07
2 C5H5 <=> CH3 + INDENYL,1.3126245966370508e-07,2.4378792708939404e-07,2.4517770653974667e-07,6.115741421215101e-08
C5H6 + CH3 <=> C5H5 + CH4,-3.635874281880963e-07,5.795373844125965e-07,5.577539547011129e-07,1.5708210340363738e-07
C5H5 + C5H6 <=> CH3 + INDENE,-1.4224589446227562e-07,4.7400205435012676e-07,5.95282581183514e-07,1.9305931475385462e-07
A1C2H- + n-C8H7 => A4 + 2 H,-3.0146435044535574e-07,3.309851642716374e-07,4.733234206282004e-07,2.815789267259092e-07
C5H5 + INDENYL => A3 + 2 H,9.288517473964056e-08,3.3395412143500676e-07,3.6964939424025063e-07,8.890878522446429e-08
2 INDENYL => C18H12 + 2 H,1.3785321889821812e-07,4.772429638167135e-07,6.825961587650552e-07,2.839090069197571e-07
A1C2H- + A1C2H3* <=> A4 + 2 H,-1.0851383460080103e-07,3.4091650994981944e-07,5.087699857315571e-07,2.104104456543847e-07
A2C2H* + n-C8H7 <=> BAPYR + 2 H,1.2058810993935696e-07,3.003516371774561e-07,3.804866596957307e-07,1.384040097968246e-07
A1C2H3* + A2C2H* <=> BAPYR + 2 H,3.324335258260505e-07,3.5128833613382667e-07,3.660405062766145e-07,2.1313079749753335e-07
A1- + A2R5- => BGHIF + 2 H,-2.7797070678260165e-07,3.41237023950627e-07,3.849898379562295e-07,1.6515617116147086e-07
A1C2H- + P2- => BAPYR + 2 H,7.897709194456635e-08,2.1432987133505058e-07,2.8164863108556615e-07,1.1552190014435574e-07
A1C2H3 + CH3 <=> A1C2H3* + CH4,1.9352505796265008e-08,2.1464853503616866e-07,2.730835840789556e-07,9.07824720452744e-08
A2R5 + CH3 <=> A2R5- + CH4,-1.7539339425227769e-07,3.1656170194941504e-07,3.436481175024896e-07,1.1889766877523699e-07
CH3 + P2 <=> CH4 + P2-,-1.6676820899822395e-07,2.824452463002512e-07,2.6386747774341435e-07,5.840414695076163e-08
A1 + O <=> C5H6 + CO,1.0088840521310097e-07,2.8588616503080906e-07,4.0671775244254346e-07,1.8496373723100797e-07
A2R5 + OH => A2 + HCCO,-1.336020425661007e-07,4.401203319613047e-07,5.209565525982521e-07,1.8899993360690832e-07
A1C2H3* + CH3 <=> H2 + INDENE,-2.5289740726809882e-08,2.281008000660214e-07,2.902589107040809e-07,1.005987444863958e-07
C7H7 + CH3 <=> A1C2H3 + H2,-3.9321274781932615e-07,6.918287338272111e-07,7.203824156727907e-07,2.605842485606118e-07
