T5,T5_units,P5,P5_units,composition,phi,tau,tau_units,pressure_rise,pressure_rise_units,ignition_type,ignition_target,ignition_amount,ignition_units,filename
1181.06,K,207000.0,Pa,"H2:0.00667, O2:0.00333, Ar:0.99",1.0015015015015014,0.0005603899999999999,s,,,relative concentration,OHEX;,0.5,unitless,g00000001_x.xml
1214.82,K,207000.0,Pa,"H2:0.00667, O2:0.00333, Ar:0.99",1.0015015015015014,0.00036761,s,,,relative concentration,OHEX;,0.5,unitless,g00000001_x.xml
1260.08,K,207000.0,Pa,"H2:0.00667, O2:0.00333, Ar:0.99",1.0015015015015014,0.00038863,s,,,relative concentration,OHEX;,0.5,unitless,g00000001_x.xml
1272.78,K,207000.0,Pa,"H2:0.00667, O2:0.00333, Ar:0.99",1.0015015015015014,0.00031404,s,,,relative concentration,OHEX;,0.5,unitless,g00000001_x.xml
1295.84,K,207000.0,Pa,"H2:0.00667, O2:0.00333, Ar:0.99",1.0015015015015014,0.00033977,s,,,relative concentration,OHEX;,0.5,unitless,g00000001_x.xml
1321.77,K,207000.0,Pa,"H2:0.00667, O2:0.00333, Ar:0.99",1.0015015015015014,0.00028625,s,,,relative concentration,OHEX;,0.5,unitless,g00000001_x.xml
1343.27,K,207000.0,Pa,"H2:0.00667, O2:0.00333, Ar:0.99",1.0015015015015014,0.00026827,s,,,relative concentration,OHEX;,0.5,unitless,g00000001_x.xml
1184.03,K,213500.0,Pa,"H2:0.006, O2:0.004, Ar:0.99",0.75,0.00047487999999999995,s,,,relative concentration,OHEX;,0.5,unitless,g00000002_x.xml
1192.46,K,213500.0,Pa,"H2:0.006, O2:0.004, Ar:0.99",0.75,0.00046416000000000003,s,,,relative concentration,OHEX;,0.5,unitless,g00000002_x.xml
1215.44,K,213500.0,Pa,"H2:0.006, O2:0.004, Ar:0.99",0.75,0.00041595999999999994,s,,,relative concentration,OHEX;,0.5,unitless,g00000002_x.xml
1252.51,K,213500.0,Pa,"H2:0.006, O2:0.004, Ar:0.99",0.75,0.00033100999999999996,s,,,relative concentration,OHEX;,0.5,unitless,g00000002_x.xml
1359.29,K,213500.0,Pa,"H2:0.006, O2:0.004, Ar:0.99",0.75,0.00019934,s,,,relative concentration,OHEX;,0.5,unitless,g00000002_x.xml
1164.48,K,221000.0,Pa,"H2:0.00444, O2:0.00556, Ar:0.99",0.3992805755395684,0.00047154,s,,,relative concentration,OHEX;,0.5,unitless,g00000003_x.xml
1164.97,K,221000.0,Pa,"H2:0.00444, O2:0.00556, Ar:0.99",0.3992805755395684,0.00044803,s,,,relative concentration,OHEX;,0.5,unitless,g00000003_x.xml
1264.2,K,221000.0,Pa,"H2:0.00444, O2:0.00556, Ar:0.99",0.3992805755395684,0.00029157,s,,,relative concentration,OHEX;,0.5,unitless,g00000003_x.xml
1332.57,K,221000.0,Pa,"H2:0.00444, O2:0.00556, Ar:0.99",0.3992805755395684,0.00020593,s,,,relative concentration,OHEX;,0.5,unitless,g00000003_x.xml
1519.18,K,221000.0,Pa,"H2:0.00444, O2:0.00556, Ar:0.99",0.3992805755395684,8.811e-05,s,,,relative concentration,OHEX;,0.5,unitless,g00000003_x.xml
924.0,K,346531.5,Pa,"H2:0.04, O2:0.02, Ar:0.94",1.0,0.01005,s,0.0215,ms-1,max,OH;,,,g00000007.xml
930.0,K,363351.45,Pa,"H2:0.04, O2:0.02, Ar:0.94",1.0,0.007911999999999999,s,0.0232,ms-1,max,OH;,,,g00000007.xml
930.0,K,358082.55,Pa,"H2:0.04, O2:0.02, Ar:0.94",1.0,0.01309,s,0.0214,ms-1,max,OH;,,,g00000007.xml
930.0,K,368316.375,Pa,"H2:0.04, O2:0.02, Ar:0.94",1.0,0.010419999999999999,s,0.0198,ms-1,max,OH;,,,g00000007.xml
931.0,K,366999.14999999997,Pa,"H2:0.04, O2:0.02, Ar:0.94",1.0,0.007851,s,0.0197,ms-1,max,OH;,,,g00000007.xml
938.0,K,369937.57499999995,Pa,"H2:0.04, O2:0.02, Ar:0.94",1.0,0.007723,s,0.0194,ms-1,max,OH;,,,g00000007.xml
938.0,K,358183.875,Pa,"H2:0.04, O2:0.02, Ar:0.94",1.0,0.006973,s,0.0232,ms-1,max,OH;,,,g00000007.xml
938.0,K,356664.0,Pa,"H2:0.04, O2:0.02, Ar:0.94",1.0,0.0061329999999999996,s,0.0224,ms-1,max,OH;,,,g00000007.xml
939.0,K,366999.14999999997,Pa,"H2:0.04, O2:0.02, Ar:0.94",1.0,0.006803,s,0.0216,ms-1,max,OH;,,,g00000007.xml
939.0,K,364567.35,Pa,"H2:0.04, O2:0.02, Ar:0.94",1.0,0.007274,s,0.0211,ms-1,max,OH;,,,g00000007.xml
944.0,K,369937.57499999995,Pa,"H2:0.04, O2:0.02, Ar:0.94",1.0,0.005627,s,0.0235,ms-1,max,OH;,,,g00000007.xml
944.0,K,357170.625,Pa,"H2:0.04, O2:0.02, Ar:0.94",1.0,0.0068189999999999995,s,0.0295,ms-1,max,OH;,,,g00000007.xml
949.0,K,355853.4,Pa,"H2:0.04, O2:0.02, Ar:0.94",1.0,0.004739999999999999,s,0.0416,ms-1,max,OH;,,,g00000007.xml
957.0,K,358791.825,Pa,"H2:0.04, O2:0.02, Ar:0.94",1.0,0.003652,s,0.0383,ms-1,max,OH;,,,g00000007.xml
958.0,K,375510.45,Pa,"H2:0.04, O2:0.02, Ar:0.94",1.0,0.003737,s,0.0208,ms-1,max,OH;,,,g00000007.xml
964.0,K,361324.95,Pa,"H2:0.04, O2:0.02, Ar:0.94",1.0,0.003882,s,0.0299,ms-1,max,OH;,,,g00000007.xml
967.0,K,356157.375,Pa,"H2:0.04, O2:0.02, Ar:0.94",1.0,0.003408,s,0.0358,ms-1,max,OH;,,,g00000007.xml
967.0,K,376017.075,Pa,"H2:0.04, O2:0.02, Ar:0.94",1.0,0.003352,s,0.025,ms-1,max,OH;,,,g00000007.xml
971.0,K,367505.77499999997,Pa,"H2:0.04, O2:0.02, Ar:0.94",1.0,0.0023769999999999998,s,0.0655,ms-1,max,OH;,,,g00000007.xml
973.0,K,367201.8,Pa,"H2:0.04, O2:0.02, Ar:0.94",1.0,0.00226,s,0.0546,ms-1,max,OH;,,,g00000007.xml
975.0,K,373585.27499999997,Pa,"H2:0.04, O2:0.02, Ar:0.94",1.0,0.0032289999999999997,s,0.0273,ms-1,max,OH;,,,g00000007.xml
977.0,K,363655.425,Pa,"H2:0.04, O2:0.02, Ar:0.94",1.0,0.0028929999999999997,s,0.0312,ms-1,max,OH;,,,g00000007.xml
981.0,K,369430.95,Pa,"H2:0.04, O2:0.02, Ar:0.94",1.0,0.00292,s,0.0257,ms-1,max,OH;,,,g00000007.xml
984.0,K,372774.675,Pa,"H2:0.04, O2:0.02, Ar:0.94",1.0,0.001625,s,0.0621,ms-1,max,OH;,,,g00000007.xml
987.0,K,344201.02499999997,Pa,"H2:0.04, O2:0.02, Ar:0.94",1.0,0.002075,s,0.0373,ms-1,max,OH;,,,g00000007.xml
992.0,K,349368.6,Pa,"H2:0.04, O2:0.02, Ar:0.94",1.0,0.0016409999999999999,s,0.0336,ms-1,max,OH;,,,g00000007.xml
1000.0,K,369937.57499999995,Pa,"H2:0.04, O2:0.02, Ar:0.94",1.0,0.001103,s,0.0518,ms-1,max,OH;,,,g00000007.xml
1003.0,K,361932.9,Pa,"H2:0.04, O2:0.02, Ar:0.94",1.0,0.00106,s,0.0642,ms-1,max,OH;,,,g00000007.xml
1010.0,K,349976.55000000005,Pa,"H2:0.04, O2:0.02, Ar:0.94",1.0,0.000628,s,0.0545,ms-1,max,OH;,,,g00000007.xml
1014.0,K,348254.02499999997,Pa,"H2:0.04, O2:0.02, Ar:0.94",1.0,0.000637,s,0.059,ms-1,max,OH;,,,g00000007.xml
1021.0,K,341870.55,Pa,"H2:0.04, O2:0.02, Ar:0.94",1.0,0.000618,s,0.0438,ms-1,max,OH;,,,g00000007.xml
1102.0,K,343795.725,Pa,"H2:0.04, O2:0.02, Ar:0.94",1.0,0.000184,s,0.0593,ms-1,max,OH;,,,g00000007.xml
1118.0,K,343694.39999999997,Pa,"H2:0.04, O2:0.02, Ar:0.94",1.0,0.00015,s,0.0213,ms-1,max,OH;,,,g00000007.xml
906.0,K,354637.5,Pa,"H2:0.15, O2:0.18, Ar:0.67",0.4166666666666667,0.00913,s,0.0201,ms-1,max,OH;,,,g00000008.xml
908.0,K,344505.0,Pa,"H2:0.15, O2:0.18, Ar:0.67",0.4166666666666667,0.006209999999999999,s,0.0314,ms-1,max,OH;,,,g00000008.xml
909.0,K,344505.0,Pa,"H2:0.15, O2:0.18, Ar:0.67",0.4166666666666667,0.0061849999999999995,s,0.0184,ms-1,max,OH;,,,g00000008.xml
919.0,K,344505.0,Pa,"H2:0.15, O2:0.18, Ar:0.67",0.4166666666666667,0.006645,s,0.0215,ms-1,max,OH;,,,g00000008.xml
928.0,K,344505.0,Pa,"H2:0.15, O2:0.18, Ar:0.67",0.4166666666666667,0.0035949999999999997,s,0.0214,ms-1,max,OH;,,,g00000008.xml
943.0,K,344505.0,Pa,"H2:0.15, O2:0.18, Ar:0.67",0.4166666666666667,0.00328,s,0.0243,ms-1,max,OH;,,,g00000008.xml
951.0,K,334372.5,Pa,"H2:0.15, O2:0.18, Ar:0.67",0.4166666666666667,0.00281,s,0.065,ms-1,max,OH;,,,g00000008.xml
963.0,K,334372.5,Pa,"H2:0.15, O2:0.18, Ar:0.67",0.4166666666666667,0.001614,s,0.0142,ms-1,max,OH;,,,g00000008.xml
969.0,K,324240.0,Pa,"H2:0.15, O2:0.18, Ar:0.67",0.4166666666666667,0.001268,s,0.0142,ms-1,max,OH;,,,g00000008.xml
992.0,K,324240.0,Pa,"H2:0.15, O2:0.18, Ar:0.67",0.4166666666666667,0.0005815,s,0.0435,ms-1,max,OH;,,,g00000008.xml
999.0,K,314107.5,Pa,"H2:0.15, O2:0.18, Ar:0.67",0.4166666666666667,0.000352,s,0.069,ms-1,max,OH;,,,g00000008.xml
1027.0,K,314107.5,Pa,"H2:0.15, O2:0.18, Ar:0.67",0.4166666666666667,8.2e-05,s,0.012,ms-1,max,OH;,,,g00000008.xml
1049.0,K,303975.0,Pa,"H2:0.15, O2:0.18, Ar:0.67",0.4166666666666667,4.654999999999999e-05,s,,ms-1,max,OH;,,,g00000008.xml
1027.0,K,105378.0,Pa,"H2:0.034603, O2:0.0349, Ar:0.930497",0.49574498567335246,0.0007639999999999999,s,,,max,OH*;,,,g00000009.xml
995.0,K,103351.5,Pa,"H2:0.034603, O2:0.0349, Ar:0.930497",0.49574498567335246,0.0010299999999999999,s,,,max,OH*;,,,g00000009.xml
982.0,K,103351.5,Pa,"H2:0.034603, O2:0.0349, Ar:0.930497",0.49574498567335246,0.0011899999999999999,s,,,max,OH*;,,,g00000009.xml
957.0,K,104364.75,Pa,"H2:0.034603, O2:0.0349, Ar:0.930497",0.49574498567335246,0.0016799999999999999,s,,,max,OH*;,,,g00000009.xml
941.0,K,111457.50000000001,Pa,"H2:0.034603, O2:0.0349, Ar:0.930497",0.49574498567335246,0.00208,s,,,max,OH*;,,,g00000009.xml
939.0,K,105378.0,Pa,"H2:0.034603, O2:0.0349, Ar:0.930497",0.49574498567335246,0.00226,s,,,max,OH*;,,,g00000009.xml
937.0,K,103351.5,Pa,"H2:0.034603, O2:0.0349, Ar:0.930497",0.49574498567335246,0.00283,s,,,max,OH*;,,,g00000009.xml
934.0,K,109431.0,Pa,"H2:0.034603, O2:0.0349, Ar:0.930497",0.49574498567335246,0.00344,s,,,max,OH*;,,,g00000009.xml
927.0,K,111457.50000000001,Pa,"H2:0.034603, O2:0.0349, Ar:0.930497",0.49574498567335246,0.00315,s,,,max,OH*;,,,g00000009.xml
923.0,K,104364.75,Pa,"H2:0.034603, O2:0.0349, Ar:0.930497",0.49574498567335246,0.00381,s,,,max,OH*;,,,g00000009.xml
1035.0,K,383008.5,Pa,"H2:0.034603, O2:0.0349, Ar:0.930497",0.49574498567335246,0.00037299999999999996,s,,,max,OH*;,,,g00000010.xml
1021.0,K,409353.0,Pa,"H2:0.034603, O2:0.0349, Ar:0.930497",0.49574498567335246,0.000539,s,,,max,OH*;,,,g00000010.xml
1010.0,K,414419.25,Pa,"H2:0.034603, O2:0.0349, Ar:0.930497",0.49574498567335246,0.000779,s,,,max,OH*;,,,g00000010.xml
999.0,K,412392.75,Pa,"H2:0.034603, O2:0.0349, Ar:0.930497",0.49574498567335246,0.00153,s,,,max,OH*;,,,g00000010.xml
998.0,K,405300.0,Pa,"H2:0.034603, O2:0.0349, Ar:0.930497",0.49574498567335246,0.00132,s,,,max,OH*;,,,g00000010.xml
992.0,K,409353.0,Pa,"H2:0.034603, O2:0.0349, Ar:0.930497",0.49574498567335246,0.0020599999999999998,s,,,max,OH*;,,,g00000010.xml
972.0,K,400233.75,Pa,"H2:0.034603, O2:0.0349, Ar:0.930497",0.49574498567335246,0.00341,s,,,max,OH*;,,,g00000010.xml
958.0,K,398207.25,Pa,"H2:0.034603, O2:0.0349, Ar:0.930497",0.49574498567335246,0.0042899999999999995,s,,,max,OH*;,,,g00000010.xml
1121.0,K,1534060.5,Pa,"H2:0.034603, O2:0.0349, Ar:0.930497",0.49574498567335246,0.00039799999999999997,s,,,max,OH*;,,,g00000011_x.xml
1120.0,K,1626266.25,Pa,"H2:0.034603, O2:0.0349, Ar:0.930497",0.49574498567335246,0.00045999999999999996,s,,,max,OH*;,,,g00000011_x.xml
1116.0,K,1636398.7499999998,Pa,"H2:0.034603, O2:0.0349, Ar:0.930497",0.49574498567335246,0.000538,s,,,max,OH*;,,,g00000011_x.xml
1109.0,K,1620186.75,Pa,"H2:0.034603, O2:0.0349, Ar:0.930497",0.49574498567335246,0.000707,s,,,max,OH*;,,,g00000011_x.xml
1106.0,K,1658690.25,Pa,"H2:0.034603, O2:0.0349, Ar:0.930497",0.49574498567335246,0.000678,s,,,max,OH*;,,,g00000011_x.xml
1087.0,K,1593842.25,Pa,"H2:0.034603, O2:0.0349, Ar:0.930497",0.49574498567335246,0.00125,s,,,max,OH*;,,,g00000011_x.xml
1078.0,K,1533047.25,Pa,"H2:0.034603, O2:0.0349, Ar:0.930497",0.49574498567335246,0.0013599999999999999,s,,,max,OH*;,,,g00000011_x.xml
1068.0,K,1630319.25,Pa,"H2:0.034603, O2:0.0349, Ar:0.930497",0.49574498567335246,0.00173,s,,,max,OH*;,,,g00000011_x.xml
1050.0,K,1631332.5000000002,Pa,"H2:0.034603, O2:0.0349, Ar:0.930497",0.49574498567335246,0.00268,s,,,max,OH*;,,,g00000011_x.xml
1035.0,K,1642478.25,Pa,"H2:0.034603, O2:0.0349, Ar:0.930497",0.49574498567335246,0.0033399999999999997,s,,,max,OH*;,,,g00000011_x.xml
1021.0,K,1618160.25,Pa,"H2:0.034603, O2:0.0349, Ar:0.930497",0.49574498567335246,0.00401,s,,,max,OH*;,,,g00000011_x.xml
1018.0,K,1563444.75,Pa,"H2:0.034603, O2:0.0349, Ar:0.930497",0.49574498567335246,0.0042499999999999994,s,,,max,OH*;,,,g00000011_x.xml
1718.0,K,114497.24999999999,Pa,"H2:0.058683, O2:0.02947, Ar:0.911847",0.9956396335256192,4.8e-05,s,,,max,OH*;,,,g00000012.xml
1709.0,K,113484.00000000001,Pa,"H2:0.058683, O2:0.02947, Ar:0.911847",0.9956396335256192,5.3e-05,s,,,max,OH*;,,,g00000012.xml
1456.0,K,88152.75,Pa,"H2:0.058683, O2:0.02947, Ar:0.911847",0.9956396335256192,0.00010899999999999999,s,,,max,OH*;,,,g00000012.xml
1437.0,K,97272.0,Pa,"H2:0.058683, O2:0.02947, Ar:0.911847",0.9956396335256192,0.00010499999999999999,s,,,max,OH*;,,,g00000012.xml
1382.0,K,100311.75,Pa,"H2:0.058683, O2:0.02947, Ar:0.911847",0.9956396335256192,0.00011399999999999999,s,,,max,OH*;,,,g00000012.xml
1256.0,K,100311.75,Pa,"H2:0.058683, O2:0.02947, Ar:0.911847",0.9956396335256192,0.000192,s,,,max,OH*;,,,g00000012.xml
1192.0,K,106391.25,Pa,"H2:0.058683, O2:0.02947, Ar:0.911847",0.9956396335256192,0.000252,s,,,max,OH*;,,,g00000012.xml
1153.0,K,99298.5,Pa,"H2:0.058683, O2:0.02947, Ar:0.911847",0.9956396335256192,0.000316,s,,,max,OH*;,,,g00000012.xml
1119.0,K,99298.5,Pa,"H2:0.058683, O2:0.02947, Ar:0.911847",0.9956396335256192,0.000367,s,,,max,OH*;,,,g00000012.xml
1061.0,K,102338.25,Pa,"H2:0.058683, O2:0.02947, Ar:0.911847",0.9956396335256192,0.000545,s,,,max,OH*;,,,g00000012.xml
1014.0,K,104364.75,Pa,"H2:0.058683, O2:0.02947, Ar:0.911847",0.9956396335256192,0.000775,s,,,max,OH*;,,,g00000012.xml
961.0,K,101325.0,Pa,"H2:0.058683, O2:0.02947, Ar:0.911847",0.9956396335256192,0.00148,s,,,max,OH*;,,,g00000012.xml
956.0,K,95245.5,Pa,"H2:0.058683, O2:0.02947, Ar:0.911847",0.9956396335256192,0.00139,s,,,max,OH*;,,,g00000012.xml
937.0,K,103351.5,Pa,"H2:0.058683, O2:0.02947, Ar:0.911847",0.9956396335256192,0.0025,s,,,max,OH*;,,,g00000012.xml
918.0,K,103351.5,Pa,"H2:0.058683, O2:0.02947, Ar:0.911847",0.9956396335256192,0.00362,s,,,max,OH*;,,,g00000012.xml
1160.0,K,417459.0,Pa,"H2:0.058683, O2:0.02947, Ar:0.911847",0.9956396335256192,8.2e-05,s,,,max,OH*;,,,g00000013.xml
1116.0,K,409353.0,Pa,"H2:0.058683, O2:0.02947, Ar:0.911847",0.9956396335256192,0.000122,s,,,max,OH*;,,,g00000013.xml
1065.0,K,399220.5,Pa,"H2:0.058683, O2:0.02947, Ar:0.911847",0.9956396335256192,0.00018899999999999999,s,,,max,OH*;,,,g00000013.xml
1051.0,K,402260.25,Pa,"H2:0.058683, O2:0.02947, Ar:0.911847",0.9956396335256192,0.00025499999999999996,s,,,max,OH*;,,,g00000013.xml
1047.0,K,404286.75,Pa,"H2:0.058683, O2:0.02947, Ar:0.911847",0.9956396335256192,0.0003,s,,,max,OH*;,,,g00000013.xml
1021.0,K,400233.75,Pa,"H2:0.058683, O2:0.02947, Ar:0.911847",0.9956396335256192,0.000596,s,,,max,OH*;,,,g00000013.xml
1017.0,K,398207.25,Pa,"H2:0.058683, O2:0.02947, Ar:0.911847",0.9956396335256192,0.000714,s,,,max,OH*;,,,g00000013.xml
1014.0,K,397194.0,Pa,"H2:0.058683, O2:0.02947, Ar:0.911847",0.9956396335256192,0.000762,s,,,max,OH*;,,,g00000013.xml
1002.0,K,400233.75,Pa,"H2:0.058683, O2:0.02947, Ar:0.911847",0.9956396335256192,0.00164,s,,,max,OH*;,,,g00000013.xml
995.0,K,396180.75,Pa,"H2:0.058683, O2:0.02947, Ar:0.911847",0.9956396335256192,0.0019099999999999998,s,,,max,OH*;,,,g00000013.xml
972.0,K,387061.5,Pa,"H2:0.058683, O2:0.02947, Ar:0.911847",0.9956396335256192,0.0033799999999999998,s,,,max,OH*;,,,g00000013.xml
964.0,K,412392.75,Pa,"H2:0.058683, O2:0.02947, Ar:0.911847",0.9956396335256192,0.0042899999999999995,s,,,max,OH*;,,,g00000013.xml
962.0,K,394154.25,Pa,"H2:0.058683, O2:0.02947, Ar:0.911847",0.9956396335256192,0.0036599999999999996,s,,,max,OH*;,,,g00000013.xml
1238.0,K,1952532.75,Pa,"H2:0.058683, O2:0.02947, Ar:0.911847",0.9956396335256192,9.999999999999999e-06,s,,,max,OH*;,,,g00000014_x.xml
1207.0,K,1759002.0,Pa,"H2:0.058683, O2:0.02947, Ar:0.911847",0.9956396335256192,1.2e-05,s,,,max,OH*;,,,g00000014_x.xml
1194.0,K,1906936.5,Pa,"H2:0.058683, O2:0.02947, Ar:0.911847",0.9956396335256192,3.1e-05,s,,,max,OH*;,,,g00000014_x.xml
1160.0,K,1665783.0000000002,Pa,"H2:0.058683, O2:0.02947, Ar:0.911847",0.9956396335256192,9.3e-05,s,,,max,OH*;,,,g00000014_x.xml
1098.0,K,1527981.0,Pa,"H2:0.058683, O2:0.02947, Ar:0.911847",0.9956396335256192,0.000654,s,,,max,OH*;,,,g00000014_x.xml
1094.0,K,1513795.5,Pa,"H2:0.058683, O2:0.02947, Ar:0.911847",0.9956396335256192,0.0006169999999999999,s,,,max,OH*;,,,g00000014_x.xml
1060.0,K,1610054.25,Pa,"H2:0.058683, O2:0.02947, Ar:0.911847",0.9956396335256192,0.0016099999999999999,s,,,max,OH*;,,,g00000014_x.xml
1036.0,K,1483398.0,Pa,"H2:0.058683, O2:0.02947, Ar:0.911847",0.9956396335256192,0.0028599999999999997,s,,,max,OH*;,,,g00000014_x.xml
1015.0,K,1530007.5,Pa,"H2:0.058683, O2:0.02947, Ar:0.911847",0.9956396335256192,0.0036799999999999997,s,,,max,OH*;,,,g00000014_x.xml
964.0,K,506625.0,Pa,"H2:0.08, O2:0.02, Ar:0.9",2.0,0.015,s,,,max,OH;,,,x10000001.xml
965.0,K,506625.0,Pa,"H2:0.08, O2:0.02, Ar:0.9",2.0,0.01,s,,,max,OH;,,,x10000001.xml
981.0,K,506625.0,Pa,"H2:0.08, O2:0.02, Ar:0.9",2.0,0.0043,s,,,max,OH;,,,x10000001.xml
1004.0,K,506625.0,Pa,"H2:0.08, O2:0.02, Ar:0.9",2.0,0.0017,s,,,max,OH;,,,x10000001.xml
1005.0,K,506625.0,Pa,"H2:0.08, O2:0.02, Ar:0.9",2.0,0.0023,s,,,max,OH;,,,x10000001.xml
1024.0,K,506625.0,Pa,"H2:0.08, O2:0.02, Ar:0.9",2.0,0.0009,s,,,max,OH;,,,x10000001.xml
1075.0,K,506625.0,Pa,"H2:0.08, O2:0.02, Ar:0.9",2.0,0.00021999999999999998,s,,,max,OH;,,,x10000001.xml
1184.0,K,202650.0,Pa,"H2:0.2958, O2:0.1479, N2:0.5563",1.0,2.23e-05,s,,,d/dt max,OH;,,,x10000005.xml
1169.0,K,202650.0,Pa,"H2:0.2958, O2:0.1479, N2:0.5563",1.0,2.1199999999999997e-05,s,,,d/dt max,OH;,,,x10000005.xml
1143.0,K,202650.0,Pa,"H2:0.2958, O2:0.1479, N2:0.5563",1.0,2.73e-05,s,,,d/dt max,OH;,,,x10000005.xml
1102.0,K,202650.0,Pa,"H2:0.2958, O2:0.1479, N2:0.5563",1.0,3.66e-05,s,,,d/dt max,OH;,,,x10000005.xml
1076.0,K,202650.0,Pa,"H2:0.2958, O2:0.1479, N2:0.5563",1.0,4.85e-05,s,,,d/dt max,OH;,,,x10000005.xml
1059.0,K,202650.0,Pa,"H2:0.2958, O2:0.1479, N2:0.5563",1.0,5.87e-05,s,,,d/dt max,OH;,,,x10000005.xml
1045.0,K,202650.0,Pa,"H2:0.2958, O2:0.1479, N2:0.5563",1.0,8.14e-05,s,,,d/dt max,OH;,,,x10000005.xml
1031.0,K,202650.0,Pa,"H2:0.2958, O2:0.1479, N2:0.5563",1.0,0.0001182,s,,,d/dt max,OH;,,,x10000005.xml
1028.0,K,202650.0,Pa,"H2:0.2958, O2:0.1479, N2:0.5563",1.0,0.0001463,s,,,d/dt max,OH;,,,x10000005.xml
1024.0,K,202650.0,Pa,"H2:0.2958, O2:0.1479, N2:0.5563",1.0,0.000124,s,,,d/dt max,OH;,,,x10000005.xml
1013.0,K,202650.0,Pa,"H2:0.2958, O2:0.1479, N2:0.5563",1.0,0.0002813,s,,,d/dt max,OH;,,,x10000005.xml
1004.0,K,202650.0,Pa,"H2:0.2958, O2:0.1479, N2:0.5563",1.0,0.00036139999999999995,s,,,d/dt max,OH;,,,x10000005.xml
993.0,K,202650.0,Pa,"H2:0.2958, O2:0.1479, N2:0.5563",1.0,0.00030839999999999996,s,,,d/dt max,OH;,,,x10000005.xml
993.0,K,202650.0,Pa,"H2:0.2958, O2:0.1479, N2:0.5563",1.0,0.0004919999999999999,s,,,d/dt max,OH;,,,x10000005.xml
992.0,K,202650.0,Pa,"H2:0.2958, O2:0.1479, N2:0.5563",1.0,0.00042189999999999996,s,,,d/dt max,OH;,,,x10000005.xml
984.0,K,202650.0,Pa,"H2:0.2958, O2:0.1479, N2:0.5563",1.0,0.0006379,s,,,d/dt max,OH;,,,x10000005.xml
835.0,K,169318.94,Pa,"H2:0.2, O2:0.1, Ar:0.7",1.0,0.002227,s,,,max,OH;,,,x10000006.xml
866.0,K,91325.57,Pa,"H2:0.2, O2:0.1, Ar:0.7",1.0,0.002019,s,,,max,OH;,,,x10000006.xml
886.0,K,93458.72200000001,Pa,"H2:0.2, O2:0.1, Ar:0.7",1.0,0.0015249999999999999,s,,,max,OH;,,,x10000006.xml
910.0,K,99991.5,Pa,"H2:0.2, O2:0.1, Ar:0.7",1.0,0.001302,s,,,max,OH;,,,x10000006.xml
920.0,K,101991.33,Pa,"H2:0.2, O2:0.1, Ar:0.7",1.0,0.001059,s,,,max,OH;,,,x10000006.xml
945.0,K,107990.82,Pa,"H2:0.2, O2:0.1, Ar:0.7",1.0,0.001014,s,,,max,OH;,,,x10000006.xml
980.0,K,115990.14,Pa,"H2:0.2, O2:0.1, Ar:0.7",1.0,0.000888,s,,,max,OH;,,,x10000006.xml
1045.0,K,131322.17,Pa,"H2:0.2, O2:0.1, Ar:0.7",1.0,0.000543,s,,,max,OH;,,,x10000006.xml
1120.0,K,148654.03,Pa,"H2:0.2, O2:0.1, Ar:0.7",1.0,0.000177,s,,,max,OH;,,,x10000006.xml
1200.0,K,167985.72,Pa,"H2:0.2, O2:0.1, Ar:0.7",1.0,0.000156,s,,,max,OH;,,,x10000006.xml
1225.0,K,174651.82,Pa,"H2:0.2, O2:0.1, Ar:0.7",1.0,0.00013,s,,,max,OH;,,,x10000006.xml
1240.0,K,177984.87,Pa,"H2:0.2, O2:0.1, Ar:0.7",1.0,0.000143,s,,,max,OH;,,,x10000006.xml
1250.0,K,181984.53,Pa,"H2:0.2, O2:0.1, Ar:0.7",1.0,0.00011499999999999999,s,,,max,OH;,,,x10000006.xml
1280.0,K,187984.02,Pa,"H2:0.2, O2:0.1, Ar:0.7",1.0,0.00010899999999999999,s,,,max,OH;,,,x10000006.xml
1300.0,K,193983.51,Pa,"H2:0.2, O2:0.1, Ar:0.7",1.0,0.000117,s,,,max,OH;,,,x10000006.xml
1335.0,K,203316.05000000002,Pa,"H2:0.2, O2:0.1, Ar:0.7",1.0,8.4e-05,s,,,max,OH;,,,x10000006.xml
890.0,K,191983.68,Pa,"H2:0.2, O2:0.1, Ar:0.7",1.0,0.00122,s,,,d/dt max,P;,,,x10000007_x.xml
925.0,K,206649.1,Pa,"H2:0.2, O2:0.1, Ar:0.7",1.0,0.0011409999999999999,s,,,d/dt max,P;,,,x10000007_x.xml
942.0,K,213315.2,Pa,"H2:0.2, O2:0.1, Ar:0.7",1.0,0.0011639999999999999,s,,,d/dt max,P;,,,x10000007_x.xml
950.0,K,218648.08000000002,Pa,"H2:0.2, O2:0.1, Ar:0.7",1.0,0.00112,s,,,d/dt max,P;,,,x10000007_x.xml
957.0,K,221314.52000000002,Pa,"H2:0.2, O2:0.1, Ar:0.7",1.0,0.0010199999999999999,s,,,d/dt max,P;,,,x10000007_x.xml
975.0,K,229313.84,Pa,"H2:0.2, O2:0.1, Ar:0.7",1.0,0.000958,s,,,d/dt max,P;,,,x10000007_x.xml
980.0,K,230647.06,Pa,"H2:0.2, O2:0.1, Ar:0.7",1.0,0.0006299999999999999,s,,,d/dt max,P;,,,x10000007_x.xml
990.0,K,235979.94,Pa,"H2:0.2, O2:0.1, Ar:0.7",1.0,0.000624,s,,,d/dt max,P;,,,x10000007_x.xml
1000.0,K,239979.6,Pa,"H2:0.2, O2:0.1, Ar:0.7",1.0,0.00015999999999999999,s,,,d/dt max,P;,,,x10000007_x.xml
1005.0,K,240646.21,Pa,"H2:0.2, O2:0.1, Ar:0.7",1.0,0.000158,s,,,d/dt max,P;,,,x10000007_x.xml
1015.0,K,245312.48,Pa,"H2:0.2, O2:0.1, Ar:0.7",1.0,0.00018999999999999998,s,,,d/dt max,P;,,,x10000007_x.xml
1018.0,K,247978.92,Pa,"H2:0.2, O2:0.1, Ar:0.7",1.0,0.000179,s,,,d/dt max,P;,,,x10000007_x.xml
1023.0,K,250645.36000000002,Pa,"H2:0.2, O2:0.1, Ar:0.7",1.0,0.00015999999999999999,s,,,d/dt max,P;,,,x10000007_x.xml
1042.0,K,261311.12,Pa,"H2:0.2, O2:0.1, Ar:0.7",1.0,0.00011999999999999999,s,,,d/dt max,P;,,,x10000007_x.xml
1060.0,K,270643.66000000003,Pa,"H2:0.2, O2:0.1, Ar:0.7",1.0,0.000126,s,,,d/dt max,P;,,,x10000007_x.xml
1063.0,K,272643.49,Pa,"H2:0.2, O2:0.1, Ar:0.7",1.0,0.00011999999999999999,s,,,d/dt max,P;,,,x10000007_x.xml
1076.0,K,277309.76,Pa,"H2:0.2, O2:0.1, Ar:0.7",1.0,0.000138,s,,,d/dt max,P;,,,x10000007_x.xml
1431.0,K,101325.0,Pa,"H2:0.03, O2:0.015, Ar:0.955",1.0,0.0001157,s,,,d/dt max,OH*;,,,x10000008.xml
1424.0,K,101325.0,Pa,"H2:0.03, O2:0.015, Ar:0.955",1.0,0.0001422,s,,,d/dt max,OH*;,,,x10000008.xml
1400.0,K,101325.0,Pa,"H2:0.03, O2:0.015, Ar:0.955",1.0,0.00015309999999999998,s,,,d/dt max,OH*;,,,x10000008.xml
1364.0,K,101325.0,Pa,"H2:0.03, O2:0.015, Ar:0.955",1.0,0.00016659999999999998,s,,,d/dt max,OH*;,,,x10000008.xml
1352.0,K,101325.0,Pa,"H2:0.03, O2:0.015, Ar:0.955",1.0,0.0001892,s,,,d/dt max,OH*;,,,x10000008.xml
1334.0,K,101325.0,Pa,"H2:0.03, O2:0.015, Ar:0.955",1.0,0.00018819999999999997,s,,,d/dt max,OH*;,,,x10000008.xml
1276.0,K,101325.0,Pa,"H2:0.03, O2:0.015, Ar:0.955",1.0,0.0002385,s,,,d/dt max,OH*;,,,x10000008.xml
1244.0,K,101325.0,Pa,"H2:0.03, O2:0.015, Ar:0.955",1.0,0.0002933,s,,,d/dt max,OH*;,,,x10000008.xml
1239.0,K,101325.0,Pa,"H2:0.03, O2:0.015, Ar:0.955",1.0,0.00028619999999999996,s,,,d/dt max,OH*;,,,x10000008.xml
1220.0,K,101325.0,Pa,"H2:0.03, O2:0.015, Ar:0.955",1.0,0.0003475,s,,,d/dt max,OH*;,,,x10000008.xml
1203.0,K,101325.0,Pa,"H2:0.03, O2:0.015, Ar:0.955",1.0,0.0003517,s,,,d/dt max,OH*;,,,x10000008.xml
1202.0,K,101325.0,Pa,"H2:0.03, O2:0.015, Ar:0.955",1.0,0.0003716,s,,,d/dt max,OH*;,,,x10000008.xml
1182.0,K,101325.0,Pa,"H2:0.03, O2:0.015, Ar:0.955",1.0,0.0003853,s,,,d/dt max,OH*;,,,x10000008.xml
1173.0,K,101325.0,Pa,"H2:0.03, O2:0.015, Ar:0.955",1.0,0.0004046,s,,,d/dt max,OH*;,,,x10000008.xml
1172.0,K,101325.0,Pa,"H2:0.03, O2:0.015, Ar:0.955",1.0,0.0004274,s,,,d/dt max,OH*;,,,x10000008.xml
1150.0,K,101325.0,Pa,"H2:0.03, O2:0.015, Ar:0.955",1.0,0.0005316,s,,,d/dt max,OH*;,,,x10000008.xml
1149.0,K,101325.0,Pa,"H2:0.03, O2:0.015, Ar:0.955",1.0,0.0004543,s,,,d/dt max,OH*;,,,x10000008.xml
1134.0,K,101325.0,Pa,"H2:0.03, O2:0.015, Ar:0.955",1.0,0.0005221,s,,,d/dt max,OH*;,,,x10000008.xml
1130.0,K,101325.0,Pa,"H2:0.03, O2:0.015, Ar:0.955",1.0,0.0004977,s,,,d/dt max,OH*;,,,x10000008.xml
1096.0,K,101325.0,Pa,"H2:0.03, O2:0.015, Ar:0.955",1.0,0.0005828,s,,,d/dt max,OH*;,,,x10000008.xml
1048.0,K,101325.0,Pa,"H2:0.03, O2:0.015, Ar:0.955",1.0,0.0008916,s,,,d/dt max,OH*;,,,x10000008.xml
1026.0,K,101325.0,Pa,"H2:0.03, O2:0.015, Ar:0.955",1.0,0.0009084,s,,,d/dt max,OH*;,,,x10000008.xml
1009.0,K,101325.0,Pa,"H2:0.03, O2:0.015, Ar:0.955",1.0,0.0012453,s,,,d/dt max,OH*;,,,x10000008.xml
1343.0,K,101325.0,Pa,"H2:0.03, O2:0.015, Ar:0.955",1.0,0.00019859999999999998,s,,,d/dt max,OH*;,,,x10000008.xml
1511.0,K,101325.0,Pa,"H2:0.0336, O2:0.0114, Ar:0.955",1.4736842105263157,0.0001202,s,,,d/dt max,OH*;,,,x10000016.xml
1305.0,K,101325.0,Pa,"H2:0.0336, O2:0.0114, Ar:0.955",1.4736842105263157,0.0002019,s,,,d/dt max,OH*;,,,x10000016.xml
1225.0,K,101325.0,Pa,"H2:0.0336, O2:0.0114, Ar:0.955",1.4736842105263157,0.0002745,s,,,d/dt max,OH*;,,,x10000016.xml
1111.0,K,101325.0,Pa,"H2:0.0336, O2:0.0114, Ar:0.955",1.4736842105263157,0.0005717999999999999,s,,,d/dt max,OH*;,,,x10000016.xml
1545.0,K,101325.0,Pa,"H2:0.0103, O2:0.005, Ar:0.9847",1.03,0.0002078,s,,,d/dt max,OH*;,,,x10000017_x.xml
1442.0,K,101325.0,Pa,"H2:0.0103, O2:0.005, Ar:0.9847",1.03,0.000269,s,,,d/dt max,OH*;,,,x10000017_x.xml
1433.0,K,101325.0,Pa,"H2:0.0103, O2:0.005, Ar:0.9847",1.03,0.0002479,s,,,d/dt max,OH*;,,,x10000017_x.xml
1390.0,K,101325.0,Pa,"H2:0.0103, O2:0.005, Ar:0.9847",1.03,0.0003456,s,,,d/dt max,OH*;,,,x10000017_x.xml
1312.0,K,101325.0,Pa,"H2:0.0103, O2:0.005, Ar:0.9847",1.03,0.000444,s,,,d/dt max,OH*;,,,x10000017_x.xml
1302.0,K,101325.0,Pa,"H2:0.0103, O2:0.005, Ar:0.9847",1.03,0.0004643,s,,,d/dt max,OH*;,,,x10000017_x.xml
1270.0,K,101325.0,Pa,"H2:0.0103, O2:0.005, Ar:0.9847",1.03,0.0006011,s,,,d/dt max,OH*;,,,x10000017_x.xml
1181.0,K,101325.0,Pa,"H2:0.0103, O2:0.005, Ar:0.9847",1.03,0.0009778999999999999,s,,,d/dt max,OH*;,,,x10000017_x.xml
1753.0,K,101325.0,Pa,"H2:0.0103, O2:0.005, Ar:0.9847",1.03,9.29e-05,s,,,d/dt max,OH*;,,,x10000017_x.xml
1323.0,K,253312.5,Pa,"H2:0.2959, O2:0.1479, N2:0.5562",1.000338066260987,1.01e-05,s,,,d/dt max,P;,,,x10000020.xml
1289.0,K,253312.5,Pa,"H2:0.2959, O2:0.1479, N2:0.5562",1.000338066260987,1.2499999999999999e-05,s,,,d/dt max,P;,,,x10000020.xml
1268.0,K,253312.5,Pa,"H2:0.2959, O2:0.1479, N2:0.5562",1.000338066260987,1.28e-05,s,,,d/dt max,P;,,,x10000020.xml
1258.0,K,253312.5,Pa,"H2:0.2959, O2:0.1479, N2:0.5562",1.000338066260987,1.21e-05,s,,,d/dt max,P;,,,x10000020.xml
1232.0,K,253312.5,Pa,"H2:0.2959, O2:0.1479, N2:0.5562",1.000338066260987,1.4999999999999999e-05,s,,,d/dt max,P;,,,x10000020.xml
1200.0,K,253312.5,Pa,"H2:0.2959, O2:0.1479, N2:0.5562",1.000338066260987,1.81e-05,s,,,d/dt max,P;,,,x10000020.xml
1180.0,K,253312.5,Pa,"H2:0.2959, O2:0.1479, N2:0.5562",1.000338066260987,2.1e-05,s,,,d/dt max,P;,,,x10000020.xml
1171.0,K,253312.5,Pa,"H2:0.2959, O2:0.1479, N2:0.5562",1.000338066260987,2.18e-05,s,,,d/dt max,P;,,,x10000020.xml
1116.0,K,253312.5,Pa,"H2:0.2959, O2:0.1479, N2:0.5562",1.000338066260987,3.5499999999999996e-05,s,,,d/dt max,P;,,,x10000020.xml
1098.0,K,253312.5,Pa,"H2:0.2959, O2:0.1479, N2:0.5562",1.000338066260987,4.4899999999999994e-05,s,,,d/dt max,P;,,,x10000020.xml
1081.0,K,253312.5,Pa,"H2:0.2959, O2:0.1479, N2:0.5562",1.000338066260987,6.440000000000001e-05,s,,,d/dt max,P;,,,x10000020.xml
1077.0,K,253312.5,Pa,"H2:0.2959, O2:0.1479, N2:0.5562",1.000338066260987,5.82e-05,s,,,d/dt max,P;,,,x10000020.xml
1067.0,K,253312.5,Pa,"H2:0.2959, O2:0.1479, N2:0.5562",1.000338066260987,8.609999999999999e-05,s,,,d/dt max,P;,,,x10000020.xml
1038.0,K,253312.5,Pa,"H2:0.2959, O2:0.1479, N2:0.5562",1.000338066260987,0.0001916,s,,,d/dt max,P;,,,x10000020.xml
1272.0,K,405300.0,Pa,"H2:0.1125, O2:0.1339, N2:0.5036, H2O:0.25",0.42008961911874537,3.64e-05,s,,,max,OH;,,,x10000021_x.xml
1254.0,K,405300.0,Pa,"H2:0.1125, O2:0.1339, N2:0.5036, H2O:0.25",0.42008961911874537,8.929999999999999e-05,s,,,max,OH;,,,x10000021_x.xml
1230.0,K,405300.0,Pa,"H2:0.1125, O2:0.1339, N2:0.5036, H2O:0.25",0.42008961911874537,0.00013619999999999998,s,,,max,OH;,,,x10000021_x.xml
1196.0,K,405300.0,Pa,"H2:0.1125, O2:0.1339, N2:0.5036, H2O:0.25",0.42008961911874537,0.0002683,s,,,max,OH;,,,x10000021_x.xml
1160.0,K,405300.0,Pa,"H2:0.1125, O2:0.1339, N2:0.5036, H2O:0.25",0.42008961911874537,0.0007092,s,,,max,OH;,,,x10000021_x.xml
1134.0,K,405300.0,Pa,"H2:0.1125, O2:0.1339, N2:0.5036, H2O:0.25",0.42008961911874537,0.0011243,s,,,max,OH;,,,x10000021_x.xml
1091.0,K,405300.0,Pa,"H2:0.1125, O2:0.1339, N2:0.5036, H2O:0.25",0.42008961911874537,0.0017329000000000001,s,,,max,OH;,,,x10000021_x.xml
1075.0,K,405300.0,Pa,"H2:0.1125, O2:0.1339, N2:0.5036, H2O:0.25",0.42008961911874537,0.0015827,s,,,max,OH;,,,x10000021_x.xml
1063.0,K,405300.0,Pa,"H2:0.1125, O2:0.1339, N2:0.5036, H2O:0.25",0.42008961911874537,0.001483,s,,,max,OH;,,,x10000021_x.xml
1051.0,K,405300.0,Pa,"H2:0.1125, O2:0.1339, N2:0.5036, H2O:0.25",0.42008961911874537,0.0024754,s,,,max,OH;,,,x10000021_x.xml
1174.0,K,405300.0,Pa,"H2:0.15, O2:0.1785, N2:0.6715",0.42016806722689076,1.8999999999999998e-05,s,,,max,OH;,,,x10000022.xml
1166.0,K,405300.0,Pa,"H2:0.15, O2:0.1785, N2:0.6715",0.42016806722689076,1.7e-05,s,,,max,OH;,,,x10000022.xml
1159.0,K,405300.0,Pa,"H2:0.15, O2:0.1785, N2:0.6715",0.42016806722689076,2.4999999999999998e-05,s,,,max,OH;,,,x10000022.xml
1119.0,K,405300.0,Pa,"H2:0.15, O2:0.1785, N2:0.6715",0.42016806722689076,8.3e-05,s,,,max,OH;,,,x10000022.xml
1084.0,K,405300.0,Pa,"H2:0.15, O2:0.1785, N2:0.6715",0.42016806722689076,0.000125,s,,,max,OH;,,,x10000022.xml
1086.0,K,405300.0,Pa,"H2:0.15, O2:0.1785, N2:0.6715",0.42016806722689076,0.000136,s,,,max,OH;,,,x10000022.xml
1088.0,K,405300.0,Pa,"H2:0.15, O2:0.1785, N2:0.6715",0.42016806722689076,0.000124,s,,,max,OH;,,,x10000022.xml
1055.0,K,405300.0,Pa,"H2:0.15, O2:0.1785, N2:0.6715",0.42016806722689076,0.000358,s,,,max,OH;,,,x10000022.xml
1052.0,K,405300.0,Pa,"H2:0.15, O2:0.1785, N2:0.6715",0.42016806722689076,0.000392,s,,,max,OH;,,,x10000022.xml
1032.0,K,405300.0,Pa,"H2:0.15, O2:0.1785, N2:0.6715",0.42016806722689076,0.000383,s,,,max,OH;,,,x10000022.xml
1025.0,K,405300.0,Pa,"H2:0.15, O2:0.1785, N2:0.6715",0.42016806722689076,0.000535,s,,,max,OH;,,,x10000022.xml
1019.0,K,405300.0,Pa,"H2:0.15, O2:0.1785, N2:0.6715",0.42016806722689076,0.000572,s,,,max,OH;,,,x10000022.xml
1030.0,K,405300.0,Pa,"H2:0.15, O2:0.1785, N2:0.6715",0.42016806722689076,0.0007819999999999999,s,,,max,OH;,,,x10000022.xml
1020.0,K,405300.0,Pa,"H2:0.15, O2:0.1785, N2:0.6715",0.42016806722689076,0.0007999999999999999,s,,,max,OH;,,,x10000022.xml
1015.0,K,405300.0,Pa,"H2:0.15, O2:0.1785, N2:0.6715",0.42016806722689076,0.0007999999999999999,s,,,max,OH;,,,x10000022.xml
983.0,K,405300.0,Pa,"H2:0.15, O2:0.1785, N2:0.6715",0.42016806722689076,0.000753,s,,,max,OH;,,,x10000022.xml
1239.0,K,405300.0,Pa,"H2:0.1275, O2:0.1517, H2O:0.15, N2:0.5708",0.42023731048121293,2.96e-05,s,,,max,OH;,,,x10000023.xml
1233.0,K,405300.0,Pa,"H2:0.1275, O2:0.1517, H2O:0.15, N2:0.5708",0.42023731048121293,2.5699999999999998e-05,s,,,max,OH;,,,x10000023.xml
1226.0,K,405300.0,Pa,"H2:0.1275, O2:0.1517, H2O:0.15, N2:0.5708",0.42023731048121293,3.2399999999999995e-05,s,,,max,OH;,,,x10000023.xml
1223.0,K,405300.0,Pa,"H2:0.1275, O2:0.1517, H2O:0.15, N2:0.5708",0.42023731048121293,2.74e-05,s,,,max,OH;,,,x10000023.xml
1210.0,K,405300.0,Pa,"H2:0.1275, O2:0.1517, H2O:0.15, N2:0.5708",0.42023731048121293,4.07e-05,s,,,max,OH;,,,x10000023.xml
1185.0,K,405300.0,Pa,"H2:0.1275, O2:0.1517, H2O:0.15, N2:0.5708",0.42023731048121293,4.07e-05,s,,,max,OH;,,,x10000023.xml
1170.0,K,405300.0,Pa,"H2:0.1275, O2:0.1517, H2O:0.15, N2:0.5708",0.42023731048121293,5.3899999999999996e-05,s,,,max,OH;,,,x10000023.xml
1156.0,K,405300.0,Pa,"H2:0.1275, O2:0.1517, H2O:0.15, N2:0.5708",0.42023731048121293,7.909999999999998e-05,s,,,max,OH;,,,x10000023.xml
1143.0,K,405300.0,Pa,"H2:0.1275, O2:0.1517, H2O:0.15, N2:0.5708",0.42023731048121293,0.00018419999999999998,s,,,max,OH;,,,x10000023.xml
1135.0,K,405300.0,Pa,"H2:0.1275, O2:0.1517, H2O:0.15, N2:0.5708",0.42023731048121293,0.0001683,s,,,max,OH;,,,x10000023.xml
1131.0,K,405300.0,Pa,"H2:0.1275, O2:0.1517, H2O:0.15, N2:0.5708",0.42023731048121293,0.0001773,s,,,max,OH;,,,x10000023.xml
1115.0,K,405300.0,Pa,"H2:0.1275, O2:0.1517, H2O:0.15, N2:0.5708",0.42023731048121293,0.0010531,s,,,max,OH;,,,x10000023.xml
1113.0,K,405300.0,Pa,"H2:0.1275, O2:0.1517, H2O:0.15, N2:0.5708",0.42023731048121293,0.0010929,s,,,max,OH;,,,x10000023.xml
1110.0,K,405300.0,Pa,"H2:0.1275, O2:0.1517, H2O:0.15, N2:0.5708",0.42023731048121293,0.0012276,s,,,max,OH;,,,x10000023.xml
1103.0,K,405300.0,Pa,"H2:0.1275, O2:0.1517, H2O:0.15, N2:0.5708",0.42023731048121293,0.0013599999999999999,s,,,max,OH;,,,x10000023.xml
1095.0,K,405300.0,Pa,"H2:0.1275, O2:0.1517, H2O:0.15, N2:0.5708",0.42023731048121293,0.0011639999999999999,s,,,max,OH;,,,x10000023.xml
1083.0,K,405300.0,Pa,"H2:0.1275, O2:0.1517, H2O:0.15, N2:0.5708",0.42023731048121293,0.0009722999999999999,s,,,max,OH;,,,x10000023.xml
1080.0,K,405300.0,Pa,"H2:0.1275, O2:0.1517, H2O:0.15, N2:0.5708",0.42023731048121293,0.0012887999999999999,s,,,max,OH;,,,x10000023.xml
1061.0,K,405300.0,Pa,"H2:0.1275, O2:0.1517, H2O:0.15, N2:0.5708",0.42023731048121293,0.0016857999999999999,s,,,max,OH;,,,x10000023.xml
1036.0,K,405300.0,Pa,"H2:0.1275, O2:0.1517, H2O:0.15, N2:0.5708",0.42023731048121293,0.0016602,s,,,max,OH;,,,x10000023.xml
1011.0,K,405300.0,Pa,"H2:0.1275, O2:0.1517, H2O:0.15, N2:0.5708",0.42023731048121293,0.0013325999999999998,s,,,max,OH;,,,x10000023.xml
1331.0,K,405300.0,Pa,"H2:0.09, O2:0.1071, N2:0.4029, H2O:0.4",0.42016806722689076,4.4200000000000004e-05,s,,,max,OH;,,,x10000024_x.xml
1301.0,K,405300.0,Pa,"H2:0.09, O2:0.1071, N2:0.4029, H2O:0.4",0.42016806722689076,0.0001072,s,,,max,OH;,,,x10000024_x.xml
1267.0,K,405300.0,Pa,"H2:0.09, O2:0.1071, N2:0.4029, H2O:0.4",0.42016806722689076,0.00020559999999999998,s,,,max,OH;,,,x10000024_x.xml
1245.0,K,405300.0,Pa,"H2:0.09, O2:0.1071, N2:0.4029, H2O:0.4",0.42016806722689076,0.000276,s,,,max,OH;,,,x10000024_x.xml
1207.0,K,405300.0,Pa,"H2:0.09, O2:0.1071, N2:0.4029, H2O:0.4",0.42016806722689076,0.00047819999999999997,s,,,max,OH;,,,x10000024_x.xml
1208.0,K,405300.0,Pa,"H2:0.09, O2:0.1071, N2:0.4029, H2O:0.4",0.42016806722689076,0.0006256,s,,,max,OH;,,,x10000024_x.xml
1201.0,K,405300.0,Pa,"H2:0.09, O2:0.1071, N2:0.4029, H2O:0.4",0.42016806722689076,0.0006931,s,,,max,OH;,,,x10000024_x.xml
1166.0,K,405300.0,Pa,"H2:0.09, O2:0.1071, N2:0.4029, H2O:0.4",0.42016806722689076,0.0013655999999999998,s,,,max,OH;,,,x10000024_x.xml
1152.0,K,405300.0,Pa,"H2:0.09, O2:0.1071, N2:0.4029, H2O:0.4",0.42016806722689076,0.0013995,s,,,max,OH;,,,x10000024_x.xml
1126.0,K,405300.0,Pa,"H2:0.09, O2:0.1071, N2:0.4029, H2O:0.4",0.42016806722689076,0.0016935999999999997,s,,,max,OH;,,,x10000024_x.xml
1101.0,K,405300.0,Pa,"H2:0.09, O2:0.1071, N2:0.4029, H2O:0.4",0.42016806722689076,0.001849,s,,,max,OH;,,,x10000024_x.xml
1075.3,K,405300.0,Pa,"H2:0.09, O2:0.1071, N2:0.4029, H2O:0.4",0.42016806722689076,0.0017754000000000001,s,,,max,OH;,,,x10000024_x.xml
1252.0,K,962587.5,Pa,"H2:0.1125, O2:0.1339, N2:0.5036, H2O:0.25",0.42008961911874537,5.697999999999999e-05,s,,,max,OH;,,,x10000025.xml
1244.0,K,962587.5,Pa,"H2:0.1125, O2:0.1339, N2:0.5036, H2O:0.25",0.42008961911874537,8.889e-05,s,,,max,OH;,,,x10000025.xml
1212.0,K,962587.5,Pa,"H2:0.1125, O2:0.1339, N2:0.5036, H2O:0.25",0.42008961911874537,0.00022516,s,,,max,OH;,,,x10000025.xml
1199.0,K,962587.5,Pa,"H2:0.1125, O2:0.1339, N2:0.5036, H2O:0.25",0.42008961911874537,0.00032766,s,,,max,OH;,,,x10000025.xml
1188.0,K,962587.5,Pa,"H2:0.1125, O2:0.1339, N2:0.5036, H2O:0.25",0.42008961911874537,0.00052687,s,,,max,OH;,,,x10000025.xml
1154.0,K,962587.5,Pa,"H2:0.1125, O2:0.1339, N2:0.5036, H2O:0.25",0.42008961911874537,0.0012324,s,,,max,OH;,,,x10000025.xml
1146.0,K,962587.5,Pa,"H2:0.1125, O2:0.1339, N2:0.5036, H2O:0.25",0.42008961911874537,0.0014153,s,,,max,OH;,,,x10000025.xml
1118.0,K,962587.5,Pa,"H2:0.1125, O2:0.1339, N2:0.5036, H2O:0.25",0.42008961911874537,0.0012537,s,,,max,OH;,,,x10000025.xml
1122.0,K,962587.5,Pa,"H2:0.1125, O2:0.1339, N2:0.5036, H2O:0.25",0.42008961911874537,0.0013576999999999999,s,,,max,OH;,,,x10000025.xml
1099.0,K,962587.5,Pa,"H2:0.1125, O2:0.1339, N2:0.5036, H2O:0.25",0.42008961911874537,0.0012527999999999999,s,,,max,OH;,,,x10000025.xml
1209.0,K,1621200.0,Pa,"H2:0.1125, O2:0.1339, N2:0.5036, H2O:0.25",0.42008961911874537,0.000363,s,,,max,OH;,,,x10000026.xml
1188.0,K,1621200.0,Pa,"H2:0.1125, O2:0.1339, N2:0.5036, H2O:0.25",0.42008961911874537,0.0006632,s,,,max,OH;,,,x10000026.xml
1180.0,K,1621200.0,Pa,"H2:0.1125, O2:0.1339, N2:0.5036, H2O:0.25",0.42008961911874537,0.0007425999999999999,s,,,max,OH;,,,x10000026.xml
1170.0,K,1621200.0,Pa,"H2:0.1125, O2:0.1339, N2:0.5036, H2O:0.25",0.42008961911874537,0.0007428,s,,,max,OH;,,,x10000026.xml
1149.0,K,1621200.0,Pa,"H2:0.1125, O2:0.1339, N2:0.5036, H2O:0.25",0.42008961911874537,0.0010302999999999998,s,,,max,OH;,,,x10000026.xml
1146.0,K,1621200.0,Pa,"H2:0.1125, O2:0.1339, N2:0.5036, H2O:0.25",0.42008961911874537,0.0011645,s,,,max,OH;,,,x10000026.xml
1125.0,K,1621200.0,Pa,"H2:0.1125, O2:0.1339, N2:0.5036, H2O:0.25",0.42008961911874537,0.0014157,s,,,max,OH;,,,x10000026.xml
1105.0,K,1621200.0,Pa,"H2:0.1125, O2:0.1339, N2:0.5036, H2O:0.25",0.42008961911874537,0.0015839,s,,,max,OH;,,,x10000026.xml
1084.0,K,1621200.0,Pa,"H2:0.1125, O2:0.1339, N2:0.5036, H2O:0.25",0.42008961911874537,0.0019837,s,,,max,OH;,,,x10000026.xml
1068.5,K,1621200.0,Pa,"H2:0.1125, O2:0.1339, N2:0.5036, H2O:0.25",0.42008961911874537,0.0023859,s,,,max,OH;,,,x10000026.xml
1049.0,K,1621200.0,Pa,"H2:0.1125, O2:0.1339, N2:0.5036, H2O:0.25",0.42008961911874537,0.002727,s,,,max,OH;,,,x10000026.xml
2258.0,K,40428.675,Pa,"H2:0.01, O2:0.03, Ar:0.96",0.16666666666666669,1.86e-05,s,,,max,OH;,,,x10000027_x.xml
2278.0,K,40833.975000000006,Pa,"H2:0.01, O2:0.03, Ar:0.96",0.16666666666666669,2.67e-05,s,,,max,OH;,,,x10000027_x.xml
2320.0,K,41745.899999999994,Pa,"H2:0.01, O2:0.03, Ar:0.96",0.16666666666666669,2.99e-05,s,,,max,OH;,,,x10000027_x.xml
2074.0,K,36679.65,Pa,"H2:0.01, O2:0.03, Ar:0.96",0.16666666666666669,4.97e-05,s,,,max,OH;,,,x10000027_x.xml
1929.0,K,33842.55,Pa,"H2:0.01, O2:0.03, Ar:0.96",0.16666666666666669,3.4299999999999993e-05,s,,,max,OH;,,,x10000027_x.xml
1838.0,K,31917.375,Pa,"H2:0.01, O2:0.03, Ar:0.96",0.16666666666666669,6.37e-05,s,,,max,OH;,,,x10000027_x.xml
1736.0,K,29890.875,Pa,"H2:0.01, O2:0.03, Ar:0.96",0.16666666666666669,7.4e-05,s,,,max,OH;,,,x10000027_x.xml
1745.0,K,30093.524999999998,Pa,"H2:0.01, O2:0.03, Ar:0.96",0.16666666666666669,9.329999999999999e-05,s,,,max,OH;,,,x10000027_x.xml
1572.0,K,26547.15,Pa,"H2:0.01, O2:0.03, Ar:0.96",0.16666666666666669,0.00011169999999999999,s,,,max,OH;,,,x10000027_x.xml
1604.0,K,27256.425000000003,Pa,"H2:0.01, O2:0.03, Ar:0.96",0.16666666666666669,0.0001448,s,,,max,OH;,,,x10000027_x.xml
1605.0,K,27256.425000000003,Pa,"H2:0.01, O2:0.03, Ar:0.96",0.16666666666666669,0.0001644,s,,,max,OH;,,,x10000027_x.xml
1428.0,K,23608.725000000002,Pa,"H2:0.01, O2:0.03, Ar:0.96",0.16666666666666669,0.00021569999999999998,s,,,max,OH;,,,x10000027_x.xml
2554.0,K,46609.5,Pa,"H2:0.01, O2:0.01, Ar:0.98",0.5,2.91e-05,s,,,max,OH;,,,x10000028.xml
2420.0,K,43873.725,Pa,"H2:0.01, O2:0.01, Ar:0.98",0.5,3.95e-05,s,,,max,OH;,,,x10000028.xml
2364.0,K,42759.15,Pa,"H2:0.01, O2:0.01, Ar:0.98",0.5,7.3e-05,s,,,max,OH;,,,x10000028.xml
2287.0,K,41239.274999999994,Pa,"H2:0.01, O2:0.01, Ar:0.98",0.5,8.359999999999999e-05,s,,,max,OH;,,,x10000028.xml
2231.0,K,40124.700000000004,Pa,"H2:0.01, O2:0.01, Ar:0.98",0.5,8.979999999999999e-05,s,,,max,OH;,,,x10000028.xml
2067.0,K,36780.975,Pa,"H2:0.01, O2:0.01, Ar:0.98",0.5,9.340000000000001e-05,s,,,max,OH;,,,x10000028.xml
1981.0,K,35058.45,Pa,"H2:0.01, O2:0.01, Ar:0.98",0.5,6.97e-05,s,,,max,OH;,,,x10000028.xml
1794.0,K,31208.1,Pa,"H2:0.01, O2:0.01, Ar:0.98",0.5,0.0001172,s,,,max,OH;,,,x10000028.xml
1770.0,K,30701.475,Pa,"H2:0.01, O2:0.01, Ar:0.98",0.5,0.000136,s,,,max,OH;,,,x10000028.xml
1738.0,K,30093.524999999998,Pa,"H2:0.01, O2:0.01, Ar:0.98",0.5,0.00022449999999999998,s,,,max,OH;,,,x10000028.xml
1681.0,K,28978.949999999997,Pa,"H2:0.01, O2:0.01, Ar:0.98",0.5,0.0002501,s,,,max,OH;,,,x10000028.xml
1653.0,K,28371.000000000004,Pa,"H2:0.01, O2:0.01, Ar:0.98",0.5,0.0002725,s,,,max,OH;,,,x10000028.xml
1633.0,K,27965.7,Pa,"H2:0.01, O2:0.01, Ar:0.98",0.5,0.0002304,s,,,max,OH;,,,x10000028.xml
1615.0,K,27560.4,Pa,"H2:0.01, O2:0.01, Ar:0.98",0.5,0.00026169999999999996,s,,,max,OH;,,,x10000028.xml
1602.0,K,27357.75,Pa,"H2:0.01, O2:0.01, Ar:0.98",0.5,0.000287,s,,,max,OH;,,,x10000028.xml
2352.0,K,42353.85,Pa,"H2:0.03, O2:0.01, Ar:0.96",1.5,2.24e-05,s,,,max,OH;,,,x10000029_x.xml
2423.0,K,43772.4,Pa,"H2:0.03, O2:0.01, Ar:0.96",1.5,3.18e-05,s,,,max,OH;,,,x10000029_x.xml
2313.0,K,41543.25,Pa,"H2:0.03, O2:0.01, Ar:0.96",1.5,3.85e-05,s,,,max,OH;,,,x10000029_x.xml
2115.0,K,37591.575,Pa,"H2:0.03, O2:0.01, Ar:0.96",1.5,3.45e-05,s,,,max,OH;,,,x10000029_x.xml
1896.0,K,33133.275,Pa,"H2:0.03, O2:0.01, Ar:0.96",1.5,7.340000000000001e-05,s,,,max,OH;,,,x10000029_x.xml
1735.0,K,29890.875,Pa,"H2:0.03, O2:0.01, Ar:0.96",1.5,9.279999999999999e-05,s,,,max,OH;,,,x10000029_x.xml
1726.0,K,29688.225,Pa,"H2:0.03, O2:0.01, Ar:0.96",1.5,0.0001357,s,,,max,OH;,,,x10000029_x.xml
1646.0,K,28067.025,Pa,"H2:0.03, O2:0.01, Ar:0.96",1.5,0.00011559999999999999,s,,,max,OH;,,,x10000029_x.xml
1574.0,K,26547.15,Pa,"H2:0.03, O2:0.01, Ar:0.96",1.5,0.000226,s,,,max,OH;,,,x10000029_x.xml
1480.0,K,24621.975,Pa,"H2:0.03, O2:0.01, Ar:0.96",1.5,0.00028169999999999996,s,,,max,OH;,,,x10000029_x.xml
1194.743,K,500000.0,Pa,"H2:0.03471, O2:0.03471, Ar:0.93058",0.5,2.232698e-05,s,,,d/dt max,OH;,,,x10000030_x.xml
1122.334,K,500000.0,Pa,"H2:0.03471, O2:0.03471, Ar:0.93058",0.5,6.275669e-05,s,,,d/dt max,OH;,,,x10000030_x.xml
1051.525,K,500000.0,Pa,"H2:0.03471, O2:0.03471, Ar:0.93058",0.5,0.00028621340000000003,s,,,d/dt max,OH;,,,x10000030_x.xml
1038.422,K,500000.0,Pa,"H2:0.03471, O2:0.03471, Ar:0.93058",0.5,0.0005192064,s,,,d/dt max,OH;,,,x10000030_x.xml
1033.058,K,500000.0,Pa,"H2:0.03471, O2:0.03471, Ar:0.93058",0.5,0.0008524521000000001,s,,,d/dt max,OH;,,,x10000030_x.xml
1023.541,K,500000.0,Pa,"H2:0.03471, O2:0.03471, Ar:0.93058",0.5,0.001266252,s,,,d/dt max,OH;,,,x10000030_x.xml
1023.541,K,500000.0,Pa,"H2:0.03471, O2:0.03471, Ar:0.93058",0.5,0.001543441,s,,,d/dt max,OH;,,,x10000030_x.xml
1222.494,K,1000000.0,Pa,"H2:0.03471, O2:0.03471, Ar:0.93058",0.5,1.483133e-05,s,,,d/dt max,OH;,,,x10000031.xml
1122.334,K,1000000.0,Pa,"H2:0.03471, O2:0.03471, Ar:0.93058",0.5,9.024435000000001e-05,s,,,d/dt max,OH;,,,x10000031.xml
1107.42,K,1000000.0,Pa,"H2:0.03471, O2:0.03471, Ar:0.93058",0.5,0.0004171959,s,,,d/dt max,OH;,,,x10000031.xml
1089.325,K,1000000.0,Pa,"H2:0.03471, O2:0.03471, Ar:0.93058",0.5,0.0007306342,s,,,d/dt max,OH;,,,x10000031.xml
1077.586,K,1000000.0,Pa,"H2:0.03471, O2:0.03471, Ar:0.93058",0.5,0.0009424753,s,,,d/dt max,OH;,,,x10000031.xml
1076.426,K,1000000.0,Pa,"H2:0.03471, O2:0.03471, Ar:0.93058",0.5,0.001341343,s,,,d/dt max,OH;,,,x10000031.xml
1064.963,K,1000000.0,Pa,"H2:0.03471, O2:0.03471, Ar:0.93058",0.5,0.001803059,s,,,d/dt max,OH;,,,x10000031.xml
1055.966,K,1000000.0,Pa,"H2:0.03471, O2:0.03471, Ar:0.93058",0.5,0.002565547,s,,,d/dt max,OH;,,,x10000031.xml
1041.667,K,1000000.0,Pa,"H2:0.03471, O2:0.03471, Ar:0.93058",0.5,0.003530449,s,,,d/dt max,OH;,,,x10000031.xml
1035.197,K,1000000.0,Pa,"H2:0.03471, O2:0.03471, Ar:0.93058",0.5,0.00292422,s,,,d/dt max,OH;,,,x10000031.xml
1267.427,K,2000000.0,Pa,"H2:0.03471, O2:0.03471, Ar:0.93058",0.5,9.869e-06,s,,,d/dt max,OH;,,,x10000032.xml
1169.591,K,2000000.0,Pa,"H2:0.03471, O2:0.03471, Ar:0.93058",0.5,5.678583e-05,s,,,d/dt max,OH;,,,x10000032.xml
1135.074,K,2000000.0,Pa,"H2:0.03471, O2:0.03471, Ar:0.93058",0.5,0.000299385,s,,,d/dt max,OH;,,,x10000032.xml
1092.896,K,2000000.0,Pa,"H2:0.03471, O2:0.03471, Ar:0.93058",0.5,0.0010243070000000001,s,,,d/dt max,OH;,,,x10000032.xml
1081.081,K,2000000.0,Pa,"H2:0.03471, O2:0.03471, Ar:0.93058",0.5,0.0011686650000000002,s,,,d/dt max,OH;,,,x10000032.xml
1064.963,K,2000000.0,Pa,"H2:0.03471, O2:0.03471, Ar:0.93058",0.5,0.0020578799999999998,s,,,d/dt max,OH;,,,x10000032.xml
1026.694,K,2000000.0,Pa,"H2:0.03471, O2:0.03471, Ar:0.93058",0.5,0.003274462,s,,,d/dt max,OH;,,,x10000032.xml
1011.122,K,2000000.0,Pa,"H2:0.03471, O2:0.03471, Ar:0.93058",0.5,0.003127519,s,,,d/dt max,OH;,,,x10000032.xml
1012.146,K,2000000.0,Pa,"H2:0.03471, O2:0.03471, Ar:0.93058",0.5,0.004130855,s,,,d/dt max,OH;,,,x10000032.xml
1528.0,K,158067.0,Pa,"H2:0.0075, O2:0.0125, Ar:0.98",0.3,0.000118,s,,,baseline min intercept from d/dt,OH*;,,,x10000033.xml
1321.0,K,157053.75,Pa,"H2:0.0075, O2:0.0125, Ar:0.98",0.3,0.000213,s,,,baseline min intercept from d/dt,OH*;,,,x10000033.xml
1218.0,K,165159.75,Pa,"H2:0.0075, O2:0.0125, Ar:0.98",0.3,0.000341,s,,,baseline min intercept from d/dt,OH*;,,,x10000033.xml
1137.0,K,171239.25,Pa,"H2:0.0075, O2:0.0125, Ar:0.98",0.3,0.0005,s,,,baseline min intercept from d/dt,OH*;,,,x10000033.xml
1078.0,K,171239.25,Pa,"H2:0.0075, O2:0.0125, Ar:0.98",0.3,0.0007059999999999999,s,,,baseline min intercept from d/dt,OH*;,,,x10000033.xml
1046.0,K,180358.5,Pa,"H2:0.0075, O2:0.0125, Ar:0.98",0.3,0.000936,s,,,baseline min intercept from d/dt,OH*;,,,x10000033.xml
998.0,K,175292.25,Pa,"H2:0.0075, O2:0.0125, Ar:0.98",0.3,0.0014629999999999999,s,,,baseline min intercept from d/dt,OH*;,,,x10000033.xml
974.0,K,177318.75,Pa,"H2:0.0075, O2:0.0125, Ar:0.98",0.3,0.0017009999999999998,s,,,baseline min intercept from d/dt,OH*;,,,x10000033.xml
1246.0,K,1649571.0,Pa,"H2:0.0075, O2:0.0125, Ar:0.98",0.3,4.6e-05,s,,,baseline min intercept from d/dt,OH*;,,,x10000034.xml
1172.0,K,1291893.75,Pa,"H2:0.0075, O2:0.0125, Ar:0.98",0.3,0.00015099999999999998,s,,,baseline min intercept from d/dt,OH*;,,,x10000034.xml
1158.0,K,1320264.75,Pa,"H2:0.0075, O2:0.0125, Ar:0.98",0.3,0.000203,s,,,baseline min intercept from d/dt,OH*;,,,x10000034.xml
1148.0,K,1268589.0,Pa,"H2:0.0075, O2:0.0125, Ar:0.98",0.3,0.000252,s,,,baseline min intercept from d/dt,OH*;,,,x10000034.xml
1138.0,K,1369914.0,Pa,"H2:0.0075, O2:0.0125, Ar:0.98",0.3,0.000335,s,,,baseline min intercept from d/dt,OH*;,,,x10000034.xml
1125.0,K,1389165.75,Pa,"H2:0.0075, O2:0.0125, Ar:0.98",0.3,0.000603,s,,,baseline min intercept from d/dt,OH*;,,,x10000034.xml
1116.0,K,1288854.0,Pa,"H2:0.0075, O2:0.0125, Ar:0.98",0.3,0.0007599999999999999,s,,,baseline min intercept from d/dt,OH*;,,,x10000034.xml
1110.0,K,1391192.25,Pa,"H2:0.0075, O2:0.0125, Ar:0.98",0.3,0.001162,s,,,baseline min intercept from d/dt,OH*;,,,x10000034.xml
1107.0,K,1311145.5,Pa,"H2:0.0075, O2:0.0125, Ar:0.98",0.3,0.001482,s,,,baseline min intercept from d/dt,OH*;,,,x10000034.xml
1102.0,K,1338503.25,Pa,"H2:0.0075, O2:0.0125, Ar:0.98",0.3,0.00163,s,,,baseline min intercept from d/dt,OH*;,,,x10000034.xml
1098.0,K,1343569.5,Pa,"H2:0.0075, O2:0.0125, Ar:0.98",0.3,0.0018599999999999999,s,,,baseline min intercept from d/dt,OH*;,,,x10000034.xml
1227.0,K,3358923.75,Pa,"H2:0.0075, O2:0.0125, Ar:0.98",0.3,0.00032199999999999997,s,,,baseline min intercept from d/dt,OH*;,,,x10000035.xml
1224.0,K,3236320.5,Pa,"H2:0.0075, O2:0.0125, Ar:0.98",0.3,0.00031,s,,,baseline min intercept from d/dt,OH*;,,,x10000035.xml
1215.0,K,3378175.5000000005,Pa,"H2:0.0075, O2:0.0125, Ar:0.98",0.3,0.00037799999999999997,s,,,baseline min intercept from d/dt,OH*;,,,x10000035.xml
1201.0,K,3443023.4999999995,Pa,"H2:0.0075, O2:0.0125, Ar:0.98",0.3,0.000605,s,,,baseline min intercept from d/dt,OH*;,,,x10000035.xml
1179.0,K,3276850.5000000005,Pa,"H2:0.0075, O2:0.0125, Ar:0.98",0.3,0.000896,s,,,baseline min intercept from d/dt,OH*;,,,x10000035.xml
1179.0,K,3453156.0,Pa,"H2:0.0075, O2:0.0125, Ar:0.98",0.3,0.0009469999999999999,s,,,baseline min intercept from d/dt,OH*;,,,x10000035.xml
1172.0,K,3308261.25,Pa,"H2:0.0075, O2:0.0125, Ar:0.98",0.3,0.0011229999999999999,s,,,baseline min intercept from d/dt,OH*;,,,x10000035.xml
1156.0,K,3191737.5,Pa,"H2:0.0075, O2:0.0125, Ar:0.98",0.3,0.001274,s,,,baseline min intercept from d/dt,OH*;,,,x10000035.xml
1155.0,K,3180591.75,Pa,"H2:0.0075, O2:0.0125, Ar:0.98",0.3,0.001328,s,,,baseline min intercept from d/dt,OH*;,,,x10000035.xml
1623.0,K,151987.5,Pa,"H2:0.01, O2:0.01, Ar:0.98",0.5,8.999999999999999e-05,s,,,baseline min intercept from d/dt,OH*;,,,x10000036.xml
1622.0,K,151987.5,Pa,"H2:0.01, O2:0.01, Ar:0.98",0.5,9.9e-05,s,,,baseline min intercept from d/dt,OH*;,,,x10000036.xml
1511.0,K,156040.5,Pa,"H2:0.01, O2:0.01, Ar:0.98",0.5,0.000121,s,,,baseline min intercept from d/dt,OH*;,,,x10000036.xml
1497.0,K,151987.5,Pa,"H2:0.01, O2:0.01, Ar:0.98",0.5,0.000118,s,,,baseline min intercept from d/dt,OH*;,,,x10000036.xml
1391.0,K,153000.75,Pa,"H2:0.01, O2:0.01, Ar:0.98",0.5,0.000185,s,,,baseline min intercept from d/dt,OH*;,,,x10000036.xml
1347.0,K,162120.0,Pa,"H2:0.01, O2:0.01, Ar:0.98",0.5,0.000194,s,,,baseline min intercept from d/dt,OH*;,,,x10000036.xml
1329.0,K,159080.25,Pa,"H2:0.01, O2:0.01, Ar:0.98",0.5,0.000232,s,,,baseline min intercept from d/dt,OH*;,,,x10000036.xml
1278.0,K,162120.0,Pa,"H2:0.01, O2:0.01, Ar:0.98",0.5,0.000247,s,,,baseline min intercept from d/dt,OH*;,,,x10000036.xml
1204.0,K,161106.75,Pa,"H2:0.01, O2:0.01, Ar:0.98",0.5,0.00038199999999999996,s,,,baseline min intercept from d/dt,OH*;,,,x10000036.xml
1162.0,K,165159.75,Pa,"H2:0.01, O2:0.01, Ar:0.98",0.5,0.000356,s,,,baseline min intercept from d/dt,OH*;,,,x10000036.xml
1154.0,K,163133.25,Pa,"H2:0.01, O2:0.01, Ar:0.98",0.5,0.00037799999999999997,s,,,baseline min intercept from d/dt,OH*;,,,x10000036.xml
1128.0,K,169212.75,Pa,"H2:0.01, O2:0.01, Ar:0.98",0.5,0.0005,s,,,baseline min intercept from d/dt,OH*;,,,x10000036.xml
1124.0,K,168199.5,Pa,"H2:0.01, O2:0.01, Ar:0.98",0.5,0.000472,s,,,baseline min intercept from d/dt,OH*;,,,x10000036.xml
1124.0,K,168199.5,Pa,"H2:0.01, O2:0.01, Ar:0.98",0.5,0.0005729999999999999,s,,,baseline min intercept from d/dt,OH*;,,,x10000036.xml
1121.0,K,167186.25,Pa,"H2:0.01, O2:0.01, Ar:0.98",0.5,0.00048499999999999997,s,,,baseline min intercept from d/dt,OH*;,,,x10000036.xml
1109.0,K,166173.0,Pa,"H2:0.01, O2:0.01, Ar:0.98",0.5,0.0005769999999999999,s,,,baseline min intercept from d/dt,OH*;,,,x10000036.xml
1084.0,K,181371.75,Pa,"H2:0.01, O2:0.01, Ar:0.98",0.5,0.000695,s,,,baseline min intercept from d/dt,OH*;,,,x10000036.xml
1079.0,K,167186.25,Pa,"H2:0.01, O2:0.01, Ar:0.98",0.5,0.000735,s,,,baseline min intercept from d/dt,OH*;,,,x10000036.xml
1064.0,K,181371.75,Pa,"H2:0.01, O2:0.01, Ar:0.98",0.5,0.0007279999999999999,s,,,baseline min intercept from d/dt,OH*;,,,x10000036.xml
1034.0,K,172252.5,Pa,"H2:0.01, O2:0.01, Ar:0.98",0.5,0.000837,s,,,baseline min intercept from d/dt,OH*;,,,x10000036.xml
1025.0,K,177318.75,Pa,"H2:0.01, O2:0.01, Ar:0.98",0.5,0.001029,s,,,baseline min intercept from d/dt,OH*;,,,x10000036.xml
992.0,K,176305.5,Pa,"H2:0.01, O2:0.01, Ar:0.98",0.5,0.001299,s,,,baseline min intercept from d/dt,OH*;,,,x10000036.xml
977.0,K,179345.25,Pa,"H2:0.01, O2:0.01, Ar:0.98",0.5,0.001687,s,,,baseline min intercept from d/dt,OH*;,,,x10000036.xml
966.0,K,173265.75,Pa,"H2:0.01, O2:0.01, Ar:0.98",0.5,0.0017519999999999999,s,,,baseline min intercept from d/dt,OH*;,,,x10000036.xml
1241.0,K,1352688.75,Pa,"H2:0.01, O2:0.01, Ar:0.98",0.5,5.4999999999999995e-05,s,,,baseline min intercept from d/dt,OH*;,,,x10000037.xml
1197.0,K,1290880.5,Pa,"H2:0.01, O2:0.01, Ar:0.98",0.5,8.8e-05,s,,,baseline min intercept from d/dt,OH*;,,,x10000037.xml
1192.0,K,1291893.75,Pa,"H2:0.01, O2:0.01, Ar:0.98",0.5,0.000104,s,,,baseline min intercept from d/dt,OH*;,,,x10000037.xml
1177.0,K,1246297.5,Pa,"H2:0.01, O2:0.01, Ar:0.98",0.5,0.000102,s,,,baseline min intercept from d/dt,OH*;,,,x10000037.xml
1168.0,K,1280748.0,Pa,"H2:0.01, O2:0.01, Ar:0.98",0.5,0.000143,s,,,baseline min intercept from d/dt,OH*;,,,x10000037.xml
1146.0,K,1299999.75,Pa,"H2:0.01, O2:0.01, Ar:0.98",0.5,0.00020099999999999998,s,,,baseline min intercept from d/dt,OH*;,,,x10000037.xml
1137.0,K,1351675.5,Pa,"H2:0.01, O2:0.01, Ar:0.98",0.5,0.00034399999999999996,s,,,baseline min intercept from d/dt,OH*;,,,x10000037.xml
1136.0,K,1446921.0,Pa,"H2:0.01, O2:0.01, Ar:0.98",0.5,0.000354,s,,,baseline min intercept from d/dt,OH*;,,,x10000037.xml
1133.0,K,1462119.75,Pa,"H2:0.01, O2:0.01, Ar:0.98",0.5,0.000314,s,,,baseline min intercept from d/dt,OH*;,,,x10000037.xml
1126.0,K,1344582.75,Pa,"H2:0.01, O2:0.01, Ar:0.98",0.5,0.000453,s,,,baseline min intercept from d/dt,OH*;,,,x10000037.xml
1125.0,K,1434762.0,Pa,"H2:0.01, O2:0.01, Ar:0.98",0.5,0.000634,s,,,baseline min intercept from d/dt,OH*;,,,x10000037.xml
1118.0,K,1340529.75,Pa,"H2:0.01, O2:0.01, Ar:0.98",0.5,0.000656,s,,,baseline min intercept from d/dt,OH*;,,,x10000037.xml
1103.0,K,1326344.25,Pa,"H2:0.01, O2:0.01, Ar:0.98",0.5,0.001067,s,,,baseline min intercept from d/dt,OH*;,,,x10000037.xml
1098.0,K,1343569.5,Pa,"H2:0.01, O2:0.01, Ar:0.98",0.5,0.001222,s,,,baseline min intercept from d/dt,OH*;,,,x10000037.xml
1092.0,K,1373967.0,Pa,"H2:0.01, O2:0.01, Ar:0.98",0.5,0.001339,s,,,baseline min intercept from d/dt,OH*;,,,x10000037.xml
1089.0,K,1364847.75,Pa,"H2:0.01, O2:0.01, Ar:0.98",0.5,0.001776,s,,,baseline min intercept from d/dt,OH*;,,,x10000037.xml
1267.0,K,3318393.75,Pa,"H2:0.01, O2:0.01, Ar:0.98",0.5,5.2e-05,s,,,baseline min intercept from d/dt,OH*;,,,x10000038.xml
1261.0,K,3333592.5,Pa,"H2:0.01, O2:0.01, Ar:0.98",0.5,7.5e-05,s,,,baseline min intercept from d/dt,OH*;,,,x10000038.xml
1248.0,K,3302181.7500000005,Pa,"H2:0.01, O2:0.01, Ar:0.98",0.5,8.2e-05,s,,,baseline min intercept from d/dt,OH*;,,,x10000038.xml
1234.0,K,3281916.75,Pa,"H2:0.01, O2:0.01, Ar:0.98",0.5,0.00015099999999999998,s,,,baseline min intercept from d/dt,OH*;,,,x10000038.xml
1212.0,K,3175525.5,Pa,"H2:0.01, O2:0.01, Ar:0.98",0.5,0.000321,s,,,baseline min intercept from d/dt,OH*;,,,x10000038.xml
1206.0,K,3460248.75,Pa,"H2:0.01, O2:0.01, Ar:0.98",0.5,0.00046499999999999997,s,,,baseline min intercept from d/dt,OH*;,,,x10000038.xml
1196.0,K,3307248.0,Pa,"H2:0.01, O2:0.01, Ar:0.98",0.5,0.0005239999999999999,s,,,baseline min intercept from d/dt,OH*;,,,x10000038.xml
1174.0,K,3376149.0,Pa,"H2:0.01, O2:0.01, Ar:0.98",0.5,0.000923,s,,,baseline min intercept from d/dt,OH*;,,,x10000038.xml
1171.0,K,3420732.0,Pa,"H2:0.01, O2:0.01, Ar:0.98",0.5,0.001171,s,,,baseline min intercept from d/dt,OH*;,,,x10000038.xml
1164.0,K,3399453.7499999995,Pa,"H2:0.01, O2:0.01, Ar:0.98",0.5,0.001121,s,,,baseline min intercept from d/dt,OH*;,,,x10000038.xml
1739.0,K,144894.75,Pa,"H2:0.0133, O2:0.0067, Ar:0.98",0.9925373134328357,8.999999999999999e-05,s,,,baseline min intercept from d/dt,OH*;,,,x10000039.xml
1487.0,K,151987.5,Pa,"H2:0.0133, O2:0.0067, Ar:0.98",0.9925373134328357,0.00014,s,,,baseline min intercept from d/dt,OH*;,,,x10000039.xml
1405.0,K,173265.75,Pa,"H2:0.0133, O2:0.0067, Ar:0.98",0.9925373134328357,0.000203,s,,,baseline min intercept from d/dt,OH*;,,,x10000039.xml
1331.0,K,160093.5,Pa,"H2:0.0133, O2:0.0067, Ar:0.98",0.9925373134328357,0.000266,s,,,baseline min intercept from d/dt,OH*;,,,x10000039.xml
1272.0,K,177318.75,Pa,"H2:0.0133, O2:0.0067, Ar:0.98",0.9925373134328357,0.00033,s,,,baseline min intercept from d/dt,OH*;,,,x10000039.xml
1208.0,K,164146.5,Pa,"H2:0.0133, O2:0.0067, Ar:0.98",0.9925373134328357,0.000453,s,,,baseline min intercept from d/dt,OH*;,,,x10000039.xml
1131.0,K,169212.75,Pa,"H2:0.0133, O2:0.0067, Ar:0.98",0.9925373134328357,0.000713,s,,,baseline min intercept from d/dt,OH*;,,,x10000039.xml
1068.0,K,175292.25,Pa,"H2:0.0133, O2:0.0067, Ar:0.98",0.9925373134328357,0.00109,s,,,baseline min intercept from d/dt,OH*;,,,x10000039.xml
1043.0,K,182385.0,Pa,"H2:0.0133, O2:0.0067, Ar:0.98",0.9925373134328357,0.0011279999999999999,s,,,baseline min intercept from d/dt,OH*;,,,x10000039.xml
1037.0,K,191504.25,Pa,"H2:0.0133, O2:0.0067, Ar:0.98",0.9925373134328357,0.00116,s,,,baseline min intercept from d/dt,OH*;,,,x10000039.xml
1207.0,K,1399298.25,Pa,"H2:0.0133, O2:0.0067, Ar:0.98",0.9925373134328357,0.000122,s,,,baseline min intercept from d/dt,OH*;,,,x10000040.xml
1204.0,K,1527981.0,Pa,"H2:0.0133, O2:0.0067, Ar:0.98",0.9925373134328357,0.000121,s,,,baseline min intercept from d/dt,OH*;,,,x10000040.xml
1204.0,K,1288854.0,Pa,"H2:0.0133, O2:0.0067, Ar:0.98",0.9925373134328357,0.000126,s,,,baseline min intercept from d/dt,OH*;,,,x10000040.xml
1203.0,K,1316211.75,Pa,"H2:0.0133, O2:0.0067, Ar:0.98",0.9925373134328357,0.000111,s,,,baseline min intercept from d/dt,OH*;,,,x10000040.xml
1189.0,K,1549259.25,Pa,"H2:0.0133, O2:0.0067, Ar:0.98",0.9925373134328357,0.000144,s,,,baseline min intercept from d/dt,OH*;,,,x10000040.xml
1174.0,K,1391192.25,Pa,"H2:0.0133, O2:0.0067, Ar:0.98",0.9925373134328357,0.000197,s,,,baseline min intercept from d/dt,OH*;,,,x10000040.xml
1147.0,K,1439828.25,Pa,"H2:0.0133, O2:0.0067, Ar:0.98",0.9925373134328357,0.000283,s,,,baseline min intercept from d/dt,OH*;,,,x10000040.xml
1140.0,K,1387139.25,Pa,"H2:0.0133, O2:0.0067, Ar:0.98",0.9925373134328357,0.000395,s,,,baseline min intercept from d/dt,OH*;,,,x10000040.xml
1127.0,K,1309119.0,Pa,"H2:0.0133, O2:0.0067, Ar:0.98",0.9925373134328357,0.0006219999999999999,s,,,baseline min intercept from d/dt,OH*;,,,x10000040.xml
1105.0,K,1354715.25,Pa,"H2:0.0133, O2:0.0067, Ar:0.98",0.9925373134328357,0.001604,s,,,baseline min intercept from d/dt,OH*;,,,x10000040.xml
1259.0,K,3334605.7499999995,Pa,"H2:0.0133, O2:0.0067, Ar:0.98",0.9925373134328357,7.4e-05,s,,,baseline min intercept from d/dt,OH*;,,,x10000041.xml
1247.0,K,3445050.0,Pa,"H2:0.0133, O2:0.0067, Ar:0.98",0.9925373134328357,0.00010899999999999999,s,,,baseline min intercept from d/dt,OH*;,,,x10000041.xml
1239.0,K,3343725.0,Pa,"H2:0.0133, O2:0.0067, Ar:0.98",0.9925373134328357,0.000133,s,,,baseline min intercept from d/dt,OH*;,,,x10000041.xml
1234.0,K,3368043.0,Pa,"H2:0.0133, O2:0.0067, Ar:0.98",0.9925373134328357,0.000167,s,,,baseline min intercept from d/dt,OH*;,,,x10000041.xml
1232.0,K,3454169.2500000005,Pa,"H2:0.0133, O2:0.0067, Ar:0.98",0.9925373134328357,0.000195,s,,,baseline min intercept from d/dt,OH*;,,,x10000041.xml
1191.0,K,3486593.2499999995,Pa,"H2:0.0133, O2:0.0067, Ar:0.98",0.9925373134328357,0.000556,s,,,baseline min intercept from d/dt,OH*;,,,x10000041.xml
1170.0,K,3512937.75,Pa,"H2:0.0133, O2:0.0067, Ar:0.98",0.9925373134328357,0.001031,s,,,baseline min intercept from d/dt,OH*;,,,x10000041.xml
1144.0,K,3426811.5,Pa,"H2:0.0133, O2:0.0067, Ar:0.98",0.9925373134328357,0.001389,s,,,baseline min intercept from d/dt,OH*;,,,x10000041.xml
1037.0,K,1610000.0000000002,Pa,"H2:0.0081, O2:0.0403, Ar:0.9516",0.10049627791563275,0.005471,s,,,max,OHEX;,,,x10001009.xml
1041.0,K,1620000.0,Pa,"H2:0.0081, O2:0.0403, Ar:0.9516",0.10049627791563275,0.0053609999999999994,s,,,max,OHEX;,,,x10001009.xml
1077.0,K,1680000.0,Pa,"H2:0.0081, O2:0.0403, Ar:0.9516",0.10049627791563275,0.0030789999999999997,s,,,max,OHEX;,,,x10001009.xml
1087.0,K,1610000.0000000002,Pa,"H2:0.0081, O2:0.0403, Ar:0.9516",0.10049627791563275,0.002435,s,,,max,OHEX;,,,x10001009.xml
1109.0,K,1710000.0000000002,Pa,"H2:0.0081, O2:0.0403, Ar:0.9516",0.10049627791563275,0.0015609999999999999,s,,,max,OHEX;,,,x10001009.xml
1111.0,K,1635000.0000000002,Pa,"H2:0.0081, O2:0.0403, Ar:0.9516",0.10049627791563275,0.0013629999999999998,s,,,max,OHEX;,,,x10001009.xml
1136.0,K,1610000.0000000002,Pa,"H2:0.0081, O2:0.0403, Ar:0.9516",0.10049627791563275,0.000581,s,,,max,OHEX;,,,x10001009.xml
1141.0,K,1630000.0,Pa,"H2:0.0081, O2:0.0403, Ar:0.9516",0.10049627791563275,0.000967,s,,,max,OHEX;,,,x10001009.xml
1142.0,K,1598000.0,Pa,"H2:0.0081, O2:0.0403, Ar:0.9516",0.10049627791563275,0.00042699999999999997,s,,,max,OHEX;,,,x10001009.xml
1170.0,K,1630000.0,Pa,"H2:0.0081, O2:0.0403, Ar:0.9516",0.10049627791563275,0.000156,s,,,max,OHEX;,,,x10001009.xml
1180.0,K,1780000.0,Pa,"H2:0.0081, O2:0.0403, Ar:0.9516",0.10049627791563275,9.499999999999999e-05,s,,,max,OHEX;,,,x10001009.xml
1183.0,K,1702000.0,Pa,"H2:0.0081, O2:0.0403, Ar:0.9516",0.10049627791563275,0.000107,s,,,max,OHEX;,,,x10001009.xml
1255.0,K,1670000.0,Pa,"H2:0.0081, O2:0.0403, Ar:0.9516",0.10049627791563275,3.1e-05,s,,,max,OHEX;,,,x10001009.xml
935.0,K,390000.0,Pa,"H2:0.0081, O2:0.0403, Ar:0.9516",0.10049627791563275,0.005945,s,,,max,OHEX;,,,x10001010.xml
958.0,K,396000.0,Pa,"H2:0.0081, O2:0.0403, Ar:0.9516",0.10049627791563275,0.004575,s,,,max,OHEX;,,,x10001010.xml
963.0,K,390000.0,Pa,"H2:0.0081, O2:0.0403, Ar:0.9516",0.10049627791563275,0.004118999999999999,s,,,max,OHEX;,,,x10001010.xml
974.0,K,390000.0,Pa,"H2:0.0081, O2:0.0403, Ar:0.9516",0.10049627791563275,0.0038139999999999997,s,,,max,OHEX;,,,x10001010.xml
986.0,K,390000.0,Pa,"H2:0.0081, O2:0.0403, Ar:0.9516",0.10049627791563275,0.002751,s,,,max,OHEX;,,,x10001010.xml
1005.0,K,387000.0,Pa,"H2:0.0081, O2:0.0403, Ar:0.9516",0.10049627791563275,0.001914,s,,,max,OHEX;,,,x10001010.xml
1012.0,K,360000.0,Pa,"H2:0.0081, O2:0.0403, Ar:0.9516",0.10049627791563275,0.001312,s,,,max,OHEX;,,,x10001010.xml
1026.0,K,360000.0,Pa,"H2:0.0081, O2:0.0403, Ar:0.9516",0.10049627791563275,0.000784,s,,,max,OHEX;,,,x10001010.xml
1044.0,K,370000.0,Pa,"H2:0.0081, O2:0.0403, Ar:0.9516",0.10049627791563275,0.000567,s,,,max,OHEX;,,,x10001010.xml
1069.0,K,370000.0,Pa,"H2:0.0081, O2:0.0403, Ar:0.9516",0.10049627791563275,0.000368,s,,,max,OHEX;,,,x10001010.xml
1075.0,K,350000.0,Pa,"H2:0.0081, O2:0.0403, Ar:0.9516",0.10049627791563275,0.000225,s,,,max,OHEX;,,,x10001010.xml
1080.0,K,370000.0,Pa,"H2:0.0081, O2:0.0403, Ar:0.9516",0.10049627791563275,0.000292,s,,,max,OHEX;,,,x10001010.xml
1125.0,K,370000.0,Pa,"H2:0.0081, O2:0.0403, Ar:0.9516",0.10049627791563275,0.000163,s,,,max,OHEX;,,,x10001010.xml
1143.0,K,360000.0,Pa,"H2:0.0081, O2:0.0403, Ar:0.9516",0.10049627791563275,0.000146,s,,,max,OHEX;,,,x10001010.xml
1173.0,K,360000.0,Pa,"H2:0.0081, O2:0.0403, Ar:0.9516",0.10049627791563275,0.00011899999999999999,s,,,max,OHEX;,,,x10001010.xml
1183.0,K,340000.0,Pa,"H2:0.0081, O2:0.0403, Ar:0.9516",0.10049627791563275,0.000112,s,,,max,OHEX;,,,x10001010.xml
1225.0,K,350000.0,Pa,"H2:0.0081, O2:0.0403, Ar:0.9516",0.10049627791563275,8.2e-05,s,,,max,OHEX;,,,x10001010.xml
1276.0,K,374000.0,Pa,"H2:0.0081, O2:0.0403, Ar:0.9516",0.10049627791563275,5.6999999999999996e-05,s,,,max,OHEX;,,,x10001010.xml
1360.0,K,420000.0,Pa,"H2:0.0081, O2:0.0403, Ar:0.9516",0.10049627791563275,3.5e-05,s,,,max,OHEX;,,,x10001010.xml
939.0,K,101000.0,Pa,"H2:0.0081, O2:0.0403, Ar:0.9516",0.10049627791563275,0.005051,s,,,max,OHEX;,,,x10001011.xml
967.0,K,99000.0,Pa,"H2:0.0081, O2:0.0403, Ar:0.9516",0.10049627791563275,0.002547,s,,,max,OHEX;,,,x10001011.xml
1022.0,K,94000.0,Pa,"H2:0.0081, O2:0.0403, Ar:0.9516",0.10049627791563275,0.001193,s,,,max,OHEX;,,,x10001011.xml
1026.0,K,101000.0,Pa,"H2:0.0081, O2:0.0403, Ar:0.9516",0.10049627791563275,0.001202,s,,,max,OHEX;,,,x10001011.xml
1088.0,K,94000.0,Pa,"H2:0.0081, O2:0.0403, Ar:0.9516",0.10049627791563275,0.000637,s,,,max,OHEX;,,,x10001011.xml
1128.0,K,91000.0,Pa,"H2:0.0081, O2:0.0403, Ar:0.9516",0.10049627791563275,0.000553,s,,,max,OHEX;,,,x10001011.xml
1163.0,K,86000.0,Pa,"H2:0.0081, O2:0.0403, Ar:0.9516",0.10049627791563275,0.00046899999999999996,s,,,max,OHEX;,,,x10001011.xml
1267.0,K,82000.0,Pa,"H2:0.0081, O2:0.0403, Ar:0.9516",0.10049627791563275,0.000279,s,,,max,OHEX;,,,x10001011.xml
1371.0,K,93000.0,Pa,"H2:0.0081, O2:0.0403, Ar:0.9516",0.10049627791563275,0.000157,s,,,max,OHEX;,,,x10001011.xml
1445.0,K,92000.0,Pa,"H2:0.0081, O2:0.0403, Ar:0.9516",0.10049627791563275,0.000125,s,,,max,OHEX;,,,x10001011.xml
1498.0,K,86000.0,Pa,"H2:0.0081, O2:0.0403, Ar:0.9516",0.10049627791563275,0.00010499999999999999,s,,,max,OHEX;,,,x10001011.xml
1566.0,K,74000.0,Pa,"H2:0.0081, O2:0.0403, Ar:0.9516",0.10049627791563275,0.000113,s,,,max,OHEX;,,,x10001011.xml
1670.0,K,91000.0,Pa,"H2:0.0081, O2:0.0403, Ar:0.9516",0.10049627791563275,6.5e-05,s,,,max,OHEX;,,,x10001011.xml
1688.0,K,80000.0,Pa,"H2:0.0081, O2:0.0403, Ar:0.9516",0.10049627791563275,7.999999999999999e-05,s,,,max,OHEX;,,,x10001011.xml
1747.0,K,85000.0,Pa,"H2:0.0081, O2:0.0403, Ar:0.9516",0.10049627791563275,6.599999999999999e-05,s,,,max,OHEX;,,,x10001011.xml
1804.0,K,96000.0,Pa,"H2:0.0081, O2:0.0403, Ar:0.9516",0.10049627791563275,5.2e-05,s,,,max,OHEX;,,,x10001011.xml
1998.0,K,134000.0,Pa,"H2:0.0081, O2:0.0403, Ar:0.9516",0.10049627791563275,2.8e-05,s,,,max,OHEX;,,,x10001011.xml
2087.0,K,111000.00000000001,Pa,"H2:0.0081, O2:0.0403, Ar:0.9516",0.10049627791563275,2.9e-05,s,,,max,OHEX;,,,x10001011.xml
2109.0,K,113999.99999999999,Pa,"H2:0.0081, O2:0.0403, Ar:0.9516",0.10049627791563275,2.4e-05,s,,,max,OHEX;,,,x10001011.xml
956.0,K,1864999.9999999998,Pa,"H2:0.0403, O2:0.2016, Ar:0.7581",0.09995039682539683,0.004541,s,,,max,OHEX;,,,x10001012_x.xml
962.0,K,1873999.9999999998,Pa,"H2:0.0403, O2:0.2016, Ar:0.7581",0.09995039682539683,0.0051199999999999996,s,,,max,OHEX;,,,x10001012_x.xml
975.0,K,1813000.0,Pa,"H2:0.0403, O2:0.2016, Ar:0.7581",0.09995039682539683,0.0040019999999999995,s,,,max,OHEX;,,,x10001012_x.xml
1010.0,K,1811000.0,Pa,"H2:0.0403, O2:0.2016, Ar:0.7581",0.09995039682539683,0.002999,s,,,max,OHEX;,,,x10001012_x.xml
1034.0,K,1786000.0,Pa,"H2:0.0403, O2:0.2016, Ar:0.7581",0.09995039682539683,0.0026669999999999997,s,,,max,OHEX;,,,x10001012_x.xml
1054.0,K,1777000.0,Pa,"H2:0.0403, O2:0.2016, Ar:0.7581",0.09995039682539683,0.002033,s,,,max,OHEX;,,,x10001012_x.xml
1083.0,K,1792000.0000000002,Pa,"H2:0.0403, O2:0.2016, Ar:0.7581",0.09995039682539683,0.001272,s,,,max,OHEX;,,,x10001012_x.xml
1114.0,K,1754000.0,Pa,"H2:0.0403, O2:0.2016, Ar:0.7581",0.09995039682539683,0.000627,s,,,max,OHEX;,,,x10001012_x.xml
1142.0,K,1775000.0,Pa,"H2:0.0403, O2:0.2016, Ar:0.7581",0.09995039682539683,0.00034199999999999996,s,,,max,OHEX;,,,x10001012_x.xml
1165.0,K,1807999.9999999998,Pa,"H2:0.0403, O2:0.2016, Ar:0.7581",0.09995039682539683,0.000112,s,,,max,OHEX;,,,x10001012_x.xml
1178.0,K,1760000.0000000002,Pa,"H2:0.0403, O2:0.2016, Ar:0.7581",0.09995039682539683,3.6e-05,s,,,max,OHEX;,,,x10001012_x.xml
932.0,K,412000.0,Pa,"H2:0.0403, O2:0.2016, Ar:0.7581",0.09995039682539683,0.006039999999999999,s,,,max,OHEX;,,,x10001013.xml
949.0,K,413999.99999999994,Pa,"H2:0.0403, O2:0.2016, Ar:0.7581",0.09995039682539683,0.0042439999999999995,s,,,max,OHEX;,,,x10001013.xml
978.0,K,454000.0,Pa,"H2:0.0403, O2:0.2016, Ar:0.7581",0.09995039682539683,0.0030069999999999997,s,,,max,OHEX;,,,x10001013.xml
987.0,K,423000.00000000006,Pa,"H2:0.0403, O2:0.2016, Ar:0.7581",0.09995039682539683,0.0023409999999999998,s,,,max,OHEX;,,,x10001013.xml
1005.0,K,420000.0,Pa,"H2:0.0403, O2:0.2016, Ar:0.7581",0.09995039682539683,0.001179,s,,,max,OHEX;,,,x10001013.xml
1021.0,K,417000.0,Pa,"H2:0.0403, O2:0.2016, Ar:0.7581",0.09995039682539683,0.00042699999999999997,s,,,max,OHEX;,,,x10001013.xml
1065.0,K,430999.99999999994,Pa,"H2:0.0403, O2:0.2016, Ar:0.7581",0.09995039682539683,9.099999999999999e-05,s,,,max,OHEX;,,,x10001013.xml
1106.0,K,418000.0,Pa,"H2:0.0403, O2:0.2016, Ar:0.7581",0.09995039682539683,4.1e-05,s,,,max,OHEX;,,,x10001013.xml
1131.0,K,412000.0,Pa,"H2:0.0403, O2:0.2016, Ar:0.7581",0.09995039682539683,3.2e-05,s,,,max,OHEX;,,,x10001013.xml
889.0,K,103000.0,Pa,"H2:0.0403, O2:0.2016, Ar:0.7581",0.09995039682539683,0.0034679999999999997,s,,,max,OHEX;,,,x10001014.xml
894.0,K,107000.0,Pa,"H2:0.0403, O2:0.2016, Ar:0.7581",0.09995039682539683,0.004709,s,,,max,OHEX;,,,x10001014.xml
895.0,K,103000.0,Pa,"H2:0.0403, O2:0.2016, Ar:0.7581",0.09995039682539683,0.0039889999999999995,s,,,max,OHEX;,,,x10001014.xml
897.0,K,107000.0,Pa,"H2:0.0403, O2:0.2016, Ar:0.7581",0.09995039682539683,0.003999,s,,,max,OHEX;,,,x10001014.xml
911.0,K,106000.0,Pa,"H2:0.0403, O2:0.2016, Ar:0.7581",0.09995039682539683,0.001107,s,,,max,OHEX;,,,x10001014.xml
926.0,K,109000.00000000001,Pa,"H2:0.0403, O2:0.2016, Ar:0.7581",0.09995039682539683,0.000731,s,,,max,OHEX;,,,x10001014.xml
927.0,K,106000.0,Pa,"H2:0.0403, O2:0.2016, Ar:0.7581",0.09995039682539683,0.000739,s,,,max,OHEX;,,,x10001014.xml
975.0,K,112000.00000000001,Pa,"H2:0.0403, O2:0.2016, Ar:0.7581",0.09995039682539683,0.000329,s,,,max,OHEX;,,,x10001014.xml
1012.0,K,103000.0,Pa,"H2:0.0403, O2:0.2016, Ar:0.7581",0.09995039682539683,0.00025299999999999997,s,,,max,OHEX;,,,x10001014.xml
1061.0,K,99000.0,Pa,"H2:0.0403, O2:0.2016, Ar:0.7581",0.09995039682539683,0.000157,s,,,max,OHEX;,,,x10001014.xml
1128.0,K,122000.0,Pa,"H2:0.0403, O2:0.2016, Ar:0.7581",0.09995039682539683,9.6e-05,s,,,max,OHEX;,,,x10001014.xml
1154.0,K,69000.0,Pa,"H2:0.0403, O2:0.2016, Ar:0.7581",0.09995039682539683,0.000136,s,,,max,OHEX;,,,x10001014.xml
1165.0,K,112000.00000000001,Pa,"H2:0.0403, O2:0.2016, Ar:0.7581",0.09995039682539683,8.4e-05,s,,,max,OHEX;,,,x10001014.xml
1278.0,K,98000.0,Pa,"H2:0.0403, O2:0.2016, Ar:0.7581",0.09995039682539683,5.9999999999999995e-05,s,,,max,OHEX;,,,x10001014.xml
1306.0,K,91000.0,Pa,"H2:0.0403, O2:0.2016, Ar:0.7581",0.09995039682539683,5.8e-05,s,,,max,OHEX;,,,x10001014.xml
1308.0,K,90000.0,Pa,"H2:0.0403, O2:0.2016, Ar:0.7581",0.09995039682539683,5.9999999999999995e-05,s,,,max,OHEX;,,,x10001014.xml
1498.0,K,88000.0,Pa,"H2:0.0403, O2:0.2016, Ar:0.7581",0.09995039682539683,3.4e-05,s,,,max,OHEX;,,,x10001014.xml
1665.0,K,105000.0,Pa,"H2:0.0403, O2:0.2016, Ar:0.7581",0.09995039682539683,1.9999999999999998e-05,s,,,max,OHEX;,,,x10001014.xml
1675.0,K,105000.0,Pa,"H2:0.0403, O2:0.2016, Ar:0.7581",0.09995039682539683,1.8e-05,s,,,max,OHEX;,,,x10001014.xml
947.0,K,1510000.0,Pa,"H2:0.1254, O2:0.0157, Ar:0.8589",3.9936305732484083,0.006679999999999999,s,,,max,OHEX;,,,x10001015.xml
964.0,K,1520000.0,Pa,"H2:0.1254, O2:0.0157, Ar:0.8589",3.9936305732484083,0.00549,s,,,max,OHEX;,,,x10001015.xml
987.0,K,1520000.0,Pa,"H2:0.1254, O2:0.0157, Ar:0.8589",3.9936305732484083,0.00477,s,,,max,OHEX;,,,x10001015.xml
1006.0,K,1500000.0,Pa,"H2:0.1254, O2:0.0157, Ar:0.8589",3.9936305732484083,0.003,s,,,max,OHEX;,,,x10001015.xml
1028.0,K,1630000.0,Pa,"H2:0.1254, O2:0.0157, Ar:0.8589",3.9936305732484083,0.0023,s,,,max,OHEX;,,,x10001015.xml
1052.0,K,1560000.0,Pa,"H2:0.1254, O2:0.0157, Ar:0.8589",3.9936305732484083,0.00154,s,,,max,OHEX;,,,x10001015.xml
1064.0,K,1660000.0000000002,Pa,"H2:0.1254, O2:0.0157, Ar:0.8589",3.9936305732484083,0.00117,s,,,max,OHEX;,,,x10001015.xml
1083.0,K,1420000.0,Pa,"H2:0.1254, O2:0.0157, Ar:0.8589",3.9936305732484083,0.000762,s,,,max,OHEX;,,,x10001015.xml
1094.0,K,1450000.0,Pa,"H2:0.1254, O2:0.0157, Ar:0.8589",3.9936305732484083,0.000695,s,,,max,OHEX;,,,x10001015.xml
1100.0,K,1550000.0,Pa,"H2:0.1254, O2:0.0157, Ar:0.8589",3.9936305732484083,0.000534,s,,,max,OHEX;,,,x10001015.xml
1149.0,K,1490000.0,Pa,"H2:0.1254, O2:0.0157, Ar:0.8589",3.9936305732484083,0.00019999999999999998,s,,,max,OHEX;,,,x10001015.xml
1173.0,K,1430000.0,Pa,"H2:0.1254, O2:0.0157, Ar:0.8589",3.9936305732484083,8.4e-05,s,,,max,OHEX;,,,x10001015.xml
1177.0,K,1420000.0,Pa,"H2:0.1254, O2:0.0157, Ar:0.8589",3.9936305732484083,7.999999999999999e-05,s,,,max,OHEX;,,,x10001015.xml
1204.0,K,1470000.0,Pa,"H2:0.1254, O2:0.0157, Ar:0.8589",3.9936305732484083,4.6e-05,s,,,max,OHEX;,,,x10001015.xml
1208.0,K,1480000.0,Pa,"H2:0.1254, O2:0.0157, Ar:0.8589",3.9936305732484083,3.7999999999999995e-05,s,,,max,OHEX;,,,x10001015.xml
1227.0,K,1490000.0,Pa,"H2:0.1254, O2:0.0157, Ar:0.8589",3.9936305732484083,2.4e-05,s,,,max,OHEX;,,,x10001015.xml
967.0,K,401000.0,Pa,"H2:0.1254, O2:0.0157, Ar:0.8589",3.9936305732484083,0.004554,s,,,max,OHEX;,,,x10001016.xml
977.0,K,397000.0,Pa,"H2:0.1254, O2:0.0157, Ar:0.8589",3.9936305732484083,0.0034509999999999996,s,,,max,OHEX;,,,x10001016.xml
990.0,K,394000.0,Pa,"H2:0.1254, O2:0.0157, Ar:0.8589",3.9936305732484083,0.002309,s,,,max,OHEX;,,,x10001016.xml
993.0,K,399000.0,Pa,"H2:0.1254, O2:0.0157, Ar:0.8589",3.9936305732484083,0.0022949999999999997,s,,,max,OHEX;,,,x10001016.xml
997.0,K,405000.0,Pa,"H2:0.1254, O2:0.0157, Ar:0.8589",3.9936305732484083,0.002141,s,,,max,OHEX;,,,x10001016.xml
1002.0,K,380000.0,Pa,"H2:0.1254, O2:0.0157, Ar:0.8589",3.9936305732484083,0.001246,s,,,max,OHEX;,,,x10001016.xml
1012.0,K,408000.0,Pa,"H2:0.1254, O2:0.0157, Ar:0.8589",3.9936305732484083,0.0010659999999999999,s,,,max,OHEX;,,,x10001016.xml
1015.0,K,413999.99999999994,Pa,"H2:0.1254, O2:0.0157, Ar:0.8589",3.9936305732484083,0.001047,s,,,max,OHEX;,,,x10001016.xml
1017.0,K,419000.00000000006,Pa,"H2:0.1254, O2:0.0157, Ar:0.8589",3.9936305732484083,0.000928,s,,,max,OHEX;,,,x10001016.xml
1039.0,K,413999.99999999994,Pa,"H2:0.1254, O2:0.0157, Ar:0.8589",3.9936305732484083,0.0005239999999999999,s,,,max,OHEX;,,,x10001016.xml
1061.0,K,405999.99999999994,Pa,"H2:0.1254, O2:0.0157, Ar:0.8589",3.9936305732484083,0.000401,s,,,max,OHEX;,,,x10001016.xml
1074.0,K,370000.0,Pa,"H2:0.1254, O2:0.0157, Ar:0.8589",3.9936305732484083,0.000346,s,,,max,OHEX;,,,x10001016.xml
1107.0,K,390000.0,Pa,"H2:0.1254, O2:0.0157, Ar:0.8589",3.9936305732484083,0.000286,s,,,max,OHEX;,,,x10001016.xml
1123.0,K,392000.0,Pa,"H2:0.1254, O2:0.0157, Ar:0.8589",3.9936305732484083,0.00019999999999999998,s,,,max,OHEX;,,,x10001016.xml
1171.0,K,411000.00000000006,Pa,"H2:0.1254, O2:0.0157, Ar:0.8589",3.9936305732484083,0.000143,s,,,max,OHEX;,,,x10001016.xml
1178.0,K,397000.0,Pa,"H2:0.1254, O2:0.0157, Ar:0.8589",3.9936305732484083,0.000134,s,,,max,OHEX;,,,x10001016.xml
1210.0,K,380000.0,Pa,"H2:0.1254, O2:0.0157, Ar:0.8589",3.9936305732484083,0.000117,s,,,max,OHEX;,,,x10001016.xml
1260.0,K,409999.99999999994,Pa,"H2:0.1254, O2:0.0157, Ar:0.8589",3.9936305732484083,7.9e-05,s,,,max,OHEX;,,,x10001016.xml
1327.0,K,450000.0,Pa,"H2:0.1254, O2:0.0157, Ar:0.8589",3.9936305732484083,5.2e-05,s,,,max,OHEX;,,,x10001016.xml
1463.0,K,430000.0,Pa,"H2:0.1254, O2:0.0157, Ar:0.8589",3.9936305732484083,3.4e-05,s,,,max,OHEX;,,,x10001016.xml
943.0,K,108000.0,Pa,"H2:0.1254, O2:0.0157, Ar:0.8589",3.9936305732484083,0.003093,s,,,max,OHEX;,,,x10001017.xml
944.0,K,111000.00000000001,Pa,"H2:0.1254, O2:0.0157, Ar:0.8589",3.9936305732484083,0.0029749999999999998,s,,,max,OHEX;,,,x10001017.xml
953.0,K,93000.0,Pa,"H2:0.1254, O2:0.0157, Ar:0.8589",3.9936305732484083,0.001689,s,,,max,OHEX;,,,x10001017.xml
956.0,K,106000.0,Pa,"H2:0.1254, O2:0.0157, Ar:0.8589",3.9936305732484083,0.002106,s,,,max,OHEX;,,,x10001017.xml
972.0,K,92000.0,Pa,"H2:0.1254, O2:0.0157, Ar:0.8589",3.9936305732484083,0.0017439999999999999,s,,,max,OHEX;,,,x10001017.xml
975.0,K,111000.00000000001,Pa,"H2:0.1254, O2:0.0157, Ar:0.8589",3.9936305732484083,0.001725,s,,,max,OHEX;,,,x10001017.xml
976.0,K,112000.00000000001,Pa,"H2:0.1254, O2:0.0157, Ar:0.8589",3.9936305732484083,0.002077,s,,,max,OHEX;,,,x10001017.xml
983.0,K,104000.0,Pa,"H2:0.1254, O2:0.0157, Ar:0.8589",3.9936305732484083,0.00157,s,,,max,OHEX;,,,x10001017.xml
1008.0,K,104000.0,Pa,"H2:0.1254, O2:0.0157, Ar:0.8589",3.9936305732484083,0.0012569999999999999,s,,,max,OHEX;,,,x10001017.xml
1043.0,K,106000.0,Pa,"H2:0.1254, O2:0.0157, Ar:0.8589",3.9936305732484083,0.000983,s,,,max,OHEX;,,,x10001017.xml
1056.0,K,102000.0,Pa,"H2:0.1254, O2:0.0157, Ar:0.8589",3.9936305732484083,0.000801,s,,,max,OHEX;,,,x10001017.xml
1068.0,K,106000.0,Pa,"H2:0.1254, O2:0.0157, Ar:0.8589",3.9936305732484083,0.000765,s,,,max,OHEX;,,,x10001017.xml
1074.0,K,106000.0,Pa,"H2:0.1254, O2:0.0157, Ar:0.8589",3.9936305732484083,0.001039,s,,,max,OHEX;,,,x10001017.xml
1091.0,K,102000.0,Pa,"H2:0.1254, O2:0.0157, Ar:0.8589",3.9936305732484083,0.000745,s,,,max,OHEX;,,,x10001017.xml
1118.0,K,101000.0,Pa,"H2:0.1254, O2:0.0157, Ar:0.8589",3.9936305732484083,0.000527,s,,,max,OHEX;,,,x10001017.xml
1131.0,K,97000.0,Pa,"H2:0.1254, O2:0.0157, Ar:0.8589",3.9936305732484083,0.0006299999999999999,s,,,max,OHEX;,,,x10001017.xml
1191.0,K,99000.0,Pa,"H2:0.1254, O2:0.0157, Ar:0.8589",3.9936305732484083,0.00042899999999999997,s,,,max,OHEX;,,,x10001017.xml
1199.0,K,94000.0,Pa,"H2:0.1254, O2:0.0157, Ar:0.8589",3.9936305732484083,0.000414,s,,,max,OHEX;,,,x10001017.xml
1288.0,K,92000.0,Pa,"H2:0.1254, O2:0.0157, Ar:0.8589",3.9936305732484083,0.00029299999999999997,s,,,max,OHEX;,,,x10001017.xml
1308.0,K,119000.0,Pa,"H2:0.1254, O2:0.0157, Ar:0.8589",3.9936305732484083,0.00018999999999999998,s,,,max,OHEX;,,,x10001017.xml
1324.0,K,120000.0,Pa,"H2:0.1254, O2:0.0157, Ar:0.8589",3.9936305732484083,0.000192,s,,,max,OHEX;,,,x10001017.xml
1387.0,K,119000.0,Pa,"H2:0.1254, O2:0.0157, Ar:0.8589",3.9936305732484083,0.000168,s,,,max,OHEX;,,,x10001017.xml
1588.0,K,99000.0,Pa,"H2:0.1254, O2:0.0157, Ar:0.8589",3.9936305732484083,0.000108,s,,,max,OHEX;,,,x10001017.xml
1611.0,K,130000.0,Pa,"H2:0.1254, O2:0.0157, Ar:0.8589",3.9936305732484083,8.2e-05,s,,,max,OHEX;,,,x10001017.xml
1698.0,K,120000.0,Pa,"H2:0.1254, O2:0.0157, Ar:0.8589",3.9936305732484083,7.9e-05,s,,,max,OHEX;,,,x10001017.xml
2136.0,K,137000.0,Pa,"H2:0.1254, O2:0.0157, Ar:0.8589",3.9936305732484083,3.6e-05,s,,,max,OHEX;,,,x10001017.xml
1060.0,K,1568000.0,Pa,"H2:0.0347, O2:0.0347, N2:0.9306",0.5,0.003342,s,,,max,OHEX;,,,x10001018.xml
1086.0,K,1564000.0,Pa,"H2:0.0347, O2:0.0347, N2:0.9306",0.5,0.002312,s,,,max,OHEX;,,,x10001018.xml
1120.0,K,1510000.0,Pa,"H2:0.0347, O2:0.0347, N2:0.9306",0.5,0.001349,s,,,max,OHEX;,,,x10001018.xml
1140.0,K,1577000.0,Pa,"H2:0.0347, O2:0.0347, N2:0.9306",0.5,0.0009599999999999999,s,,,max,OHEX;,,,x10001018.xml
1165.0,K,1594000.0,Pa,"H2:0.0347, O2:0.0347, N2:0.9306",0.5,0.000484,s,,,max,OHEX;,,,x10001018.xml
1199.0,K,1626000.0000000002,Pa,"H2:0.0347, O2:0.0347, N2:0.9306",0.5,0.000234,s,,,max,OHEX;,,,x10001018.xml
1212.0,K,1527000.0,Pa,"H2:0.0347, O2:0.0347, N2:0.9306",0.5,0.000135,s,,,max,OHEX;,,,x10001018.xml
1223.0,K,1618000.0,Pa,"H2:0.0347, O2:0.0347, N2:0.9306",0.5,8.9e-05,s,,,max,OHEX;,,,x10001018.xml
1242.0,K,1572000.0,Pa,"H2:0.0347, O2:0.0347, N2:0.9306",0.5,3.2999999999999996e-05,s,,,max,OHEX;,,,x10001018.xml
1243.0,K,1618000.0,Pa,"H2:0.0347, O2:0.0347, N2:0.9306",0.5,4.6e-05,s,,,max,OHEX;,,,x10001018.xml
1006.0,K,393000.0,Pa,"H2:0.0347, O2:0.0347, N2:0.9306",0.5,0.004713,s,,,max,OHEX;,,,x10001019_x.xml
1019.0,K,418000.0,Pa,"H2:0.0347, O2:0.0347, N2:0.9306",0.5,0.003078,s,,,max,OHEX;,,,x10001019_x.xml
1025.0,K,411000.00000000006,Pa,"H2:0.0347, O2:0.0347, N2:0.9306",0.5,0.0025369999999999998,s,,,max,OHEX;,,,x10001019_x.xml
1029.0,K,412000.0,Pa,"H2:0.0347, O2:0.0347, N2:0.9306",0.5,0.0023599999999999997,s,,,max,OHEX;,,,x10001019_x.xml
1037.0,K,413999.99999999994,Pa,"H2:0.0347, O2:0.0347, N2:0.9306",0.5,0.0023469999999999997,s,,,max,OHEX;,,,x10001019_x.xml
1051.0,K,419000.00000000006,Pa,"H2:0.0347, O2:0.0347, N2:0.9306",0.5,0.001607,s,,,max,OHEX;,,,x10001019_x.xml
1060.0,K,415000.00000000006,Pa,"H2:0.0347, O2:0.0347, N2:0.9306",0.5,0.001166,s,,,max,OHEX;,,,x10001019_x.xml
1069.0,K,413999.99999999994,Pa,"H2:0.0347, O2:0.0347, N2:0.9306",0.5,0.0005549999999999999,s,,,max,OHEX;,,,x10001019_x.xml
1081.0,K,391000.0,Pa,"H2:0.0347, O2:0.0347, N2:0.9306",0.5,0.000329,s,,,max,OHEX;,,,x10001019_x.xml
1116.0,K,454000.0,Pa,"H2:0.0347, O2:0.0347, N2:0.9306",0.5,0.00018899999999999999,s,,,max,OHEX;,,,x10001019_x.xml
1173.0,K,434999.99999999994,Pa,"H2:0.0347, O2:0.0347, N2:0.9306",0.5,8.499999999999999e-05,s,,,max,OHEX;,,,x10001019_x.xml
1216.0,K,409000.0,Pa,"H2:0.0347, O2:0.0347, N2:0.9306",0.5,6.2e-05,s,,,max,OHEX;,,,x10001019_x.xml
1257.0,K,394000.0,Pa,"H2:0.0347, O2:0.0347, N2:0.9306",0.5,4.9e-05,s,,,max,OHEX;,,,x10001019_x.xml
932.0,K,94000.0,Pa,"H2:0.0347, O2:0.0347, N2:0.9306",0.5,0.005933,s,,,max,OHEX;,,,x10001020.xml
958.0,K,99000.0,Pa,"H2:0.0347, O2:0.0347, N2:0.9306",0.5,0.004188,s,,,max,OHEX;,,,x10001020.xml
968.0,K,102000.0,Pa,"H2:0.0347, O2:0.0347, N2:0.9306",0.5,0.002987,s,,,max,OHEX;,,,x10001020.xml
974.0,K,101000.0,Pa,"H2:0.0347, O2:0.0347, N2:0.9306",0.5,0.0016569999999999998,s,,,max,OHEX;,,,x10001020.xml
992.0,K,102000.0,Pa,"H2:0.0347, O2:0.0347, N2:0.9306",0.5,0.00112,s,,,max,OHEX;,,,x10001020.xml
1022.0,K,105000.0,Pa,"H2:0.0347, O2:0.0347, N2:0.9306",0.5,0.000824,s,,,max,OHEX;,,,x10001020.xml
1047.0,K,101000.0,Pa,"H2:0.0347, O2:0.0347, N2:0.9306",0.5,0.000655,s,,,max,OHEX;,,,x10001020.xml
1170.0,K,99000.0,Pa,"H2:0.0347, O2:0.0347, N2:0.9306",0.5,0.000286,s,,,max,OHEX;,,,x10001020.xml
1353.0,K,99000.0,Pa,"H2:0.0347, O2:0.0347, N2:0.9306",0.5,0.000127,s,,,max,OHEX;,,,x10001020.xml
1635.0,K,97000.0,Pa,"H2:0.0347, O2:0.0347, N2:0.9306",0.5,5.9e-05,s,,,max,OHEX;,,,x10001020.xml
1954.0,K,100000.0,Pa,"H2:0.0347, O2:0.0347, N2:0.9306",0.5,4.1e-05,s,,,max,OHEX;,,,x10001020.xml
943.0,K,2259547.5,Pa,"H2:0.0733, CO:0.0971, CO2:0.0198, O2:0.1701, N2:0.6397",0.5008818342151675,0.0033399999999999997,s,,,d/dt max,P;,,,x10001001.xml
947.0,K,2117692.5,Pa,"H2:0.0733, CO:0.0971, CO2:0.0198, O2:0.1701, N2:0.6397",0.5008818342151675,0.0035199999999999997,s,,,d/dt max,P;,,,x10001001.xml
962.0,K,2928292.5,Pa,"H2:0.0733, CO:0.0971, CO2:0.0198, O2:0.1701, N2:0.6397",0.5008818342151675,0.00246,s,,,d/dt max,P;,,,x10001001.xml
987.0,K,2411535.0,Pa,"H2:0.0733, CO:0.0971, CO2:0.0198, O2:0.1701, N2:0.6397",0.5008818342151675,0.00201,s,,,d/dt max,P;,,,x10001001.xml
990.0,K,2117692.5,Pa,"H2:0.0733, CO:0.0971, CO2:0.0198, O2:0.1701, N2:0.6397",0.5008818342151675,0.00197,s,,,d/dt max,P;,,,x10001001.xml
1001.0,K,2117692.5,Pa,"H2:0.0733, CO:0.0971, CO2:0.0198, O2:0.1701, N2:0.6397",0.5008818342151675,0.00188,s,,,d/dt max,P;,,,x10001001.xml
1013.0,K,2188620.0,Pa,"H2:0.0733, CO:0.0971, CO2:0.0198, O2:0.1701, N2:0.6397",0.5008818342151675,0.00203,s,,,d/dt max,P;,,,x10001001.xml
1019.0,K,3313327.5000000005,Pa,"H2:0.0733, CO:0.0971, CO2:0.0198, O2:0.1701, N2:0.6397",0.5008818342151675,0.00157,s,,,d/dt max,P;,,,x10001001.xml
1024.0,K,1671862.5,Pa,"H2:0.0733, CO:0.0971, CO2:0.0198, O2:0.1701, N2:0.6397",0.5008818342151675,0.0023799999999999997,s,,,d/dt max,P;,,,x10001001.xml
1033.0,K,2401402.5,Pa,"H2:0.0733, CO:0.0971, CO2:0.0198, O2:0.1701, N2:0.6397",0.5008818342151675,0.00215,s,,,d/dt max,P;,,,x10001001.xml
1053.0,K,1894777.5,Pa,"H2:0.0733, CO:0.0971, CO2:0.0198, O2:0.1701, N2:0.6397",0.5008818342151675,0.00156,s,,,d/dt max,P;,,,x10001001.xml
1059.0,K,2036632.5000000002,Pa,"H2:0.0733, CO:0.0971, CO2:0.0198, O2:0.1701, N2:0.6397",0.5008818342151675,0.00125,s,,,d/dt max,P;,,,x10001001.xml
1148.0,K,2168355.0,Pa,"H2:0.0733, CO:0.0971, CO2:0.0198, O2:0.1701, N2:0.6397",0.5008818342151675,0.00037999999999999997,s,,,d/dt max,P;,,,x10001001.xml
1040.0,K,1340000.0,Pa,"H2:0.003, CO:0.0562, O2:0.0296, Ar:0.9112",1.0,0.005026999999999999,s,,,max,OHEX;,,,x10001021_x.xml
1043.0,K,1497000.0,Pa,"H2:0.003, CO:0.0562, O2:0.0296, Ar:0.9112",1.0,0.005783,s,,,max,OHEX;,,,x10001021_x.xml
1044.0,K,1425000.0,Pa,"H2:0.003, CO:0.0562, O2:0.0296, Ar:0.9112",1.0,0.0052499999999999995,s,,,max,OHEX;,,,x10001021_x.xml
1056.0,K,1470000.0,Pa,"H2:0.003, CO:0.0562, O2:0.0296, Ar:0.9112",1.0,0.004618,s,,,max,OHEX;,,,x10001021_x.xml
1092.0,K,1461000.0,Pa,"H2:0.003, CO:0.0562, O2:0.0296, Ar:0.9112",1.0,0.003129,s,,,max,OHEX;,,,x10001021_x.xml
1117.0,K,1421000.0,Pa,"H2:0.003, CO:0.0562, O2:0.0296, Ar:0.9112",1.0,0.001923,s,,,max,OHEX;,,,x10001021_x.xml
1148.0,K,1416000.0,Pa,"H2:0.003, CO:0.0562, O2:0.0296, Ar:0.9112",1.0,0.0007859999999999999,s,,,max,OHEX;,,,x10001021_x.xml
1195.0,K,1461000.0,Pa,"H2:0.003, CO:0.0562, O2:0.0296, Ar:0.9112",1.0,0.000318,s,,,max,OHEX;,,,x10001021_x.xml
1202.0,K,1403000.0,Pa,"H2:0.003, CO:0.0562, O2:0.0296, Ar:0.9112",1.0,0.000237,s,,,max,OHEX;,,,x10001021_x.xml
1212.0,K,1444000.0,Pa,"H2:0.003, CO:0.0562, O2:0.0296, Ar:0.9112",1.0,0.00022899999999999998,s,,,max,OHEX;,,,x10001021_x.xml
1250.0,K,1402000.0,Pa,"H2:0.003, CO:0.0562, O2:0.0296, Ar:0.9112",1.0,0.000146,s,,,max,OHEX;,,,x10001021_x.xml
1324.0,K,1529000.0,Pa,"H2:0.003, CO:0.0562, O2:0.0296, Ar:0.9112",1.0,7.8e-05,s,,,max,OHEX;,,,x10001021_x.xml
1354.0,K,1604000.0,Pa,"H2:0.003, CO:0.0562, O2:0.0296, Ar:0.9112",1.0,6.4e-05,s,,,max,OHEX;,,,x10001021_x.xml
1359.0,K,1585000.0,Pa,"H2:0.003, CO:0.0562, O2:0.0296, Ar:0.9112",1.0,5.8e-05,s,,,max,OHEX;,,,x10001021_x.xml
1438.0,K,1402000.0,Pa,"H2:0.003, CO:0.0562, O2:0.0296, Ar:0.9112",1.0,3.6e-05,s,,,max,OHEX;,,,x10001021_x.xml
991.0,K,351000.0,Pa,"H2:0.003, CO:0.0562, O2:0.0296, Ar:0.9112",1.0,0.004367,s,,,max,OHEX;,,,x10001022.xml
1018.0,K,363000.0,Pa,"H2:0.003, CO:0.0562, O2:0.0296, Ar:0.9112",1.0,0.002865,s,,,max,OHEX;,,,x10001022.xml
1031.0,K,356000.0,Pa,"H2:0.003, CO:0.0562, O2:0.0296, Ar:0.9112",1.0,0.002143,s,,,max,OHEX;,,,x10001022.xml
1057.0,K,364000.0,Pa,"H2:0.003, CO:0.0562, O2:0.0296, Ar:0.9112",1.0,0.0015819999999999999,s,,,max,OHEX;,,,x10001022.xml
1079.0,K,363000.0,Pa,"H2:0.003, CO:0.0562, O2:0.0296, Ar:0.9112",1.0,0.0010509999999999999,s,,,max,OHEX;,,,x10001022.xml
1144.0,K,371000.0,Pa,"H2:0.003, CO:0.0562, O2:0.0296, Ar:0.9112",1.0,0.0005589999999999999,s,,,max,OHEX;,,,x10001022.xml
1147.0,K,375000.0,Pa,"H2:0.003, CO:0.0562, O2:0.0296, Ar:0.9112",1.0,0.0005899999999999999,s,,,max,OHEX;,,,x10001022.xml
1240.0,K,379000.0,Pa,"H2:0.003, CO:0.0562, O2:0.0296, Ar:0.9112",1.0,0.000329,s,,,max,OHEX;,,,x10001022.xml
1254.0,K,346000.0,Pa,"H2:0.003, CO:0.0562, O2:0.0296, Ar:0.9112",1.0,0.000314,s,,,max,OHEX;,,,x10001022.xml
1371.0,K,360000.0,Pa,"H2:0.003, CO:0.0562, O2:0.0296, Ar:0.9112",1.0,0.000197,s,,,max,OHEX;,,,x10001022.xml
1456.0,K,344000.0,Pa,"H2:0.003, CO:0.0562, O2:0.0296, Ar:0.9112",1.0,0.000167,s,,,max,OHEX;,,,x10001022.xml
1471.0,K,367000.0,Pa,"H2:0.003, CO:0.0562, O2:0.0296, Ar:0.9112",1.0,0.00015,s,,,max,OHEX;,,,x10001022.xml
1649.0,K,413000.0,Pa,"H2:0.003, CO:0.0562, O2:0.0296, Ar:0.9112",1.0,8.9e-05,s,,,max,OHEX;,,,x10001022.xml
1763.0,K,425000.0,Pa,"H2:0.003, CO:0.0562, O2:0.0296, Ar:0.9112",1.0,7.5e-05,s,,,max,OHEX;,,,x10001022.xml
1934.0,K,418000.0,Pa,"H2:0.003, CO:0.0562, O2:0.0296, Ar:0.9112",1.0,5.6e-05,s,,,max,OHEX;,,,x10001022.xml
957.0,K,92000.0,Pa,"H2:0.003, CO:0.0562, O2:0.0296, Ar:0.9112",1.0,0.006496999999999999,s,,,max,OHEX;,,,x10001023.xml
975.0,K,90000.0,Pa,"H2:0.003, CO:0.0562, O2:0.0296, Ar:0.9112",1.0,0.005699,s,,,max,OHEX;,,,x10001023.xml
993.0,K,92000.0,Pa,"H2:0.003, CO:0.0562, O2:0.0296, Ar:0.9112",1.0,0.005477999999999999,s,,,max,OHEX;,,,x10001023.xml
994.0,K,87000.0,Pa,"H2:0.003, CO:0.0562, O2:0.0296, Ar:0.9112",1.0,0.004495,s,,,max,OHEX;,,,x10001023.xml
996.0,K,93000.0,Pa,"H2:0.003, CO:0.0562, O2:0.0296, Ar:0.9112",1.0,0.0044729999999999995,s,,,max,OHEX;,,,x10001023.xml
1028.0,K,92000.0,Pa,"H2:0.003, CO:0.0562, O2:0.0296, Ar:0.9112",1.0,0.0039499999999999995,s,,,max,OHEX;,,,x10001023.xml
1048.0,K,96000.0,Pa,"H2:0.003, CO:0.0562, O2:0.0296, Ar:0.9112",1.0,0.002913,s,,,max,OHEX;,,,x10001023.xml
1081.0,K,101000.0,Pa,"H2:0.003, CO:0.0562, O2:0.0296, Ar:0.9112",1.0,0.002349,s,,,max,OHEX;,,,x10001023.xml
1120.0,K,107000.0,Pa,"H2:0.003, CO:0.0562, O2:0.0296, Ar:0.9112",1.0,0.0018729999999999999,s,,,max,OHEX;,,,x10001023.xml
1214.0,K,100000.0,Pa,"H2:0.003, CO:0.0562, O2:0.0296, Ar:0.9112",1.0,0.001349,s,,,max,OHEX;,,,x10001023.xml
1237.0,K,104000.0,Pa,"H2:0.003, CO:0.0562, O2:0.0296, Ar:0.9112",1.0,0.001109,s,,,max,OHEX;,,,x10001023.xml
1268.0,K,97000.0,Pa,"H2:0.003, CO:0.0562, O2:0.0296, Ar:0.9112",1.0,0.001085,s,,,max,OHEX;,,,x10001023.xml
1351.0,K,88000.0,Pa,"H2:0.003, CO:0.0562, O2:0.0296, Ar:0.9112",1.0,0.0009199999999999999,s,,,max,OHEX;,,,x10001023.xml
1405.0,K,85000.0,Pa,"H2:0.003, CO:0.0562, O2:0.0296, Ar:0.9112",1.0,0.000802,s,,,max,OHEX;,,,x10001023.xml
1510.0,K,96000.0,Pa,"H2:0.003, CO:0.0562, O2:0.0296, Ar:0.9112",1.0,0.000615,s,,,max,OHEX;,,,x10001023.xml
1564.0,K,92000.0,Pa,"H2:0.003, CO:0.0562, O2:0.0296, Ar:0.9112",1.0,0.000619,s,,,max,OHEX;,,,x10001023.xml
1669.0,K,88000.0,Pa,"H2:0.003, CO:0.0562, O2:0.0296, Ar:0.9112",1.0,0.000477,s,,,max,OHEX;,,,x10001023.xml
1986.0,K,94000.0,Pa,"H2:0.003, CO:0.0562, O2:0.0296, Ar:0.9112",1.0,0.00030199999999999997,s,,,max,OHEX;,,,x10001023.xml
2147.0,K,113999.99999999999,Pa,"H2:0.003, CO:0.0562, O2:0.0296, Ar:0.9112",1.0,0.000254,s,,,max,OHEX;,,,x10001023.xml
2158.0,K,90000.0,Pa,"H2:0.003, CO:0.0562, O2:0.0296, Ar:0.9112",1.0,0.000257,s,,,max,OHEX;,,,x10001023.xml
2161.0,K,112999.99999999999,Pa,"H2:0.003, CO:0.0562, O2:0.0296, Ar:0.9112",1.0,0.00022999999999999998,s,,,max,OHEX;,,,x10001023.xml
2374.0,K,86000.0,Pa,"H2:0.003, CO:0.0562, O2:0.0296, Ar:0.9112",1.0,0.00039799999999999997,s,,,max,OHEX;,,,x10001023.xml
997.0,K,1623999.9999999998,Pa,"H2:0.0174, CO:0.0174, O2:0.0347, Ar:0.9306",0.5014409221902016,0.005424,s,,,max,OHEX;,,,x10001024_x.xml
1000.0,K,1586000.0,Pa,"H2:0.0174, CO:0.0174, O2:0.0347, Ar:0.9306",0.5014409221902016,0.005209,s,,,max,OHEX;,,,x10001024_x.xml
1007.0,K,1569000.0,Pa,"H2:0.0174, CO:0.0174, O2:0.0347, Ar:0.9306",0.5014409221902016,0.00484,s,,,max,OHEX;,,,x10001024_x.xml
1015.0,K,1684000.0,Pa,"H2:0.0174, CO:0.0174, O2:0.0347, Ar:0.9306",0.5014409221902016,0.004626,s,,,max,OHEX;,,,x10001024_x.xml
1034.0,K,1569000.0,Pa,"H2:0.0174, CO:0.0174, O2:0.0347, Ar:0.9306",0.5014409221902016,0.003212,s,,,max,OHEX;,,,x10001024_x.xml
1068.0,K,1598000.0,Pa,"H2:0.0174, CO:0.0174, O2:0.0347, Ar:0.9306",0.5014409221902016,0.001861,s,,,max,OHEX;,,,x10001024_x.xml
1085.0,K,1470000.0,Pa,"H2:0.0174, CO:0.0174, O2:0.0347, Ar:0.9306",0.5014409221902016,0.001246,s,,,max,OHEX;,,,x10001024_x.xml
1106.0,K,1610000.0000000002,Pa,"H2:0.0174, CO:0.0174, O2:0.0347, Ar:0.9306",0.5014409221902016,0.0008489999999999999,s,,,max,OHEX;,,,x10001024_x.xml
1116.0,K,1598000.0,Pa,"H2:0.0174, CO:0.0174, O2:0.0347, Ar:0.9306",0.5014409221902016,0.000594,s,,,max,OHEX;,,,x10001024_x.xml
1143.0,K,1620000.0,Pa,"H2:0.0174, CO:0.0174, O2:0.0347, Ar:0.9306",0.5014409221902016,0.000299,s,,,max,OHEX;,,,x10001024_x.xml
1145.0,K,1562000.0,Pa,"H2:0.0174, CO:0.0174, O2:0.0347, Ar:0.9306",0.5014409221902016,0.00026199999999999997,s,,,max,OHEX;,,,x10001024_x.xml
1146.0,K,1600000.0,Pa,"H2:0.0174, CO:0.0174, O2:0.0347, Ar:0.9306",0.5014409221902016,0.000268,s,,,max,OHEX;,,,x10001024_x.xml
1174.0,K,1630999.9999999998,Pa,"H2:0.0174, CO:0.0174, O2:0.0347, Ar:0.9306",0.5014409221902016,7.999999999999999e-05,s,,,max,OHEX;,,,x10001024_x.xml
1179.0,K,1586000.0,Pa,"H2:0.0174, CO:0.0174, O2:0.0347, Ar:0.9306",0.5014409221902016,6.8e-05,s,,,max,OHEX;,,,x10001024_x.xml
1205.0,K,1610000.0000000002,Pa,"H2:0.0174, CO:0.0174, O2:0.0347, Ar:0.9306",0.5014409221902016,2.9999999999999997e-05,s,,,max,OHEX;,,,x10001024_x.xml
1215.0,K,1532000.0,Pa,"H2:0.0174, CO:0.0174, O2:0.0347, Ar:0.9306",0.5014409221902016,3.1e-05,s,,,max,OHEX;,,,x10001024_x.xml
942.0,K,379000.0,Pa,"H2:0.0174, CO:0.0174, O2:0.0347, Ar:0.9306",0.5014409221902016,0.005731,s,,,max,OHEX;,,,x10001025.xml
963.0,K,389000.0,Pa,"H2:0.0174, CO:0.0174, O2:0.0347, Ar:0.9306",0.5014409221902016,0.004933,s,,,max,OHEX;,,,x10001025.xml
981.0,K,393000.0,Pa,"H2:0.0174, CO:0.0174, O2:0.0347, Ar:0.9306",0.5014409221902016,0.0034119999999999997,s,,,max,OHEX;,,,x10001025.xml
995.0,K,407000.0,Pa,"H2:0.0174, CO:0.0174, O2:0.0347, Ar:0.9306",0.5014409221902016,0.002438,s,,,max,OHEX;,,,x10001025.xml
1003.0,K,371000.0,Pa,"H2:0.0174, CO:0.0174, O2:0.0347, Ar:0.9306",0.5014409221902016,0.0012209999999999999,s,,,max,OHEX;,,,x10001025.xml
1005.0,K,403000.0,Pa,"H2:0.0174, CO:0.0174, O2:0.0347, Ar:0.9306",0.5014409221902016,0.002095,s,,,max,OHEX;,,,x10001025.xml
1009.0,K,391000.0,Pa,"H2:0.0174, CO:0.0174, O2:0.0347, Ar:0.9306",0.5014409221902016,0.001068,s,,,max,OHEX;,,,x10001025.xml
1022.0,K,398000.0,Pa,"H2:0.0174, CO:0.0174, O2:0.0347, Ar:0.9306",0.5014409221902016,0.000998,s,,,max,OHEX;,,,x10001025.xml
1044.0,K,390000.0,Pa,"H2:0.0174, CO:0.0174, O2:0.0347, Ar:0.9306",0.5014409221902016,0.000366,s,,,max,OHEX;,,,x10001025.xml
1052.0,K,384000.0,Pa,"H2:0.0174, CO:0.0174, O2:0.0347, Ar:0.9306",0.5014409221902016,0.00037099999999999996,s,,,max,OHEX;,,,x10001025.xml
1068.0,K,416000.0,Pa,"H2:0.0174, CO:0.0174, O2:0.0347, Ar:0.9306",0.5014409221902016,0.000285,s,,,max,OHEX;,,,x10001025.xml
1071.0,K,396000.0,Pa,"H2:0.0174, CO:0.0174, O2:0.0347, Ar:0.9306",0.5014409221902016,0.00028,s,,,max,OHEX;,,,x10001025.xml
1080.0,K,381000.0,Pa,"H2:0.0174, CO:0.0174, O2:0.0347, Ar:0.9306",0.5014409221902016,0.00024599999999999996,s,,,max,OHEX;,,,x10001025.xml
1107.0,K,388000.0,Pa,"H2:0.0174, CO:0.0174, O2:0.0347, Ar:0.9306",0.5014409221902016,0.000177,s,,,max,OHEX;,,,x10001025.xml
1109.0,K,399000.0,Pa,"H2:0.0174, CO:0.0174, O2:0.0347, Ar:0.9306",0.5014409221902016,0.000166,s,,,max,OHEX;,,,x10001025.xml
1132.0,K,390000.0,Pa,"H2:0.0174, CO:0.0174, O2:0.0347, Ar:0.9306",0.5014409221902016,0.00014099999999999998,s,,,max,OHEX;,,,x10001025.xml
1142.0,K,507000.0,Pa,"H2:0.0174, CO:0.0174, O2:0.0347, Ar:0.9306",0.5014409221902016,0.000108,s,,,max,OHEX;,,,x10001025.xml
1145.0,K,386000.0,Pa,"H2:0.0174, CO:0.0174, O2:0.0347, Ar:0.9306",0.5014409221902016,0.000128,s,,,max,OHEX;,,,x10001025.xml
1210.0,K,397000.0,Pa,"H2:0.0174, CO:0.0174, O2:0.0347, Ar:0.9306",0.5014409221902016,8.2e-05,s,,,max,OHEX;,,,x10001025.xml
1227.0,K,393000.0,Pa,"H2:0.0174, CO:0.0174, O2:0.0347, Ar:0.9306",0.5014409221902016,7.3e-05,s,,,max,OHEX;,,,x10001025.xml
1282.0,K,396000.0,Pa,"H2:0.0174, CO:0.0174, O2:0.0347, Ar:0.9306",0.5014409221902016,5.4999999999999995e-05,s,,,max,OHEX;,,,x10001025.xml
1301.0,K,403000.0,Pa,"H2:0.0174, CO:0.0174, O2:0.0347, Ar:0.9306",0.5014409221902016,5.1e-05,s,,,max,OHEX;,,,x10001025.xml
1364.0,K,404000.0,Pa,"H2:0.0174, CO:0.0174, O2:0.0347, Ar:0.9306",0.5014409221902016,3.7999999999999995e-05,s,,,max,OHEX;,,,x10001025.xml
924.0,K,107000.0,Pa,"H2:0.0174, CO:0.0174, O2:0.0347, Ar:0.9306",0.5014409221902016,0.003188,s,,,max,OHEX;,,,x10001026.xml
938.0,K,107000.0,Pa,"H2:0.0174, CO:0.0174, O2:0.0347, Ar:0.9306",0.5014409221902016,0.003689,s,,,max,OHEX;,,,x10001026.xml
950.0,K,104000.0,Pa,"H2:0.0174, CO:0.0174, O2:0.0347, Ar:0.9306",0.5014409221902016,0.0016309999999999999,s,,,max,OHEX;,,,x10001026.xml
982.0,K,107000.0,Pa,"H2:0.0174, CO:0.0174, O2:0.0347, Ar:0.9306",0.5014409221902016,0.001179,s,,,max,OHEX;,,,x10001026.xml
993.0,K,99000.0,Pa,"H2:0.0174, CO:0.0174, O2:0.0347, Ar:0.9306",0.5014409221902016,0.001218,s,,,max,OHEX;,,,x10001026.xml
1080.0,K,99000.0,Pa,"H2:0.0174, CO:0.0174, O2:0.0347, Ar:0.9306",0.5014409221902016,0.0005859999999999999,s,,,max,OHEX;,,,x10001026.xml
1169.0,K,109000.00000000001,Pa,"H2:0.0174, CO:0.0174, O2:0.0347, Ar:0.9306",0.5014409221902016,0.000297,s,,,max,OHEX;,,,x10001026.xml
1200.0,K,88000.0,Pa,"H2:0.0174, CO:0.0174, O2:0.0347, Ar:0.9306",0.5014409221902016,0.00034899999999999997,s,,,max,OHEX;,,,x10001026.xml
1245.0,K,105000.0,Pa,"H2:0.0174, CO:0.0174, O2:0.0347, Ar:0.9306",0.5014409221902016,0.00024599999999999996,s,,,max,OHEX;,,,x10001026.xml
1336.0,K,97000.0,Pa,"H2:0.0174, CO:0.0174, O2:0.0347, Ar:0.9306",0.5014409221902016,0.000196,s,,,max,OHEX;,,,x10001026.xml
1475.0,K,84000.0,Pa,"H2:0.0174, CO:0.0174, O2:0.0347, Ar:0.9306",0.5014409221902016,0.00016099999999999998,s,,,max,OHEX;,,,x10001026.xml
1479.0,K,93000.0,Pa,"H2:0.0174, CO:0.0174, O2:0.0347, Ar:0.9306",0.5014409221902016,0.000128,s,,,max,OHEX;,,,x10001026.xml
1527.0,K,91000.0,Pa,"H2:0.0174, CO:0.0174, O2:0.0347, Ar:0.9306",0.5014409221902016,0.000117,s,,,max,OHEX;,,,x10001026.xml
1734.0,K,108000.0,Pa,"H2:0.0174, CO:0.0174, O2:0.0347, Ar:0.9306",0.5014409221902016,9.099999999999999e-05,s,,,max,OHEX;,,,x10001026.xml
1754.0,K,108000.0,Pa,"H2:0.0174, CO:0.0174, O2:0.0347, Ar:0.9306",0.5014409221902016,9.099999999999999e-05,s,,,max,OHEX;,,,x10001026.xml
1829.0,K,93000.0,Pa,"H2:0.0174, CO:0.0174, O2:0.0347, Ar:0.9306",0.5014409221902016,9.3e-05,s,,,max,OHEX;,,,x10001026.xml
1972.0,K,114999.99999999999,Pa,"H2:0.0174, CO:0.0174, O2:0.0347, Ar:0.9306",0.5014409221902016,6.2e-05,s,,,max,OHEX;,,,x10001026.xml
2011.0,K,110000.00000000001,Pa,"H2:0.0174, CO:0.0174, O2:0.0347, Ar:0.9306",0.5014409221902016,6.8e-05,s,,,max,OHEX;,,,x10001026.xml
2145.0,K,112999.99999999999,Pa,"H2:0.0174, CO:0.0174, O2:0.0347, Ar:0.9306",0.5014409221902016,5.4e-05,s,,,max,OHEX;,,,x10001026.xml
2147.0,K,97000.0,Pa,"H2:0.0174, CO:0.0174, O2:0.0347, Ar:0.9306",0.5014409221902016,7e-05,s,,,max,OHEX;,,,x10001026.xml
2202.0,K,92000.0,Pa,"H2:0.0174, CO:0.0174, O2:0.0347, Ar:0.9306",0.5014409221902016,6.9e-05,s,,,max,OHEX;,,,x10001026.xml
2214.0,K,76000.0,Pa,"H2:0.0174, CO:0.0174, O2:0.0347, Ar:0.9306",0.5014409221902016,6.5e-05,s,,,max,OHEX;,,,x10001026.xml
2220.0,K,118000.0,Pa,"H2:0.0174, CO:0.0174, O2:0.0347, Ar:0.9306",0.5014409221902016,4.6e-05,s,,,max,OHEX;,,,x10001026.xml
1055.0,K,1598000.0,Pa,"H2:0.0017, CO:0.033, O2:0.0347, Ar:0.9306",0.5,0.006271,s,,,max,OHEX;,,,x10001027_x.xml
1058.0,K,1645000.0,Pa,"H2:0.0017, CO:0.033, O2:0.0347, Ar:0.9306",0.5,0.005985,s,,,max,OHEX;,,,x10001027_x.xml
1084.0,K,1613000.0,Pa,"H2:0.0017, CO:0.033, O2:0.0347, Ar:0.9306",0.5,0.005671,s,,,max,OHEX;,,,x10001027_x.xml
1101.0,K,1617000.0000000002,Pa,"H2:0.0017, CO:0.033, O2:0.0347, Ar:0.9306",0.5,0.005092,s,,,max,OHEX;,,,x10001027_x.xml
1156.0,K,1695000.0,Pa,"H2:0.0017, CO:0.033, O2:0.0347, Ar:0.9306",0.5,0.002251,s,,,max,OHEX;,,,x10001027_x.xml
1174.0,K,1702000.0,Pa,"H2:0.0017, CO:0.033, O2:0.0347, Ar:0.9306",0.5,0.001488,s,,,max,OHEX;,,,x10001027_x.xml
1179.0,K,1654000.0,Pa,"H2:0.0017, CO:0.033, O2:0.0347, Ar:0.9306",0.5,0.00132,s,,,max,OHEX;,,,x10001027_x.xml
1194.0,K,1635000.0000000002,Pa,"H2:0.0017, CO:0.033, O2:0.0347, Ar:0.9306",0.5,0.0009289999999999999,s,,,max,OHEX;,,,x10001027_x.xml
1232.0,K,1630999.9999999998,Pa,"H2:0.0017, CO:0.033, O2:0.0347, Ar:0.9306",0.5,0.00045099999999999996,s,,,max,OHEX;,,,x10001027_x.xml
1247.0,K,1567000.0,Pa,"H2:0.0017, CO:0.033, O2:0.0347, Ar:0.9306",0.5,0.000312,s,,,max,OHEX;,,,x10001027_x.xml
1288.0,K,1630000.0,Pa,"H2:0.0017, CO:0.033, O2:0.0347, Ar:0.9306",0.5,0.000203,s,,,max,OHEX;,,,x10001027_x.xml
1359.0,K,1680000.0,Pa,"H2:0.0017, CO:0.033, O2:0.0347, Ar:0.9306",0.5,8.7e-05,s,,,max,OHEX;,,,x10001027_x.xml
1385.0,K,1628000.0,Pa,"H2:0.0017, CO:0.033, O2:0.0347, Ar:0.9306",0.5,7.7e-05,s,,,max,OHEX;,,,x10001027_x.xml
1470.0,K,1567000.0,Pa,"H2:0.0017, CO:0.033, O2:0.0347, Ar:0.9306",0.5,3.4e-05,s,,,max,OHEX;,,,x10001027_x.xml
1042.0,K,455000.0,Pa,"H2:0.0017, CO:0.033, O2:0.0347, Ar:0.9306",0.5,0.003231,s,,,max,OHEX;,,,x10001028.xml
1042.0,K,401000.0,Pa,"H2:0.0017, CO:0.033, O2:0.0347, Ar:0.9306",0.5,0.002833,s,,,max,OHEX;,,,x10001028.xml
1049.0,K,455999.99999999994,Pa,"H2:0.0017, CO:0.033, O2:0.0347, Ar:0.9306",0.5,0.004621,s,,,max,OHEX;,,,x10001028.xml
1089.0,K,421000.0,Pa,"H2:0.0017, CO:0.033, O2:0.0347, Ar:0.9306",0.5,0.001573,s,,,max,OHEX;,,,x10001028.xml
1119.0,K,415000.00000000006,Pa,"H2:0.0017, CO:0.033, O2:0.0347, Ar:0.9306",0.5,0.001085,s,,,max,OHEX;,,,x10001028.xml
1146.0,K,415000.00000000006,Pa,"H2:0.0017, CO:0.033, O2:0.0347, Ar:0.9306",0.5,0.001224,s,,,max,OHEX;,,,x10001028.xml
1159.0,K,393000.0,Pa,"H2:0.0017, CO:0.033, O2:0.0347, Ar:0.9306",0.5,0.000694,s,,,max,OHEX;,,,x10001028.xml
1215.0,K,393000.0,Pa,"H2:0.0017, CO:0.033, O2:0.0347, Ar:0.9306",0.5,0.00040199999999999996,s,,,max,OHEX;,,,x10001028.xml
1260.0,K,381000.0,Pa,"H2:0.0017, CO:0.033, O2:0.0347, Ar:0.9306",0.5,0.000213,s,,,max,OHEX;,,,x10001028.xml
1345.0,K,388000.0,Pa,"H2:0.0017, CO:0.033, O2:0.0347, Ar:0.9306",0.5,0.00019099999999999998,s,,,max,OHEX;,,,x10001028.xml
1463.0,K,396000.0,Pa,"H2:0.0017, CO:0.033, O2:0.0347, Ar:0.9306",0.5,0.00011499999999999999,s,,,max,OHEX;,,,x10001028.xml
1478.0,K,368000.0,Pa,"H2:0.0017, CO:0.033, O2:0.0347, Ar:0.9306",0.5,0.00014,s,,,max,OHEX;,,,x10001028.xml
1497.0,K,376000.0,Pa,"H2:0.0017, CO:0.033, O2:0.0347, Ar:0.9306",0.5,0.00011499999999999999,s,,,max,OHEX;,,,x10001028.xml
1516.0,K,377000.0,Pa,"H2:0.0017, CO:0.033, O2:0.0347, Ar:0.9306",0.5,0.00010499999999999999,s,,,max,OHEX;,,,x10001028.xml
1614.0,K,384000.0,Pa,"H2:0.0017, CO:0.033, O2:0.0347, Ar:0.9306",0.5,8.4e-05,s,,,max,OHEX;,,,x10001028.xml
1824.0,K,430000.0,Pa,"H2:0.0017, CO:0.033, O2:0.0347, Ar:0.9306",0.5,5.4999999999999995e-05,s,,,max,OHEX;,,,x10001028.xml
943.0,K,109000.00000000001,Pa,"H2:0.0017, CO:0.033, O2:0.0347, Ar:0.9306",0.5,0.009538999999999999,s,,,max,OHEX;,,,x10001029.xml
945.0,K,101000.0,Pa,"H2:0.0017, CO:0.033, O2:0.0347, Ar:0.9306",0.5,0.010062,s,,,max,OHEX;,,,x10001029.xml
1022.0,K,114999.99999999999,Pa,"H2:0.0017, CO:0.033, O2:0.0347, Ar:0.9306",0.5,0.005703,s,,,max,OHEX;,,,x10001029.xml
1081.0,K,117000.0,Pa,"H2:0.0017, CO:0.033, O2:0.0347, Ar:0.9306",0.5,0.0034839999999999997,s,,,max,OHEX;,,,x10001029.xml
1108.0,K,106000.0,Pa,"H2:0.0017, CO:0.033, O2:0.0347, Ar:0.9306",0.5,0.0031439999999999997,s,,,max,OHEX;,,,x10001029.xml
1222.0,K,107000.0,Pa,"H2:0.0017, CO:0.033, O2:0.0347, Ar:0.9306",0.5,0.001593,s,,,max,OHEX;,,,x10001029.xml
1316.0,K,100000.0,Pa,"H2:0.0017, CO:0.033, O2:0.0347, Ar:0.9306",0.5,0.001209,s,,,max,OHEX;,,,x10001029.xml
1373.0,K,89000.0,Pa,"H2:0.0017, CO:0.033, O2:0.0347, Ar:0.9306",0.5,0.001064,s,,,max,OHEX;,,,x10001029.xml
1534.0,K,95000.0,Pa,"H2:0.0017, CO:0.033, O2:0.0347, Ar:0.9306",0.5,0.000753,s,,,max,OHEX;,,,x10001029.xml
1582.0,K,93000.0,Pa,"H2:0.0017, CO:0.033, O2:0.0347, Ar:0.9306",0.5,0.000842,s,,,max,OHEX;,,,x10001029.xml
1944.0,K,112000.00000000001,Pa,"H2:0.0017, CO:0.033, O2:0.0347, Ar:0.9306",0.5,0.000332,s,,,max,OHEX;,,,x10001029.xml
1990.0,K,100000.0,Pa,"H2:0.0017, CO:0.033, O2:0.0347, Ar:0.9306",0.5,0.000381,s,,,max,OHEX;,,,x10001029.xml
2246.0,K,101000.0,Pa,"H2:0.0017, CO:0.033, O2:0.0347, Ar:0.9306",0.5,0.000326,s,,,max,OHEX;,,,x10001029.xml
1007.0,K,1506000.0,Pa,"H2:0.0296, CO:0.0296, O2:0.0296, Ar:0.9112",1.0,0.006076,s,,,max,OHEX;,,,x10001030.xml
1029.0,K,1550000.0,Pa,"H2:0.0296, CO:0.0296, O2:0.0296, Ar:0.9112",1.0,0.004892,s,,,max,OHEX;,,,x10001030.xml
1045.0,K,1522000.0,Pa,"H2:0.0296, CO:0.0296, O2:0.0296, Ar:0.9112",1.0,0.004045,s,,,max,OHEX;,,,x10001030.xml
1073.0,K,1563000.0,Pa,"H2:0.0296, CO:0.0296, O2:0.0296, Ar:0.9112",1.0,0.001944,s,,,max,OHEX;,,,x10001030.xml
1120.0,K,1543000.0,Pa,"H2:0.0296, CO:0.0296, O2:0.0296, Ar:0.9112",1.0,0.0006839999999999999,s,,,max,OHEX;,,,x10001030.xml
1122.0,K,1573000.0,Pa,"H2:0.0296, CO:0.0296, O2:0.0296, Ar:0.9112",1.0,0.000774,s,,,max,OHEX;,,,x10001030.xml
1124.0,K,1642000.0000000002,Pa,"H2:0.0296, CO:0.0296, O2:0.0296, Ar:0.9112",1.0,0.0006879999999999999,s,,,max,OHEX;,,,x10001030.xml
1147.0,K,1650000.0,Pa,"H2:0.0296, CO:0.0296, O2:0.0296, Ar:0.9112",1.0,0.000357,s,,,max,OHEX;,,,x10001030.xml
1148.0,K,1716000.0,Pa,"H2:0.0296, CO:0.0296, O2:0.0296, Ar:0.9112",1.0,0.00036899999999999997,s,,,max,OHEX;,,,x10001030.xml
1161.0,K,1593000.0,Pa,"H2:0.0296, CO:0.0296, O2:0.0296, Ar:0.9112",1.0,0.00017999999999999998,s,,,max,OHEX;,,,x10001030.xml
1164.0,K,1647000.0,Pa,"H2:0.0296, CO:0.0296, O2:0.0296, Ar:0.9112",1.0,0.000232,s,,,max,OHEX;,,,x10001030.xml
1202.0,K,1655000.0,Pa,"H2:0.0296, CO:0.0296, O2:0.0296, Ar:0.9112",1.0,5.1e-05,s,,,max,OHEX;,,,x10001030.xml
1211.0,K,1636000.0,Pa,"H2:0.0296, CO:0.0296, O2:0.0296, Ar:0.9112",1.0,3.9999999999999996e-05,s,,,max,OHEX;,,,x10001030.xml
1212.0,K,1710000.0000000002,Pa,"H2:0.0296, CO:0.0296, O2:0.0296, Ar:0.9112",1.0,4.2999999999999995e-05,s,,,max,OHEX;,,,x10001030.xml
1249.0,K,1651000.0000000002,Pa,"H2:0.0296, CO:0.0296, O2:0.0296, Ar:0.9112",1.0,1.8999999999999998e-05,s,,,max,OHEX;,,,x10001030.xml
970.0,K,360000.0,Pa,"H2:0.0296, CO:0.0296, O2:0.0296, Ar:0.9112",1.0,0.0045309999999999994,s,,,max,OHEX;,,,x10001031.xml
985.0,K,409000.0,Pa,"H2:0.0296, CO:0.0296, O2:0.0296, Ar:0.9112",1.0,0.0034479999999999997,s,,,max,OHEX;,,,x10001031.xml
993.0,K,404000.0,Pa,"H2:0.0296, CO:0.0296, O2:0.0296, Ar:0.9112",1.0,0.002861,s,,,max,OHEX;,,,x10001031.xml
1002.0,K,417000.0,Pa,"H2:0.0296, CO:0.0296, O2:0.0296, Ar:0.9112",1.0,0.002702,s,,,max,OHEX;,,,x10001031.xml
1007.0,K,383000.0,Pa,"H2:0.0296, CO:0.0296, O2:0.0296, Ar:0.9112",1.0,0.0014559999999999998,s,,,max,OHEX;,,,x10001031.xml
1021.0,K,396000.0,Pa,"H2:0.0296, CO:0.0296, O2:0.0296, Ar:0.9112",1.0,0.001068,s,,,max,OHEX;,,,x10001031.xml
1024.0,K,383000.0,Pa,"H2:0.0296, CO:0.0296, O2:0.0296, Ar:0.9112",1.0,0.0008049999999999999,s,,,max,OHEX;,,,x10001031.xml
1027.0,K,411000.00000000006,Pa,"H2:0.0296, CO:0.0296, O2:0.0296, Ar:0.9112",1.0,0.0008259999999999999,s,,,max,OHEX;,,,x10001031.xml
1029.0,K,404000.0,Pa,"H2:0.0296, CO:0.0296, O2:0.0296, Ar:0.9112",1.0,0.0006839999999999999,s,,,max,OHEX;,,,x10001031.xml
1031.0,K,377000.0,Pa,"H2:0.0296, CO:0.0296, O2:0.0296, Ar:0.9112",1.0,0.0006309999999999999,s,,,max,OHEX;,,,x10001031.xml
1050.0,K,409999.99999999994,Pa,"H2:0.0296, CO:0.0296, O2:0.0296, Ar:0.9112",1.0,0.00033299999999999996,s,,,max,OHEX;,,,x10001031.xml
1058.0,K,404000.0,Pa,"H2:0.0296, CO:0.0296, O2:0.0296, Ar:0.9112",1.0,0.000318,s,,,max,OHEX;,,,x10001031.xml
1060.0,K,407000.0,Pa,"H2:0.0296, CO:0.0296, O2:0.0296, Ar:0.9112",1.0,0.00031099999999999997,s,,,max,OHEX;,,,x10001031.xml
1084.0,K,405000.0,Pa,"H2:0.0296, CO:0.0296, O2:0.0296, Ar:0.9112",1.0,0.000227,s,,,max,OHEX;,,,x10001031.xml
1093.0,K,422000.0,Pa,"H2:0.0296, CO:0.0296, O2:0.0296, Ar:0.9112",1.0,0.000192,s,,,max,OHEX;,,,x10001031.xml
1103.0,K,433000.0,Pa,"H2:0.0296, CO:0.0296, O2:0.0296, Ar:0.9112",1.0,0.00016999999999999999,s,,,max,OHEX;,,,x10001031.xml
1148.0,K,417000.0,Pa,"H2:0.0296, CO:0.0296, O2:0.0296, Ar:0.9112",1.0,0.00010899999999999999,s,,,max,OHEX;,,,x10001031.xml
1167.0,K,380000.0,Pa,"H2:0.0296, CO:0.0296, O2:0.0296, Ar:0.9112",1.0,0.000103,s,,,max,OHEX;,,,x10001031.xml
1186.0,K,409000.0,Pa,"H2:0.0296, CO:0.0296, O2:0.0296, Ar:0.9112",1.0,7.9e-05,s,,,max,OHEX;,,,x10001031.xml
1192.0,K,384000.0,Pa,"H2:0.0296, CO:0.0296, O2:0.0296, Ar:0.9112",1.0,7.4e-05,s,,,max,OHEX;,,,x10001031.xml
1192.0,K,362000.0,Pa,"H2:0.0296, CO:0.0296, O2:0.0296, Ar:0.9112",1.0,8.9e-05,s,,,max,OHEX;,,,x10001031.xml
1201.0,K,379000.0,Pa,"H2:0.0296, CO:0.0296, O2:0.0296, Ar:0.9112",1.0,8.099999999999999e-05,s,,,max,OHEX;,,,x10001031.xml
1206.0,K,367000.0,Pa,"H2:0.0296, CO:0.0296, O2:0.0296, Ar:0.9112",1.0,7.8e-05,s,,,max,OHEX;,,,x10001031.xml
1281.0,K,437000.0,Pa,"H2:0.0296, CO:0.0296, O2:0.0296, Ar:0.9112",1.0,4.4999999999999996e-05,s,,,max,OHEX;,,,x10001031.xml
1336.0,K,461000.00000000006,Pa,"H2:0.0296, CO:0.0296, O2:0.0296, Ar:0.9112",1.0,3.1e-05,s,,,max,OHEX;,,,x10001031.xml
1418.0,K,483000.0,Pa,"H2:0.0296, CO:0.0296, O2:0.0296, Ar:0.9112",1.0,2.2e-05,s,,,max,OHEX;,,,x10001031.xml
882.0,K,86000.0,Pa,"H2:0.0296, CO:0.0296, O2:0.0296, Ar:0.9112",1.0,0.010775999999999999,s,,,max,OHEX;,,,x10001032.xml
895.0,K,87000.0,Pa,"H2:0.0296, CO:0.0296, O2:0.0296, Ar:0.9112",1.0,0.009696,s,,,max,OHEX;,,,x10001032.xml
900.0,K,88000.0,Pa,"H2:0.0296, CO:0.0296, O2:0.0296, Ar:0.9112",1.0,0.003734,s,,,max,OHEX;,,,x10001032.xml
902.0,K,96000.0,Pa,"H2:0.0296, CO:0.0296, O2:0.0296, Ar:0.9112",1.0,0.008272999999999999,s,,,max,OHEX;,,,x10001032.xml
906.0,K,90000.0,Pa,"H2:0.0296, CO:0.0296, O2:0.0296, Ar:0.9112",1.0,0.006633,s,,,max,OHEX;,,,x10001032.xml
912.0,K,90000.0,Pa,"H2:0.0296, CO:0.0296, O2:0.0296, Ar:0.9112",1.0,0.005445,s,,,max,OHEX;,,,x10001032.xml
926.0,K,100000.0,Pa,"H2:0.0296, CO:0.0296, O2:0.0296, Ar:0.9112",1.0,0.003555,s,,,max,OHEX;,,,x10001032.xml
947.0,K,105000.0,Pa,"H2:0.0296, CO:0.0296, O2:0.0296, Ar:0.9112",1.0,0.002263,s,,,max,OHEX;,,,x10001032.xml
978.0,K,106000.0,Pa,"H2:0.0296, CO:0.0296, O2:0.0296, Ar:0.9112",1.0,0.001279,s,,,max,OHEX;,,,x10001032.xml
988.0,K,92000.0,Pa,"H2:0.0296, CO:0.0296, O2:0.0296, Ar:0.9112",1.0,0.00115,s,,,max,OHEX;,,,x10001032.xml
990.0,K,82000.0,Pa,"H2:0.0296, CO:0.0296, O2:0.0296, Ar:0.9112",1.0,0.00117,s,,,max,OHEX;,,,x10001032.xml
1009.0,K,85000.0,Pa,"H2:0.0296, CO:0.0296, O2:0.0296, Ar:0.9112",1.0,0.0007199999999999999,s,,,max,OHEX;,,,x10001032.xml
1009.0,K,109000.00000000001,Pa,"H2:0.0296, CO:0.0296, O2:0.0296, Ar:0.9112",1.0,0.0008439999999999999,s,,,max,OHEX;,,,x10001032.xml
1011.0,K,93000.0,Pa,"H2:0.0296, CO:0.0296, O2:0.0296, Ar:0.9112",1.0,0.000758,s,,,max,OHEX;,,,x10001032.xml
1016.0,K,104000.0,Pa,"H2:0.0296, CO:0.0296, O2:0.0296, Ar:0.9112",1.0,0.000763,s,,,max,OHEX;,,,x10001032.xml
1040.0,K,110000.00000000001,Pa,"H2:0.0296, CO:0.0296, O2:0.0296, Ar:0.9112",1.0,0.0006399999999999999,s,,,max,OHEX;,,,x10001032.xml
1065.0,K,100000.0,Pa,"H2:0.0296, CO:0.0296, O2:0.0296, Ar:0.9112",1.0,0.000432,s,,,max,OHEX;,,,x10001032.xml
1085.0,K,110000.00000000001,Pa,"H2:0.0296, CO:0.0296, O2:0.0296, Ar:0.9112",1.0,0.000455,s,,,max,OHEX;,,,x10001032.xml
1099.0,K,104000.0,Pa,"H2:0.0296, CO:0.0296, O2:0.0296, Ar:0.9112",1.0,0.000394,s,,,max,OHEX;,,,x10001032.xml
1123.0,K,110000.00000000001,Pa,"H2:0.0296, CO:0.0296, O2:0.0296, Ar:0.9112",1.0,0.00037099999999999996,s,,,max,OHEX;,,,x10001032.xml
1148.0,K,97000.0,Pa,"H2:0.0296, CO:0.0296, O2:0.0296, Ar:0.9112",1.0,0.00036399999999999996,s,,,max,OHEX;,,,x10001032.xml
1152.0,K,105000.0,Pa,"H2:0.0296, CO:0.0296, O2:0.0296, Ar:0.9112",1.0,0.000345,s,,,max,OHEX;,,,x10001032.xml
1170.0,K,105000.0,Pa,"H2:0.0296, CO:0.0296, O2:0.0296, Ar:0.9112",1.0,0.000294,s,,,max,OHEX;,,,x10001032.xml
1244.0,K,108000.0,Pa,"H2:0.0296, CO:0.0296, O2:0.0296, Ar:0.9112",1.0,0.000204,s,,,max,OHEX;,,,x10001032.xml
1272.0,K,103000.0,Pa,"H2:0.0296, CO:0.0296, O2:0.0296, Ar:0.9112",1.0,0.00019899999999999999,s,,,max,OHEX;,,,x10001032.xml
1331.0,K,100000.0,Pa,"H2:0.0296, CO:0.0296, O2:0.0296, Ar:0.9112",1.0,0.000179,s,,,max,OHEX;,,,x10001032.xml
1337.0,K,99000.0,Pa,"H2:0.0296, CO:0.0296, O2:0.0296, Ar:0.9112",1.0,0.000174,s,,,max,OHEX;,,,x10001032.xml
1371.0,K,97000.0,Pa,"H2:0.0296, CO:0.0296, O2:0.0296, Ar:0.9112",1.0,0.00015099999999999998,s,,,max,OHEX;,,,x10001032.xml
1389.0,K,103000.0,Pa,"H2:0.0296, CO:0.0296, O2:0.0296, Ar:0.9112",1.0,0.000155,s,,,max,OHEX;,,,x10001032.xml
1397.0,K,97000.0,Pa,"H2:0.0296, CO:0.0296, O2:0.0296, Ar:0.9112",1.0,0.000158,s,,,max,OHEX;,,,x10001032.xml
1663.0,K,100000.0,Pa,"H2:0.0296, CO:0.0296, O2:0.0296, Ar:0.9112",1.0,0.000102,s,,,max,OHEX;,,,x10001032.xml
1663.0,K,97000.0,Pa,"H2:0.0296, CO:0.0296, O2:0.0296, Ar:0.9112",1.0,0.000107,s,,,max,OHEX;,,,x10001032.xml
1686.0,K,112000.00000000001,Pa,"H2:0.0296, CO:0.0296, O2:0.0296, Ar:0.9112",1.0,7.9e-05,s,,,max,OHEX;,,,x10001032.xml
1876.0,K,105000.0,Pa,"H2:0.0296, CO:0.0296, O2:0.0296, Ar:0.9112",1.0,8.499999999999999e-05,s,,,max,OHEX;,,,x10001032.xml
2000.0,K,111000.00000000001,Pa,"H2:0.0296, CO:0.0296, O2:0.0296, Ar:0.9112",1.0,8.7e-05,s,,,max,OHEX;,,,x10001032.xml
2029.0,K,108000.0,Pa,"H2:0.0296, CO:0.0296, O2:0.0296, Ar:0.9112",1.0,0.000113,s,,,max,OHEX;,,,x10001032.xml
2031.0,K,107000.0,Pa,"H2:0.0296, CO:0.0296, O2:0.0296, Ar:0.9112",1.0,6.1e-05,s,,,max,OHEX;,,,x10001032.xml
916.0,K,111457.50000000001,Pa,"H2:0.139, CO:0.035, O2:0.174, N2:0.652",0.5000000000000001,0.0020109999999999998,s,,,d/dt max,OHEX;,,,x10001033.xml
936.0,K,111457.50000000001,Pa,"H2:0.139, CO:0.035, O2:0.174, N2:0.652",0.5000000000000001,0.001085,s,,,d/dt max,OHEX;,,,x10001033.xml
954.0,K,121590.0,Pa,"H2:0.139, CO:0.035, O2:0.174, N2:0.652",0.5000000000000001,0.00046199999999999995,s,,,d/dt max,OHEX;,,,x10001033.xml
957.0,K,111457.50000000001,Pa,"H2:0.139, CO:0.035, O2:0.174, N2:0.652",0.5000000000000001,0.00031099999999999997,s,,,d/dt max,OHEX;,,,x10001033.xml
960.0,K,111457.50000000001,Pa,"H2:0.139, CO:0.035, O2:0.174, N2:0.652",0.5000000000000001,0.000327,s,,,d/dt max,OHEX;,,,x10001033.xml
972.0,K,111457.50000000001,Pa,"H2:0.139, CO:0.035, O2:0.174, N2:0.652",0.5000000000000001,0.00019099999999999998,s,,,d/dt max,OHEX;,,,x10001033.xml
993.0,K,101325.0,Pa,"H2:0.139, CO:0.035, O2:0.174, N2:0.652",0.5000000000000001,0.000144,s,,,d/dt max,OHEX;,,,x10001033.xml
994.0,K,111457.50000000001,Pa,"H2:0.139, CO:0.035, O2:0.174, N2:0.652",0.5000000000000001,0.00018099999999999998,s,,,d/dt max,OHEX;,,,x10001033.xml
994.0,K,101325.0,Pa,"H2:0.139, CO:0.035, O2:0.174, N2:0.652",0.5000000000000001,0.00014099999999999998,s,,,d/dt max,OHEX;,,,x10001033.xml
1046.0,K,101325.0,Pa,"H2:0.139, CO:0.035, O2:0.174, N2:0.652",0.5000000000000001,9.9e-05,s,,,d/dt max,OHEX;,,,x10001033.xml
1049.0,K,111457.50000000001,Pa,"H2:0.139, CO:0.035, O2:0.174, N2:0.652",0.5000000000000001,7.7e-05,s,,,d/dt max,OHEX;,,,x10001033.xml
1064.0,K,101325.0,Pa,"H2:0.139, CO:0.035, O2:0.174, N2:0.652",0.5000000000000001,7.999999999999999e-05,s,,,d/dt max,OHEX;,,,x10001033.xml
1065.0,K,111457.50000000001,Pa,"H2:0.139, CO:0.035, O2:0.174, N2:0.652",0.5000000000000001,8.099999999999999e-05,s,,,d/dt max,OHEX;,,,x10001033.xml
1070.0,K,101325.0,Pa,"H2:0.139, CO:0.035, O2:0.174, N2:0.652",0.5000000000000001,8.4e-05,s,,,d/dt max,OHEX;,,,x10001033.xml
1074.0,K,111457.50000000001,Pa,"H2:0.139, CO:0.035, O2:0.174, N2:0.652",0.5000000000000001,6.8e-05,s,,,d/dt max,OHEX;,,,x10001033.xml
1088.0,K,101325.0,Pa,"H2:0.139, CO:0.035, O2:0.174, N2:0.652",0.5000000000000001,7.999999999999999e-05,s,,,d/dt max,OHEX;,,,x10001033.xml
1092.0,K,101325.0,Pa,"H2:0.139, CO:0.035, O2:0.174, N2:0.652",0.5000000000000001,6.5e-05,s,,,d/dt max,OHEX;,,,x10001033.xml
1119.0,K,91192.5,Pa,"H2:0.139, CO:0.035, O2:0.174, N2:0.652",0.5000000000000001,5.4999999999999995e-05,s,,,d/dt max,OHEX;,,,x10001033.xml
1151.0,K,101325.0,Pa,"H2:0.139, CO:0.035, O2:0.174, N2:0.652",0.5000000000000001,5.2e-05,s,,,d/dt max,OHEX;,,,x10001033.xml
914.0,K,111457.50000000001,Pa,"H2:0.103, CO:0.071, O2:0.172, N2:0.654",0.5058139534883721,0.002277,s,,,d/dt max,OHEX;,,,x10001034.xml
951.0,K,111457.50000000001,Pa,"H2:0.103, CO:0.071, O2:0.172, N2:0.654",0.5058139534883721,0.000687,s,,,d/dt max,OHEX;,,,x10001034.xml
996.0,K,111457.50000000001,Pa,"H2:0.103, CO:0.071, O2:0.172, N2:0.654",0.5058139534883721,0.00018099999999999998,s,,,d/dt max,OHEX;,,,x10001034.xml
1036.0,K,111457.50000000001,Pa,"H2:0.103, CO:0.071, O2:0.172, N2:0.654",0.5058139534883721,0.000111,s,,,d/dt max,OHEX;,,,x10001034.xml
1072.0,K,111457.50000000001,Pa,"H2:0.103, CO:0.071, O2:0.172, N2:0.654",0.5058139534883721,8.7e-05,s,,,d/dt max,OHEX;,,,x10001034.xml
1125.0,K,111457.50000000001,Pa,"H2:0.103, CO:0.071, O2:0.172, N2:0.654",0.5058139534883721,6.7e-05,s,,,d/dt max,OHEX;,,,x10001034.xml
1175.0,K,101325.0,Pa,"H2:0.103, CO:0.071, O2:0.172, N2:0.654",0.5058139534883721,5.4999999999999995e-05,s,,,d/dt max,OHEX;,,,x10001034.xml
1187.0,K,101325.0,Pa,"H2:0.103, CO:0.071, O2:0.172, N2:0.654",0.5058139534883721,3.9e-05,s,,,d/dt max,OHEX;,,,x10001034.xml
1241.0,K,101325.0,Pa,"H2:0.103, CO:0.071, O2:0.172, N2:0.654",0.5058139534883721,2.9e-05,s,,,d/dt max,OHEX;,,,x10001034.xml
900.0,K,91192.5,Pa,"H2:0.07, CO:0.104, O2:0.174, N2:0.651",0.5,0.0029349999999999997,s,,,d/dt max,OHEX;,,,x10001035.xml
933.0,K,111457.50000000001,Pa,"H2:0.07, CO:0.104, O2:0.174, N2:0.651",0.5,0.0014709999999999999,s,,,d/dt max,OHEX;,,,x10001035.xml
948.0,K,111457.50000000001,Pa,"H2:0.07, CO:0.104, O2:0.174, N2:0.651",0.5,0.0006,s,,,d/dt max,OHEX;,,,x10001035.xml
950.0,K,91192.5,Pa,"H2:0.07, CO:0.104, O2:0.174, N2:0.651",0.5,0.000748,s,,,d/dt max,OHEX;,,,x10001035.xml
1009.0,K,111457.50000000001,Pa,"H2:0.07, CO:0.104, O2:0.174, N2:0.651",0.5,0.000193,s,,,d/dt max,OHEX;,,,x10001035.xml
1024.0,K,111457.50000000001,Pa,"H2:0.07, CO:0.104, O2:0.174, N2:0.651",0.5,0.00015999999999999999,s,,,d/dt max,OHEX;,,,x10001035.xml
1026.0,K,111457.50000000001,Pa,"H2:0.07, CO:0.104, O2:0.174, N2:0.651",0.5,0.000153,s,,,d/dt max,OHEX;,,,x10001035.xml
1071.0,K,111457.50000000001,Pa,"H2:0.07, CO:0.104, O2:0.174, N2:0.651",0.5,9.9e-05,s,,,d/dt max,OHEX;,,,x10001035.xml
1078.0,K,111457.50000000001,Pa,"H2:0.07, CO:0.104, O2:0.174, N2:0.651",0.5,9.3e-05,s,,,d/dt max,OHEX;,,,x10001035.xml
1113.0,K,111457.50000000001,Pa,"H2:0.07, CO:0.104, O2:0.174, N2:0.651",0.5,7.3e-05,s,,,d/dt max,OHEX;,,,x10001035.xml
1145.0,K,111457.50000000001,Pa,"H2:0.07, CO:0.104, O2:0.174, N2:0.651",0.5,4.7e-05,s,,,d/dt max,OHEX;,,,x10001035.xml
1154.0,K,101325.0,Pa,"H2:0.07, CO:0.104, O2:0.174, N2:0.651",0.5,6.9e-05,s,,,d/dt max,OHEX;,,,x10001035.xml
1162.0,K,101325.0,Pa,"H2:0.07, CO:0.104, O2:0.174, N2:0.651",0.5,5.6999999999999996e-05,s,,,d/dt max,OHEX;,,,x10001035.xml
1169.0,K,101325.0,Pa,"H2:0.07, CO:0.104, O2:0.174, N2:0.651",0.5,6.1e-05,s,,,d/dt max,OHEX;,,,x10001035.xml
934.0,K,121590.0,Pa,"H2:0.035, CO:0.14, O2:0.174, N2:0.651",0.5028735632183909,0.0014269999999999999,s,,,d/dt max,OHEX;,,,x10001036.xml
936.0,K,121590.0,Pa,"H2:0.035, CO:0.14, O2:0.174, N2:0.651",0.5028735632183909,0.001331,s,,,d/dt max,OHEX;,,,x10001036.xml
957.0,K,121590.0,Pa,"H2:0.035, CO:0.14, O2:0.174, N2:0.651",0.5028735632183909,0.001015,s,,,d/dt max,OHEX;,,,x10001036.xml
957.0,K,121590.0,Pa,"H2:0.035, CO:0.14, O2:0.174, N2:0.651",0.5028735632183909,0.0006399999999999999,s,,,d/dt max,OHEX;,,,x10001036.xml
976.0,K,121590.0,Pa,"H2:0.035, CO:0.14, O2:0.174, N2:0.651",0.5028735632183909,0.000337,s,,,d/dt max,OHEX;,,,x10001036.xml
985.0,K,121590.0,Pa,"H2:0.035, CO:0.14, O2:0.174, N2:0.651",0.5028735632183909,0.00027,s,,,d/dt max,OHEX;,,,x10001036.xml
987.0,K,111457.50000000001,Pa,"H2:0.035, CO:0.14, O2:0.174, N2:0.651",0.5028735632183909,0.000268,s,,,d/dt max,OHEX;,,,x10001036.xml
1015.0,K,111457.50000000001,Pa,"H2:0.035, CO:0.14, O2:0.174, N2:0.651",0.5028735632183909,0.00021899999999999998,s,,,d/dt max,OHEX;,,,x10001036.xml
1024.0,K,111457.50000000001,Pa,"H2:0.035, CO:0.14, O2:0.174, N2:0.651",0.5028735632183909,0.000173,s,,,d/dt max,OHEX;,,,x10001036.xml
1046.0,K,111457.50000000001,Pa,"H2:0.035, CO:0.14, O2:0.174, N2:0.651",0.5028735632183909,0.000139,s,,,d/dt max,OHEX;,,,x10001036.xml
1061.0,K,111457.50000000001,Pa,"H2:0.035, CO:0.14, O2:0.174, N2:0.651",0.5028735632183909,0.00013099999999999999,s,,,d/dt max,OHEX;,,,x10001036.xml
1100.0,K,111457.50000000001,Pa,"H2:0.035, CO:0.14, O2:0.174, N2:0.651",0.5028735632183909,9.6e-05,s,,,d/dt max,OHEX;,,,x10001036.xml
1156.0,K,111457.50000000001,Pa,"H2:0.035, CO:0.14, O2:0.174, N2:0.651",0.5028735632183909,8.3e-05,s,,,d/dt max,OHEX;,,,x10001036.xml
1183.0,K,111457.50000000001,Pa,"H2:0.035, CO:0.14, O2:0.174, N2:0.651",0.5028735632183909,6.3e-05,s,,,d/dt max,OHEX;,,,x10001036.xml
929.0,K,263445.0,Pa,"H2:0.035, CO:0.14, O2:0.174, N2:0.651",0.5028735632183909,0.002593,s,,,d/dt max,OHEX;,,,x10001037.xml
929.0,K,253312.5,Pa,"H2:0.035, CO:0.14, O2:0.174, N2:0.651",0.5028735632183909,0.0018169999999999998,s,,,d/dt max,OHEX;,,,x10001037.xml
968.0,K,253312.5,Pa,"H2:0.035, CO:0.14, O2:0.174, N2:0.651",0.5028735632183909,0.0010609999999999999,s,,,d/dt max,OHEX;,,,x10001037.xml
980.0,K,263445.0,Pa,"H2:0.035, CO:0.14, O2:0.174, N2:0.651",0.5028735632183909,0.000978,s,,,d/dt max,OHEX;,,,x10001037.xml
992.0,K,263445.0,Pa,"H2:0.035, CO:0.14, O2:0.174, N2:0.651",0.5028735632183909,0.001015,s,,,d/dt max,OHEX;,,,x10001037.xml
1011.0,K,263445.0,Pa,"H2:0.035, CO:0.14, O2:0.174, N2:0.651",0.5028735632183909,0.000426,s,,,d/dt max,OHEX;,,,x10001037.xml
1025.0,K,263445.0,Pa,"H2:0.035, CO:0.14, O2:0.174, N2:0.651",0.5028735632183909,0.00034199999999999996,s,,,d/dt max,OHEX;,,,x10001037.xml
1026.0,K,253312.5,Pa,"H2:0.035, CO:0.14, O2:0.174, N2:0.651",0.5028735632183909,0.00023999999999999998,s,,,d/dt max,OHEX;,,,x10001037.xml
1058.0,K,263445.0,Pa,"H2:0.035, CO:0.14, O2:0.174, N2:0.651",0.5028735632183909,0.000108,s,,,d/dt max,OHEX;,,,x10001037.xml
1063.0,K,314107.5,Pa,"H2:0.035, CO:0.14, O2:0.174, N2:0.651",0.5028735632183909,0.00011999999999999999,s,,,d/dt max,OHEX;,,,x10001037.xml
1063.0,K,253312.5,Pa,"H2:0.035, CO:0.14, O2:0.174, N2:0.651",0.5028735632183909,9.2e-05,s,,,d/dt max,OHEX;,,,x10001037.xml
1015.0,K,1388152.5,Pa,"H2:0.035, CO:0.14, O2:0.174, N2:0.651",0.5028735632183909,0.002278,s,,,d/dt max,OHEX;,,,x10001038.xml
1080.0,K,1469212.5,Pa,"H2:0.035, CO:0.14, O2:0.174, N2:0.651",0.5028735632183909,0.001153,s,,,d/dt max,OHEX;,,,x10001038.xml
1114.0,K,1509742.5,Pa,"H2:0.035, CO:0.14, O2:0.174, N2:0.651",0.5028735632183909,0.000638,s,,,d/dt max,OHEX;,,,x10001038.xml
1139.0,K,1509742.5,Pa,"H2:0.035, CO:0.14, O2:0.174, N2:0.651",0.5028735632183909,0.00036399999999999996,s,,,d/dt max,OHEX;,,,x10001038.xml
1182.0,K,1813717.4999999998,Pa,"H2:0.035, CO:0.14, O2:0.174, N2:0.651",0.5028735632183909,0.000136,s,,,d/dt max,OHEX;,,,x10001038.xml
1190.0,K,1702260.0,Pa,"H2:0.035, CO:0.14, O2:0.174, N2:0.651",0.5028735632183909,8.2e-05,s,,,d/dt max,OHEX;,,,x10001038.xml
960.0,K,121590.0,Pa,"H2:0.017, CO:0.156, O2:0.175, N2:0.652",0.4942857142857143,0.001307,s,,,d/dt max,OHEX;,,,x10001039.xml
964.0,K,121590.0,Pa,"H2:0.017, CO:0.156, O2:0.175, N2:0.652",0.4942857142857143,0.001067,s,,,d/dt max,OHEX;,,,x10001039.xml
1012.0,K,121590.0,Pa,"H2:0.017, CO:0.156, O2:0.175, N2:0.652",0.4942857142857143,0.00041999999999999996,s,,,d/dt max,OHEX;,,,x10001039.xml
1033.0,K,111457.50000000001,Pa,"H2:0.017, CO:0.156, O2:0.175, N2:0.652",0.4942857142857143,0.000289,s,,,d/dt max,OHEX;,,,x10001039.xml
1041.0,K,111457.50000000001,Pa,"H2:0.017, CO:0.156, O2:0.175, N2:0.652",0.4942857142857143,0.000316,s,,,d/dt max,OHEX;,,,x10001039.xml
1052.0,K,111457.50000000001,Pa,"H2:0.017, CO:0.156, O2:0.175, N2:0.652",0.4942857142857143,0.000274,s,,,d/dt max,OHEX;,,,x10001039.xml
1087.0,K,111457.50000000001,Pa,"H2:0.017, CO:0.156, O2:0.175, N2:0.652",0.4942857142857143,0.000202,s,,,d/dt max,OHEX;,,,x10001039.xml
1125.0,K,111457.50000000001,Pa,"H2:0.017, CO:0.156, O2:0.175, N2:0.652",0.4942857142857143,0.000154,s,,,d/dt max,OHEX;,,,x10001039.xml
1157.0,K,111457.50000000001,Pa,"H2:0.017, CO:0.156, O2:0.175, N2:0.652",0.4942857142857143,0.000116,s,,,d/dt max,OHEX;,,,x10001039.xml
1197.0,K,111457.50000000001,Pa,"H2:0.017, CO:0.156, O2:0.175, N2:0.652",0.4942857142857143,0.000101,s,,,d/dt max,OHEX;,,,x10001039.xml
981.0,K,273577.5,Pa,"H2:0.017, CO:0.156, O2:0.175, N2:0.652",0.4942857142857143,0.002284,s,,,d/dt max,OHEX;,,,x10001040.xml
991.0,K,263445.0,Pa,"H2:0.017, CO:0.156, O2:0.175, N2:0.652",0.4942857142857143,0.0009939999999999999,s,,,d/dt max,OHEX;,,,x10001040.xml
1016.0,K,263445.0,Pa,"H2:0.017, CO:0.156, O2:0.175, N2:0.652",0.4942857142857143,0.0005819999999999999,s,,,d/dt max,OHEX;,,,x10001040.xml
1018.0,K,222915.00000000003,Pa,"H2:0.017, CO:0.156, O2:0.175, N2:0.652",0.4942857142857143,0.0004969999999999999,s,,,d/dt max,OHEX;,,,x10001040.xml
1026.0,K,263445.0,Pa,"H2:0.017, CO:0.156, O2:0.175, N2:0.652",0.4942857142857143,0.000434,s,,,d/dt max,OHEX;,,,x10001040.xml
1048.0,K,253312.5,Pa,"H2:0.017, CO:0.156, O2:0.175, N2:0.652",0.4942857142857143,0.000236,s,,,d/dt max,OHEX;,,,x10001040.xml
1060.0,K,212782.5,Pa,"H2:0.017, CO:0.156, O2:0.175, N2:0.652",0.4942857142857143,0.000166,s,,,d/dt max,OHEX;,,,x10001040.xml
1076.0,K,253312.5,Pa,"H2:0.017, CO:0.156, O2:0.175, N2:0.652",0.4942857142857143,0.000143,s,,,d/dt max,OHEX;,,,x10001040.xml
1088.0,K,253312.5,Pa,"H2:0.017, CO:0.156, O2:0.175, N2:0.652",0.4942857142857143,0.00013199999999999998,s,,,d/dt max,OHEX;,,,x10001040.xml
1112.0,K,212782.5,Pa,"H2:0.017, CO:0.156, O2:0.175, N2:0.652",0.4942857142857143,8.999999999999999e-05,s,,,d/dt max,OHEX;,,,x10001040.xml
1118.0,K,253312.5,Pa,"H2:0.017, CO:0.156, O2:0.175, N2:0.652",0.4942857142857143,9.4e-05,s,,,d/dt max,OHEX;,,,x10001040.xml
1148.0,K,233047.49999999997,Pa,"H2:0.017, CO:0.156, O2:0.175, N2:0.652",0.4942857142857143,7e-05,s,,,d/dt max,OHEX;,,,x10001040.xml
1063.0,K,1448947.5,Pa,"H2:0.017, CO:0.156, O2:0.175, N2:0.652",0.4942857142857143,0.001695,s,,,d/dt max,OHEX;,,,x10001041.xml
1090.0,K,1378020.0,Pa,"H2:0.017, CO:0.156, O2:0.175, N2:0.652",0.4942857142857143,0.000842,s,,,d/dt max,OHEX;,,,x10001041.xml
1117.0,K,1347622.5,Pa,"H2:0.017, CO:0.156, O2:0.175, N2:0.652",0.4942857142857143,0.0006439999999999999,s,,,d/dt max,OHEX;,,,x10001041.xml
1123.0,K,1540140.0,Pa,"H2:0.017, CO:0.156, O2:0.175, N2:0.652",0.4942857142857143,0.0005459999999999999,s,,,d/dt max,OHEX;,,,x10001041.xml
1126.0,K,1205767.5,Pa,"H2:0.017, CO:0.156, O2:0.175, N2:0.652",0.4942857142857143,0.000472,s,,,d/dt max,OHEX;,,,x10001041.xml
1139.0,K,1448947.5,Pa,"H2:0.017, CO:0.156, O2:0.175, N2:0.652",0.4942857142857143,0.000395,s,,,d/dt max,OHEX;,,,x10001041.xml
1158.0,K,1489477.5,Pa,"H2:0.017, CO:0.156, O2:0.175, N2:0.652",0.4942857142857143,0.000272,s,,,d/dt max,OHEX;,,,x10001041.xml
1159.0,K,1337490.0,Pa,"H2:0.017, CO:0.156, O2:0.175, N2:0.652",0.4942857142857143,0.000265,s,,,d/dt max,OHEX;,,,x10001041.xml
1221.0,K,1590802.5,Pa,"H2:0.017, CO:0.156, O2:0.175, N2:0.652",0.4942857142857143,7.2e-05,s,,,d/dt max,OHEX;,,,x10001041.xml
1265.0,K,1732657.5000000002,Pa,"H2:0.017, CO:0.156, O2:0.175, N2:0.652",0.4942857142857143,2.4999999999999998e-05,s,,,d/dt max,OHEX;,,,x10001041.xml
968.0,K,121590.0,Pa,"H2:0.009, CO:0.165, O2:0.175, N2:0.652",0.4971428571428572,0.001365,s,,,d/dt max,OHEX;,,,x10001042.xml
977.0,K,121590.0,Pa,"H2:0.009, CO:0.165, O2:0.175, N2:0.652",0.4971428571428572,0.001099,s,,,d/dt max,OHEX;,,,x10001042.xml
979.0,K,121590.0,Pa,"H2:0.009, CO:0.165, O2:0.175, N2:0.652",0.4971428571428572,0.000856,s,,,d/dt max,OHEX;,,,x10001042.xml
982.0,K,111457.50000000001,Pa,"H2:0.009, CO:0.165, O2:0.175, N2:0.652",0.4971428571428572,0.0009699999999999999,s,,,d/dt max,OHEX;,,,x10001042.xml
1010.0,K,121590.0,Pa,"H2:0.009, CO:0.165, O2:0.175, N2:0.652",0.4971428571428572,0.000611,s,,,d/dt max,OHEX;,,,x10001042.xml
1034.0,K,111457.50000000001,Pa,"H2:0.009, CO:0.165, O2:0.175, N2:0.652",0.4971428571428572,0.000399,s,,,d/dt max,OHEX;,,,x10001042.xml
1050.0,K,111457.50000000001,Pa,"H2:0.009, CO:0.165, O2:0.175, N2:0.652",0.4971428571428572,0.000272,s,,,d/dt max,OHEX;,,,x10001042.xml
1051.0,K,121590.0,Pa,"H2:0.009, CO:0.165, O2:0.175, N2:0.652",0.4971428571428572,0.00028199999999999997,s,,,d/dt max,OHEX;,,,x10001042.xml
1057.0,K,111457.50000000001,Pa,"H2:0.009, CO:0.165, O2:0.175, N2:0.652",0.4971428571428572,0.000297,s,,,d/dt max,OHEX;,,,x10001042.xml
1090.0,K,111457.50000000001,Pa,"H2:0.009, CO:0.165, O2:0.175, N2:0.652",0.4971428571428572,0.00022899999999999998,s,,,d/dt max,OHEX;,,,x10001042.xml
1108.0,K,111457.50000000001,Pa,"H2:0.009, CO:0.165, O2:0.175, N2:0.652",0.4971428571428572,0.00024599999999999996,s,,,d/dt max,OHEX;,,,x10001042.xml
1110.0,K,111457.50000000001,Pa,"H2:0.009, CO:0.165, O2:0.175, N2:0.652",0.4971428571428572,0.000222,s,,,d/dt max,OHEX;,,,x10001042.xml
1126.0,K,111457.50000000001,Pa,"H2:0.009, CO:0.165, O2:0.175, N2:0.652",0.4971428571428572,0.00016999999999999999,s,,,d/dt max,OHEX;,,,x10001042.xml
1145.0,K,111457.50000000001,Pa,"H2:0.009, CO:0.165, O2:0.175, N2:0.652",0.4971428571428572,0.000146,s,,,d/dt max,OHEX;,,,x10001042.xml
1176.0,K,101325.0,Pa,"H2:0.009, CO:0.165, O2:0.175, N2:0.652",0.4971428571428572,0.000129,s,,,d/dt max,OHEX;,,,x10001042.xml
1195.0,K,111457.50000000001,Pa,"H2:0.009, CO:0.165, O2:0.175, N2:0.652",0.4971428571428572,9.9e-05,s,,,d/dt max,OHEX;,,,x10001042.xml
1206.0,K,101325.0,Pa,"H2:0.009, CO:0.165, O2:0.175, N2:0.652",0.4971428571428572,0.000112,s,,,d/dt max,OHEX;,,,x10001042.xml
1263.0,K,111457.50000000001,Pa,"H2:0.009, CO:0.165, O2:0.175, N2:0.652",0.4971428571428572,8.2e-05,s,,,d/dt max,OHEX;,,,x10001042.xml
977.0,K,233047.49999999997,Pa,"H2:0.009, CO:0.165, O2:0.175, N2:0.652",0.4971428571428572,0.0015379999999999999,s,,,d/dt max,OHEX;,,,x10001043.xml
1005.0,K,233047.49999999997,Pa,"H2:0.009, CO:0.165, O2:0.175, N2:0.652",0.4971428571428572,0.001005,s,,,d/dt max,OHEX;,,,x10001043.xml
1010.0,K,222915.00000000003,Pa,"H2:0.009, CO:0.165, O2:0.175, N2:0.652",0.4971428571428572,0.00078,s,,,d/dt max,OHEX;,,,x10001043.xml
1034.0,K,222915.00000000003,Pa,"H2:0.009, CO:0.165, O2:0.175, N2:0.652",0.4971428571428572,0.000453,s,,,d/dt max,OHEX;,,,x10001043.xml
1039.0,K,212782.5,Pa,"H2:0.009, CO:0.165, O2:0.175, N2:0.652",0.4971428571428572,0.000363,s,,,d/dt max,OHEX;,,,x10001043.xml
1085.0,K,212782.5,Pa,"H2:0.009, CO:0.165, O2:0.175, N2:0.652",0.4971428571428572,0.00019099999999999998,s,,,d/dt max,OHEX;,,,x10001043.xml
1114.0,K,212782.5,Pa,"H2:0.009, CO:0.165, O2:0.175, N2:0.652",0.4971428571428572,0.000139,s,,,d/dt max,OHEX;,,,x10001043.xml
1149.0,K,202650.0,Pa,"H2:0.009, CO:0.165, O2:0.175, N2:0.652",0.4971428571428572,0.00011399999999999999,s,,,d/dt max,OHEX;,,,x10001043.xml
1167.0,K,202650.0,Pa,"H2:0.009, CO:0.165, O2:0.175, N2:0.652",0.4971428571428572,8.7e-05,s,,,d/dt max,OHEX;,,,x10001043.xml
1181.0,K,192517.5,Pa,"H2:0.009, CO:0.165, O2:0.175, N2:0.652",0.4971428571428572,7.7e-05,s,,,d/dt max,OHEX;,,,x10001043.xml
1230.0,K,192517.5,Pa,"H2:0.009, CO:0.165, O2:0.175, N2:0.652",0.4971428571428572,7e-05,s,,,d/dt max,OHEX;,,,x10001043.xml
1285.0,K,192517.5,Pa,"H2:0.009, CO:0.165, O2:0.175, N2:0.652",0.4971428571428572,5.4999999999999995e-05,s,,,d/dt max,OHEX;,,,x10001043.xml
1304.0,K,172252.5,Pa,"H2:0.009, CO:0.165, O2:0.175, N2:0.652",0.4971428571428572,5.1e-05,s,,,d/dt max,OHEX;,,,x10001043.xml
1074.0,K,1945440.0,Pa,"H2:0.009, CO:0.165, O2:0.175, N2:0.652",0.4971428571428572,0.001823,s,,,d/dt max,OHEX;,,,x10001044.xml
1110.0,K,1286827.5,Pa,"H2:0.009, CO:0.165, O2:0.175, N2:0.652",0.4971428571428572,0.001186,s,,,d/dt max,OHEX;,,,x10001044.xml
1114.0,K,1479345.0,Pa,"H2:0.009, CO:0.165, O2:0.175, N2:0.652",0.4971428571428572,0.0008129999999999999,s,,,d/dt max,OHEX;,,,x10001044.xml
1121.0,K,1418550.0,Pa,"H2:0.009, CO:0.165, O2:0.175, N2:0.652",0.4971428571428572,0.000758,s,,,d/dt max,OHEX;,,,x10001044.xml
1142.0,K,1378020.0,Pa,"H2:0.009, CO:0.165, O2:0.175, N2:0.652",0.4971428571428572,0.000713,s,,,d/dt max,OHEX;,,,x10001044.xml
1144.0,K,1499610.0,Pa,"H2:0.009, CO:0.165, O2:0.175, N2:0.652",0.4971428571428572,0.000748,s,,,d/dt max,OHEX;,,,x10001044.xml
1151.0,K,1408417.5,Pa,"H2:0.009, CO:0.165, O2:0.175, N2:0.652",0.4971428571428572,0.000435,s,,,d/dt max,OHEX;,,,x10001044.xml
1163.0,K,1367887.5,Pa,"H2:0.009, CO:0.165, O2:0.175, N2:0.652",0.4971428571428572,0.000266,s,,,d/dt max,OHEX;,,,x10001044.xml
2050.0,K,124629.75,Pa,"H2:0.00049, CO:0.0328, O2:0.0101, Ar:0.95661",1.6480198019801982,0.000375,s,,,concentration,CO2;,3.9852929999999995e-11,kmol/m3,x10001049.xml
2140.0,K,133749.0,Pa,"H2:0.00049, CO:0.0328, O2:0.0101, Ar:0.95661",1.6480198019801982,0.00031999999999999997,s,,,concentration,CO2;,3.9852929999999995e-11,kmol/m3,x10001049.xml
2250.0,K,142868.25,Pa,"H2:0.00049, CO:0.0328, O2:0.0101, Ar:0.95661",1.6480198019801982,0.000237,s,,,concentration,CO2;,3.9852929999999995e-11,kmol/m3,x10001049.xml
2355.0,K,151987.5,Pa,"H2:0.00049, CO:0.0328, O2:0.0101, Ar:0.95661",1.6480198019801982,0.000225,s,,,concentration,CO2;,3.9852929999999995e-11,kmol/m3,x10001049.xml
2560.0,K,171239.25,Pa,"H2:0.00049, CO:0.0328, O2:0.0101, Ar:0.95661",1.6480198019801982,0.000126,s,,,concentration,CO2;,3.9852929999999995e-11,kmol/m3,x10001049.xml
2620.0,K,176305.5,Pa,"H2:0.00049, CO:0.0328, O2:0.0101, Ar:0.95661",1.6480198019801982,0.00011499999999999999,s,,,concentration,CO2;,3.9852929999999995e-11,kmol/m3,x10001049.xml
2675.0,K,182385.0,Pa,"H2:0.00049, CO:0.0328, O2:0.0101, Ar:0.95661",1.6480198019801982,0.000112,s,,,concentration,CO2;,3.9852929999999995e-11,kmol/m3,x10001049.xml
2765.0,K,189477.75,Pa,"H2:0.00049, CO:0.0328, O2:0.0101, Ar:0.95661",1.6480198019801982,9.4e-05,s,,,concentration,CO2;,3.9852929999999995e-11,kmol/m3,x10001049.xml
2810.0,K,193530.75,Pa,"H2:0.00049, CO:0.0328, O2:0.0101, Ar:0.95661",1.6480198019801982,9.999999999999999e-05,s,,,concentration,CO2;,3.9852929999999995e-11,kmol/m3,x10001049.xml
2050.0,K,124629.75,Pa,"H2:0.00049, CO:0.0328, O2:0.0101, Ar:0.95661",1.6480198019801982,0.000195,s,,,concentration,CO2;,1.328431e-11,kmol/m3,x10001050.xml
2140.0,K,133749.0,Pa,"H2:0.00049, CO:0.0328, O2:0.0101, Ar:0.95661",1.6480198019801982,0.000165,s,,,concentration,CO2;,1.328431e-11,kmol/m3,x10001050.xml
2250.0,K,142868.25,Pa,"H2:0.00049, CO:0.0328, O2:0.0101, Ar:0.95661",1.6480198019801982,0.00011999999999999999,s,,,concentration,CO2;,1.328431e-11,kmol/m3,x10001050.xml
2355.0,K,151987.5,Pa,"H2:0.00049, CO:0.0328, O2:0.0101, Ar:0.95661",1.6480198019801982,0.00010499999999999999,s,,,concentration,CO2;,1.328431e-11,kmol/m3,x10001050.xml
2560.0,K,171239.25,Pa,"H2:0.00049, CO:0.0328, O2:0.0101, Ar:0.95661",1.6480198019801982,6.4e-05,s,,,concentration,CO2;,1.328431e-11,kmol/m3,x10001050.xml
2620.0,K,176305.5,Pa,"H2:0.00049, CO:0.0328, O2:0.0101, Ar:0.95661",1.6480198019801982,5.6999999999999996e-05,s,,,concentration,CO2;,1.328431e-11,kmol/m3,x10001050.xml
2675.0,K,182385.0,Pa,"H2:0.00049, CO:0.0328, O2:0.0101, Ar:0.95661",1.6480198019801982,5.4999999999999995e-05,s,,,concentration,CO2;,1.328431e-11,kmol/m3,x10001050.xml
2765.0,K,189477.75,Pa,"H2:0.00049, CO:0.0328, O2:0.0101, Ar:0.95661",1.6480198019801982,4.4e-05,s,,,concentration,CO2;,1.328431e-11,kmol/m3,x10001050.xml
2810.0,K,193530.75,Pa,"H2:0.00049, CO:0.0328, O2:0.0101, Ar:0.95661",1.6480198019801982,4.6e-05,s,,,concentration,CO2;,1.328431e-11,kmol/m3,x10001050.xml
2070.0,K,141855.0,Pa,"H2:0.0005, CO:0.1217, O2:0.01, Ar:0.8678",6.11,0.000185,s,,,concentration,CO2;,4.981616e-11,kmol/m3,x10001051.xml
2160.0,K,150974.25,Pa,"H2:0.0005, CO:0.1217, O2:0.01, Ar:0.8678",6.11,0.000143,s,,,concentration,CO2;,4.981616e-11,kmol/m3,x10001051.xml
2215.0,K,156040.5,Pa,"H2:0.0005, CO:0.1217, O2:0.01, Ar:0.8678",6.11,0.000137,s,,,concentration,CO2;,4.981616e-11,kmol/m3,x10001051.xml
2215.0,K,156040.5,Pa,"H2:0.0005, CO:0.1217, O2:0.01, Ar:0.8678",6.11,0.00013,s,,,concentration,CO2;,4.981616e-11,kmol/m3,x10001051.xml
2325.0,K,167186.25,Pa,"H2:0.0005, CO:0.1217, O2:0.01, Ar:0.8678",6.11,9.8e-05,s,,,concentration,CO2;,4.981616e-11,kmol/m3,x10001051.xml
2375.0,K,172252.5,Pa,"H2:0.0005, CO:0.1217, O2:0.01, Ar:0.8678",6.11,9.999999999999999e-05,s,,,concentration,CO2;,4.981616e-11,kmol/m3,x10001051.xml
2475.0,K,182385.0,Pa,"H2:0.0005, CO:0.1217, O2:0.01, Ar:0.8678",6.11,7.999999999999999e-05,s,,,concentration,CO2;,4.981616e-11,kmol/m3,x10001051.xml
2565.0,K,190491.0,Pa,"H2:0.0005, CO:0.1217, O2:0.01, Ar:0.8678",6.11,7.5e-05,s,,,concentration,CO2;,4.981616e-11,kmol/m3,x10001051.xml
2625.0,K,197583.75,Pa,"H2:0.0005, CO:0.1217, O2:0.01, Ar:0.8678",6.11,5.9999999999999995e-05,s,,,concentration,CO2;,4.981616e-11,kmol/m3,x10001051.xml
2700.0,K,204676.5,Pa,"H2:0.0005, CO:0.1217, O2:0.01, Ar:0.8678",6.11,6.3e-05,s,,,concentration,CO2;,4.981616e-11,kmol/m3,x10001051.xml
2740.0,K,209742.74999999997,Pa,"H2:0.0005, CO:0.1217, O2:0.01, Ar:0.8678",6.11,4.9999999999999996e-05,s,,,concentration,CO2;,4.981616e-11,kmol/m3,x10001051.xml
2820.0,K,215822.25,Pa,"H2:0.0005, CO:0.1217, O2:0.01, Ar:0.8678",6.11,4.8e-05,s,,,concentration,CO2;,4.981616e-11,kmol/m3,x10001051.xml
2870.0,K,222915.00000000003,Pa,"H2:0.0005, CO:0.1217, O2:0.01, Ar:0.8678",6.11,4.4999999999999996e-05,s,,,concentration,CO2;,4.981616e-11,kmol/m3,x10001051.xml
2070.0,K,141855.0,Pa,"H2:0.0005, CO:0.1217, O2:0.01, Ar:0.8678",6.11,0.000108,s,,,concentration,CO2;,1.6605390000000003e-11,kmol/m3,x10001052.xml
2160.0,K,150974.25,Pa,"H2:0.0005, CO:0.1217, O2:0.01, Ar:0.8678",6.11,8.4e-05,s,,,concentration,CO2;,1.6605390000000003e-11,kmol/m3,x10001052.xml
2215.0,K,156040.5,Pa,"H2:0.0005, CO:0.1217, O2:0.01, Ar:0.8678",6.11,7.8e-05,s,,,concentration,CO2;,1.6605390000000003e-11,kmol/m3,x10001052.xml
2215.0,K,156040.5,Pa,"H2:0.0005, CO:0.1217, O2:0.01, Ar:0.8678",6.11,7.599999999999999e-05,s,,,concentration,CO2;,1.6605390000000003e-11,kmol/m3,x10001052.xml
2325.0,K,167186.25,Pa,"H2:0.0005, CO:0.1217, O2:0.01, Ar:0.8678",6.11,5.8e-05,s,,,concentration,CO2;,1.6605390000000003e-11,kmol/m3,x10001052.xml
2375.0,K,172252.5,Pa,"H2:0.0005, CO:0.1217, O2:0.01, Ar:0.8678",6.11,5.8e-05,s,,,concentration,CO2;,1.6605390000000003e-11,kmol/m3,x10001052.xml
2475.0,K,182385.0,Pa,"H2:0.0005, CO:0.1217, O2:0.01, Ar:0.8678",6.11,4.4999999999999996e-05,s,,,concentration,CO2;,1.6605390000000003e-11,kmol/m3,x10001052.xml
2565.0,K,190491.0,Pa,"H2:0.0005, CO:0.1217, O2:0.01, Ar:0.8678",6.11,4.2e-05,s,,,concentration,CO2;,1.6605390000000003e-11,kmol/m3,x10001052.xml
2625.0,K,197583.75,Pa,"H2:0.0005, CO:0.1217, O2:0.01, Ar:0.8678",6.11,3.5e-05,s,,,concentration,CO2;,1.6605390000000003e-11,kmol/m3,x10001052.xml
2700.0,K,204676.5,Pa,"H2:0.0005, CO:0.1217, O2:0.01, Ar:0.8678",6.11,3.5e-05,s,,,concentration,CO2;,1.6605390000000003e-11,kmol/m3,x10001052.xml
2740.0,K,209742.74999999997,Pa,"H2:0.0005, CO:0.1217, O2:0.01, Ar:0.8678",6.11,2.7e-05,s,,,concentration,CO2;,1.6605390000000003e-11,kmol/m3,x10001052.xml
2820.0,K,215822.25,Pa,"H2:0.0005, CO:0.1217, O2:0.01, Ar:0.8678",6.11,2.6e-05,s,,,concentration,CO2;,1.6605390000000003e-11,kmol/m3,x10001052.xml
2870.0,K,222915.00000000003,Pa,"H2:0.0005, CO:0.1217, O2:0.01, Ar:0.8678",6.11,2.4e-05,s,,,concentration,CO2;,1.6605390000000003e-11,kmol/m3,x10001052.xml
1046.0,K,1680000.0,Pa,"CO:0.08228, H2:0.00436, O2:0.08657, Ar:0.82679",0.5004042971006123,0.00434,s,,,max,OHEX;,,,x10001053.xml
1048.0,K,1623999.9999999998,Pa,"CO:0.08228, H2:0.00436, O2:0.08657, Ar:0.82679",0.5004042971006123,0.0039499999999999995,s,,,max,OHEX;,,,x10001053.xml
1056.0,K,1448000.0,Pa,"CO:0.08228, H2:0.00436, O2:0.08657, Ar:0.82679",0.5004042971006123,0.00331,s,,,max,OHEX;,,,x10001053.xml
1072.0,K,1576000.0,Pa,"CO:0.08228, H2:0.00436, O2:0.08657, Ar:0.82679",0.5004042971006123,0.00266,s,,,max,OHEX;,,,x10001053.xml
1130.0,K,1691000.0,Pa,"CO:0.08228, H2:0.00436, O2:0.08657, Ar:0.82679",0.5004042971006123,0.0010199999999999999,s,,,max,OHEX;,,,x10001053.xml
1131.0,K,1477000.0,Pa,"CO:0.08228, H2:0.00436, O2:0.08657, Ar:0.82679",0.5004042971006123,0.000886,s,,,max,OHEX;,,,x10001053.xml
1132.0,K,1614999.9999999998,Pa,"CO:0.08228, H2:0.00436, O2:0.08657, Ar:0.82679",0.5004042971006123,0.000986,s,,,max,OHEX;,,,x10001053.xml
1107.0,K,1618000.0,Pa,"CO:0.03301, H2:0.00175, O2:0.03473, Ar:0.93051",0.5004319032536713,0.00397,s,,,max,OHEX;,,,x10001054.xml
1131.0,K,1566000.0,Pa,"CO:0.03301, H2:0.00175, O2:0.03473, Ar:0.93051",0.5004319032536713,0.0025,s,,,max,OHEX;,,,x10001054.xml
1159.0,K,1614000.0,Pa,"CO:0.03301, H2:0.00175, O2:0.03473, Ar:0.93051",0.5004319032536713,0.0013499999999999999,s,,,max,OHEX;,,,x10001054.xml
1180.0,K,1630000.0,Pa,"CO:0.03301, H2:0.00175, O2:0.03473, Ar:0.93051",0.5004319032536713,0.0008839999999999999,s,,,max,OHEX;,,,x10001054.xml
1206.0,K,1638000.0,Pa,"CO:0.03301, H2:0.00175, O2:0.03473, Ar:0.93051",0.5004319032536713,0.000588,s,,,max,OHEX;,,,x10001054.xml
1165.0,K,1605000.0,Pa,"CO:0.01654, H2:0.00088, O2:0.0174, Ar:0.96518",0.5005747126436781,0.00107,s,,,max,OHEX;,,,x10001055.xml
1167.0,K,1603000.0,Pa,"CO:0.01654, H2:0.00088, O2:0.0174, Ar:0.96518",0.5005747126436781,0.0009,s,,,max,OHEX;,,,x10001055.xml
1207.0,K,1642000.0000000002,Pa,"CO:0.01654, H2:0.00088, O2:0.0174, Ar:0.96518",0.5005747126436781,0.00047,s,,,max,OHEX;,,,x10001055.xml
1223.0,K,1604000.0,Pa,"CO:0.01654, H2:0.00088, O2:0.0174, Ar:0.96518",0.5005747126436781,0.000335,s,,,max,OHEX;,,,x10001055.xml
1259.0,K,1588000.0,Pa,"CO:0.01654, H2:0.00088, O2:0.0174, Ar:0.96518",0.5005747126436781,0.00020999999999999998,s,,,max,OHEX;,,,x10001055.xml
1019.0,K,1411000.0,Pa,"CO:0.04364, H2:0.04364, O2:0.08718, Ar:0.82554",0.5005735260380821,0.00343,s,,,max,OHEX;,,,x10001056.xml
1042.0,K,1527000.0,Pa,"CO:0.04364, H2:0.04364, O2:0.08718, Ar:0.82554",0.5005735260380821,0.00241,s,,,max,OHEX;,,,x10001056.xml
1051.0,K,1527000.0,Pa,"CO:0.04364, H2:0.04364, O2:0.08718, Ar:0.82554",0.5005735260380821,0.00181,s,,,max,OHEX;,,,x10001056.xml
1078.0,K,1584000.0,Pa,"CO:0.04364, H2:0.04364, O2:0.08718, Ar:0.82554",0.5005735260380821,0.000692,s,,,max,OHEX;,,,x10001056.xml
1097.0,K,1556000.0,Pa,"CO:0.04364, H2:0.04364, O2:0.08718, Ar:0.82554",0.5005735260380821,0.00047,s,,,max,OHEX;,,,x10001056.xml
1048.0,K,1597000.0,Pa,"CO:0.018, H2:0.0177, O2:0.03559, Ar:0.92871",0.5015453779151446,0.0032099999999999997,s,,,max,OHEX;,,,x10001057.xml
1055.0,K,1577000.0,Pa,"CO:0.018, H2:0.0177, O2:0.03559, Ar:0.92871",0.5015453779151446,0.00275,s,,,max,OHEX;,,,x10001057.xml
1085.0,K,1593000.0,Pa,"CO:0.018, H2:0.0177, O2:0.03559, Ar:0.92871",0.5015453779151446,0.00155,s,,,max,OHEX;,,,x10001057.xml
1086.0,K,1553000.0,Pa,"CO:0.018, H2:0.0177, O2:0.03559, Ar:0.92871",0.5015453779151446,0.00131,s,,,max,OHEX;,,,x10001057.xml
1106.0,K,1531000.0,Pa,"CO:0.018, H2:0.0177, O2:0.03559, Ar:0.92871",0.5015453779151446,0.000714,s,,,max,OHEX;,,,x10001057.xml
1111.0,K,1562000.0,Pa,"CO:0.018, H2:0.0177, O2:0.03559, Ar:0.92871",0.5015453779151446,0.000825,s,,,max,OHEX;,,,x10001057.xml
1128.0,K,1553000.0,Pa,"CO:0.018, H2:0.0177, O2:0.03559, Ar:0.92871",0.5015453779151446,0.000374,s,,,max,OHEX;,,,x10001057.xml
1054.0,K,1559000.0,Pa,"CO:0.00872, H2:0.00858, O2:0.01725, Ar:0.96545",0.5014492753623189,0.00396,s,,,max,OHEX;,,,x10001058.xml
1064.0,K,1569000.0,Pa,"CO:0.00872, H2:0.00858, O2:0.01725, Ar:0.96545",0.5014492753623189,0.00323,s,,,max,OHEX;,,,x10001058.xml
1090.0,K,1582000.0,Pa,"CO:0.00872, H2:0.00858, O2:0.01725, Ar:0.96545",0.5014492753623189,0.0018499999999999999,s,,,max,OHEX;,,,x10001058.xml
1094.0,K,1550000.0,Pa,"CO:0.00872, H2:0.00858, O2:0.01725, Ar:0.96545",0.5014492753623189,0.00171,s,,,max,OHEX;,,,x10001058.xml
1116.0,K,1579000.0,Pa,"CO:0.00872, H2:0.00858, O2:0.01725, Ar:0.96545",0.5014492753623189,0.0009249999999999999,s,,,max,OHEX;,,,x10001058.xml
1140.0,K,1587000.0,Pa,"CO:0.00872, H2:0.00858, O2:0.01725, Ar:0.96545",0.5014492753623189,0.000448,s,,,max,OHEX;,,,x10001058.xml
1702.0,K,149961.0,Pa,"H2:0.008, CO:0.002, O2:0.01, Ar:0.98",0.5,5.3e-05,s,,,d/dt max,OHEX;,,,x10001059.xml
1640.0,K,154014.0,Pa,"H2:0.008, CO:0.002, O2:0.01, Ar:0.98",0.5,7.3e-05,s,,,d/dt max,OHEX;,,,x10001059.xml
1570.0,K,170226.0,Pa,"H2:0.008, CO:0.002, O2:0.01, Ar:0.98",0.5,8.999999999999999e-05,s,,,d/dt max,OHEX;,,,x10001059.xml
1545.0,K,151987.5,Pa,"H2:0.008, CO:0.002, O2:0.01, Ar:0.98",0.5,8.999999999999999e-05,s,,,d/dt max,OHEX;,,,x10001059.xml
1379.0,K,151987.5,Pa,"H2:0.008, CO:0.002, O2:0.01, Ar:0.98",0.5,0.00017199999999999998,s,,,d/dt max,OHEX;,,,x10001059.xml
1357.0,K,163133.25,Pa,"H2:0.008, CO:0.002, O2:0.01, Ar:0.98",0.5,0.000187,s,,,d/dt max,OHEX;,,,x10001059.xml
1321.0,K,171239.25,Pa,"H2:0.008, CO:0.002, O2:0.01, Ar:0.98",0.5,0.000224,s,,,d/dt max,OHEX;,,,x10001059.xml
1205.0,K,176305.5,Pa,"H2:0.008, CO:0.002, O2:0.01, Ar:0.98",0.5,0.000354,s,,,d/dt max,OHEX;,,,x10001059.xml
1132.0,K,177318.75,Pa,"H2:0.008, CO:0.002, O2:0.01, Ar:0.98",0.5,0.000527,s,,,d/dt max,OHEX;,,,x10001059.xml
1071.0,K,177318.75,Pa,"H2:0.008, CO:0.002, O2:0.01, Ar:0.98",0.5,0.000763,s,,,d/dt max,OHEX;,,,x10001059.xml
1029.0,K,181371.75,Pa,"H2:0.008, CO:0.002, O2:0.01, Ar:0.98",0.5,0.001089,s,,,d/dt max,OHEX;,,,x10001059.xml
982.0,K,179345.25,Pa,"H2:0.008, CO:0.002, O2:0.01, Ar:0.98",0.5,0.0014579999999999999,s,,,d/dt max,OHEX;,,,x10001059.xml
1298.0,K,1246297.5,Pa,"H2:0.008, CO:0.002, O2:0.01, Ar:0.98",0.5,4.9e-05,s,,,d/dt max,OHEX;,,,x10001060.xml
1238.0,K,1246297.5,Pa,"H2:0.008, CO:0.002, O2:0.01, Ar:0.98",0.5,6.2e-05,s,,,d/dt max,OHEX;,,,x10001060.xml
1210.0,K,1195635.0,Pa,"H2:0.008, CO:0.002, O2:0.01, Ar:0.98",0.5,8.8e-05,s,,,d/dt max,OHEX;,,,x10001060.xml
1181.0,K,1236165.0,Pa,"H2:0.008, CO:0.002, O2:0.01, Ar:0.98",0.5,9.3e-05,s,,,d/dt max,OHEX;,,,x10001060.xml
1157.0,K,1226032.5,Pa,"H2:0.008, CO:0.002, O2:0.01, Ar:0.98",0.5,0.000173,s,,,d/dt max,OHEX;,,,x10001060.xml
1147.0,K,1286827.5,Pa,"H2:0.008, CO:0.002, O2:0.01, Ar:0.98",0.5,0.000317,s,,,d/dt max,OHEX;,,,x10001060.xml
1116.0,K,1296960.0,Pa,"H2:0.008, CO:0.002, O2:0.01, Ar:0.98",0.5,0.000949,s,,,d/dt max,OHEX;,,,x10001060.xml
1096.0,K,1276695.0,Pa,"H2:0.008, CO:0.002, O2:0.01, Ar:0.98",0.5,0.001787,s,,,d/dt max,OHEX;,,,x10001060.xml
1262.0,K,3080280.0,Pa,"H2:0.008, CO:0.002, O2:0.01, Ar:0.98",0.5,6.1e-05,s,,,d/dt max,OHEX;,,,x10001061.xml
1259.0,K,3151207.5,Pa,"H2:0.008, CO:0.002, O2:0.01, Ar:0.98",0.5,7.9e-05,s,,,d/dt max,OHEX;,,,x10001061.xml
1241.0,K,3181605.0,Pa,"H2:0.008, CO:0.002, O2:0.01, Ar:0.98",0.5,0.00014099999999999998,s,,,d/dt max,OHEX;,,,x10001061.xml
1204.0,K,3161340.0,Pa,"H2:0.008, CO:0.002, O2:0.01, Ar:0.98",0.5,0.00039999999999999996,s,,,d/dt max,OHEX;,,,x10001061.xml
1180.0,K,3272797.4999999995,Pa,"H2:0.008, CO:0.002, O2:0.01, Ar:0.98",0.5,0.000945,s,,,d/dt max,OHEX;,,,x10001061.xml
2001.0,K,147934.5,Pa,"H2:0.005, CO:0.005, O2:0.01, Ar:0.98",0.5,4.0499999999999995e-05,s,,,d/dt max,OHEX;,,,x10001062.xml
1868.0,K,146921.25,Pa,"H2:0.005, CO:0.005, O2:0.01, Ar:0.98",0.5,5.6e-05,s,,,d/dt max,OHEX;,,,x10001062.xml
1758.0,K,153000.75,Pa,"H2:0.005, CO:0.005, O2:0.01, Ar:0.98",0.5,6.599999999999999e-05,s,,,d/dt max,OHEX;,,,x10001062.xml
1685.0,K,139828.5,Pa,"H2:0.005, CO:0.005, O2:0.01, Ar:0.98",0.5,9.6e-05,s,,,d/dt max,OHEX;,,,x10001062.xml
1586.0,K,146921.25,Pa,"H2:0.005, CO:0.005, O2:0.01, Ar:0.98",0.5,0.000121,s,,,d/dt max,OHEX;,,,x10001062.xml
1501.0,K,154014.0,Pa,"H2:0.005, CO:0.005, O2:0.01, Ar:0.98",0.5,0.000135,s,,,d/dt max,OHEX;,,,x10001062.xml
1376.0,K,168199.5,Pa,"H2:0.005, CO:0.005, O2:0.01, Ar:0.98",0.5,0.000204,s,,,d/dt max,OHEX;,,,x10001062.xml
1273.0,K,188464.5,Pa,"H2:0.005, CO:0.005, O2:0.01, Ar:0.98",0.5,0.00031299999999999996,s,,,d/dt max,OHEX;,,,x10001062.xml
1198.0,K,180358.5,Pa,"H2:0.005, CO:0.005, O2:0.01, Ar:0.98",0.5,0.000477,s,,,d/dt max,OHEX;,,,x10001062.xml
1170.0,K,177318.75,Pa,"H2:0.005, CO:0.005, O2:0.01, Ar:0.98",0.5,0.00053,s,,,d/dt max,OHEX;,,,x10001062.xml
1130.0,K,169212.75,Pa,"H2:0.005, CO:0.005, O2:0.01, Ar:0.98",0.5,0.000652,s,,,d/dt max,OHEX;,,,x10001062.xml
1070.0,K,188464.5,Pa,"H2:0.005, CO:0.005, O2:0.01, Ar:0.98",0.5,0.0009599999999999999,s,,,d/dt max,OHEX;,,,x10001062.xml
1068.0,K,175292.25,Pa,"H2:0.005, CO:0.005, O2:0.01, Ar:0.98",0.5,0.000881,s,,,d/dt max,OHEX;,,,x10001062.xml
1011.0,K,180358.5,Pa,"H2:0.005, CO:0.005, O2:0.01, Ar:0.98",0.5,0.001291,s,,,d/dt max,OHEX;,,,x10001062.xml
991.0,K,182385.0,Pa,"H2:0.005, CO:0.005, O2:0.01, Ar:0.98",0.5,0.00166,s,,,d/dt max,OHEX;,,,x10001062.xml
1383.0,K,1134840.0,Pa,"H2:0.005, CO:0.005, O2:0.01, Ar:0.98",0.5,4.1e-05,s,,,d/dt max,OHEX;,,,x10001063.xml
1348.0,K,1165237.5,Pa,"H2:0.005, CO:0.005, O2:0.01, Ar:0.98",0.5,4.4999999999999996e-05,s,,,d/dt max,OHEX;,,,x10001063.xml
1316.0,K,1205767.5,Pa,"H2:0.005, CO:0.005, O2:0.01, Ar:0.98",0.5,5.1e-05,s,,,d/dt max,OHEX;,,,x10001063.xml
1274.0,K,1226032.5,Pa,"H2:0.005, CO:0.005, O2:0.01, Ar:0.98",0.5,7e-05,s,,,d/dt max,OHEX;,,,x10001063.xml
1239.0,K,1236165.0,Pa,"H2:0.005, CO:0.005, O2:0.01, Ar:0.98",0.5,8.7e-05,s,,,d/dt max,OHEX;,,,x10001063.xml
1201.0,K,1246297.5,Pa,"H2:0.005, CO:0.005, O2:0.01, Ar:0.98",0.5,0.00013099999999999999,s,,,d/dt max,OHEX;,,,x10001063.xml
1163.0,K,1246297.5,Pa,"H2:0.005, CO:0.005, O2:0.01, Ar:0.98",0.5,0.000215,s,,,d/dt max,OHEX;,,,x10001063.xml
1130.0,K,1246297.5,Pa,"H2:0.005, CO:0.005, O2:0.01, Ar:0.98",0.5,0.00039999999999999996,s,,,d/dt max,OHEX;,,,x10001063.xml
1100.0,K,1266562.5,Pa,"H2:0.005, CO:0.005, O2:0.01, Ar:0.98",0.5,0.001034,s,,,d/dt max,OHEX;,,,x10001063.xml
1098.0,K,1286827.5,Pa,"H2:0.005, CO:0.005, O2:0.01, Ar:0.98",0.5,0.00106,s,,,d/dt max,OHEX;,,,x10001063.xml
1326.0,K,3232267.5,Pa,"H2:0.005, CO:0.005, O2:0.01, Ar:0.98",0.5,3.2e-05,s,,,d/dt max,OHEX;,,,x10001064.xml
1262.0,K,3212002.5,Pa,"H2:0.005, CO:0.005, O2:0.01, Ar:0.98",0.5,7.599999999999999e-05,s,,,d/dt max,OHEX;,,,x10001064.xml
1231.0,K,3232267.5,Pa,"H2:0.005, CO:0.005, O2:0.01, Ar:0.98",0.5,0.00024599999999999996,s,,,d/dt max,OHEX;,,,x10001064.xml
1200.0,K,3232267.5,Pa,"H2:0.005, CO:0.005, O2:0.01, Ar:0.98",0.5,0.0005549999999999999,s,,,d/dt max,OHEX;,,,x10001064.xml
1174.0,K,3323459.9999999995,Pa,"H2:0.005, CO:0.005, O2:0.01, Ar:0.98",0.5,0.000856,s,,,d/dt max,OHEX;,,,x10001064.xml
1177.0,K,3262665.0000000005,Pa,"H2:0.005, CO:0.005, O2:0.01, Ar:0.98",0.5,0.000967,s,,,d/dt max,OHEX;,,,x10001064.xml
1845.0,K,157053.75,Pa,"H2:0.004, CO:0.006, O2:0.01, Ar:0.98",0.5,5.3e-05,s,,,d/dt max,OHEX;,,,x10001065.xml
1722.0,K,154014.0,Pa,"H2:0.004, CO:0.006, O2:0.01, Ar:0.98",0.5,7e-05,s,,,d/dt max,OHEX;,,,x10001065.xml
1692.0,K,161106.75,Pa,"H2:0.004, CO:0.006, O2:0.01, Ar:0.98",0.5,7.7e-05,s,,,d/dt max,OHEX;,,,x10001065.xml
1540.0,K,159080.25,Pa,"H2:0.004, CO:0.006, O2:0.01, Ar:0.98",0.5,0.000139,s,,,d/dt max,OHEX;,,,x10001065.xml
1390.0,K,169212.75,Pa,"H2:0.004, CO:0.006, O2:0.01, Ar:0.98",0.5,0.000205,s,,,d/dt max,OHEX;,,,x10001065.xml
1264.0,K,175292.25,Pa,"H2:0.004, CO:0.006, O2:0.01, Ar:0.98",0.5,0.000338,s,,,d/dt max,OHEX;,,,x10001065.xml
1199.0,K,186438.0,Pa,"H2:0.004, CO:0.006, O2:0.01, Ar:0.98",0.5,0.00044899999999999996,s,,,d/dt max,OHEX;,,,x10001065.xml
1146.0,K,196570.5,Pa,"H2:0.004, CO:0.006, O2:0.01, Ar:0.98",0.5,0.0006259999999999999,s,,,d/dt max,OHEX;,,,x10001065.xml
1074.0,K,196570.5,Pa,"H2:0.004, CO:0.006, O2:0.01, Ar:0.98",0.5,0.000855,s,,,d/dt max,OHEX;,,,x10001065.xml
1017.0,K,196570.5,Pa,"H2:0.004, CO:0.006, O2:0.01, Ar:0.98",0.5,0.0014609999999999998,s,,,d/dt max,OHEX;,,,x10001065.xml
1442.0,K,1236165.0,Pa,"H2:0.004, CO:0.006, O2:0.01, Ar:0.98",0.5,3.1e-05,s,,,d/dt max,OHEX;,,,x10001066.xml
1391.0,K,1205767.5,Pa,"H2:0.004, CO:0.006, O2:0.01, Ar:0.98",0.5,3.9e-05,s,,,d/dt max,OHEX;,,,x10001066.xml
1333.0,K,1226032.5,Pa,"H2:0.004, CO:0.006, O2:0.01, Ar:0.98",0.5,4.4e-05,s,,,d/dt max,OHEX;,,,x10001066.xml
1297.0,K,1226032.5,Pa,"H2:0.004, CO:0.006, O2:0.01, Ar:0.98",0.5,5.9999999999999995e-05,s,,,d/dt max,OHEX;,,,x10001066.xml
1258.0,K,1215900.0,Pa,"H2:0.004, CO:0.006, O2:0.01, Ar:0.98",0.5,8.499999999999999e-05,s,,,d/dt max,OHEX;,,,x10001066.xml
1208.0,K,1276695.0,Pa,"H2:0.004, CO:0.006, O2:0.01, Ar:0.98",0.5,0.000144,s,,,d/dt max,OHEX;,,,x10001066.xml
1184.0,K,1276695.0,Pa,"H2:0.004, CO:0.006, O2:0.01, Ar:0.98",0.5,0.00019999999999999998,s,,,d/dt max,OHEX;,,,x10001066.xml
1170.0,K,1286827.5,Pa,"H2:0.004, CO:0.006, O2:0.01, Ar:0.98",0.5,0.000232,s,,,d/dt max,OHEX;,,,x10001066.xml
1137.0,K,1276695.0,Pa,"H2:0.004, CO:0.006, O2:0.01, Ar:0.98",0.5,0.000414,s,,,d/dt max,OHEX;,,,x10001066.xml
1126.0,K,1347622.5,Pa,"H2:0.004, CO:0.006, O2:0.01, Ar:0.98",0.5,0.000654,s,,,d/dt max,OHEX;,,,x10001066.xml
1106.0,K,1276695.0,Pa,"H2:0.004, CO:0.006, O2:0.01, Ar:0.98",0.5,0.0010969999999999999,s,,,d/dt max,OHEX;,,,x10001066.xml
1100.0,K,1286827.5,Pa,"H2:0.004, CO:0.006, O2:0.01, Ar:0.98",0.5,0.001397,s,,,d/dt max,OHEX;,,,x10001066.xml
1092.0,K,1276695.0,Pa,"H2:0.004, CO:0.006, O2:0.01, Ar:0.98",0.5,0.0018679999999999999,s,,,d/dt max,OHEX;,,,x10001066.xml
1300.0,K,3100545.0,Pa,"H2:0.004, CO:0.006, O2:0.01, Ar:0.98",0.5,5.8e-05,s,,,d/dt max,OHEX;,,,x10001067.xml
1259.0,K,3171472.5,Pa,"H2:0.004, CO:0.006, O2:0.01, Ar:0.98",0.5,0.000104,s,,,d/dt max,OHEX;,,,x10001067.xml
1245.0,K,3181605.0,Pa,"H2:0.004, CO:0.006, O2:0.01, Ar:0.98",0.5,0.00013199999999999998,s,,,d/dt max,OHEX;,,,x10001067.xml
1209.0,K,3181605.0,Pa,"H2:0.004, CO:0.006, O2:0.01, Ar:0.98",0.5,0.000388,s,,,d/dt max,OHEX;,,,x10001067.xml
1181.0,K,3282930.0,Pa,"H2:0.004, CO:0.006, O2:0.01, Ar:0.98",0.5,0.000904,s,,,d/dt max,OHEX;,,,x10001067.xml
1169.0,K,3262665.0000000005,Pa,"H2:0.004, CO:0.006, O2:0.01, Ar:0.98",0.5,0.001116,s,,,d/dt max,OHEX;,,,x10001067.xml
1163.0,K,3242400.0,Pa,"H2:0.004, CO:0.006, O2:0.01, Ar:0.98",0.5,0.001233,s,,,d/dt max,OHEX;,,,x10001067.xml
1143.0,K,3242400.0,Pa,"H2:0.004, CO:0.006, O2:0.01, Ar:0.98",0.5,0.001614,s,,,d/dt max,OHEX;,,,x10001067.xml
1923.0,K,138815.25,Pa,"H2:0.002, CO:0.008, O2:0.01, Ar:0.98",0.5,7.8e-05,s,,,d/dt max,OHEX;,,,x10001068.xml
1735.0,K,143881.5,Pa,"H2:0.002, CO:0.008, O2:0.01, Ar:0.98",0.5,0.000108,s,,,d/dt max,OHEX;,,,x10001068.xml
1494.0,K,151987.5,Pa,"H2:0.002, CO:0.008, O2:0.01, Ar:0.98",0.5,0.000193,s,,,d/dt max,OHEX;,,,x10001068.xml
1361.0,K,164146.5,Pa,"H2:0.002, CO:0.008, O2:0.01, Ar:0.98",0.5,0.000268,s,,,d/dt max,OHEX;,,,x10001068.xml
1256.0,K,172252.5,Pa,"H2:0.002, CO:0.008, O2:0.01, Ar:0.98",0.5,0.000457,s,,,d/dt max,OHEX;,,,x10001068.xml
1133.0,K,181371.75,Pa,"H2:0.002, CO:0.008, O2:0.01, Ar:0.98",0.5,0.000784,s,,,d/dt max,OHEX;,,,x10001068.xml
1093.0,K,192517.5,Pa,"H2:0.002, CO:0.008, O2:0.01, Ar:0.98",0.5,0.001039,s,,,d/dt max,OHEX;,,,x10001068.xml
1057.0,K,192517.5,Pa,"H2:0.002, CO:0.008, O2:0.01, Ar:0.98",0.5,0.00123,s,,,d/dt max,OHEX;,,,x10001068.xml
1388.0,K,1246297.5,Pa,"H2:0.002, CO:0.008, O2:0.01, Ar:0.98",0.5,5.4e-05,s,,,d/dt max,OHEX;,,,x10001069.xml
1317.0,K,1195635.0,Pa,"H2:0.002, CO:0.008, O2:0.01, Ar:0.98",0.5,7.9e-05,s,,,d/dt max,OHEX;,,,x10001069.xml
1257.0,K,1195635.0,Pa,"H2:0.002, CO:0.008, O2:0.01, Ar:0.98",0.5,9.6e-05,s,,,d/dt max,OHEX;,,,x10001069.xml
1217.0,K,1236165.0,Pa,"H2:0.002, CO:0.008, O2:0.01, Ar:0.98",0.5,0.000121,s,,,d/dt max,OHEX;,,,x10001069.xml
1191.0,K,1276695.0,Pa,"H2:0.002, CO:0.008, O2:0.01, Ar:0.98",0.5,0.00022999999999999998,s,,,d/dt max,OHEX;,,,x10001069.xml
1161.0,K,1317225.0,Pa,"H2:0.002, CO:0.008, O2:0.01, Ar:0.98",0.5,0.00038899999999999997,s,,,d/dt max,OHEX;,,,x10001069.xml
1117.0,K,1307092.5,Pa,"H2:0.002, CO:0.008, O2:0.01, Ar:0.98",0.5,0.00115,s,,,d/dt max,OHEX;,,,x10001069.xml
1097.0,K,1266562.5,Pa,"H2:0.002, CO:0.008, O2:0.01, Ar:0.98",0.5,0.001722,s,,,d/dt max,OHEX;,,,x10001069.xml
1320.0,K,3070147.5,Pa,"H2:0.002, CO:0.008, O2:0.01, Ar:0.98",0.5,5.8e-05,s,,,d/dt max,OHEX;,,,x10001070.xml
1288.0,K,3090412.5,Pa,"H2:0.002, CO:0.008, O2:0.01, Ar:0.98",0.5,8.999999999999999e-05,s,,,d/dt max,OHEX;,,,x10001070.xml
1259.0,K,3161340.0,Pa,"H2:0.002, CO:0.008, O2:0.01, Ar:0.98",0.5,0.000133,s,,,d/dt max,OHEX;,,,x10001070.xml
1218.0,K,3212002.5,Pa,"H2:0.002, CO:0.008, O2:0.01, Ar:0.98",0.5,0.000412,s,,,d/dt max,OHEX;,,,x10001070.xml
1184.0,K,3262665.0000000005,Pa,"H2:0.002, CO:0.008, O2:0.01, Ar:0.98",0.5,0.0009029999999999999,s,,,d/dt max,OHEX;,,,x10001070.xml
1179.0,K,3252532.5,Pa,"H2:0.002, CO:0.008, O2:0.01, Ar:0.98",0.5,0.00089,s,,,d/dt max,OHEX;,,,x10001070.xml
1991.0,K,148947.75,Pa,"H2:0.001, CO:0.009, O2:0.01, Ar:0.98",0.4999999999999999,7.7e-05,s,,,d/dt max,OHEX;,,,x10001071.xml
1787.0,K,151987.5,Pa,"H2:0.001, CO:0.009, O2:0.01, Ar:0.98",0.4999999999999999,0.000103,s,,,d/dt max,OHEX;,,,x10001071.xml
1730.0,K,142868.25,Pa,"H2:0.001, CO:0.009, O2:0.01, Ar:0.98",0.4999999999999999,0.000149,s,,,d/dt max,OHEX;,,,x10001071.xml
1657.0,K,159080.25,Pa,"H2:0.001, CO:0.009, O2:0.01, Ar:0.98",0.4999999999999999,0.00015,s,,,d/dt max,OHEX;,,,x10001071.xml
1526.0,K,158067.0,Pa,"H2:0.001, CO:0.009, O2:0.01, Ar:0.98",0.4999999999999999,0.000226,s,,,d/dt max,OHEX;,,,x10001071.xml
1434.0,K,161106.75,Pa,"H2:0.001, CO:0.009, O2:0.01, Ar:0.98",0.4999999999999999,0.000297,s,,,d/dt max,OHEX;,,,x10001071.xml
1391.0,K,172252.5,Pa,"H2:0.001, CO:0.009, O2:0.01, Ar:0.98",0.4999999999999999,0.000336,s,,,d/dt max,OHEX;,,,x10001071.xml
1313.0,K,155027.25,Pa,"H2:0.001, CO:0.009, O2:0.01, Ar:0.98",0.4999999999999999,0.000522,s,,,d/dt max,OHEX;,,,x10001071.xml
1220.0,K,165159.75,Pa,"H2:0.001, CO:0.009, O2:0.01, Ar:0.98",0.4999999999999999,0.0006659999999999999,s,,,d/dt max,OHEX;,,,x10001071.xml
1201.0,K,182385.0,Pa,"H2:0.001, CO:0.009, O2:0.01, Ar:0.98",0.4999999999999999,0.000731,s,,,d/dt max,OHEX;,,,x10001071.xml
1154.0,K,178332.0,Pa,"H2:0.001, CO:0.009, O2:0.01, Ar:0.98",0.4999999999999999,0.0008349999999999999,s,,,d/dt max,OHEX;,,,x10001071.xml
1126.0,K,199610.25,Pa,"H2:0.001, CO:0.009, O2:0.01, Ar:0.98",0.4999999999999999,0.0008929999999999999,s,,,d/dt max,OHEX;,,,x10001071.xml
1109.0,K,198597.0,Pa,"H2:0.001, CO:0.009, O2:0.01, Ar:0.98",0.4999999999999999,0.0011099999999999999,s,,,d/dt max,OHEX;,,,x10001071.xml
1082.0,K,179345.25,Pa,"H2:0.001, CO:0.009, O2:0.01, Ar:0.98",0.4999999999999999,0.0012649999999999998,s,,,d/dt max,OHEX;,,,x10001071.xml
1026.0,K,171239.25,Pa,"H2:0.001, CO:0.009, O2:0.01, Ar:0.98",0.4999999999999999,0.001713,s,,,d/dt max,OHEX;,,,x10001071.xml
1388.0,K,1114575.0,Pa,"H2:0.001, CO:0.009, O2:0.01, Ar:0.98",0.4999999999999999,8.2e-05,s,,,d/dt max,OHEX;,,,x10001072.xml
1381.0,K,1165237.5,Pa,"H2:0.001, CO:0.009, O2:0.01, Ar:0.98",0.4999999999999999,8.7e-05,s,,,d/dt max,OHEX;,,,x10001072.xml
1306.0,K,1185502.5,Pa,"H2:0.001, CO:0.009, O2:0.01, Ar:0.98",0.4999999999999999,0.00011999999999999999,s,,,d/dt max,OHEX;,,,x10001072.xml
1270.0,K,1205767.5,Pa,"H2:0.001, CO:0.009, O2:0.01, Ar:0.98",0.4999999999999999,0.000143,s,,,d/dt max,OHEX;,,,x10001072.xml
1229.0,K,1215900.0,Pa,"H2:0.001, CO:0.009, O2:0.01, Ar:0.98",0.4999999999999999,0.00019099999999999998,s,,,d/dt max,OHEX;,,,x10001072.xml
1181.0,K,1215900.0,Pa,"H2:0.001, CO:0.009, O2:0.01, Ar:0.98",0.4999999999999999,0.000372,s,,,d/dt max,OHEX;,,,x10001072.xml
1145.0,K,1226032.5,Pa,"H2:0.001, CO:0.009, O2:0.01, Ar:0.98",0.4999999999999999,0.000576,s,,,d/dt max,OHEX;,,,x10001072.xml
1136.0,K,1256430.0,Pa,"H2:0.001, CO:0.009, O2:0.01, Ar:0.98",0.4999999999999999,0.000627,s,,,d/dt max,OHEX;,,,x10001072.xml
1116.0,K,1317225.0,Pa,"H2:0.001, CO:0.009, O2:0.01, Ar:0.98",0.4999999999999999,0.001439,s,,,d/dt max,OHEX;,,,x10001072.xml
1329.0,K,3070147.5,Pa,"H2:0.001, CO:0.009, O2:0.01, Ar:0.98",0.4999999999999999,7.7e-05,s,,,d/dt max,OHEX;,,,x10001073.xml
1301.0,K,3060015.0,Pa,"H2:0.001, CO:0.009, O2:0.01, Ar:0.98",0.4999999999999999,9.9e-05,s,,,d/dt max,OHEX;,,,x10001073.xml
1258.0,K,3130942.5,Pa,"H2:0.001, CO:0.009, O2:0.01, Ar:0.98",0.4999999999999999,0.00017999999999999998,s,,,d/dt max,OHEX;,,,x10001073.xml
1227.0,K,3222135.0,Pa,"H2:0.001, CO:0.009, O2:0.01, Ar:0.98",0.4999999999999999,0.00036199999999999996,s,,,d/dt max,OHEX;,,,x10001073.xml
1191.0,K,3232267.5,Pa,"H2:0.001, CO:0.009, O2:0.01, Ar:0.98",0.4999999999999999,0.0009889999999999999,s,,,d/dt max,OHEX;,,,x10001073.xml
1161.0,K,3272797.4999999995,Pa,"H2:0.001, CO:0.009, O2:0.01, Ar:0.98",0.4999999999999999,0.001498,s,,,d/dt max,OHEX;,,,x10001073.xml
902.0,K,184411.5,Pa,"H2:0.028, CO:0.012, O2:0.02, Ar:0.94",1.0,0.0062959999999999995,s,,,d/dt max,OHEX;,,,x10001074.xml
911.0,K,172252.5,Pa,"H2:0.028, CO:0.012, O2:0.02, Ar:0.94",1.0,0.003966,s,,,d/dt max,OHEX;,,,x10001074.xml
933.0,K,188464.5,Pa,"H2:0.028, CO:0.012, O2:0.02, Ar:0.94",1.0,0.002312,s,,,d/dt max,OHEX;,,,x10001074.xml
945.0,K,189477.75,Pa,"H2:0.028, CO:0.012, O2:0.02, Ar:0.94",1.0,0.002097,s,,,d/dt max,OHEX;,,,x10001074.xml
964.0,K,190491.0,Pa,"H2:0.028, CO:0.012, O2:0.02, Ar:0.94",1.0,0.001227,s,,,d/dt max,OHEX;,,,x10001074.xml
979.0,K,176305.5,Pa,"H2:0.028, CO:0.012, O2:0.02, Ar:0.94",1.0,0.0010069999999999999,s,,,d/dt max,OHEX;,,,x10001074.xml
985.0,K,188464.5,Pa,"H2:0.028, CO:0.012, O2:0.02, Ar:0.94",1.0,0.0008349999999999999,s,,,d/dt max,OHEX;,,,x10001074.xml
1025.0,K,172252.5,Pa,"H2:0.028, CO:0.012, O2:0.02, Ar:0.94",1.0,0.000491,s,,,d/dt max,OHEX;,,,x10001074.xml
1035.0,K,177318.75,Pa,"H2:0.028, CO:0.012, O2:0.02, Ar:0.94",1.0,0.000496,s,,,d/dt max,OHEX;,,,x10001074.xml
1050.0,K,176305.5,Pa,"H2:0.028, CO:0.012, O2:0.02, Ar:0.94",1.0,0.000428,s,,,d/dt max,OHEX;,,,x10001074.xml
1108.0,K,185424.75,Pa,"H2:0.028, CO:0.012, O2:0.02, Ar:0.94",1.0,0.000314,s,,,d/dt max,OHEX;,,,x10001074.xml
1109.0,K,184411.5,Pa,"H2:0.028, CO:0.012, O2:0.02, Ar:0.94",1.0,0.000281,s,,,d/dt max,OHEX;,,,x10001074.xml
1141.0,K,175292.25,Pa,"H2:0.028, CO:0.012, O2:0.02, Ar:0.94",1.0,0.00024599999999999996,s,,,d/dt max,OHEX;,,,x10001074.xml
1161.0,K,151987.5,Pa,"H2:0.028, CO:0.012, O2:0.02, Ar:0.94",1.0,0.000213,s,,,d/dt max,OHEX;,,,x10001074.xml
1005.0,K,966640.4999999999,Pa,"H2:0.028, CO:0.012, O2:0.02, Ar:0.94",1.0,0.0038039999999999997,s,,,d/dt max,OHEX;,,,x10001075.xml
1021.0,K,1011223.5,Pa,"H2:0.028, CO:0.012, O2:0.02, Ar:0.94",1.0,0.002574,s,,,d/dt max,OHEX;,,,x10001075.xml
1046.0,K,975759.7500000001,Pa,"H2:0.028, CO:0.012, O2:0.02, Ar:0.94",1.0,0.001434,s,,,d/dt max,OHEX;,,,x10001075.xml
1062.0,K,936243.0,Pa,"H2:0.028, CO:0.012, O2:0.02, Ar:0.94",1.0,0.001023,s,,,d/dt max,OHEX;,,,x10001075.xml
1089.0,K,944349.0,Pa,"H2:0.028, CO:0.012, O2:0.02, Ar:0.94",1.0,0.000495,s,,,d/dt max,OHEX;,,,x10001075.xml
1102.0,K,976773.0,Pa,"H2:0.028, CO:0.012, O2:0.02, Ar:0.94",1.0,0.000248,s,,,d/dt max,OHEX;,,,x10001075.xml
1117.0,K,943335.75,Pa,"H2:0.028, CO:0.012, O2:0.02, Ar:0.94",1.0,0.00016999999999999999,s,,,d/dt max,OHEX;,,,x10001075.xml
1165.0,K,971706.75,Pa,"H2:0.028, CO:0.012, O2:0.02, Ar:0.94",1.0,8.7e-05,s,,,d/dt max,OHEX;,,,x10001075.xml
1174.0,K,957521.2499999999,Pa,"H2:0.028, CO:0.012, O2:0.02, Ar:0.94",1.0,7.4e-05,s,,,d/dt max,OHEX;,,,x10001075.xml
1179.0,K,922057.5,Pa,"H2:0.028, CO:0.012, O2:0.02, Ar:0.94",1.0,6.9e-05,s,,,d/dt max,OHEX;,,,x10001075.xml
1264.0,K,925097.2500000001,Pa,"H2:0.028, CO:0.012, O2:0.02, Ar:0.94",1.0,3.2999999999999996e-05,s,,,d/dt max,OHEX;,,,x10001075.xml
1024.0,K,1746842.9999999998,Pa,"H2:0.028, CO:0.012, O2:0.02, Ar:0.94",1.0,0.004697,s,,,d/dt max,OHEX;,,,x10001076.xml
1035.0,K,2062977.0,Pa,"H2:0.028, CO:0.012, O2:0.02, Ar:0.94",1.0,0.0030789999999999997,s,,,d/dt max,OHEX;,,,x10001076.xml
1039.0,K,2022447.0,Pa,"H2:0.028, CO:0.012, O2:0.02, Ar:0.94",1.0,0.002126,s,,,d/dt max,OHEX;,,,x10001076.xml
1097.0,K,2056897.5,Pa,"H2:0.028, CO:0.012, O2:0.02, Ar:0.94",1.0,0.00098,s,,,d/dt max,OHEX;,,,x10001076.xml
1127.0,K,2041698.7499999998,Pa,"H2:0.028, CO:0.012, O2:0.02, Ar:0.94",1.0,0.0005679999999999999,s,,,d/dt max,OHEX;,,,x10001076.xml
1141.0,K,2028526.5,Pa,"H2:0.028, CO:0.012, O2:0.02, Ar:0.94",1.0,0.000366,s,,,d/dt max,OHEX;,,,x10001076.xml
1153.0,K,2047778.25,Pa,"H2:0.028, CO:0.012, O2:0.02, Ar:0.94",1.0,0.000242,s,,,d/dt max,OHEX;,,,x10001076.xml
1156.0,K,1984956.75,Pa,"H2:0.028, CO:0.012, O2:0.02, Ar:0.94",1.0,0.000198,s,,,d/dt max,OHEX;,,,x10001076.xml
1183.0,K,1974824.2499999998,Pa,"H2:0.028, CO:0.012, O2:0.02, Ar:0.94",1.0,9.7e-05,s,,,d/dt max,OHEX;,,,x10001076.xml
896.0,K,197583.75,Pa,"H2:0.0132, CO:0.0268, O2:0.02, Ar:0.94",1.0,0.004742,s,,,d/dt max,OHEX;,,,x10001077.xml
903.0,K,194544.0,Pa,"H2:0.0132, CO:0.0268, O2:0.02, Ar:0.94",1.0,0.00406,s,,,d/dt max,OHEX;,,,x10001077.xml
908.0,K,197583.75,Pa,"H2:0.0132, CO:0.0268, O2:0.02, Ar:0.94",1.0,0.003133,s,,,d/dt max,OHEX;,,,x10001077.xml
923.0,K,177318.75,Pa,"H2:0.0132, CO:0.0268, O2:0.02, Ar:0.94",1.0,0.002521,s,,,d/dt max,OHEX;,,,x10001077.xml
954.0,K,186438.0,Pa,"H2:0.0132, CO:0.0268, O2:0.02, Ar:0.94",1.0,0.0014219999999999999,s,,,d/dt max,OHEX;,,,x10001077.xml
1011.0,K,175292.25,Pa,"H2:0.0132, CO:0.0268, O2:0.02, Ar:0.94",1.0,0.000678,s,,,d/dt max,OHEX;,,,x10001077.xml
1026.0,K,191504.25,Pa,"H2:0.0132, CO:0.0268, O2:0.02, Ar:0.94",1.0,0.000682,s,,,d/dt max,OHEX;,,,x10001077.xml
1061.0,K,189477.75,Pa,"H2:0.0132, CO:0.0268, O2:0.02, Ar:0.94",1.0,0.000437,s,,,d/dt max,OHEX;,,,x10001077.xml
1101.0,K,195557.25,Pa,"H2:0.0132, CO:0.0268, O2:0.02, Ar:0.94",1.0,0.000383,s,,,d/dt max,OHEX;,,,x10001077.xml
1151.0,K,184411.5,Pa,"H2:0.0132, CO:0.0268, O2:0.02, Ar:0.94",1.0,0.0003,s,,,d/dt max,OHEX;,,,x10001077.xml
1201.0,K,193530.75,Pa,"H2:0.0132, CO:0.0268, O2:0.02, Ar:0.94",1.0,0.00021899999999999998,s,,,d/dt max,OHEX;,,,x10001077.xml
1012.0,K,865315.4999999999,Pa,"H2:0.0132, CO:0.0268, O2:0.02, Ar:0.94",1.0,0.00309,s,,,d/dt max,OHEX;,,,x10001078.xml
1012.0,K,981839.25,Pa,"H2:0.0132, CO:0.0268, O2:0.02, Ar:0.94",1.0,0.0033859999999999997,s,,,d/dt max,OHEX;,,,x10001078.xml
1028.0,K,973733.25,Pa,"H2:0.0132, CO:0.0268, O2:0.02, Ar:0.94",1.0,0.001979,s,,,d/dt max,OHEX;,,,x10001078.xml
1048.0,K,997038.0,Pa,"H2:0.0132, CO:0.0268, O2:0.02, Ar:0.94",1.0,0.001282,s,,,d/dt max,OHEX;,,,x10001078.xml
1055.0,K,1006157.25,Pa,"H2:0.0132, CO:0.0268, O2:0.02, Ar:0.94",1.0,0.001083,s,,,d/dt max,OHEX;,,,x10001078.xml
1087.0,K,1014263.25,Pa,"H2:0.0132, CO:0.0268, O2:0.02, Ar:0.94",1.0,0.00047099999999999996,s,,,d/dt max,OHEX;,,,x10001078.xml
1100.0,K,969680.25,Pa,"H2:0.0132, CO:0.0268, O2:0.02, Ar:0.94",1.0,0.000365,s,,,d/dt max,OHEX;,,,x10001078.xml
1114.0,K,1008183.7499999999,Pa,"H2:0.0132, CO:0.0268, O2:0.02, Ar:0.94",1.0,0.00023999999999999998,s,,,d/dt max,OHEX;,,,x10001078.xml
1154.0,K,1034528.2500000001,Pa,"H2:0.0132, CO:0.0268, O2:0.02, Ar:0.94",1.0,0.000125,s,,,d/dt max,OHEX;,,,x10001078.xml
1167.0,K,1022369.25,Pa,"H2:0.0132, CO:0.0268, O2:0.02, Ar:0.94",1.0,9.6e-05,s,,,d/dt max,OHEX;,,,x10001078.xml
1203.0,K,1007170.5,Pa,"H2:0.0132, CO:0.0268, O2:0.02, Ar:0.94",1.0,6.7e-05,s,,,d/dt max,OHEX;,,,x10001078.xml
1049.0,K,2012314.5,Pa,"H2:0.0132, CO:0.0268, O2:0.02, Ar:0.94",1.0,0.0033699999999999997,s,,,d/dt max,OHEX;,,,x10001079.xml
1065.0,K,1949492.9999999998,Pa,"H2:0.0132, CO:0.0268, O2:0.02, Ar:0.94",1.0,0.002466,s,,,d/dt max,OHEX;,,,x10001079.xml
1102.0,K,2002182.0000000002,Pa,"H2:0.0132, CO:0.0268, O2:0.02, Ar:0.94",1.0,0.0013499999999999999,s,,,d/dt max,OHEX;,,,x10001079.xml
1134.0,K,2006235.0,Pa,"H2:0.0132, CO:0.0268, O2:0.02, Ar:0.94",1.0,0.000441,s,,,d/dt max,OHEX;,,,x10001079.xml
1190.0,K,2076149.2499999998,Pa,"H2:0.0132, CO:0.0268, O2:0.02, Ar:0.94",1.0,9.6e-05,s,,,d/dt max,OHEX;,,,x10001079.xml
1234.0,K,2045751.7500000002,Pa,"H2:0.0132, CO:0.0268, O2:0.02, Ar:0.94",1.0,4.2999999999999995e-05,s,,,d/dt max,OHEX;,,,x10001079.xml
916.0,K,190491.0,Pa,"H2:0.01556, CO:0.01556, O2:0.01556, CO2:0.01333, Ar:0.94",1.0,0.003123,s,,,d/dt max,OHEX;,,,x10001080.xml
920.0,K,190491.0,Pa,"H2:0.01556, CO:0.01556, O2:0.01556, CO2:0.01333, Ar:0.94",1.0,0.003166,s,,,d/dt max,OHEX;,,,x10001080.xml
959.0,K,191504.25,Pa,"H2:0.01556, CO:0.01556, O2:0.01556, CO2:0.01333, Ar:0.94",1.0,0.0016519999999999998,s,,,d/dt max,OHEX;,,,x10001080.xml
968.0,K,183398.25,Pa,"H2:0.01556, CO:0.01556, O2:0.01556, CO2:0.01333, Ar:0.94",1.0,0.001205,s,,,d/dt max,OHEX;,,,x10001080.xml
968.0,K,198597.0,Pa,"H2:0.01556, CO:0.01556, O2:0.01556, CO2:0.01333, Ar:0.94",1.0,0.00139,s,,,d/dt max,OHEX;,,,x10001080.xml
1005.0,K,193530.75,Pa,"H2:0.01556, CO:0.01556, O2:0.01556, CO2:0.01333, Ar:0.94",1.0,0.000874,s,,,d/dt max,OHEX;,,,x10001080.xml
1037.0,K,193530.75,Pa,"H2:0.01556, CO:0.01556, O2:0.01556, CO2:0.01333, Ar:0.94",1.0,0.0006789999999999999,s,,,d/dt max,OHEX;,,,x10001080.xml
1064.0,K,181371.75,Pa,"H2:0.01556, CO:0.01556, O2:0.01556, CO2:0.01333, Ar:0.94",1.0,0.000523,s,,,d/dt max,OHEX;,,,x10001080.xml
1100.0,K,199610.25,Pa,"H2:0.01556, CO:0.01556, O2:0.01556, CO2:0.01333, Ar:0.94",1.0,0.00039,s,,,d/dt max,OHEX;,,,x10001080.xml
1118.0,K,184411.5,Pa,"H2:0.01556, CO:0.01556, O2:0.01556, CO2:0.01333, Ar:0.94",1.0,0.000376,s,,,d/dt max,OHEX;,,,x10001080.xml
1200.0,K,183398.25,Pa,"H2:0.01556, CO:0.01556, O2:0.01556, CO2:0.01333, Ar:0.94",1.0,0.00025299999999999997,s,,,d/dt max,OHEX;,,,x10001080.xml
1016.0,K,1022369.25,Pa,"H2:0.01556, CO:0.01556, O2:0.01556, CO2:0.01333, Ar:0.94",1.0,0.0035299999999999997,s,,,d/dt max,OHEX;,,,x10001081.xml
1027.0,K,1035541.5000000001,Pa,"H2:0.01556, CO:0.01556, O2:0.01556, CO2:0.01333, Ar:0.94",1.0,0.003022,s,,,d/dt max,OHEX;,,,x10001081.xml
1036.0,K,827825.25,Pa,"H2:0.01556, CO:0.01556, O2:0.01556, CO2:0.01333, Ar:0.94",1.0,0.002212,s,,,d/dt max,OHEX;,,,x10001081.xml
1056.0,K,987918.75,Pa,"H2:0.01556, CO:0.01556, O2:0.01556, CO2:0.01333, Ar:0.94",1.0,0.001777,s,,,d/dt max,OHEX;,,,x10001081.xml
1082.0,K,1015276.5,Pa,"H2:0.01556, CO:0.01556, O2:0.01556, CO2:0.01333, Ar:0.94",1.0,0.000868,s,,,d/dt max,OHEX;,,,x10001081.xml
1102.0,K,975759.7500000001,Pa,"H2:0.01556, CO:0.01556, O2:0.01556, CO2:0.01333, Ar:0.94",1.0,0.0005,s,,,d/dt max,OHEX;,,,x10001081.xml
1121.0,K,977786.25,Pa,"H2:0.01556, CO:0.01556, O2:0.01556, CO2:0.01333, Ar:0.94",1.0,0.000258,s,,,d/dt max,OHEX;,,,x10001081.xml
1165.0,K,991971.7499999999,Pa,"H2:0.01556, CO:0.01556, O2:0.01556, CO2:0.01333, Ar:0.94",1.0,0.000111,s,,,d/dt max,OHEX;,,,x10001081.xml
1206.0,K,984879.0000000001,Pa,"H2:0.01556, CO:0.01556, O2:0.01556, CO2:0.01333, Ar:0.94",1.0,7.2e-05,s,,,d/dt max,OHEX;,,,x10001081.xml
1258.0,K,988932.0,Pa,"H2:0.01556, CO:0.01556, O2:0.01556, CO2:0.01333, Ar:0.94",1.0,5.1e-05,s,,,d/dt max,OHEX;,,,x10001081.xml
1051.0,K,1951519.5000000002,Pa,"H2:0.01556, CO:0.01556, O2:0.01556, CO2:0.01333, Ar:0.94",1.0,0.0031409999999999997,s,,,d/dt max,OHEX;,,,x10001082.xml
1068.0,K,2054871.0,Pa,"H2:0.01556, CO:0.01556, O2:0.01556, CO2:0.01333, Ar:0.94",1.0,0.0026449999999999998,s,,,d/dt max,OHEX;,,,x10001082.xml
1104.0,K,2048791.5,Pa,"H2:0.01556, CO:0.01556, O2:0.01556, CO2:0.01333, Ar:0.94",1.0,0.0011149999999999999,s,,,d/dt max,OHEX;,,,x10001082.xml
1108.0,K,1974824.2499999998,Pa,"H2:0.01556, CO:0.01556, O2:0.01556, CO2:0.01333, Ar:0.94",1.0,0.000996,s,,,d/dt max,OHEX;,,,x10001082.xml
1127.0,K,1992049.5,Pa,"H2:0.01556, CO:0.01556, O2:0.01556, CO2:0.01333, Ar:0.94",1.0,0.000641,s,,,d/dt max,OHEX;,,,x10001082.xml
1151.0,K,2027513.2500000002,Pa,"H2:0.01556, CO:0.01556, O2:0.01556, CO2:0.01333, Ar:0.94",1.0,0.000256,s,,,d/dt max,OHEX;,,,x10001082.xml
1186.0,K,2010288.0,Pa,"H2:0.01556, CO:0.01556, O2:0.01556, CO2:0.01333, Ar:0.94",1.0,0.00011999999999999999,s,,,d/dt max,OHEX;,,,x10001082.xml
1189.0,K,2075136.0,Pa,"H2:0.01556, CO:0.01556, O2:0.01556, CO2:0.01333, Ar:0.94",1.0,0.00013,s,,,d/dt max,OHEX;,,,x10001082.xml
1239.0,K,2045751.7500000002,Pa,"H2:0.01556, CO:0.01556, O2:0.01556, CO2:0.01333, Ar:0.94",1.0,4.7e-05,s,,,d/dt max,OHEX;,,,x10001082.xml
925.0,K,186438.0,Pa,"H2:0.00545, CO:0.01537, O2:0.01041, N2:0.02876, Ar:0.94",0.9999999999999998,0.003577,s,,,d/dt max,OHEX;,,,x10001083.xml
928.0,K,188464.5,Pa,"H2:0.00545, CO:0.01537, O2:0.01041, N2:0.02876, Ar:0.94",0.9999999999999998,0.003489,s,,,d/dt max,OHEX;,,,x10001083.xml
956.0,K,200623.5,Pa,"H2:0.00545, CO:0.01537, O2:0.01041, N2:0.02876, Ar:0.94",0.9999999999999998,0.002594,s,,,d/dt max,OHEX;,,,x10001083.xml
958.0,K,181371.75,Pa,"H2:0.00545, CO:0.01537, O2:0.01041, N2:0.02876, Ar:0.94",0.9999999999999998,0.0025889999999999997,s,,,d/dt max,OHEX;,,,x10001083.xml
961.0,K,183398.25,Pa,"H2:0.00545, CO:0.01537, O2:0.01041, N2:0.02876, Ar:0.94",0.9999999999999998,0.002453,s,,,d/dt max,OHEX;,,,x10001083.xml
997.0,K,180358.5,Pa,"H2:0.00545, CO:0.01537, O2:0.01041, N2:0.02876, Ar:0.94",0.9999999999999998,0.001575,s,,,d/dt max,OHEX;,,,x10001083.xml
1041.0,K,181371.75,Pa,"H2:0.00545, CO:0.01537, O2:0.01041, N2:0.02876, Ar:0.94",0.9999999999999998,0.0010689999999999999,s,,,d/dt max,OHEX;,,,x10001083.xml
1042.0,K,193530.75,Pa,"H2:0.00545, CO:0.01537, O2:0.01041, N2:0.02876, Ar:0.94",0.9999999999999998,0.001111,s,,,d/dt max,OHEX;,,,x10001083.xml
1089.0,K,200623.5,Pa,"H2:0.00545, CO:0.01537, O2:0.01041, N2:0.02876, Ar:0.94",0.9999999999999998,0.000725,s,,,d/dt max,OHEX;,,,x10001083.xml
1117.0,K,200623.5,Pa,"H2:0.00545, CO:0.01537, O2:0.01041, N2:0.02876, Ar:0.94",0.9999999999999998,0.000612,s,,,d/dt max,OHEX;,,,x10001083.xml
1141.0,K,199610.25,Pa,"H2:0.00545, CO:0.01537, O2:0.01041, N2:0.02876, Ar:0.94",0.9999999999999998,0.000531,s,,,d/dt max,OHEX;,,,x10001083.xml
1150.0,K,186438.0,Pa,"H2:0.00545, CO:0.01537, O2:0.01041, N2:0.02876, Ar:0.94",0.9999999999999998,0.000498,s,,,d/dt max,OHEX;,,,x10001083.xml
1023.0,K,1001091.0000000001,Pa,"H2:0.00545, CO:0.01537, O2:0.01041, N2:0.02876, Ar:0.94",0.9999999999999998,0.003156,s,,,d/dt max,OHEX;,,,x10001084.xml
1049.0,K,1038581.25,Pa,"H2:0.00545, CO:0.01537, O2:0.01041, N2:0.02876, Ar:0.94",0.9999999999999998,0.0018909999999999999,s,,,d/dt max,OHEX;,,,x10001084.xml
1078.0,K,1013250.0,Pa,"H2:0.00545, CO:0.01537, O2:0.01041, N2:0.02876, Ar:0.94",0.9999999999999998,0.000788,s,,,d/dt max,OHEX;,,,x10001084.xml
1096.0,K,992985.0000000001,Pa,"H2:0.00545, CO:0.01537, O2:0.01041, N2:0.02876, Ar:0.94",0.9999999999999998,0.000583,s,,,d/dt max,OHEX;,,,x10001084.xml
1128.0,K,984879.0000000001,Pa,"H2:0.00545, CO:0.01537, O2:0.01041, N2:0.02876, Ar:0.94",0.9999999999999998,0.000327,s,,,d/dt max,OHEX;,,,x10001084.xml
1158.0,K,1008183.7499999999,Pa,"H2:0.00545, CO:0.01537, O2:0.01041, N2:0.02876, Ar:0.94",0.9999999999999998,0.000217,s,,,d/dt max,OHEX;,,,x10001084.xml
1162.0,K,967653.7500000001,Pa,"H2:0.00545, CO:0.01537, O2:0.01041, N2:0.02876, Ar:0.94",0.9999999999999998,0.00021899999999999998,s,,,d/dt max,OHEX;,,,x10001084.xml
1172.0,K,977786.25,Pa,"H2:0.00545, CO:0.01537, O2:0.01041, N2:0.02876, Ar:0.94",0.9999999999999998,0.000185,s,,,d/dt max,OHEX;,,,x10001084.xml
1220.0,K,1038581.25,Pa,"H2:0.00545, CO:0.01537, O2:0.01041, N2:0.02876, Ar:0.94",0.9999999999999998,0.00011999999999999999,s,,,d/dt max,OHEX;,,,x10001084.xml
1257.0,K,988932.0,Pa,"H2:0.00545, CO:0.01537, O2:0.01041, N2:0.02876, Ar:0.94",0.9999999999999998,9.3e-05,s,,,d/dt max,OHEX;,,,x10001084.xml
1308.0,K,987918.75,Pa,"H2:0.00545, CO:0.01537, O2:0.01041, N2:0.02876, Ar:0.94",0.9999999999999998,7e-05,s,,,d/dt max,OHEX;,,,x10001084.xml
1088.0,K,2021433.75,Pa,"H2:0.00545, CO:0.01537, O2:0.01041, N2:0.02876, Ar:0.94",0.9999999999999998,0.00235,s,,,d/dt max,OHEX;,,,x10001085.xml
1117.0,K,2048791.5,Pa,"H2:0.00545, CO:0.01537, O2:0.01041, N2:0.02876, Ar:0.94",0.9999999999999998,0.0013679999999999999,s,,,d/dt max,OHEX;,,,x10001085.xml
1139.0,K,2013327.75,Pa,"H2:0.00545, CO:0.01537, O2:0.01041, N2:0.02876, Ar:0.94",0.9999999999999998,0.000766,s,,,d/dt max,OHEX;,,,x10001085.xml
1184.0,K,2080202.25,Pa,"H2:0.00545, CO:0.01537, O2:0.01041, N2:0.02876, Ar:0.94",0.9999999999999998,0.000279,s,,,d/dt max,OHEX;,,,x10001085.xml
1208.0,K,2023460.25,Pa,"H2:0.00545, CO:0.01537, O2:0.01041, N2:0.02876, Ar:0.94",0.9999999999999998,0.000156,s,,,d/dt max,OHEX;,,,x10001085.xml
1222.0,K,1986983.25,Pa,"H2:0.00545, CO:0.01537, O2:0.01041, N2:0.02876, Ar:0.94",0.9999999999999998,0.000112,s,,,d/dt max,OHEX;,,,x10001085.xml
1244.0,K,1967731.5000000002,Pa,"H2:0.00545, CO:0.01537, O2:0.01041, N2:0.02876, Ar:0.94",0.9999999999999998,7.7e-05,s,,,d/dt max,OHEX;,,,x10001085.xml
