equation,id,f_value,operating_condition,if,rank,low_impact,inactive
2 H + M <=> H2 + M,0,0.1,"Pandas(T5=918.0, T5_units='K', P5=103351.5, P5_units='Pa', composition='H2:0.058683, O2:0.02947, Ar:0.911847', phi=0.9956396335256192, tau=0.00362, tau_units='s', pressure_rise=nan, pressure_rise_units='', ignition_type='max', ignition_target='OH*;', ignition_amount='', ignition_units='', filename='g00000012.xml', exp_unc=15.96)",0.03962877380357515,10.0,True,False
H + O + M <=> OH + M,1,0.1,"Pandas(T5=918.0, T5_units='K', P5=103351.5, P5_units='Pa', composition='H2:0.058683, O2:0.02947, Ar:0.911847', phi=0.9956396335256192, tau=0.00362, tau_units='s', pressure_rise=nan, pressure_rise_units='', ignition_type='max', ignition_target='OH*;', ignition_amount='', ignition_units='', filename='g00000012.xml', exp_unc=15.96)",0.014143059941612988,26.0,True,False
H + O2 (+M) <=> HO2 (+M),2,0.1,"Pandas(T5=918.0, T5_units='K', P5=103351.5, P5_units='Pa', composition='H2:0.058683, O2:0.02947, Ar:0.911847', phi=0.9956396335256192, tau=0.00362, tau_units='s', pressure_rise=nan, pressure_rise_units='', ignition_type='max', ignition_target='OH*;', ignition_amount='', ignition_units='', filename='g00000012.xml', exp_unc=15.96)",0.32352865664211816,2.0,False,False
H + O2 <=> O + OH,3,0.1,"Pandas(T5=918.0, T5_units='K', P5=103351.5, P5_units='Pa', composition='H2:0.058683, O2:0.02947, Ar:0.911847', phi=0.9956396335256192, tau=0.00362, tau_units='s', pressure_rise=nan, pressure_rise_units='', ignition_type='max', ignition_target='OH*;', ignition_amount='', ignition_units='', filename='g00000012.xml', exp_unc=15.96)",0.5043802536228692,1.0,False,False
H + OH (+M) <=> H2O (+M),4,0.1,"Pandas(T5=918.0, T5_units='K', P5=103351.5, P5_units='Pa', composition='H2:0.058683, O2:0.02947, Ar:0.911847', phi=0.9956396335256192, tau=0.00362, tau_units='s', pressure_rise=nan, pressure_rise_units='', ignition_type='max', ignition_target='OH*;', ignition_amount='', ignition_units='', filename='g00000012.xml', exp_unc=15.96)",0.04038057794274408,7.0,True,True
H2 + O <=> H + OH,5,0.1,"Pandas(T5=918.0, T5_units='K', P5=103351.5, P5_units='Pa', composition='H2:0.058683, O2:0.02947, Ar:0.911847', phi=0.9956396335256192, tau=0.00362, tau_units='s', pressure_rise=nan, pressure_rise_units='', ignition_type='max', ignition_target='OH*;', ignition_amount='', ignition_units='', filename='g00000012.xml', exp_unc=15.96)",0.028934925226158037,16.0,True,False
H2 + OH <=> H + H2O,6,0.1,"Pandas(T5=918.0, T5_units='K', P5=103351.5, P5_units='Pa', composition='H2:0.058683, O2:0.02947, Ar:0.911847', phi=0.9956396335256192, tau=0.00362, tau_units='s', pressure_rise=nan, pressure_rise_units='', ignition_type='max', ignition_target='OH*;', ignition_amount='', ignition_units='', filename='g00000012.xml', exp_unc=15.96)",0.0036485513241800156,38.0,True,False
H + H2O2 <=> H2 + HO2,7,0.1,"Pandas(T5=918.0, T5_units='K', P5=103351.5, P5_units='Pa', composition='H2:0.058683, O2:0.02947, Ar:0.911847', phi=0.9956396335256192, tau=0.00362, tau_units='s', pressure_rise=nan, pressure_rise_units='', ignition_type='max', ignition_target='OH*;', ignition_amount='', ignition_units='', filename='g00000012.xml', exp_unc=15.96)",0.009334170907923446,31.0,True,False
H + H2O2 <=> H2O + OH,8,0.1,"Pandas(T5=918.0, T5_units='K', P5=103351.5, P5_units='Pa', composition='H2:0.058683, O2:0.02947, Ar:0.911847', phi=0.9956396335256192, tau=0.00362, tau_units='s', pressure_rise=nan, pressure_rise_units='', ignition_type='max', ignition_target='OH*;', ignition_amount='', ignition_units='', filename='g00000012.xml', exp_unc=15.96)",0.016650834296679556,22.0,True,True
H2O2 + O <=> HO2 + OH,9,0.1,"Pandas(T5=918.0, T5_units='K', P5=103351.5, P5_units='Pa', composition='H2:0.058683, O2:0.02947, Ar:0.911847', phi=0.9956396335256192, tau=0.00362, tau_units='s', pressure_rise=nan, pressure_rise_units='', ignition_type='max', ignition_target='OH*;', ignition_amount='', ignition_units='', filename='g00000012.xml', exp_unc=15.96)",0.004648964437833559,36.0,True,True
H2O2 + OH <=> H2O + HO2,10,0.1,"Pandas(T5=918.0, T5_units='K', P5=103351.5, P5_units='Pa', composition='H2:0.058683, O2:0.02947, Ar:0.911847', phi=0.9956396335256192, tau=0.00362, tau_units='s', pressure_rise=nan, pressure_rise_units='', ignition_type='max', ignition_target='OH*;', ignition_amount='', ignition_units='', filename='g00000012.xml', exp_unc=15.96)",0.0033918562108036948,39.0,True,False
H + HO2 <=> H2 + O2,11,0.1,"Pandas(T5=918.0, T5_units='K', P5=103351.5, P5_units='Pa', composition='H2:0.058683, O2:0.02947, Ar:0.911847', phi=0.9956396335256192, tau=0.00362, tau_units='s', pressure_rise=nan, pressure_rise_units='', ignition_type='max', ignition_target='OH*;', ignition_amount='', ignition_units='', filename='g00000012.xml', exp_unc=15.96)",0.010906509138800102,29.0,True,False
H + HO2 <=> 2 OH,12,0.1,"Pandas(T5=918.0, T5_units='K', P5=103351.5, P5_units='Pa', composition='H2:0.058683, O2:0.02947, Ar:0.911847', phi=0.9956396335256192, tau=0.00362, tau_units='s', pressure_rise=nan, pressure_rise_units='', ignition_type='max', ignition_target='OH*;', ignition_amount='', ignition_units='', filename='g00000012.xml', exp_unc=15.96)",0.04170334776024614,5.0,True,False
2 HO2 <=> H2O2 + O2,13,0.1,"Pandas(T5=918.0, T5_units='K', P5=103351.5, P5_units='Pa', composition='H2:0.058683, O2:0.02947, Ar:0.911847', phi=0.9956396335256192, tau=0.00362, tau_units='s', pressure_rise=nan, pressure_rise_units='', ignition_type='max', ignition_target='OH*;', ignition_amount='', ignition_units='', filename='g00000012.xml', exp_unc=15.96)",0.01491445110544194,25.0,True,False
HO2 + O <=> O2 + OH,14,0.1,"Pandas(T5=918.0, T5_units='K', P5=103351.5, P5_units='Pa', composition='H2:0.058683, O2:0.02947, Ar:0.911847', phi=0.9956396335256192, tau=0.00362, tau_units='s', pressure_rise=nan, pressure_rise_units='', ignition_type='max', ignition_target='OH*;', ignition_amount='', ignition_units='', filename='g00000012.xml', exp_unc=15.96)",0.03449679159333922,13.0,True,False
HO2 + OH <=> H2O + O2,15,0.1,"Pandas(T5=918.0, T5_units='K', P5=103351.5, P5_units='Pa', composition='H2:0.058683, O2:0.02947, Ar:0.911847', phi=0.9956396335256192, tau=0.00362, tau_units='s', pressure_rise=nan, pressure_rise_units='', ignition_type='max', ignition_target='OH*;', ignition_amount='', ignition_units='', filename='g00000012.xml', exp_unc=15.96)",0.010861168475478458,30.0,True,True
2 O + M <=> O2 + M,16,0.1,"Pandas(T5=918.0, T5_units='K', P5=103351.5, P5_units='Pa', composition='H2:0.058683, O2:0.02947, Ar:0.911847', phi=0.9956396335256192, tau=0.00362, tau_units='s', pressure_rise=nan, pressure_rise_units='', ignition_type='max', ignition_target='OH*;', ignition_amount='', ignition_units='', filename='g00000012.xml', exp_unc=15.96)",0.01561870809840523,24.0,True,False
2 OH <=> H2O + O,17,0.1,"Pandas(T5=918.0, T5_units='K', P5=103351.5, P5_units='Pa', composition='H2:0.058683, O2:0.02947, Ar:0.911847', phi=0.9956396335256192, tau=0.00362, tau_units='s', pressure_rise=nan, pressure_rise_units='', ignition_type='max', ignition_target='OH*;', ignition_amount='', ignition_units='', filename='g00000012.xml', exp_unc=15.96)",0.017778142890700736,21.0,True,False
H2O2 (+M) <=> 2 OH (+M),18,0.1,"Pandas(T5=918.0, T5_units='K', P5=103351.5, P5_units='Pa', composition='H2:0.058683, O2:0.02947, Ar:0.911847', phi=0.9956396335256192, tau=0.00362, tau_units='s', pressure_rise=nan, pressure_rise_units='', ignition_type='max', ignition_target='OH*;', ignition_amount='', ignition_units='', filename='g00000012.xml', exp_unc=15.96)",0.040638861971806946,6.0,True,False
OH* <=> OH,19,0.1,"Pandas(T5=918.0, T5_units='K', P5=103351.5, P5_units='Pa', composition='H2:0.058683, O2:0.02947, Ar:0.911847', phi=0.9956396335256192, tau=0.00362, tau_units='s', pressure_rise=nan, pressure_rise_units='', ignition_type='max', ignition_target='OH*;', ignition_amount='', ignition_units='', filename='g00000012.xml', exp_unc=15.96)",0.012754033674845532,28.0,True,True
AR + OH* <=> AR + OH,20,0.1,"Pandas(T5=918.0, T5_units='K', P5=103351.5, P5_units='Pa', composition='H2:0.058683, O2:0.02947, Ar:0.911847', phi=0.9956396335256192, tau=0.00362, tau_units='s', pressure_rise=nan, pressure_rise_units='', ignition_type='max', ignition_target='OH*;', ignition_amount='', ignition_units='', filename='g00000012.xml', exp_unc=15.96)",0.005836015448810159,34.0,True,False
O2 + OH* <=> O2 + OH,21,0.1,"Pandas(T5=918.0, T5_units='K', P5=103351.5, P5_units='Pa', composition='H2:0.058683, O2:0.02947, Ar:0.911847', phi=0.9956396335256192, tau=0.00362, tau_units='s', pressure_rise=nan, pressure_rise_units='', ignition_type='max', ignition_target='OH*;', ignition_amount='', ignition_units='', filename='g00000012.xml', exp_unc=15.96)",0.02534525493667455,19.0,True,True
H2O + OH* <=> H2O + OH,22,0.1,"Pandas(T5=918.0, T5_units='K', P5=103351.5, P5_units='Pa', composition='H2:0.058683, O2:0.02947, Ar:0.911847', phi=0.9956396335256192, tau=0.00362, tau_units='s', pressure_rise=nan, pressure_rise_units='', ignition_type='max', ignition_target='OH*;', ignition_amount='', ignition_units='', filename='g00000012.xml', exp_unc=15.96)",0.03250106697625611,14.0,True,True
H2 + OH* <=> H2 + OH,23,0.1,"Pandas(T5=918.0, T5_units='K', P5=103351.5, P5_units='Pa', composition='H2:0.058683, O2:0.02947, Ar:0.911847', phi=0.9956396335256192, tau=0.00362, tau_units='s', pressure_rise=nan, pressure_rise_units='', ignition_type='max', ignition_target='OH*;', ignition_amount='', ignition_units='', filename='g00000012.xml', exp_unc=15.96)",0.042919289628657376,4.0,True,False
N2 + OH* <=> N2 + OH,24,0.1,"Pandas(T5=918.0, T5_units='K', P5=103351.5, P5_units='Pa', composition='H2:0.058683, O2:0.02947, Ar:0.911847', phi=0.9956396335256192, tau=0.00362, tau_units='s', pressure_rise=nan, pressure_rise_units='', ignition_type='max', ignition_target='OH*;', ignition_amount='', ignition_units='', filename='g00000012.xml', exp_unc=15.96)",0.03586429584580987,11.0,True,False
OH + OH* <=> 2 OH,25,0.1,"Pandas(T5=918.0, T5_units='K', P5=103351.5, P5_units='Pa', composition='H2:0.058683, O2:0.02947, Ar:0.911847', phi=0.9956396335256192, tau=0.00362, tau_units='s', pressure_rise=nan, pressure_rise_units='', ignition_type='max', ignition_target='OH*;', ignition_amount='', ignition_units='', filename='g00000012.xml', exp_unc=15.96)",0.022141415649366544,20.0,True,False
H + OH* <=> H + OH,26,0.1,"Pandas(T5=918.0, T5_units='K', P5=103351.5, P5_units='Pa', composition='H2:0.058683, O2:0.02947, Ar:0.911847', phi=0.9956396335256192, tau=0.00362, tau_units='s', pressure_rise=nan, pressure_rise_units='', ignition_type='max', ignition_target='OH*;', ignition_amount='', ignition_units='', filename='g00000012.xml', exp_unc=15.96)",0.0162207275137101,23.0,True,True
CO + O (+M) <=> CO2 (+M),27,0.1,"Pandas(T5=918.0, T5_units='K', P5=103351.5, P5_units='Pa', composition='H2:0.058683, O2:0.02947, Ar:0.911847', phi=0.9956396335256192, tau=0.00362, tau_units='s', pressure_rise=nan, pressure_rise_units='', ignition_type='max', ignition_target='OH*;', ignition_amount='', ignition_units='', filename='g00000012.xml', exp_unc=15.96)",0.029051089325590525,15.0,True,False
CO + OH <=> CO2 + H,28,0.1,"Pandas(T5=918.0, T5_units='K', P5=103351.5, P5_units='Pa', composition='H2:0.058683, O2:0.02947, Ar:0.911847', phi=0.9956396335256192, tau=0.00362, tau_units='s', pressure_rise=nan, pressure_rise_units='', ignition_type='max', ignition_target='OH*;', ignition_amount='', ignition_units='', filename='g00000012.xml', exp_unc=15.96)",0.003288340674932955,40.0,True,False
CO + O2 <=> CO2 + O,29,0.1,"Pandas(T5=918.0, T5_units='K', P5=103351.5, P5_units='Pa', composition='H2:0.058683, O2:0.02947, Ar:0.911847', phi=0.9956396335256192, tau=0.00362, tau_units='s', pressure_rise=nan, pressure_rise_units='', ignition_type='max', ignition_target='OH*;', ignition_amount='', ignition_units='', filename='g00000012.xml', exp_unc=15.96)",0.005363711786000657,35.0,True,False
CO + HO2 <=> CO2 + OH,30,0.1,"Pandas(T5=918.0, T5_units='K', P5=103351.5, P5_units='Pa', composition='H2:0.058683, O2:0.02947, Ar:0.911847', phi=0.9956396335256192, tau=0.00362, tau_units='s', pressure_rise=nan, pressure_rise_units='', ignition_type='max', ignition_target='OH*;', ignition_amount='', ignition_units='', filename='g00000012.xml', exp_unc=15.96)",0.03573452546523847,12.0,True,False
C + OH <=> CO + H,31,0.1,"Pandas(T5=918.0, T5_units='K', P5=103351.5, P5_units='Pa', composition='H2:0.058683, O2:0.02947, Ar:0.911847', phi=0.9956396335256192, tau=0.00362, tau_units='s', pressure_rise=nan, pressure_rise_units='', ignition_type='max', ignition_target='OH*;', ignition_amount='', ignition_units='', filename='g00000012.xml', exp_unc=15.96)",0.039911242938147025,8.0,True,True
C + O2 <=> CO + O,32,0.1,"Pandas(T5=918.0, T5_units='K', P5=103351.5, P5_units='Pa', composition='H2:0.058683, O2:0.02947, Ar:0.911847', phi=0.9956396335256192, tau=0.00362, tau_units='s', pressure_rise=nan, pressure_rise_units='', ignition_type='max', ignition_target='OH*;', ignition_amount='', ignition_units='', filename='g00000012.xml', exp_unc=15.96)",0.02841348477124105,17.0,True,False
HCO + M <=> CO + H + M,33,0.1,"Pandas(T5=918.0, T5_units='K', P5=103351.5, P5_units='Pa', composition='H2:0.058683, O2:0.02947, Ar:0.911847', phi=0.9956396335256192, tau=0.00362, tau_units='s', pressure_rise=nan, pressure_rise_units='', ignition_type='max', ignition_target='OH*;', ignition_amount='', ignition_units='', filename='g00000012.xml', exp_unc=15.96)",0.00872986028431018,33.0,True,True
HCO + O2 <=> CO + HO2,34,0.1,"Pandas(T5=918.0, T5_units='K', P5=103351.5, P5_units='Pa', composition='H2:0.058683, O2:0.02947, Ar:0.911847', phi=0.9956396335256192, tau=0.00362, tau_units='s', pressure_rise=nan, pressure_rise_units='', ignition_type='max', ignition_target='OH*;', ignition_amount='', ignition_units='', filename='g00000012.xml', exp_unc=15.96)",0.014013244296896384,27.0,True,False
H + HCO <=> CO + H2,35,0.1,"Pandas(T5=918.0, T5_units='K', P5=103351.5, P5_units='Pa', composition='H2:0.058683, O2:0.02947, Ar:0.911847', phi=0.9956396335256192, tau=0.00362, tau_units='s', pressure_rise=nan, pressure_rise_units='', ignition_type='max', ignition_target='OH*;', ignition_amount='', ignition_units='', filename='g00000012.xml', exp_unc=15.96)",0.04594584212807462,3.0,True,False
HCO + O <=> CO2 + H,36,0.1,"Pandas(T5=918.0, T5_units='K', P5=103351.5, P5_units='Pa', composition='H2:0.058683, O2:0.02947, Ar:0.911847', phi=0.9956396335256192, tau=0.00362, tau_units='s', pressure_rise=nan, pressure_rise_units='', ignition_type='max', ignition_target='OH*;', ignition_amount='', ignition_units='', filename='g00000012.xml', exp_unc=15.96)",0.028146934741265717,18.0,True,True
HCO + O <=> CO + OH,37,0.1,"Pandas(T5=918.0, T5_units='K', P5=103351.5, P5_units='Pa', composition='H2:0.058683, O2:0.02947, Ar:0.911847', phi=0.9956396335256192, tau=0.00362, tau_units='s', pressure_rise=nan, pressure_rise_units='', ignition_type='max', ignition_target='OH*;', ignition_amount='', ignition_units='', filename='g00000012.xml', exp_unc=15.96)",0.039836006621202034,9.0,True,True
HCO + OH <=> CO + H2O,38,0.1,"Pandas(T5=918.0, T5_units='K', P5=103351.5, P5_units='Pa', composition='H2:0.058683, O2:0.02947, Ar:0.911847', phi=0.9956396335256192, tau=0.00362, tau_units='s', pressure_rise=nan, pressure_rise_units='', ignition_type='max', ignition_target='OH*;', ignition_amount='', ignition_units='', filename='g00000012.xml', exp_unc=15.96)",0.0009485113372048382,41.0,True,True
HCO + HO2 => CO2 + H + OH,39,0.1,"Pandas(T5=918.0, T5_units='K', P5=103351.5, P5_units='Pa', composition='H2:0.058683, O2:0.02947, Ar:0.911847', phi=0.9956396335256192, tau=0.00362, tau_units='s', pressure_rise=nan, pressure_rise_units='', ignition_type='max', ignition_target='OH*;', ignition_amount='', ignition_units='', filename='g00000012.xml', exp_unc=15.96)",0.0042271943441877045,37.0,True,True
2 HCO => 2 CO + H2,40,0.1,"Pandas(T5=918.0, T5_units='K', P5=103351.5, P5_units='Pa', composition='H2:0.058683, O2:0.02947, Ar:0.911847', phi=0.9956396335256192, tau=0.00362, tau_units='s', pressure_rise=nan, pressure_rise_units='', ignition_type='max', ignition_target='OH*;', ignition_amount='', ignition_units='', filename='g00000012.xml', exp_unc=15.96)",0.009067763436928097,32.0,True,False
2 H + M <=> H2 + M,0,0.1,"Pandas(T5=1199.0, T5_units='K', P5=94000.0, P5_units='Pa', composition='H2:0.1254, O2:0.0157, Ar:0.8589', phi=3.9936305732484083, tau=0.000414, tau_units='s', pressure_rise=nan, pressure_rise_units='', ignition_type='max', ignition_target='OHEX;', ignition_amount='', ignition_units='', filename='x10001017.xml', exp_unc=24.41)",0.008982335263275727,11.0,True,False
H + O + M <=> OH + M,1,0.1,"Pandas(T5=1199.0, T5_units='K', P5=94000.0, P5_units='Pa', composition='H2:0.1254, O2:0.0157, Ar:0.8589', phi=3.9936305732484083, tau=0.000414, tau_units='s', pressure_rise=nan, pressure_rise_units='', ignition_type='max', ignition_target='OHEX;', ignition_amount='', ignition_units='', filename='x10001017.xml', exp_unc=24.41)",0.0034444321074672394,23.0,True,False
H + O2 (+M) <=> HO2 (+M),2,0.1,"Pandas(T5=1199.0, T5_units='K', P5=94000.0, P5_units='Pa', composition='H2:0.1254, O2:0.0157, Ar:0.8589', phi=3.9936305732484083, tau=0.000414, tau_units='s', pressure_rise=nan, pressure_rise_units='', ignition_type='max', ignition_target='OHEX;', ignition_amount='', ignition_units='', filename='x10001017.xml', exp_unc=24.41)",0.0005347668588754972,41.0,True,False
H + O2 <=> O + OH,3,0.1,"Pandas(T5=1199.0, T5_units='K', P5=94000.0, P5_units='Pa', composition='H2:0.1254, O2:0.0157, Ar:0.8589', phi=3.9936305732484083, tau=0.000414, tau_units='s', pressure_rise=nan, pressure_rise_units='', ignition_type='max', ignition_target='OHEX;', ignition_amount='', ignition_units='', filename='x10001017.xml', exp_unc=24.41)",0.21586324791375078,1.0,False,False
H + OH (+M) <=> H2O (+M),4,0.1,"Pandas(T5=1199.0, T5_units='K', P5=94000.0, P5_units='Pa', composition='H2:0.1254, O2:0.0157, Ar:0.8589', phi=3.9936305732484083, tau=0.000414, tau_units='s', pressure_rise=nan, pressure_rise_units='', ignition_type='max', ignition_target='OHEX;', ignition_amount='', ignition_units='', filename='x10001017.xml', exp_unc=24.41)",0.0030182139390106623,29.0,True,True
H2 + O <=> H + OH,5,0.1,"Pandas(T5=1199.0, T5_units='K', P5=94000.0, P5_units='Pa', composition='H2:0.1254, O2:0.0157, Ar:0.8589', phi=3.9936305732484083, tau=0.000414, tau_units='s', pressure_rise=nan, pressure_rise_units='', ignition_type='max', ignition_target='OHEX;', ignition_amount='', ignition_units='', filename='x10001017.xml', exp_unc=24.41)",0.018497139667196433,3.0,True,False
H2 + OH <=> H + H2O,6,0.1,"Pandas(T5=1199.0, T5_units='K', P5=94000.0, P5_units='Pa', composition='H2:0.1254, O2:0.0157, Ar:0.8589', phi=3.9936305732484083, tau=0.000414, tau_units='s', pressure_rise=nan, pressure_rise_units='', ignition_type='max', ignition_target='OHEX;', ignition_amount='', ignition_units='', filename='x10001017.xml', exp_unc=24.41)",0.03779936167577336,2.0,False,False
H + H2O2 <=> H2 + HO2,7,0.1,"Pandas(T5=1199.0, T5_units='K', P5=94000.0, P5_units='Pa', composition='H2:0.1254, O2:0.0157, Ar:0.8589', phi=3.9936305732484083, tau=0.000414, tau_units='s', pressure_rise=nan, pressure_rise_units='', ignition_type='max', ignition_target='OHEX;', ignition_amount='', ignition_units='', filename='x10001017.xml', exp_unc=24.41)",0.0058499759131334286,16.0,True,False
H + H2O2 <=> H2O + OH,8,0.1,"Pandas(T5=1199.0, T5_units='K', P5=94000.0, P5_units='Pa', composition='H2:0.1254, O2:0.0157, Ar:0.8589', phi=3.9936305732484083, tau=0.000414, tau_units='s', pressure_rise=nan, pressure_rise_units='', ignition_type='max', ignition_target='OHEX;', ignition_amount='', ignition_units='', filename='x10001017.xml', exp_unc=24.41)",0.009173729807170856,10.0,True,True
H2O2 + O <=> HO2 + OH,9,0.1,"Pandas(T5=1199.0, T5_units='K', P5=94000.0, P5_units='Pa', composition='H2:0.1254, O2:0.0157, Ar:0.8589', phi=3.9936305732484083, tau=0.000414, tau_units='s', pressure_rise=nan, pressure_rise_units='', ignition_type='max', ignition_target='OHEX;', ignition_amount='', ignition_units='', filename='x10001017.xml', exp_unc=24.41)",0.011087324875627958,7.0,True,True
H2O2 + OH <=> H2O + HO2,10,0.1,"Pandas(T5=1199.0, T5_units='K', P5=94000.0, P5_units='Pa', composition='H2:0.1254, O2:0.0157, Ar:0.8589', phi=3.9936305732484083, tau=0.000414, tau_units='s', pressure_rise=nan, pressure_rise_units='', ignition_type='max', ignition_target='OHEX;', ignition_amount='', ignition_units='', filename='x10001017.xml', exp_unc=24.41)",0.0030199062003966708,28.0,True,False
H + HO2 <=> H2 + O2,11,0.1,"Pandas(T5=1199.0, T5_units='K', P5=94000.0, P5_units='Pa', composition='H2:0.1254, O2:0.0157, Ar:0.8589', phi=3.9936305732484083, tau=0.000414, tau_units='s', pressure_rise=nan, pressure_rise_units='', ignition_type='max', ignition_target='OHEX;', ignition_amount='', ignition_units='', filename='x10001017.xml', exp_unc=24.41)",0.015029312742779757,5.0,True,False
H + HO2 <=> 2 OH,12,0.1,"Pandas(T5=1199.0, T5_units='K', P5=94000.0, P5_units='Pa', composition='H2:0.1254, O2:0.0157, Ar:0.8589', phi=3.9936305732484083, tau=0.000414, tau_units='s', pressure_rise=nan, pressure_rise_units='', ignition_type='max', ignition_target='OHEX;', ignition_amount='', ignition_units='', filename='x10001017.xml', exp_unc=24.41)",0.007700520015089661,15.0,True,False
2 HO2 <=> H2O2 + O2,13,0.1,"Pandas(T5=1199.0, T5_units='K', P5=94000.0, P5_units='Pa', composition='H2:0.1254, O2:0.0157, Ar:0.8589', phi=3.9936305732484083, tau=0.000414, tau_units='s', pressure_rise=nan, pressure_rise_units='', ignition_type='max', ignition_target='OHEX;', ignition_amount='', ignition_units='', filename='x10001017.xml', exp_unc=24.41)",0.0008753168118196663,40.0,True,False
HO2 + O <=> O2 + OH,14,0.1,"Pandas(T5=1199.0, T5_units='K', P5=94000.0, P5_units='Pa', composition='H2:0.1254, O2:0.0157, Ar:0.8589', phi=3.9936305732484083, tau=0.000414, tau_units='s', pressure_rise=nan, pressure_rise_units='', ignition_type='max', ignition_target='OHEX;', ignition_amount='', ignition_units='', filename='x10001017.xml', exp_unc=24.41)",0.010732841329446834,8.0,True,False
HO2 + OH <=> H2O + O2,15,0.1,"Pandas(T5=1199.0, T5_units='K', P5=94000.0, P5_units='Pa', composition='H2:0.1254, O2:0.0157, Ar:0.8589', phi=3.9936305732484083, tau=0.000414, tau_units='s', pressure_rise=nan, pressure_rise_units='', ignition_type='max', ignition_target='OHEX;', ignition_amount='', ignition_units='', filename='x10001017.xml', exp_unc=24.41)",0.0031444276853076544,27.0,True,True
2 O + M <=> O2 + M,16,0.1,"Pandas(T5=1199.0, T5_units='K', P5=94000.0, P5_units='Pa', composition='H2:0.1254, O2:0.0157, Ar:0.8589', phi=3.9936305732484083, tau=0.000414, tau_units='s', pressure_rise=nan, pressure_rise_units='', ignition_type='max', ignition_target='OHEX;', ignition_amount='', ignition_units='', filename='x10001017.xml', exp_unc=24.41)",0.008223827907619751,14.0,True,False
2 OH <=> H2O + O,17,0.1,"Pandas(T5=1199.0, T5_units='K', P5=94000.0, P5_units='Pa', composition='H2:0.1254, O2:0.0157, Ar:0.8589', phi=3.9936305732484083, tau=0.000414, tau_units='s', pressure_rise=nan, pressure_rise_units='', ignition_type='max', ignition_target='OHEX;', ignition_amount='', ignition_units='', filename='x10001017.xml', exp_unc=24.41)",0.0033917874948988787,24.0,True,False
H2O2 (+M) <=> 2 OH (+M),18,0.1,"Pandas(T5=1199.0, T5_units='K', P5=94000.0, P5_units='Pa', composition='H2:0.1254, O2:0.0157, Ar:0.8589', phi=3.9936305732484083, tau=0.000414, tau_units='s', pressure_rise=nan, pressure_rise_units='', ignition_type='max', ignition_target='OHEX;', ignition_amount='', ignition_units='', filename='x10001017.xml', exp_unc=24.41)",0.002256172898587285,32.0,True,False
OH* <=> OH,19,0.1,"Pandas(T5=1199.0, T5_units='K', P5=94000.0, P5_units='Pa', composition='H2:0.1254, O2:0.0157, Ar:0.8589', phi=3.9936305732484083, tau=0.000414, tau_units='s', pressure_rise=nan, pressure_rise_units='', ignition_type='max', ignition_target='OHEX;', ignition_amount='', ignition_units='', filename='x10001017.xml', exp_unc=24.41)",0.003940028734357988,20.0,True,True
AR + OH* <=> AR + OH,20,0.1,"Pandas(T5=1199.0, T5_units='K', P5=94000.0, P5_units='Pa', composition='H2:0.1254, O2:0.0157, Ar:0.8589', phi=3.9936305732484083, tau=0.000414, tau_units='s', pressure_rise=nan, pressure_rise_units='', ignition_type='max', ignition_target='OHEX;', ignition_amount='', ignition_units='', filename='x10001017.xml', exp_unc=24.41)",0.0026012377531855987,30.0,True,False
O2 + OH* <=> O2 + OH,21,0.1,"Pandas(T5=1199.0, T5_units='K', P5=94000.0, P5_units='Pa', composition='H2:0.1254, O2:0.0157, Ar:0.8589', phi=3.9936305732484083, tau=0.000414, tau_units='s', pressure_rise=nan, pressure_rise_units='', ignition_type='max', ignition_target='OHEX;', ignition_amount='', ignition_units='', filename='x10001017.xml', exp_unc=24.41)",0.008295418947073033,13.0,True,True
H2O + OH* <=> H2O + OH,22,0.1,"Pandas(T5=1199.0, T5_units='K', P5=94000.0, P5_units='Pa', composition='H2:0.1254, O2:0.0157, Ar:0.8589', phi=3.9936305732484083, tau=0.000414, tau_units='s', pressure_rise=nan, pressure_rise_units='', ignition_type='max', ignition_target='OHEX;', ignition_amount='', ignition_units='', filename='x10001017.xml', exp_unc=24.41)",0.001637243169584194,36.0,True,True
H2 + OH* <=> H2 + OH,23,0.1,"Pandas(T5=1199.0, T5_units='K', P5=94000.0, P5_units='Pa', composition='H2:0.1254, O2:0.0157, Ar:0.8589', phi=3.9936305732484083, tau=0.000414, tau_units='s', pressure_rise=nan, pressure_rise_units='', ignition_type='max', ignition_target='OHEX;', ignition_amount='', ignition_units='', filename='x10001017.xml', exp_unc=24.41)",0.004257182589227591,19.0,True,False
N2 + OH* <=> N2 + OH,24,0.1,"Pandas(T5=1199.0, T5_units='K', P5=94000.0, P5_units='Pa', composition='H2:0.1254, O2:0.0157, Ar:0.8589', phi=3.9936305732484083, tau=0.000414, tau_units='s', pressure_rise=nan, pressure_rise_units='', ignition_type='max', ignition_target='OHEX;', ignition_amount='', ignition_units='', filename='x10001017.xml', exp_unc=24.41)",0.0009376504080087939,39.0,True,False
OH + OH* <=> 2 OH,25,0.1,"Pandas(T5=1199.0, T5_units='K', P5=94000.0, P5_units='Pa', composition='H2:0.1254, O2:0.0157, Ar:0.8589', phi=3.9936305732484083, tau=0.000414, tau_units='s', pressure_rise=nan, pressure_rise_units='', ignition_type='max', ignition_target='OHEX;', ignition_amount='', ignition_units='', filename='x10001017.xml', exp_unc=24.41)",0.014859044642400513,6.0,True,False
H + OH* <=> H + OH,26,0.1,"Pandas(T5=1199.0, T5_units='K', P5=94000.0, P5_units='Pa', composition='H2:0.1254, O2:0.0157, Ar:0.8589', phi=3.9936305732484083, tau=0.000414, tau_units='s', pressure_rise=nan, pressure_rise_units='', ignition_type='max', ignition_target='OHEX;', ignition_amount='', ignition_units='', filename='x10001017.xml', exp_unc=24.41)",0.0017740740288406881,35.0,True,True
CO + O (+M) <=> CO2 (+M),27,0.1,"Pandas(T5=1199.0, T5_units='K', P5=94000.0, P5_units='Pa', composition='H2:0.1254, O2:0.0157, Ar:0.8589', phi=3.9936305732484083, tau=0.000414, tau_units='s', pressure_rise=nan, pressure_rise_units='', ignition_type='max', ignition_target='OHEX;', ignition_amount='', ignition_units='', filename='x10001017.xml', exp_unc=24.41)",0.001805274649271415,34.0,True,False
CO + OH <=> CO2 + H,28,0.1,"Pandas(T5=1199.0, T5_units='K', P5=94000.0, P5_units='Pa', composition='H2:0.1254, O2:0.0157, Ar:0.8589', phi=3.9936305732484083, tau=0.000414, tau_units='s', pressure_rise=nan, pressure_rise_units='', ignition_type='max', ignition_target='OHEX;', ignition_amount='', ignition_units='', filename='x10001017.xml', exp_unc=24.41)",0.004667474892250705,18.0,True,False
CO + O2 <=> CO2 + O,29,0.1,"Pandas(T5=1199.0, T5_units='K', P5=94000.0, P5_units='Pa', composition='H2:0.1254, O2:0.0157, Ar:0.8589', phi=3.9936305732484083, tau=0.000414, tau_units='s', pressure_rise=nan, pressure_rise_units='', ignition_type='max', ignition_target='OHEX;', ignition_amount='', ignition_units='', filename='x10001017.xml', exp_unc=24.41)",0.0024212453866991057,31.0,True,False
CO + HO2 <=> CO2 + OH,30,0.1,"Pandas(T5=1199.0, T5_units='K', P5=94000.0, P5_units='Pa', composition='H2:0.1254, O2:0.0157, Ar:0.8589', phi=3.9936305732484083, tau=0.000414, tau_units='s', pressure_rise=nan, pressure_rise_units='', ignition_type='max', ignition_target='OHEX;', ignition_amount='', ignition_units='', filename='x10001017.xml', exp_unc=24.41)",0.0035058497988415087,22.0,True,False
C + OH <=> CO + H,31,0.1,"Pandas(T5=1199.0, T5_units='K', P5=94000.0, P5_units='Pa', composition='H2:0.1254, O2:0.0157, Ar:0.8589', phi=3.9936305732484083, tau=0.000414, tau_units='s', pressure_rise=nan, pressure_rise_units='', ignition_type='max', ignition_target='OHEX;', ignition_amount='', ignition_units='', filename='x10001017.xml', exp_unc=24.41)",0.0011254882237214112,37.0,True,True
C + O2 <=> CO + O,32,0.1,"Pandas(T5=1199.0, T5_units='K', P5=94000.0, P5_units='Pa', composition='H2:0.1254, O2:0.0157, Ar:0.8589', phi=3.9936305732484083, tau=0.000414, tau_units='s', pressure_rise=nan, pressure_rise_units='', ignition_type='max', ignition_target='OHEX;', ignition_amount='', ignition_units='', filename='x10001017.xml', exp_unc=24.41)",0.010587839606177422,9.0,True,False
HCO + M <=> CO + H + M,33,0.1,"Pandas(T5=1199.0, T5_units='K', P5=94000.0, P5_units='Pa', composition='H2:0.1254, O2:0.0157, Ar:0.8589', phi=3.9936305732484083, tau=0.000414, tau_units='s', pressure_rise=nan, pressure_rise_units='', ignition_type='max', ignition_target='OHEX;', ignition_amount='', ignition_units='', filename='x10001017.xml', exp_unc=24.41)",0.002107671300294786,33.0,True,True
HCO + O2 <=> CO + HO2,34,0.1,"Pandas(T5=1199.0, T5_units='K', P5=94000.0, P5_units='Pa', composition='H2:0.1254, O2:0.0157, Ar:0.8589', phi=3.9936305732484083, tau=0.000414, tau_units='s', pressure_rise=nan, pressure_rise_units='', ignition_type='max', ignition_target='OHEX;', ignition_amount='', ignition_units='', filename='x10001017.xml', exp_unc=24.41)",0.008454755359830307,12.0,True,False
H + HCO <=> CO + H2,35,0.1,"Pandas(T5=1199.0, T5_units='K', P5=94000.0, P5_units='Pa', composition='H2:0.1254, O2:0.0157, Ar:0.8589', phi=3.9936305732484083, tau=0.000414, tau_units='s', pressure_rise=nan, pressure_rise_units='', ignition_type='max', ignition_target='OHEX;', ignition_amount='', ignition_units='', filename='x10001017.xml', exp_unc=24.41)",0.003889819676996498,21.0,True,False
HCO + O <=> CO2 + H,36,0.1,"Pandas(T5=1199.0, T5_units='K', P5=94000.0, P5_units='Pa', composition='H2:0.1254, O2:0.0157, Ar:0.8589', phi=3.9936305732484083, tau=0.000414, tau_units='s', pressure_rise=nan, pressure_rise_units='', ignition_type='max', ignition_target='OHEX;', ignition_amount='', ignition_units='', filename='x10001017.xml', exp_unc=24.41)",0.00544191259142883,17.0,True,True
HCO + O <=> CO + OH,37,0.1,"Pandas(T5=1199.0, T5_units='K', P5=94000.0, P5_units='Pa', composition='H2:0.1254, O2:0.0157, Ar:0.8589', phi=3.9936305732484083, tau=0.000414, tau_units='s', pressure_rise=nan, pressure_rise_units='', ignition_type='max', ignition_target='OHEX;', ignition_amount='', ignition_units='', filename='x10001017.xml', exp_unc=24.41)",0.003363932354644825,26.0,True,True
HCO + OH <=> CO + H2O,38,0.1,"Pandas(T5=1199.0, T5_units='K', P5=94000.0, P5_units='Pa', composition='H2:0.1254, O2:0.0157, Ar:0.8589', phi=3.9936305732484083, tau=0.000414, tau_units='s', pressure_rise=nan, pressure_rise_units='', ignition_type='max', ignition_target='OHEX;', ignition_amount='', ignition_units='', filename='x10001017.xml', exp_unc=24.41)",0.0033653106378039666,25.0,True,True
HCO + HO2 => CO2 + H + OH,39,0.1,"Pandas(T5=1199.0, T5_units='K', P5=94000.0, P5_units='Pa', composition='H2:0.1254, O2:0.0157, Ar:0.8589', phi=3.9936305732484083, tau=0.000414, tau_units='s', pressure_rise=nan, pressure_rise_units='', ignition_type='max', ignition_target='OHEX;', ignition_amount='', ignition_units='', filename='x10001017.xml', exp_unc=24.41)",0.0010231836961939326,38.0,True,True
2 HCO => 2 CO + H2,40,0.1,"Pandas(T5=1199.0, T5_units='K', P5=94000.0, P5_units='Pa', composition='H2:0.1254, O2:0.0157, Ar:0.8589', phi=3.9936305732484083, tau=0.000414, tau_units='s', pressure_rise=nan, pressure_rise_units='', ignition_type='max', ignition_target='OHEX;', ignition_amount='', ignition_units='', filename='x10001017.xml', exp_unc=24.41)",0.015529367457385122,4.0,True,False
2 H + M <=> H2 + M,0,0.1,"Pandas(T5=1142.0, T5_units='K', P5=507000.0, P5_units='Pa', composition='H2:0.0174, CO:0.0174, O2:0.0347, Ar:0.9306', phi=0.5014409221902016, tau=0.000108, tau_units='s', pressure_rise=nan, pressure_rise_units='', ignition_type='max', ignition_target='OHEX;', ignition_amount='', ignition_units='', filename='x10001025.xml', exp_unc=23.44)",0.0502604225277633,10.0,False,False
H + O + M <=> OH + M,1,0.1,"Pandas(T5=1142.0, T5_units='K', P5=507000.0, P5_units='Pa', composition='H2:0.0174, CO:0.0174, O2:0.0347, Ar:0.9306', phi=0.5014409221902016, tau=0.000108, tau_units='s', pressure_rise=nan, pressure_rise_units='', ignition_type='max', ignition_target='OHEX;', ignition_amount='', ignition_units='', filename='x10001025.xml', exp_unc=23.44)",0.01661959038008298,26.0,True,False
H + O2 (+M) <=> HO2 (+M),2,0.1,"Pandas(T5=1142.0, T5_units='K', P5=507000.0, P5_units='Pa', composition='H2:0.0174, CO:0.0174, O2:0.0347, Ar:0.9306', phi=0.5014409221902016, tau=0.000108, tau_units='s', pressure_rise=nan, pressure_rise_units='', ignition_type='max', ignition_target='OHEX;', ignition_amount='', ignition_units='', filename='x10001025.xml', exp_unc=23.44)",0.08171601528809097,5.0,False,False
H + O2 <=> O + OH,3,0.1,"Pandas(T5=1142.0, T5_units='K', P5=507000.0, P5_units='Pa', composition='H2:0.0174, CO:0.0174, O2:0.0347, Ar:0.9306', phi=0.5014409221902016, tau=0.000108, tau_units='s', pressure_rise=nan, pressure_rise_units='', ignition_type='max', ignition_target='OHEX;', ignition_amount='', ignition_units='', filename='x10001025.xml', exp_unc=23.44)",0.16317621886090916,2.0,False,False
H + OH (+M) <=> H2O (+M),4,0.1,"Pandas(T5=1142.0, T5_units='K', P5=507000.0, P5_units='Pa', composition='H2:0.0174, CO:0.0174, O2:0.0347, Ar:0.9306', phi=0.5014409221902016, tau=0.000108, tau_units='s', pressure_rise=nan, pressure_rise_units='', ignition_type='max', ignition_target='OHEX;', ignition_amount='', ignition_units='', filename='x10001025.xml', exp_unc=23.44)",0.021554167894168853,23.0,False,True
H2 + O <=> H + OH,5,0.1,"Pandas(T5=1142.0, T5_units='K', P5=507000.0, P5_units='Pa', composition='H2:0.0174, CO:0.0174, O2:0.0347, Ar:0.9306', phi=0.5014409221902016, tau=0.000108, tau_units='s', pressure_rise=nan, pressure_rise_units='', ignition_type='max', ignition_target='OHEX;', ignition_amount='', ignition_units='', filename='x10001025.xml', exp_unc=23.44)",0.18760256215364815,1.0,False,False
H2 + OH <=> H + H2O,6,0.1,"Pandas(T5=1142.0, T5_units='K', P5=507000.0, P5_units='Pa', composition='H2:0.0174, CO:0.0174, O2:0.0347, Ar:0.9306', phi=0.5014409221902016, tau=0.000108, tau_units='s', pressure_rise=nan, pressure_rise_units='', ignition_type='max', ignition_target='OHEX;', ignition_amount='', ignition_units='', filename='x10001025.xml', exp_unc=23.44)",0.0443849321027784,11.0,False,False
H + H2O2 <=> H2 + HO2,7,0.1,"Pandas(T5=1142.0, T5_units='K', P5=507000.0, P5_units='Pa', composition='H2:0.0174, CO:0.0174, O2:0.0347, Ar:0.9306', phi=0.5014409221902016, tau=0.000108, tau_units='s', pressure_rise=nan, pressure_rise_units='', ignition_type='max', ignition_target='OHEX;', ignition_amount='', ignition_units='', filename='x10001025.xml', exp_unc=23.44)",0.028430901736846544,18.0,False,False
H + H2O2 <=> H2O + OH,8,0.1,"Pandas(T5=1142.0, T5_units='K', P5=507000.0, P5_units='Pa', composition='H2:0.0174, CO:0.0174, O2:0.0347, Ar:0.9306', phi=0.5014409221902016, tau=0.000108, tau_units='s', pressure_rise=nan, pressure_rise_units='', ignition_type='max', ignition_target='OHEX;', ignition_amount='', ignition_units='', filename='x10001025.xml', exp_unc=23.44)",0.0064744627879714705,35.0,True,True
H2O2 + O <=> HO2 + OH,9,0.1,"Pandas(T5=1142.0, T5_units='K', P5=507000.0, P5_units='Pa', composition='H2:0.0174, CO:0.0174, O2:0.0347, Ar:0.9306', phi=0.5014409221902016, tau=0.000108, tau_units='s', pressure_rise=nan, pressure_rise_units='', ignition_type='max', ignition_target='OHEX;', ignition_amount='', ignition_units='', filename='x10001025.xml', exp_unc=23.44)",0.015317015269862302,28.0,True,True
H2O2 + OH <=> H2O + HO2,10,0.1,"Pandas(T5=1142.0, T5_units='K', P5=507000.0, P5_units='Pa', composition='H2:0.0174, CO:0.0174, O2:0.0347, Ar:0.9306', phi=0.5014409221902016, tau=0.000108, tau_units='s', pressure_rise=nan, pressure_rise_units='', ignition_type='max', ignition_target='OHEX;', ignition_amount='', ignition_units='', filename='x10001025.xml', exp_unc=23.44)",0.036188282266699165,16.0,False,False
H + HO2 <=> H2 + O2,11,0.1,"Pandas(T5=1142.0, T5_units='K', P5=507000.0, P5_units='Pa', composition='H2:0.0174, CO:0.0174, O2:0.0347, Ar:0.9306', phi=0.5014409221902016, tau=0.000108, tau_units='s', pressure_rise=nan, pressure_rise_units='', ignition_type='max', ignition_target='OHEX;', ignition_amount='', ignition_units='', filename='x10001025.xml', exp_unc=23.44)",0.0033860040993117764,39.0,True,False
H + HO2 <=> 2 OH,12,0.1,"Pandas(T5=1142.0, T5_units='K', P5=507000.0, P5_units='Pa', composition='H2:0.0174, CO:0.0174, O2:0.0347, Ar:0.9306', phi=0.5014409221902016, tau=0.000108, tau_units='s', pressure_rise=nan, pressure_rise_units='', ignition_type='max', ignition_target='OHEX;', ignition_amount='', ignition_units='', filename='x10001025.xml', exp_unc=23.44)",0.08587357602861567,4.0,False,False
2 HO2 <=> H2O2 + O2,13,0.1,"Pandas(T5=1142.0, T5_units='K', P5=507000.0, P5_units='Pa', composition='H2:0.0174, CO:0.0174, O2:0.0347, Ar:0.9306', phi=0.5014409221902016, tau=0.000108, tau_units='s', pressure_rise=nan, pressure_rise_units='', ignition_type='max', ignition_target='OHEX;', ignition_amount='', ignition_units='', filename='x10001025.xml', exp_unc=23.44)",0.051562191973834416,9.0,False,False
HO2 + O <=> O2 + OH,14,0.1,"Pandas(T5=1142.0, T5_units='K', P5=507000.0, P5_units='Pa', composition='H2:0.0174, CO:0.0174, O2:0.0347, Ar:0.9306', phi=0.5014409221902016, tau=0.000108, tau_units='s', pressure_rise=nan, pressure_rise_units='', ignition_type='max', ignition_target='OHEX;', ignition_amount='', ignition_units='', filename='x10001025.xml', exp_unc=23.44)",0.0068789067924904775,34.0,True,False
HO2 + OH <=> H2O + O2,15,0.1,"Pandas(T5=1142.0, T5_units='K', P5=507000.0, P5_units='Pa', composition='H2:0.0174, CO:0.0174, O2:0.0347, Ar:0.9306', phi=0.5014409221902016, tau=0.000108, tau_units='s', pressure_rise=nan, pressure_rise_units='', ignition_type='max', ignition_target='OHEX;', ignition_amount='', ignition_units='', filename='x10001025.xml', exp_unc=23.44)",0.0391531153929229,13.0,False,True
2 O + M <=> O2 + M,16,0.1,"Pandas(T5=1142.0, T5_units='K', P5=507000.0, P5_units='Pa', composition='H2:0.0174, CO:0.0174, O2:0.0347, Ar:0.9306', phi=0.5014409221902016, tau=0.000108, tau_units='s', pressure_rise=nan, pressure_rise_units='', ignition_type='max', ignition_target='OHEX;', ignition_amount='', ignition_units='', filename='x10001025.xml', exp_unc=23.44)",0.028174316882810413,19.0,False,False
2 OH <=> H2O + O,17,0.1,"Pandas(T5=1142.0, T5_units='K', P5=507000.0, P5_units='Pa', composition='H2:0.0174, CO:0.0174, O2:0.0347, Ar:0.9306', phi=0.5014409221902016, tau=0.000108, tau_units='s', pressure_rise=nan, pressure_rise_units='', ignition_type='max', ignition_target='OHEX;', ignition_amount='', ignition_units='', filename='x10001025.xml', exp_unc=23.44)",0.07492586059008301,6.0,False,False
H2O2 (+M) <=> 2 OH (+M),18,0.1,"Pandas(T5=1142.0, T5_units='K', P5=507000.0, P5_units='Pa', composition='H2:0.0174, CO:0.0174, O2:0.0347, Ar:0.9306', phi=0.5014409221902016, tau=0.000108, tau_units='s', pressure_rise=nan, pressure_rise_units='', ignition_type='max', ignition_target='OHEX;', ignition_amount='', ignition_units='', filename='x10001025.xml', exp_unc=23.44)",0.0024223184133856136,40.0,True,False
OH* <=> OH,19,0.1,"Pandas(T5=1142.0, T5_units='K', P5=507000.0, P5_units='Pa', composition='H2:0.0174, CO:0.0174, O2:0.0347, Ar:0.9306', phi=0.5014409221902016, tau=0.000108, tau_units='s', pressure_rise=nan, pressure_rise_units='', ignition_type='max', ignition_target='OHEX;', ignition_amount='', ignition_units='', filename='x10001025.xml', exp_unc=23.44)",0.02380088931122353,20.0,False,True
AR + OH* <=> AR + OH,20,0.1,"Pandas(T5=1142.0, T5_units='K', P5=507000.0, P5_units='Pa', composition='H2:0.0174, CO:0.0174, O2:0.0347, Ar:0.9306', phi=0.5014409221902016, tau=0.000108, tau_units='s', pressure_rise=nan, pressure_rise_units='', ignition_type='max', ignition_target='OHEX;', ignition_amount='', ignition_units='', filename='x10001025.xml', exp_unc=23.44)",0.008924228676700762,32.0,True,False
O2 + OH* <=> O2 + OH,21,0.1,"Pandas(T5=1142.0, T5_units='K', P5=507000.0, P5_units='Pa', composition='H2:0.0174, CO:0.0174, O2:0.0347, Ar:0.9306', phi=0.5014409221902016, tau=0.000108, tau_units='s', pressure_rise=nan, pressure_rise_units='', ignition_type='max', ignition_target='OHEX;', ignition_amount='', ignition_units='', filename='x10001025.xml', exp_unc=23.44)",0.00010475763246745245,41.0,True,True
H2O + OH* <=> H2O + OH,22,0.1,"Pandas(T5=1142.0, T5_units='K', P5=507000.0, P5_units='Pa', composition='H2:0.0174, CO:0.0174, O2:0.0347, Ar:0.9306', phi=0.5014409221902016, tau=0.000108, tau_units='s', pressure_rise=nan, pressure_rise_units='', ignition_type='max', ignition_target='OHEX;', ignition_amount='', ignition_units='', filename='x10001025.xml', exp_unc=23.44)",0.02335550241546401,21.0,False,True
H2 + OH* <=> H2 + OH,23,0.1,"Pandas(T5=1142.0, T5_units='K', P5=507000.0, P5_units='Pa', composition='H2:0.0174, CO:0.0174, O2:0.0347, Ar:0.9306', phi=0.5014409221902016, tau=0.000108, tau_units='s', pressure_rise=nan, pressure_rise_units='', ignition_type='max', ignition_target='OHEX;', ignition_amount='', ignition_units='', filename='x10001025.xml', exp_unc=23.44)",0.036837798002926615,15.0,False,False
N2 + OH* <=> N2 + OH,24,0.1,"Pandas(T5=1142.0, T5_units='K', P5=507000.0, P5_units='Pa', composition='H2:0.0174, CO:0.0174, O2:0.0347, Ar:0.9306', phi=0.5014409221902016, tau=0.000108, tau_units='s', pressure_rise=nan, pressure_rise_units='', ignition_type='max', ignition_target='OHEX;', ignition_amount='', ignition_units='', filename='x10001025.xml', exp_unc=23.44)",0.039016325186477296,14.0,False,False
OH + OH* <=> 2 OH,25,0.1,"Pandas(T5=1142.0, T5_units='K', P5=507000.0, P5_units='Pa', composition='H2:0.0174, CO:0.0174, O2:0.0347, Ar:0.9306', phi=0.5014409221902016, tau=0.000108, tau_units='s', pressure_rise=nan, pressure_rise_units='', ignition_type='max', ignition_target='OHEX;', ignition_amount='', ignition_units='', filename='x10001025.xml', exp_unc=23.44)",0.023234534086460125,22.0,False,False
H + OH* <=> H + OH,26,0.1,"Pandas(T5=1142.0, T5_units='K', P5=507000.0, P5_units='Pa', composition='H2:0.0174, CO:0.0174, O2:0.0347, Ar:0.9306', phi=0.5014409221902016, tau=0.000108, tau_units='s', pressure_rise=nan, pressure_rise_units='', ignition_type='max', ignition_target='OHEX;', ignition_amount='', ignition_units='', filename='x10001025.xml', exp_unc=23.44)",0.05218211419087622,8.0,False,True
CO + O (+M) <=> CO2 (+M),27,0.1,"Pandas(T5=1142.0, T5_units='K', P5=507000.0, P5_units='Pa', composition='H2:0.0174, CO:0.0174, O2:0.0347, Ar:0.9306', phi=0.5014409221902016, tau=0.000108, tau_units='s', pressure_rise=nan, pressure_rise_units='', ignition_type='max', ignition_target='OHEX;', ignition_amount='', ignition_units='', filename='x10001025.xml', exp_unc=23.44)",0.008871638758708498,33.0,True,False
CO + OH <=> CO2 + H,28,0.1,"Pandas(T5=1142.0, T5_units='K', P5=507000.0, P5_units='Pa', composition='H2:0.0174, CO:0.0174, O2:0.0347, Ar:0.9306', phi=0.5014409221902016, tau=0.000108, tau_units='s', pressure_rise=nan, pressure_rise_units='', ignition_type='max', ignition_target='OHEX;', ignition_amount='', ignition_units='', filename='x10001025.xml', exp_unc=23.44)",0.12670066402962493,3.0,False,False
CO + O2 <=> CO2 + O,29,0.1,"Pandas(T5=1142.0, T5_units='K', P5=507000.0, P5_units='Pa', composition='H2:0.0174, CO:0.0174, O2:0.0347, Ar:0.9306', phi=0.5014409221902016, tau=0.000108, tau_units='s', pressure_rise=nan, pressure_rise_units='', ignition_type='max', ignition_target='OHEX;', ignition_amount='', ignition_units='', filename='x10001025.xml', exp_unc=23.44)",0.01755288453721546,25.0,True,False
CO + HO2 <=> CO2 + OH,30,0.1,"Pandas(T5=1142.0, T5_units='K', P5=507000.0, P5_units='Pa', composition='H2:0.0174, CO:0.0174, O2:0.0347, Ar:0.9306', phi=0.5014409221902016, tau=0.000108, tau_units='s', pressure_rise=nan, pressure_rise_units='', ignition_type='max', ignition_target='OHEX;', ignition_amount='', ignition_units='', filename='x10001025.xml', exp_unc=23.44)",0.004353862950362652,38.0,True,False
C + OH <=> CO + H,31,0.1,"Pandas(T5=1142.0, T5_units='K', P5=507000.0, P5_units='Pa', composition='H2:0.0174, CO:0.0174, O2:0.0347, Ar:0.9306', phi=0.5014409221902016, tau=0.000108, tau_units='s', pressure_rise=nan, pressure_rise_units='', ignition_type='max', ignition_target='OHEX;', ignition_amount='', ignition_units='', filename='x10001025.xml', exp_unc=23.44)",0.005842888926231915,36.0,True,True
C + O2 <=> CO + O,32,0.1,"Pandas(T5=1142.0, T5_units='K', P5=507000.0, P5_units='Pa', composition='H2:0.0174, CO:0.0174, O2:0.0347, Ar:0.9306', phi=0.5014409221902016, tau=0.000108, tau_units='s', pressure_rise=nan, pressure_rise_units='', ignition_type='max', ignition_target='OHEX;', ignition_amount='', ignition_units='', filename='x10001025.xml', exp_unc=23.44)",0.010110744821116837,31.0,True,False
HCO + M <=> CO + H + M,33,0.1,"Pandas(T5=1142.0, T5_units='K', P5=507000.0, P5_units='Pa', composition='H2:0.0174, CO:0.0174, O2:0.0347, Ar:0.9306', phi=0.5014409221902016, tau=0.000108, tau_units='s', pressure_rise=nan, pressure_rise_units='', ignition_type='max', ignition_target='OHEX;', ignition_amount='', ignition_units='', filename='x10001025.xml', exp_unc=23.44)",0.005491459208035678,37.0,True,True
HCO + O2 <=> CO + HO2,34,0.1,"Pandas(T5=1142.0, T5_units='K', P5=507000.0, P5_units='Pa', composition='H2:0.0174, CO:0.0174, O2:0.0347, Ar:0.9306', phi=0.5014409221902016, tau=0.000108, tau_units='s', pressure_rise=nan, pressure_rise_units='', ignition_type='max', ignition_target='OHEX;', ignition_amount='', ignition_units='', filename='x10001025.xml', exp_unc=23.44)",0.011135510694505966,30.0,True,False
H + HCO <=> CO + H2,35,0.1,"Pandas(T5=1142.0, T5_units='K', P5=507000.0, P5_units='Pa', composition='H2:0.0174, CO:0.0174, O2:0.0347, Ar:0.9306', phi=0.5014409221902016, tau=0.000108, tau_units='s', pressure_rise=nan, pressure_rise_units='', ignition_type='max', ignition_target='OHEX;', ignition_amount='', ignition_units='', filename='x10001025.xml', exp_unc=23.44)",0.06632562452399308,7.0,False,False
HCO + O <=> CO2 + H,36,0.1,"Pandas(T5=1142.0, T5_units='K', P5=507000.0, P5_units='Pa', composition='H2:0.0174, CO:0.0174, O2:0.0347, Ar:0.9306', phi=0.5014409221902016, tau=0.000108, tau_units='s', pressure_rise=nan, pressure_rise_units='', ignition_type='max', ignition_target='OHEX;', ignition_amount='', ignition_units='', filename='x10001025.xml', exp_unc=23.44)",0.03242810929175824,17.0,False,True
HCO + O <=> CO + OH,37,0.1,"Pandas(T5=1142.0, T5_units='K', P5=507000.0, P5_units='Pa', composition='H2:0.0174, CO:0.0174, O2:0.0347, Ar:0.9306', phi=0.5014409221902016, tau=0.000108, tau_units='s', pressure_rise=nan, pressure_rise_units='', ignition_type='max', ignition_target='OHEX;', ignition_amount='', ignition_units='', filename='x10001025.xml', exp_unc=23.44)",0.04157174223152395,12.0,False,True
HCO + OH <=> CO + H2O,38,0.1,"Pandas(T5=1142.0, T5_units='K', P5=507000.0, P5_units='Pa', composition='H2:0.0174, CO:0.0174, O2:0.0347, Ar:0.9306', phi=0.5014409221902016, tau=0.000108, tau_units='s', pressure_rise=nan, pressure_rise_units='', ignition_type='max', ignition_target='OHEX;', ignition_amount='', ignition_units='', filename='x10001025.xml', exp_unc=23.44)",0.012943361426424367,29.0,True,True
HCO + HO2 => CO2 + H + OH,39,0.1,"Pandas(T5=1142.0, T5_units='K', P5=507000.0, P5_units='Pa', composition='H2:0.0174, CO:0.0174, O2:0.0347, Ar:0.9306', phi=0.5014409221902016, tau=0.000108, tau_units='s', pressure_rise=nan, pressure_rise_units='', ignition_type='max', ignition_target='OHEX;', ignition_amount='', ignition_units='', filename='x10001025.xml', exp_unc=23.44)",0.02039352689487478,24.0,False,True
2 HCO => 2 CO + H2,40,0.1,"Pandas(T5=1142.0, T5_units='K', P5=507000.0, P5_units='Pa', composition='H2:0.0174, CO:0.0174, O2:0.0347, Ar:0.9306', phi=0.5014409221902016, tau=0.000108, tau_units='s', pressure_rise=nan, pressure_rise_units='', ignition_type='max', ignition_target='OHEX;', ignition_amount='', ignition_units='', filename='x10001025.xml', exp_unc=23.44)",0.016062882810809326,27.0,True,False
2 H + M <=> H2 + M,0,0.1,"Pandas(T5=1017.0, T5_units='K', P5=419000.00000000006, P5_units='Pa', composition='H2:0.1254, O2:0.0157, Ar:0.8589', phi=3.9936305732484083, tau=0.000928, tau_units='s', pressure_rise=nan, pressure_rise_units='', ignition_type='max', ignition_target='OHEX;', ignition_amount='', ignition_units='', filename='x10001016.xml', exp_unc=33.77)",0.023275733820864054,13.0,True,False
H + O + M <=> OH + M,1,0.1,"Pandas(T5=1017.0, T5_units='K', P5=419000.00000000006, P5_units='Pa', composition='H2:0.1254, O2:0.0157, Ar:0.8589', phi=3.9936305732484083, tau=0.000928, tau_units='s', pressure_rise=nan, pressure_rise_units='', ignition_type='max', ignition_target='OHEX;', ignition_amount='', ignition_units='', filename='x10001016.xml', exp_unc=33.77)",0.009663097201858544,27.0,True,False
H + O2 (+M) <=> HO2 (+M),2,0.1,"Pandas(T5=1017.0, T5_units='K', P5=419000.00000000006, P5_units='Pa', composition='H2:0.1254, O2:0.0157, Ar:0.8589', phi=3.9936305732484083, tau=0.000928, tau_units='s', pressure_rise=nan, pressure_rise_units='', ignition_type='max', ignition_target='OHEX;', ignition_amount='', ignition_units='', filename='x10001016.xml', exp_unc=33.77)",0.6809508237220774,2.0,False,False
H + O2 <=> O + OH,3,0.1,"Pandas(T5=1017.0, T5_units='K', P5=419000.00000000006, P5_units='Pa', composition='H2:0.1254, O2:0.0157, Ar:0.8589', phi=3.9936305732484083, tau=0.000928, tau_units='s', pressure_rise=nan, pressure_rise_units='', ignition_type='max', ignition_target='OHEX;', ignition_amount='', ignition_units='', filename='x10001016.xml', exp_unc=33.77)",0.8071623221100666,1.0,False,False
H + OH (+M) <=> H2O (+M),4,0.1,"Pandas(T5=1017.0, T5_units='K', P5=419000.00000000006, P5_units='Pa', composition='H2:0.1254, O2:0.0157, Ar:0.8589', phi=3.9936305732484083, tau=0.000928, tau_units='s', pressure_rise=nan, pressure_rise_units='', ignition_type='max', ignition_target='OHEX;', ignition_amount='', ignition_units='', filename='x10001016.xml', exp_unc=33.77)",0.028176399899504267,6.0,True,True
H2 + O <=> H + OH,5,0.1,"Pandas(T5=1017.0, T5_units='K', P5=419000.00000000006, P5_units='Pa', composition='H2:0.1254, O2:0.0157, Ar:0.8589', phi=3.9936305732484083, tau=0.000928, tau_units='s', pressure_rise=nan, pressure_rise_units='', ignition_type='max', ignition_target='OHEX;', ignition_amount='', ignition_units='', filename='x10001016.xml', exp_unc=33.77)",0.006940516539322668,35.0,True,False
H2 + OH <=> H + H2O,6,0.1,"Pandas(T5=1017.0, T5_units='K', P5=419000.00000000006, P5_units='Pa', composition='H2:0.1254, O2:0.0157, Ar:0.8589', phi=3.9936305732484083, tau=0.000928, tau_units='s', pressure_rise=nan, pressure_rise_units='', ignition_type='max', ignition_target='OHEX;', ignition_amount='', ignition_units='', filename='x10001016.xml', exp_unc=33.77)",0.019347996561979542,18.0,True,False
H + H2O2 <=> H2 + HO2,7,0.1,"Pandas(T5=1017.0, T5_units='K', P5=419000.00000000006, P5_units='Pa', composition='H2:0.1254, O2:0.0157, Ar:0.8589', phi=3.9936305732484083, tau=0.000928, tau_units='s', pressure_rise=nan, pressure_rise_units='', ignition_type='max', ignition_target='OHEX;', ignition_amount='', ignition_units='', filename='x10001016.xml', exp_unc=33.77)",0.054311708080008306,4.0,True,False
H + H2O2 <=> H2O + OH,8,0.1,"Pandas(T5=1017.0, T5_units='K', P5=419000.00000000006, P5_units='Pa', composition='H2:0.1254, O2:0.0157, Ar:0.8589', phi=3.9936305732484083, tau=0.000928, tau_units='s', pressure_rise=nan, pressure_rise_units='', ignition_type='max', ignition_target='OHEX;', ignition_amount='', ignition_units='', filename='x10001016.xml', exp_unc=33.77)",0.007809628057764322,33.0,True,True
H2O2 + O <=> HO2 + OH,9,0.1,"Pandas(T5=1017.0, T5_units='K', P5=419000.00000000006, P5_units='Pa', composition='H2:0.1254, O2:0.0157, Ar:0.8589', phi=3.9936305732484083, tau=0.000928, tau_units='s', pressure_rise=nan, pressure_rise_units='', ignition_type='max', ignition_target='OHEX;', ignition_amount='', ignition_units='', filename='x10001016.xml', exp_unc=33.77)",0.00029141922784095694,41.0,True,True
H2O2 + OH <=> H2O + HO2,10,0.1,"Pandas(T5=1017.0, T5_units='K', P5=419000.00000000006, P5_units='Pa', composition='H2:0.1254, O2:0.0157, Ar:0.8589', phi=3.9936305732484083, tau=0.000928, tau_units='s', pressure_rise=nan, pressure_rise_units='', ignition_type='max', ignition_target='OHEX;', ignition_amount='', ignition_units='', filename='x10001016.xml', exp_unc=33.77)",0.02583473870181109,8.0,True,False
H + HO2 <=> H2 + O2,11,0.1,"Pandas(T5=1017.0, T5_units='K', P5=419000.00000000006, P5_units='Pa', composition='H2:0.1254, O2:0.0157, Ar:0.8589', phi=3.9936305732484083, tau=0.000928, tau_units='s', pressure_rise=nan, pressure_rise_units='', ignition_type='max', ignition_target='OHEX;', ignition_amount='', ignition_units='', filename='x10001016.xml', exp_unc=33.77)",0.023607422656505842,12.0,True,False
H + HO2 <=> 2 OH,12,0.1,"Pandas(T5=1017.0, T5_units='K', P5=419000.00000000006, P5_units='Pa', composition='H2:0.1254, O2:0.0157, Ar:0.8589', phi=3.9936305732484083, tau=0.000928, tau_units='s', pressure_rise=nan, pressure_rise_units='', ignition_type='max', ignition_target='OHEX;', ignition_amount='', ignition_units='', filename='x10001016.xml', exp_unc=33.77)",0.07673547703082291,3.0,True,False
2 HO2 <=> H2O2 + O2,13,0.1,"Pandas(T5=1017.0, T5_units='K', P5=419000.00000000006, P5_units='Pa', composition='H2:0.1254, O2:0.0157, Ar:0.8589', phi=3.9936305732484083, tau=0.000928, tau_units='s', pressure_rise=nan, pressure_rise_units='', ignition_type='max', ignition_target='OHEX;', ignition_amount='', ignition_units='', filename='x10001016.xml', exp_unc=33.77)",0.010935174344333796,25.0,True,False
HO2 + O <=> O2 + OH,14,0.1,"Pandas(T5=1017.0, T5_units='K', P5=419000.00000000006, P5_units='Pa', composition='H2:0.1254, O2:0.0157, Ar:0.8589', phi=3.9936305732484083, tau=0.000928, tau_units='s', pressure_rise=nan, pressure_rise_units='', ignition_type='max', ignition_target='OHEX;', ignition_amount='', ignition_units='', filename='x10001016.xml', exp_unc=33.77)",0.0270826162747846,7.0,True,False
HO2 + OH <=> H2O + O2,15,0.1,"Pandas(T5=1017.0, T5_units='K', P5=419000.00000000006, P5_units='Pa', composition='H2:0.1254, O2:0.0157, Ar:0.8589', phi=3.9936305732484083, tau=0.000928, tau_units='s', pressure_rise=nan, pressure_rise_units='', ignition_type='max', ignition_target='OHEX;', ignition_amount='', ignition_units='', filename='x10001016.xml', exp_unc=33.77)",0.013379519875086772,23.0,True,True
2 O + M <=> O2 + M,16,0.1,"Pandas(T5=1017.0, T5_units='K', P5=419000.00000000006, P5_units='Pa', composition='H2:0.1254, O2:0.0157, Ar:0.8589', phi=3.9936305732484083, tau=0.000928, tau_units='s', pressure_rise=nan, pressure_rise_units='', ignition_type='max', ignition_target='OHEX;', ignition_amount='', ignition_units='', filename='x10001016.xml', exp_unc=33.77)",0.003295655893158215,39.0,True,False
2 OH <=> H2O + O,17,0.1,"Pandas(T5=1017.0, T5_units='K', P5=419000.00000000006, P5_units='Pa', composition='H2:0.1254, O2:0.0157, Ar:0.8589', phi=3.9936305732484083, tau=0.000928, tau_units='s', pressure_rise=nan, pressure_rise_units='', ignition_type='max', ignition_target='OHEX;', ignition_amount='', ignition_units='', filename='x10001016.xml', exp_unc=33.77)",0.011624765343944184,24.0,True,False
H2O2 (+M) <=> 2 OH (+M),18,0.1,"Pandas(T5=1017.0, T5_units='K', P5=419000.00000000006, P5_units='Pa', composition='H2:0.1254, O2:0.0157, Ar:0.8589', phi=3.9936305732484083, tau=0.000928, tau_units='s', pressure_rise=nan, pressure_rise_units='', ignition_type='max', ignition_target='OHEX;', ignition_amount='', ignition_units='', filename='x10001016.xml', exp_unc=33.77)",0.022142907224556103,14.0,True,False
OH* <=> OH,19,0.1,"Pandas(T5=1017.0, T5_units='K', P5=419000.00000000006, P5_units='Pa', composition='H2:0.1254, O2:0.0157, Ar:0.8589', phi=3.9936305732484083, tau=0.000928, tau_units='s', pressure_rise=nan, pressure_rise_units='', ignition_type='max', ignition_target='OHEX;', ignition_amount='', ignition_units='', filename='x10001016.xml', exp_unc=33.77)",0.0038436900533680807,38.0,True,True
AR + OH* <=> AR + OH,20,0.1,"Pandas(T5=1017.0, T5_units='K', P5=419000.00000000006, P5_units='Pa', composition='H2:0.1254, O2:0.0157, Ar:0.8589', phi=3.9936305732484083, tau=0.000928, tau_units='s', pressure_rise=nan, pressure_rise_units='', ignition_type='max', ignition_target='OHEX;', ignition_amount='', ignition_units='', filename='x10001016.xml', exp_unc=33.77)",0.008922982717796997,29.0,True,False
O2 + OH* <=> O2 + OH,21,0.1,"Pandas(T5=1017.0, T5_units='K', P5=419000.00000000006, P5_units='Pa', composition='H2:0.1254, O2:0.0157, Ar:0.8589', phi=3.9936305732484083, tau=0.000928, tau_units='s', pressure_rise=nan, pressure_rise_units='', ignition_type='max', ignition_target='OHEX;', ignition_amount='', ignition_units='', filename='x10001016.xml', exp_unc=33.77)",0.0188233173992073,19.0,True,True
H2O + OH* <=> H2O + OH,22,0.1,"Pandas(T5=1017.0, T5_units='K', P5=419000.00000000006, P5_units='Pa', composition='H2:0.1254, O2:0.0157, Ar:0.8589', phi=3.9936305732484083, tau=0.000928, tau_units='s', pressure_rise=nan, pressure_rise_units='', ignition_type='max', ignition_target='OHEX;', ignition_amount='', ignition_units='', filename='x10001016.xml', exp_unc=33.77)",0.008183115025962669,32.0,True,True
H2 + OH* <=> H2 + OH,23,0.1,"Pandas(T5=1017.0, T5_units='K', P5=419000.00000000006, P5_units='Pa', composition='H2:0.1254, O2:0.0157, Ar:0.8589', phi=3.9936305732484083, tau=0.000928, tau_units='s', pressure_rise=nan, pressure_rise_units='', ignition_type='max', ignition_target='OHEX;', ignition_amount='', ignition_units='', filename='x10001016.xml', exp_unc=33.77)",0.004947945651405404,36.0,True,False
N2 + OH* <=> N2 + OH,24,0.1,"Pandas(T5=1017.0, T5_units='K', P5=419000.00000000006, P5_units='Pa', composition='H2:0.1254, O2:0.0157, Ar:0.8589', phi=3.9936305732484083, tau=0.000928, tau_units='s', pressure_rise=nan, pressure_rise_units='', ignition_type='max', ignition_target='OHEX;', ignition_amount='', ignition_units='', filename='x10001016.xml', exp_unc=33.77)",0.024052847064393007,10.0,True,False
OH + OH* <=> 2 OH,25,0.1,"Pandas(T5=1017.0, T5_units='K', P5=419000.00000000006, P5_units='Pa', composition='H2:0.1254, O2:0.0157, Ar:0.8589', phi=3.9936305732484083, tau=0.000928, tau_units='s', pressure_rise=nan, pressure_rise_units='', ignition_type='max', ignition_target='OHEX;', ignition_amount='', ignition_units='', filename='x10001016.xml', exp_unc=33.77)",0.014394413559670697,21.0,True,False
H + OH* <=> H + OH,26,0.1,"Pandas(T5=1017.0, T5_units='K', P5=419000.00000000006, P5_units='Pa', composition='H2:0.1254, O2:0.0157, Ar:0.8589', phi=3.9936305732484083, tau=0.000928, tau_units='s', pressure_rise=nan, pressure_rise_units='', ignition_type='max', ignition_target='OHEX;', ignition_amount='', ignition_units='', filename='x10001016.xml', exp_unc=33.77)",0.0017704943762568233,40.0,True,True
CO + O (+M) <=> CO2 (+M),27,0.1,"Pandas(T5=1017.0, T5_units='K', P5=419000.00000000006, P5_units='Pa', composition='H2:0.1254, O2:0.0157, Ar:0.8589', phi=3.9936305732484083, tau=0.000928, tau_units='s', pressure_rise=nan, pressure_rise_units='', ignition_type='max', ignition_target='OHEX;', ignition_amount='', ignition_units='', filename='x10001016.xml', exp_unc=33.77)",0.008816561749196147,31.0,True,False
CO + OH <=> CO2 + H,28,0.1,"Pandas(T5=1017.0, T5_units='K', P5=419000.00000000006, P5_units='Pa', composition='H2:0.1254, O2:0.0157, Ar:0.8589', phi=3.9936305732484083, tau=0.000928, tau_units='s', pressure_rise=nan, pressure_rise_units='', ignition_type='max', ignition_target='OHEX;', ignition_amount='', ignition_units='', filename='x10001016.xml', exp_unc=33.77)",0.010205237368614525,26.0,True,False
CO + O2 <=> CO2 + O,29,0.1,"Pandas(T5=1017.0, T5_units='K', P5=419000.00000000006, P5_units='Pa', composition='H2:0.1254, O2:0.0157, Ar:0.8589', phi=3.9936305732484083, tau=0.000928, tau_units='s', pressure_rise=nan, pressure_rise_units='', ignition_type='max', ignition_target='OHEX;', ignition_amount='', ignition_units='', filename='x10001016.xml', exp_unc=33.77)",0.009191974943041028,28.0,True,False
CO + HO2 <=> CO2 + OH,30,0.1,"Pandas(T5=1017.0, T5_units='K', P5=419000.00000000006, P5_units='Pa', composition='H2:0.1254, O2:0.0157, Ar:0.8589', phi=3.9936305732484083, tau=0.000928, tau_units='s', pressure_rise=nan, pressure_rise_units='', ignition_type='max', ignition_target='OHEX;', ignition_amount='', ignition_units='', filename='x10001016.xml', exp_unc=33.77)",0.008838643936458328,30.0,True,False
C + OH <=> CO + H,31,0.1,"Pandas(T5=1017.0, T5_units='K', P5=419000.00000000006, P5_units='Pa', composition='H2:0.1254, O2:0.0157, Ar:0.8589', phi=3.9936305732484083, tau=0.000928, tau_units='s', pressure_rise=nan, pressure_rise_units='', ignition_type='max', ignition_target='OHEX;', ignition_amount='', ignition_units='', filename='x10001016.xml', exp_unc=33.77)",0.025078907752303887,9.0,True,True
C + O2 <=> CO + O,32,0.1,"Pandas(T5=1017.0, T5_units='K', P5=419000.00000000006, P5_units='Pa', composition='H2:0.1254, O2:0.0157, Ar:0.8589', phi=3.9936305732484083, tau=0.000928, tau_units='s', pressure_rise=nan, pressure_rise_units='', ignition_type='max', ignition_target='OHEX;', ignition_amount='', ignition_units='', filename='x10001016.xml', exp_unc=33.77)",0.01965207337310286,17.0,True,False
HCO + M <=> CO + H + M,33,0.1,"Pandas(T5=1017.0, T5_units='K', P5=419000.00000000006, P5_units='Pa', composition='H2:0.1254, O2:0.0157, Ar:0.8589', phi=3.9936305732484083, tau=0.000928, tau_units='s', pressure_rise=nan, pressure_rise_units='', ignition_type='max', ignition_target='OHEX;', ignition_amount='', ignition_units='', filename='x10001016.xml', exp_unc=33.77)",0.0040100919187702425,37.0,True,True
HCO + O2 <=> CO + HO2,34,0.1,"Pandas(T5=1017.0, T5_units='K', P5=419000.00000000006, P5_units='Pa', composition='H2:0.1254, O2:0.0157, Ar:0.8589', phi=3.9936305732484083, tau=0.000928, tau_units='s', pressure_rise=nan, pressure_rise_units='', ignition_type='max', ignition_target='OHEX;', ignition_amount='', ignition_units='', filename='x10001016.xml', exp_unc=33.77)",0.014536235617236005,20.0,True,False
H + HCO <=> CO + H2,35,0.1,"Pandas(T5=1017.0, T5_units='K', P5=419000.00000000006, P5_units='Pa', composition='H2:0.1254, O2:0.0157, Ar:0.8589', phi=3.9936305732484083, tau=0.000928, tau_units='s', pressure_rise=nan, pressure_rise_units='', ignition_type='max', ignition_target='OHEX;', ignition_amount='', ignition_units='', filename='x10001016.xml', exp_unc=33.77)",0.043058255442600585,5.0,True,False
HCO + O <=> CO2 + H,36,0.1,"Pandas(T5=1017.0, T5_units='K', P5=419000.00000000006, P5_units='Pa', composition='H2:0.1254, O2:0.0157, Ar:0.8589', phi=3.9936305732484083, tau=0.000928, tau_units='s', pressure_rise=nan, pressure_rise_units='', ignition_type='max', ignition_target='OHEX;', ignition_amount='', ignition_units='', filename='x10001016.xml', exp_unc=33.77)",0.014251789440586166,22.0,True,True
HCO + O <=> CO + OH,37,0.1,"Pandas(T5=1017.0, T5_units='K', P5=419000.00000000006, P5_units='Pa', composition='H2:0.1254, O2:0.0157, Ar:0.8589', phi=3.9936305732484083, tau=0.000928, tau_units='s', pressure_rise=nan, pressure_rise_units='', ignition_type='max', ignition_target='OHEX;', ignition_amount='', ignition_units='', filename='x10001016.xml', exp_unc=33.77)",0.02374416194228264,11.0,True,True
HCO + OH <=> CO + H2O,38,0.1,"Pandas(T5=1017.0, T5_units='K', P5=419000.00000000006, P5_units='Pa', composition='H2:0.1254, O2:0.0157, Ar:0.8589', phi=3.9936305732484083, tau=0.000928, tau_units='s', pressure_rise=nan, pressure_rise_units='', ignition_type='max', ignition_target='OHEX;', ignition_amount='', ignition_units='', filename='x10001016.xml', exp_unc=33.77)",0.020658867661703814,16.0,True,True
HCO + HO2 => CO2 + H + OH,39,0.1,"Pandas(T5=1017.0, T5_units='K', P5=419000.00000000006, P5_units='Pa', composition='H2:0.1254, O2:0.0157, Ar:0.8589', phi=3.9936305732484083, tau=0.000928, tau_units='s', pressure_rise=nan, pressure_rise_units='', ignition_type='max', ignition_target='OHEX;', ignition_amount='', ignition_units='', filename='x10001016.xml', exp_unc=33.77)",0.007012988252591754,34.0,True,True
2 HCO => 2 CO + H2,40,0.1,"Pandas(T5=1017.0, T5_units='K', P5=419000.00000000006, P5_units='Pa', composition='H2:0.1254, O2:0.0157, Ar:0.8589', phi=3.9936305732484083, tau=0.000928, tau_units='s', pressure_rise=nan, pressure_rise_units='', ignition_type='max', ignition_target='OHEX;', ignition_amount='', ignition_units='', filename='x10001016.xml', exp_unc=33.77)",0.021766651934872164,15.0,True,False
2 H + M <=> H2 + M,0,0.1,"Pandas(T5=1068.0, T5_units='K', P5=1598000.0, P5_units='Pa', composition='H2:0.0174, CO:0.0174, O2:0.0347, Ar:0.9306', phi=0.5014409221902016, tau=0.001861, tau_units='s', pressure_rise=nan, pressure_rise_units='', ignition_type='max', ignition_target='OHEX;', ignition_amount='', ignition_units='', filename='x10001024_x.xml', exp_unc=19.33)",0.006843787167241655,23.0,True,False
H + O + M <=> OH + M,1,0.1,"Pandas(T5=1068.0, T5_units='K', P5=1598000.0, P5_units='Pa', composition='H2:0.0174, CO:0.0174, O2:0.0347, Ar:0.9306', phi=0.5014409221902016, tau=0.001861, tau_units='s', pressure_rise=nan, pressure_rise_units='', ignition_type='max', ignition_target='OHEX;', ignition_amount='', ignition_units='', filename='x10001024_x.xml', exp_unc=19.33)",0.004713557730861989,25.0,True,False
H + O2 (+M) <=> HO2 (+M),2,0.1,"Pandas(T5=1068.0, T5_units='K', P5=1598000.0, P5_units='Pa', composition='H2:0.0174, CO:0.0174, O2:0.0347, Ar:0.9306', phi=0.5014409221902016, tau=0.001861, tau_units='s', pressure_rise=nan, pressure_rise_units='', ignition_type='max', ignition_target='OHEX;', ignition_amount='', ignition_units='', filename='x10001024_x.xml', exp_unc=19.33)",0.36271033069126124,1.0,False,False
H + O2 <=> O + OH,3,0.1,"Pandas(T5=1068.0, T5_units='K', P5=1598000.0, P5_units='Pa', composition='H2:0.0174, CO:0.0174, O2:0.0347, Ar:0.9306', phi=0.5014409221902016, tau=0.001861, tau_units='s', pressure_rise=nan, pressure_rise_units='', ignition_type='max', ignition_target='OHEX;', ignition_amount='', ignition_units='', filename='x10001024_x.xml', exp_unc=19.33)",0.353716341433061,2.0,False,False
H + OH (+M) <=> H2O (+M),4,0.1,"Pandas(T5=1068.0, T5_units='K', P5=1598000.0, P5_units='Pa', composition='H2:0.0174, CO:0.0174, O2:0.0347, Ar:0.9306', phi=0.5014409221902016, tau=0.001861, tau_units='s', pressure_rise=nan, pressure_rise_units='', ignition_type='max', ignition_target='OHEX;', ignition_amount='', ignition_units='', filename='x10001024_x.xml', exp_unc=19.33)",0.00048327340529600324,40.0,True,True
H2 + O <=> H + OH,5,0.1,"Pandas(T5=1068.0, T5_units='K', P5=1598000.0, P5_units='Pa', composition='H2:0.0174, CO:0.0174, O2:0.0347, Ar:0.9306', phi=0.5014409221902016, tau=0.001861, tau_units='s', pressure_rise=nan, pressure_rise_units='', ignition_type='max', ignition_target='OHEX;', ignition_amount='', ignition_units='', filename='x10001024_x.xml', exp_unc=19.33)",0.018045768247018857,13.0,True,False
H2 + OH <=> H + H2O,6,0.1,"Pandas(T5=1068.0, T5_units='K', P5=1598000.0, P5_units='Pa', composition='H2:0.0174, CO:0.0174, O2:0.0347, Ar:0.9306', phi=0.5014409221902016, tau=0.001861, tau_units='s', pressure_rise=nan, pressure_rise_units='', ignition_type='max', ignition_target='OHEX;', ignition_amount='', ignition_units='', filename='x10001024_x.xml', exp_unc=19.33)",0.03574344970533497,7.0,True,False
H + H2O2 <=> H2 + HO2,7,0.1,"Pandas(T5=1068.0, T5_units='K', P5=1598000.0, P5_units='Pa', composition='H2:0.0174, CO:0.0174, O2:0.0347, Ar:0.9306', phi=0.5014409221902016, tau=0.001861, tau_units='s', pressure_rise=nan, pressure_rise_units='', ignition_type='max', ignition_target='OHEX;', ignition_amount='', ignition_units='', filename='x10001024_x.xml', exp_unc=19.33)",0.04927674678425816,5.0,False,False
H + H2O2 <=> H2O + OH,8,0.1,"Pandas(T5=1068.0, T5_units='K', P5=1598000.0, P5_units='Pa', composition='H2:0.0174, CO:0.0174, O2:0.0347, Ar:0.9306', phi=0.5014409221902016, tau=0.001861, tau_units='s', pressure_rise=nan, pressure_rise_units='', ignition_type='max', ignition_target='OHEX;', ignition_amount='', ignition_units='', filename='x10001024_x.xml', exp_unc=19.33)",0.002512539923774126,34.0,True,True
H2O2 + O <=> HO2 + OH,9,0.1,"Pandas(T5=1068.0, T5_units='K', P5=1598000.0, P5_units='Pa', composition='H2:0.0174, CO:0.0174, O2:0.0347, Ar:0.9306', phi=0.5014409221902016, tau=0.001861, tau_units='s', pressure_rise=nan, pressure_rise_units='', ignition_type='max', ignition_target='OHEX;', ignition_amount='', ignition_units='', filename='x10001024_x.xml', exp_unc=19.33)",0.0028179219105943284,32.0,True,True
H2O2 + OH <=> H2O + HO2,10,0.1,"Pandas(T5=1068.0, T5_units='K', P5=1598000.0, P5_units='Pa', composition='H2:0.0174, CO:0.0174, O2:0.0347, Ar:0.9306', phi=0.5014409221902016, tau=0.001861, tau_units='s', pressure_rise=nan, pressure_rise_units='', ignition_type='max', ignition_target='OHEX;', ignition_amount='', ignition_units='', filename='x10001024_x.xml', exp_unc=19.33)",0.002100635553275745,35.0,True,False
H + HO2 <=> H2 + O2,11,0.1,"Pandas(T5=1068.0, T5_units='K', P5=1598000.0, P5_units='Pa', composition='H2:0.0174, CO:0.0174, O2:0.0347, Ar:0.9306', phi=0.5014409221902016, tau=0.001861, tau_units='s', pressure_rise=nan, pressure_rise_units='', ignition_type='max', ignition_target='OHEX;', ignition_amount='', ignition_units='', filename='x10001024_x.xml', exp_unc=19.33)",0.040187382786170345,6.0,False,False
H + HO2 <=> 2 OH,12,0.1,"Pandas(T5=1068.0, T5_units='K', P5=1598000.0, P5_units='Pa', composition='H2:0.0174, CO:0.0174, O2:0.0347, Ar:0.9306', phi=0.5014409221902016, tau=0.001861, tau_units='s', pressure_rise=nan, pressure_rise_units='', ignition_type='max', ignition_target='OHEX;', ignition_amount='', ignition_units='', filename='x10001024_x.xml', exp_unc=19.33)",0.06921167452670299,3.0,False,False
2 HO2 <=> H2O2 + O2,13,0.1,"Pandas(T5=1068.0, T5_units='K', P5=1598000.0, P5_units='Pa', composition='H2:0.0174, CO:0.0174, O2:0.0347, Ar:0.9306', phi=0.5014409221902016, tau=0.001861, tau_units='s', pressure_rise=nan, pressure_rise_units='', ignition_type='max', ignition_target='OHEX;', ignition_amount='', ignition_units='', filename='x10001024_x.xml', exp_unc=19.33)",0.009928916120912892,17.0,True,False
HO2 + O <=> O2 + OH,14,0.1,"Pandas(T5=1068.0, T5_units='K', P5=1598000.0, P5_units='Pa', composition='H2:0.0174, CO:0.0174, O2:0.0347, Ar:0.9306', phi=0.5014409221902016, tau=0.001861, tau_units='s', pressure_rise=nan, pressure_rise_units='', ignition_type='max', ignition_target='OHEX;', ignition_amount='', ignition_units='', filename='x10001024_x.xml', exp_unc=19.33)",0.03392047337574058,8.0,True,False
HO2 + OH <=> H2O + O2,15,0.1,"Pandas(T5=1068.0, T5_units='K', P5=1598000.0, P5_units='Pa', composition='H2:0.0174, CO:0.0174, O2:0.0347, Ar:0.9306', phi=0.5014409221902016, tau=0.001861, tau_units='s', pressure_rise=nan, pressure_rise_units='', ignition_type='max', ignition_target='OHEX;', ignition_amount='', ignition_units='', filename='x10001024_x.xml', exp_unc=19.33)",0.01614730872080334,15.0,True,True
2 O + M <=> O2 + M,16,0.1,"Pandas(T5=1068.0, T5_units='K', P5=1598000.0, P5_units='Pa', composition='H2:0.0174, CO:0.0174, O2:0.0347, Ar:0.9306', phi=0.5014409221902016, tau=0.001861, tau_units='s', pressure_rise=nan, pressure_rise_units='', ignition_type='max', ignition_target='OHEX;', ignition_amount='', ignition_units='', filename='x10001024_x.xml', exp_unc=19.33)",0.0037660247194166493,28.0,True,False
2 OH <=> H2O + O,17,0.1,"Pandas(T5=1068.0, T5_units='K', P5=1598000.0, P5_units='Pa', composition='H2:0.0174, CO:0.0174, O2:0.0347, Ar:0.9306', phi=0.5014409221902016, tau=0.001861, tau_units='s', pressure_rise=nan, pressure_rise_units='', ignition_type='max', ignition_target='OHEX;', ignition_amount='', ignition_units='', filename='x10001024_x.xml', exp_unc=19.33)",0.001313728546472383,36.0,True,False
H2O2 (+M) <=> 2 OH (+M),18,0.1,"Pandas(T5=1068.0, T5_units='K', P5=1598000.0, P5_units='Pa', composition='H2:0.0174, CO:0.0174, O2:0.0347, Ar:0.9306', phi=0.5014409221902016, tau=0.001861, tau_units='s', pressure_rise=nan, pressure_rise_units='', ignition_type='max', ignition_target='OHEX;', ignition_amount='', ignition_units='', filename='x10001024_x.xml', exp_unc=19.33)",0.0558409356031451,4.0,False,False
OH* <=> OH,19,0.1,"Pandas(T5=1068.0, T5_units='K', P5=1598000.0, P5_units='Pa', composition='H2:0.0174, CO:0.0174, O2:0.0347, Ar:0.9306', phi=0.5014409221902016, tau=0.001861, tau_units='s', pressure_rise=nan, pressure_rise_units='', ignition_type='max', ignition_target='OHEX;', ignition_amount='', ignition_units='', filename='x10001024_x.xml', exp_unc=19.33)",0.002880105864195521,31.0,True,True
AR + OH* <=> AR + OH,20,0.1,"Pandas(T5=1068.0, T5_units='K', P5=1598000.0, P5_units='Pa', composition='H2:0.0174, CO:0.0174, O2:0.0347, Ar:0.9306', phi=0.5014409221902016, tau=0.001861, tau_units='s', pressure_rise=nan, pressure_rise_units='', ignition_type='max', ignition_target='OHEX;', ignition_amount='', ignition_units='', filename='x10001024_x.xml', exp_unc=19.33)",0.0012653120770559955,37.0,True,False
O2 + OH* <=> O2 + OH,21,0.1,"Pandas(T5=1068.0, T5_units='K', P5=1598000.0, P5_units='Pa', composition='H2:0.0174, CO:0.0174, O2:0.0347, Ar:0.9306', phi=0.5014409221902016, tau=0.001861, tau_units='s', pressure_rise=nan, pressure_rise_units='', ignition_type='max', ignition_target='OHEX;', ignition_amount='', ignition_units='', filename='x10001024_x.xml', exp_unc=19.33)",0.015197085172920297,16.0,True,True
H2O + OH* <=> H2O + OH,22,0.1,"Pandas(T5=1068.0, T5_units='K', P5=1598000.0, P5_units='Pa', composition='H2:0.0174, CO:0.0174, O2:0.0347, Ar:0.9306', phi=0.5014409221902016, tau=0.001861, tau_units='s', pressure_rise=nan, pressure_rise_units='', ignition_type='max', ignition_target='OHEX;', ignition_amount='', ignition_units='', filename='x10001024_x.xml', exp_unc=19.33)",0.005692854000553309,24.0,True,True
H2 + OH* <=> H2 + OH,23,0.1,"Pandas(T5=1068.0, T5_units='K', P5=1598000.0, P5_units='Pa', composition='H2:0.0174, CO:0.0174, O2:0.0347, Ar:0.9306', phi=0.5014409221902016, tau=0.001861, tau_units='s', pressure_rise=nan, pressure_rise_units='', ignition_type='max', ignition_target='OHEX;', ignition_amount='', ignition_units='', filename='x10001024_x.xml', exp_unc=19.33)",0.0029514877844644912,30.0,True,False
N2 + OH* <=> N2 + OH,24,0.1,"Pandas(T5=1068.0, T5_units='K', P5=1598000.0, P5_units='Pa', composition='H2:0.0174, CO:0.0174, O2:0.0347, Ar:0.9306', phi=0.5014409221902016, tau=0.001861, tau_units='s', pressure_rise=nan, pressure_rise_units='', ignition_type='max', ignition_target='OHEX;', ignition_amount='', ignition_units='', filename='x10001024_x.xml', exp_unc=19.33)",0.00985696395685212,18.0,True,False
OH + OH* <=> 2 OH,25,0.1,"Pandas(T5=1068.0, T5_units='K', P5=1598000.0, P5_units='Pa', composition='H2:0.0174, CO:0.0174, O2:0.0347, Ar:0.9306', phi=0.5014409221902016, tau=0.001861, tau_units='s', pressure_rise=nan, pressure_rise_units='', ignition_type='max', ignition_target='OHEX;', ignition_amount='', ignition_units='', filename='x10001024_x.xml', exp_unc=19.33)",0.007614517143079419,21.0,True,False
H + OH* <=> H + OH,26,0.1,"Pandas(T5=1068.0, T5_units='K', P5=1598000.0, P5_units='Pa', composition='H2:0.0174, CO:0.0174, O2:0.0347, Ar:0.9306', phi=0.5014409221902016, tau=0.001861, tau_units='s', pressure_rise=nan, pressure_rise_units='', ignition_type='max', ignition_target='OHEX;', ignition_amount='', ignition_units='', filename='x10001024_x.xml', exp_unc=19.33)",0.003770266797891527,27.0,True,True
CO + O (+M) <=> CO2 (+M),27,0.1,"Pandas(T5=1068.0, T5_units='K', P5=1598000.0, P5_units='Pa', composition='H2:0.0174, CO:0.0174, O2:0.0347, Ar:0.9306', phi=0.5014409221902016, tau=0.001861, tau_units='s', pressure_rise=nan, pressure_rise_units='', ignition_type='max', ignition_target='OHEX;', ignition_amount='', ignition_units='', filename='x10001024_x.xml', exp_unc=19.33)",0.008300954735364588,20.0,True,False
CO + OH <=> CO2 + H,28,0.1,"Pandas(T5=1068.0, T5_units='K', P5=1598000.0, P5_units='Pa', composition='H2:0.0174, CO:0.0174, O2:0.0347, Ar:0.9306', phi=0.5014409221902016, tau=0.001861, tau_units='s', pressure_rise=nan, pressure_rise_units='', ignition_type='max', ignition_target='OHEX;', ignition_amount='', ignition_units='', filename='x10001024_x.xml', exp_unc=19.33)",0.008760997285984408,19.0,True,False
CO + O2 <=> CO2 + O,29,0.1,"Pandas(T5=1068.0, T5_units='K', P5=1598000.0, P5_units='Pa', composition='H2:0.0174, CO:0.0174, O2:0.0347, Ar:0.9306', phi=0.5014409221902016, tau=0.001861, tau_units='s', pressure_rise=nan, pressure_rise_units='', ignition_type='max', ignition_target='OHEX;', ignition_amount='', ignition_units='', filename='x10001024_x.xml', exp_unc=19.33)",0.007563865387320925,22.0,True,False
CO + HO2 <=> CO2 + OH,30,0.1,"Pandas(T5=1068.0, T5_units='K', P5=1598000.0, P5_units='Pa', composition='H2:0.0174, CO:0.0174, O2:0.0347, Ar:0.9306', phi=0.5014409221902016, tau=0.001861, tau_units='s', pressure_rise=nan, pressure_rise_units='', ignition_type='max', ignition_target='OHEX;', ignition_amount='', ignition_units='', filename='x10001024_x.xml', exp_unc=19.33)",0.03082977712322038,9.0,True,False
C + OH <=> CO + H,31,0.1,"Pandas(T5=1068.0, T5_units='K', P5=1598000.0, P5_units='Pa', composition='H2:0.0174, CO:0.0174, O2:0.0347, Ar:0.9306', phi=0.5014409221902016, tau=0.001861, tau_units='s', pressure_rise=nan, pressure_rise_units='', ignition_type='max', ignition_target='OHEX;', ignition_amount='', ignition_units='', filename='x10001024_x.xml', exp_unc=19.33)",0.022913017966518158,11.0,True,True
C + O2 <=> CO + O,32,0.1,"Pandas(T5=1068.0, T5_units='K', P5=1598000.0, P5_units='Pa', composition='H2:0.0174, CO:0.0174, O2:0.0347, Ar:0.9306', phi=0.5014409221902016, tau=0.001861, tau_units='s', pressure_rise=nan, pressure_rise_units='', ignition_type='max', ignition_target='OHEX;', ignition_amount='', ignition_units='', filename='x10001024_x.xml', exp_unc=19.33)",0.00389877183321225,26.0,True,False
HCO + M <=> CO + H + M,33,0.1,"Pandas(T5=1068.0, T5_units='K', P5=1598000.0, P5_units='Pa', composition='H2:0.0174, CO:0.0174, O2:0.0347, Ar:0.9306', phi=0.5014409221902016, tau=0.001861, tau_units='s', pressure_rise=nan, pressure_rise_units='', ignition_type='max', ignition_target='OHEX;', ignition_amount='', ignition_units='', filename='x10001024_x.xml', exp_unc=19.33)",0.0002687362482927683,41.0,True,True
HCO + O2 <=> CO + HO2,34,0.1,"Pandas(T5=1068.0, T5_units='K', P5=1598000.0, P5_units='Pa', composition='H2:0.0174, CO:0.0174, O2:0.0347, Ar:0.9306', phi=0.5014409221902016, tau=0.001861, tau_units='s', pressure_rise=nan, pressure_rise_units='', ignition_type='max', ignition_target='OHEX;', ignition_amount='', ignition_units='', filename='x10001024_x.xml', exp_unc=19.33)",0.0036741945918379614,29.0,True,False
H + HCO <=> CO + H2,35,0.1,"Pandas(T5=1068.0, T5_units='K', P5=1598000.0, P5_units='Pa', composition='H2:0.0174, CO:0.0174, O2:0.0347, Ar:0.9306', phi=0.5014409221902016, tau=0.001861, tau_units='s', pressure_rise=nan, pressure_rise_units='', ignition_type='max', ignition_target='OHEX;', ignition_amount='', ignition_units='', filename='x10001024_x.xml', exp_unc=19.33)",0.02619502317149014,10.0,True,False
HCO + O <=> CO2 + H,36,0.1,"Pandas(T5=1068.0, T5_units='K', P5=1598000.0, P5_units='Pa', composition='H2:0.0174, CO:0.0174, O2:0.0347, Ar:0.9306', phi=0.5014409221902016, tau=0.001861, tau_units='s', pressure_rise=nan, pressure_rise_units='', ignition_type='max', ignition_target='OHEX;', ignition_amount='', ignition_units='', filename='x10001024_x.xml', exp_unc=19.33)",0.0174817788341345,14.0,True,True
HCO + O <=> CO + OH,37,0.1,"Pandas(T5=1068.0, T5_units='K', P5=1598000.0, P5_units='Pa', composition='H2:0.0174, CO:0.0174, O2:0.0347, Ar:0.9306', phi=0.5014409221902016, tau=0.001861, tau_units='s', pressure_rise=nan, pressure_rise_units='', ignition_type='max', ignition_target='OHEX;', ignition_amount='', ignition_units='', filename='x10001024_x.xml', exp_unc=19.33)",0.020384684428650674,12.0,True,True
HCO + OH <=> CO + H2O,38,0.1,"Pandas(T5=1068.0, T5_units='K', P5=1598000.0, P5_units='Pa', composition='H2:0.0174, CO:0.0174, O2:0.0347, Ar:0.9306', phi=0.5014409221902016, tau=0.001861, tau_units='s', pressure_rise=nan, pressure_rise_units='', ignition_type='max', ignition_target='OHEX;', ignition_amount='', ignition_units='', filename='x10001024_x.xml', exp_unc=19.33)",0.0026732501520595822,33.0,True,True
HCO + HO2 => CO2 + H + OH,39,0.1,"Pandas(T5=1068.0, T5_units='K', P5=1598000.0, P5_units='Pa', composition='H2:0.0174, CO:0.0174, O2:0.0347, Ar:0.9306', phi=0.5014409221902016, tau=0.001861, tau_units='s', pressure_rise=nan, pressure_rise_units='', ignition_type='max', ignition_target='OHEX;', ignition_amount='', ignition_units='', filename='x10001024_x.xml', exp_unc=19.33)",0.001114995326923356,38.0,True,True
2 HCO => 2 CO + H2,40,0.1,"Pandas(T5=1068.0, T5_units='K', P5=1598000.0, P5_units='Pa', composition='H2:0.0174, CO:0.0174, O2:0.0347, Ar:0.9306', phi=0.5014409221902016, tau=0.001861, tau_units='s', pressure_rise=nan, pressure_rise_units='', ignition_type='max', ignition_target='OHEX;', ignition_amount='', ignition_units='', filename='x10001024_x.xml', exp_unc=19.33)",0.0005707051202295458,39.0,True,False
2 H + M <=> H2 + M,0,0.1,"Pandas(T5=1204.0, T5_units='K', P5=1470000.0, P5_units='Pa', composition='H2:0.1254, O2:0.0157, Ar:0.8589', phi=3.9936305732484083, tau=4.6e-05, tau_units='s', pressure_rise=nan, pressure_rise_units='', ignition_type='max', ignition_target='OHEX;', ignition_amount='', ignition_units='', filename='x10001015.xml', exp_unc=41.02)",0.01675405447383931,5.0,True,False
H + O + M <=> OH + M,1,0.1,"Pandas(T5=1204.0, T5_units='K', P5=1470000.0, P5_units='Pa', composition='H2:0.1254, O2:0.0157, Ar:0.8589', phi=3.9936305732484083, tau=4.6e-05, tau_units='s', pressure_rise=nan, pressure_rise_units='', ignition_type='max', ignition_target='OHEX;', ignition_amount='', ignition_units='', filename='x10001015.xml', exp_unc=41.02)",0.007156718156533801,19.0,True,False
H + O2 (+M) <=> HO2 (+M),2,0.1,"Pandas(T5=1204.0, T5_units='K', P5=1470000.0, P5_units='Pa', composition='H2:0.1254, O2:0.0157, Ar:0.8589', phi=3.9936305732484083, tau=4.6e-05, tau_units='s', pressure_rise=nan, pressure_rise_units='', ignition_type='max', ignition_target='OHEX;', ignition_amount='', ignition_units='', filename='x10001015.xml', exp_unc=41.02)",0.21859278073486443,2.0,False,False
H + O2 <=> O + OH,3,0.1,"Pandas(T5=1204.0, T5_units='K', P5=1470000.0, P5_units='Pa', composition='H2:0.1254, O2:0.0157, Ar:0.8589', phi=3.9936305732484083, tau=4.6e-05, tau_units='s', pressure_rise=nan, pressure_rise_units='', ignition_type='max', ignition_target='OHEX;', ignition_amount='', ignition_units='', filename='x10001015.xml', exp_unc=41.02)",0.3883672431863735,1.0,False,False
H + OH (+M) <=> H2O (+M),4,0.1,"Pandas(T5=1204.0, T5_units='K', P5=1470000.0, P5_units='Pa', composition='H2:0.1254, O2:0.0157, Ar:0.8589', phi=3.9936305732484083, tau=4.6e-05, tau_units='s', pressure_rise=nan, pressure_rise_units='', ignition_type='max', ignition_target='OHEX;', ignition_amount='', ignition_units='', filename='x10001015.xml', exp_unc=41.02)",0.006253352180132932,23.0,True,True
H2 + O <=> H + OH,5,0.1,"Pandas(T5=1204.0, T5_units='K', P5=1470000.0, P5_units='Pa', composition='H2:0.1254, O2:0.0157, Ar:0.8589', phi=3.9936305732484083, tau=4.6e-05, tau_units='s', pressure_rise=nan, pressure_rise_units='', ignition_type='max', ignition_target='OHEX;', ignition_amount='', ignition_units='', filename='x10001015.xml', exp_unc=41.02)",0.012428781668318475,11.0,True,False
H2 + OH <=> H + H2O,6,0.1,"Pandas(T5=1204.0, T5_units='K', P5=1470000.0, P5_units='Pa', composition='H2:0.1254, O2:0.0157, Ar:0.8589', phi=3.9936305732484083, tau=4.6e-05, tau_units='s', pressure_rise=nan, pressure_rise_units='', ignition_type='max', ignition_target='OHEX;', ignition_amount='', ignition_units='', filename='x10001015.xml', exp_unc=41.02)",0.007152386902414547,20.0,True,False
H + H2O2 <=> H2 + HO2,7,0.1,"Pandas(T5=1204.0, T5_units='K', P5=1470000.0, P5_units='Pa', composition='H2:0.1254, O2:0.0157, Ar:0.8589', phi=3.9936305732484083, tau=4.6e-05, tau_units='s', pressure_rise=nan, pressure_rise_units='', ignition_type='max', ignition_target='OHEX;', ignition_amount='', ignition_units='', filename='x10001015.xml', exp_unc=41.02)",0.0118282977223263,13.0,True,False
H + H2O2 <=> H2O + OH,8,0.1,"Pandas(T5=1204.0, T5_units='K', P5=1470000.0, P5_units='Pa', composition='H2:0.1254, O2:0.0157, Ar:0.8589', phi=3.9936305732484083, tau=4.6e-05, tau_units='s', pressure_rise=nan, pressure_rise_units='', ignition_type='max', ignition_target='OHEX;', ignition_amount='', ignition_units='', filename='x10001015.xml', exp_unc=41.02)",0.004357356939819805,28.0,True,True
H2O2 + O <=> HO2 + OH,9,0.1,"Pandas(T5=1204.0, T5_units='K', P5=1470000.0, P5_units='Pa', composition='H2:0.1254, O2:0.0157, Ar:0.8589', phi=3.9936305732484083, tau=4.6e-05, tau_units='s', pressure_rise=nan, pressure_rise_units='', ignition_type='max', ignition_target='OHEX;', ignition_amount='', ignition_units='', filename='x10001015.xml', exp_unc=41.02)",5.643632722836756e-05,41.0,True,True
H2O2 + OH <=> H2O + HO2,10,0.1,"Pandas(T5=1204.0, T5_units='K', P5=1470000.0, P5_units='Pa', composition='H2:0.1254, O2:0.0157, Ar:0.8589', phi=3.9936305732484083, tau=4.6e-05, tau_units='s', pressure_rise=nan, pressure_rise_units='', ignition_type='max', ignition_target='OHEX;', ignition_amount='', ignition_units='', filename='x10001015.xml', exp_unc=41.02)",0.005826995297850733,25.0,True,False
H + HO2 <=> H2 + O2,11,0.1,"Pandas(T5=1204.0, T5_units='K', P5=1470000.0, P5_units='Pa', composition='H2:0.1254, O2:0.0157, Ar:0.8589', phi=3.9936305732484083, tau=4.6e-05, tau_units='s', pressure_rise=nan, pressure_rise_units='', ignition_type='max', ignition_target='OHEX;', ignition_amount='', ignition_units='', filename='x10001015.xml', exp_unc=41.02)",0.012179851580634359,12.0,True,False
H + HO2 <=> 2 OH,12,0.1,"Pandas(T5=1204.0, T5_units='K', P5=1470000.0, P5_units='Pa', composition='H2:0.1254, O2:0.0157, Ar:0.8589', phi=3.9936305732484083, tau=4.6e-05, tau_units='s', pressure_rise=nan, pressure_rise_units='', ignition_type='max', ignition_target='OHEX;', ignition_amount='', ignition_units='', filename='x10001015.xml', exp_unc=41.02)",0.046291608096573136,3.0,False,False
2 HO2 <=> H2O2 + O2,13,0.1,"Pandas(T5=1204.0, T5_units='K', P5=1470000.0, P5_units='Pa', composition='H2:0.1254, O2:0.0157, Ar:0.8589', phi=3.9936305732484083, tau=4.6e-05, tau_units='s', pressure_rise=nan, pressure_rise_units='', ignition_type='max', ignition_target='OHEX;', ignition_amount='', ignition_units='', filename='x10001015.xml', exp_unc=41.02)",0.0038721480222805673,30.0,True,False
HO2 + O <=> O2 + OH,14,0.1,"Pandas(T5=1204.0, T5_units='K', P5=1470000.0, P5_units='Pa', composition='H2:0.1254, O2:0.0157, Ar:0.8589', phi=3.9936305732484083, tau=4.6e-05, tau_units='s', pressure_rise=nan, pressure_rise_units='', ignition_type='max', ignition_target='OHEX;', ignition_amount='', ignition_units='', filename='x10001015.xml', exp_unc=41.02)",0.01596822556217801,6.0,True,False
HO2 + OH <=> H2O + O2,15,0.1,"Pandas(T5=1204.0, T5_units='K', P5=1470000.0, P5_units='Pa', composition='H2:0.1254, O2:0.0157, Ar:0.8589', phi=3.9936305732484083, tau=4.6e-05, tau_units='s', pressure_rise=nan, pressure_rise_units='', ignition_type='max', ignition_target='OHEX;', ignition_amount='', ignition_units='', filename='x10001015.xml', exp_unc=41.02)",0.004338476732303135,29.0,True,True
2 O + M <=> O2 + M,16,0.1,"Pandas(T5=1204.0, T5_units='K', P5=1470000.0, P5_units='Pa', composition='H2:0.1254, O2:0.0157, Ar:0.8589', phi=3.9936305732484083, tau=4.6e-05, tau_units='s', pressure_rise=nan, pressure_rise_units='', ignition_type='max', ignition_target='OHEX;', ignition_amount='', ignition_units='', filename='x10001015.xml', exp_unc=41.02)",0.003497566438332922,31.0,True,False
2 OH <=> H2O + O,17,0.1,"Pandas(T5=1204.0, T5_units='K', P5=1470000.0, P5_units='Pa', composition='H2:0.1254, O2:0.0157, Ar:0.8589', phi=3.9936305732484083, tau=4.6e-05, tau_units='s', pressure_rise=nan, pressure_rise_units='', ignition_type='max', ignition_target='OHEX;', ignition_amount='', ignition_units='', filename='x10001015.xml', exp_unc=41.02)",0.004410076735092842,27.0,True,False
H2O2 (+M) <=> 2 OH (+M),18,0.1,"Pandas(T5=1204.0, T5_units='K', P5=1470000.0, P5_units='Pa', composition='H2:0.1254, O2:0.0157, Ar:0.8589', phi=3.9936305732484083, tau=4.6e-05, tau_units='s', pressure_rise=nan, pressure_rise_units='', ignition_type='max', ignition_target='OHEX;', ignition_amount='', ignition_units='', filename='x10001015.xml', exp_unc=41.02)",0.013071406981221098,10.0,True,False
OH* <=> OH,19,0.1,"Pandas(T5=1204.0, T5_units='K', P5=1470000.0, P5_units='Pa', composition='H2:0.1254, O2:0.0157, Ar:0.8589', phi=3.9936305732484083, tau=4.6e-05, tau_units='s', pressure_rise=nan, pressure_rise_units='', ignition_type='max', ignition_target='OHEX;', ignition_amount='', ignition_units='', filename='x10001015.xml', exp_unc=41.02)",0.0017260439064935096,35.0,True,True
AR + OH* <=> AR + OH,20,0.1,"Pandas(T5=1204.0, T5_units='K', P5=1470000.0, P5_units='Pa', composition='H2:0.1254, O2:0.0157, Ar:0.8589', phi=3.9936305732484083, tau=4.6e-05, tau_units='s', pressure_rise=nan, pressure_rise_units='', ignition_type='max', ignition_target='OHEX;', ignition_amount='', ignition_units='', filename='x10001015.xml', exp_unc=41.02)",0.0003754622445642162,38.0,True,False
O2 + OH* <=> O2 + OH,21,0.1,"Pandas(T5=1204.0, T5_units='K', P5=1470000.0, P5_units='Pa', composition='H2:0.1254, O2:0.0157, Ar:0.8589', phi=3.9936305732484083, tau=4.6e-05, tau_units='s', pressure_rise=nan, pressure_rise_units='', ignition_type='max', ignition_target='OHEX;', ignition_amount='', ignition_units='', filename='x10001015.xml', exp_unc=41.02)",0.010157995739104086,15.0,True,True
H2O + OH* <=> H2O + OH,22,0.1,"Pandas(T5=1204.0, T5_units='K', P5=1470000.0, P5_units='Pa', composition='H2:0.1254, O2:0.0157, Ar:0.8589', phi=3.9936305732484083, tau=4.6e-05, tau_units='s', pressure_rise=nan, pressure_rise_units='', ignition_type='max', ignition_target='OHEX;', ignition_amount='', ignition_units='', filename='x10001015.xml', exp_unc=41.02)",0.009450532622371974,16.0,True,True
H2 + OH* <=> H2 + OH,23,0.1,"Pandas(T5=1204.0, T5_units='K', P5=1470000.0, P5_units='Pa', composition='H2:0.1254, O2:0.0157, Ar:0.8589', phi=3.9936305732484083, tau=4.6e-05, tau_units='s', pressure_rise=nan, pressure_rise_units='', ignition_type='max', ignition_target='OHEX;', ignition_amount='', ignition_units='', filename='x10001015.xml', exp_unc=41.02)",0.009434191140927584,17.0,True,False
N2 + OH* <=> N2 + OH,24,0.1,"Pandas(T5=1204.0, T5_units='K', P5=1470000.0, P5_units='Pa', composition='H2:0.1254, O2:0.0157, Ar:0.8589', phi=3.9936305732484083, tau=4.6e-05, tau_units='s', pressure_rise=nan, pressure_rise_units='', ignition_type='max', ignition_target='OHEX;', ignition_amount='', ignition_units='', filename='x10001015.xml', exp_unc=41.02)",0.015695462604697598,7.0,True,False
OH + OH* <=> 2 OH,25,0.1,"Pandas(T5=1204.0, T5_units='K', P5=1470000.0, P5_units='Pa', composition='H2:0.1254, O2:0.0157, Ar:0.8589', phi=3.9936305732484083, tau=4.6e-05, tau_units='s', pressure_rise=nan, pressure_rise_units='', ignition_type='max', ignition_target='OHEX;', ignition_amount='', ignition_units='', filename='x10001015.xml', exp_unc=41.02)",0.006896966036080052,21.0,True,False
H + OH* <=> H + OH,26,0.1,"Pandas(T5=1204.0, T5_units='K', P5=1470000.0, P5_units='Pa', composition='H2:0.1254, O2:0.0157, Ar:0.8589', phi=3.9936305732484083, tau=4.6e-05, tau_units='s', pressure_rise=nan, pressure_rise_units='', ignition_type='max', ignition_target='OHEX;', ignition_amount='', ignition_units='', filename='x10001015.xml', exp_unc=41.02)",0.006395612019130698,22.0,True,True
CO + O (+M) <=> CO2 (+M),27,0.1,"Pandas(T5=1204.0, T5_units='K', P5=1470000.0, P5_units='Pa', composition='H2:0.1254, O2:0.0157, Ar:0.8589', phi=3.9936305732484083, tau=4.6e-05, tau_units='s', pressure_rise=nan, pressure_rise_units='', ignition_type='max', ignition_target='OHEX;', ignition_amount='', ignition_units='', filename='x10001015.xml', exp_unc=41.02)",0.005923734189671128,24.0,True,False
CO + OH <=> CO2 + H,28,0.1,"Pandas(T5=1204.0, T5_units='K', P5=1470000.0, P5_units='Pa', composition='H2:0.1254, O2:0.0157, Ar:0.8589', phi=3.9936305732484083, tau=4.6e-05, tau_units='s', pressure_rise=nan, pressure_rise_units='', ignition_type='max', ignition_target='OHEX;', ignition_amount='', ignition_units='', filename='x10001015.xml', exp_unc=41.02)",0.00017941175808797372,39.0,True,False
CO + O2 <=> CO2 + O,29,0.1,"Pandas(T5=1204.0, T5_units='K', P5=1470000.0, P5_units='Pa', composition='H2:0.1254, O2:0.0157, Ar:0.8589', phi=3.9936305732484083, tau=4.6e-05, tau_units='s', pressure_rise=nan, pressure_rise_units='', ignition_type='max', ignition_target='OHEX;', ignition_amount='', ignition_units='', filename='x10001015.xml', exp_unc=41.02)",0.0032109956512254125,33.0,True,False
CO + HO2 <=> CO2 + OH,30,0.1,"Pandas(T5=1204.0, T5_units='K', P5=1470000.0, P5_units='Pa', composition='H2:0.1254, O2:0.0157, Ar:0.8589', phi=3.9936305732484083, tau=4.6e-05, tau_units='s', pressure_rise=nan, pressure_rise_units='', ignition_type='max', ignition_target='OHEX;', ignition_amount='', ignition_units='', filename='x10001015.xml', exp_unc=41.02)",0.008861139973634488,18.0,True,False
C + OH <=> CO + H,31,0.1,"Pandas(T5=1204.0, T5_units='K', P5=1470000.0, P5_units='Pa', composition='H2:0.1254, O2:0.0157, Ar:0.8589', phi=3.9936305732484083, tau=4.6e-05, tau_units='s', pressure_rise=nan, pressure_rise_units='', ignition_type='max', ignition_target='OHEX;', ignition_amount='', ignition_units='', filename='x10001015.xml', exp_unc=41.02)",0.013996628873236645,9.0,True,True
C + O2 <=> CO + O,32,0.1,"Pandas(T5=1204.0, T5_units='K', P5=1470000.0, P5_units='Pa', composition='H2:0.1254, O2:0.0157, Ar:0.8589', phi=3.9936305732484083, tau=4.6e-05, tau_units='s', pressure_rise=nan, pressure_rise_units='', ignition_type='max', ignition_target='OHEX;', ignition_amount='', ignition_units='', filename='x10001015.xml', exp_unc=41.02)",0.004531087615482346,26.0,True,False
HCO + M <=> CO + H + M,33,0.1,"Pandas(T5=1204.0, T5_units='K', P5=1470000.0, P5_units='Pa', composition='H2:0.1254, O2:0.0157, Ar:0.8589', phi=3.9936305732484083, tau=4.6e-05, tau_units='s', pressure_rise=nan, pressure_rise_units='', ignition_type='max', ignition_target='OHEX;', ignition_amount='', ignition_units='', filename='x10001015.xml', exp_unc=41.02)",0.0022452384863748706,34.0,True,True
HCO + O2 <=> CO + HO2,34,0.1,"Pandas(T5=1204.0, T5_units='K', P5=1470000.0, P5_units='Pa', composition='H2:0.1254, O2:0.0157, Ar:0.8589', phi=3.9936305732484083, tau=4.6e-05, tau_units='s', pressure_rise=nan, pressure_rise_units='', ignition_type='max', ignition_target='OHEX;', ignition_amount='', ignition_units='', filename='x10001015.xml', exp_unc=41.02)",0.0016660641570448735,36.0,True,False
H + HCO <=> CO + H2,35,0.1,"Pandas(T5=1204.0, T5_units='K', P5=1470000.0, P5_units='Pa', composition='H2:0.1254, O2:0.0157, Ar:0.8589', phi=3.9936305732484083, tau=4.6e-05, tau_units='s', pressure_rise=nan, pressure_rise_units='', ignition_type='max', ignition_target='OHEX;', ignition_amount='', ignition_units='', filename='x10001015.xml', exp_unc=41.02)",0.017771064950834397,4.0,True,False
HCO + O <=> CO2 + H,36,0.1,"Pandas(T5=1204.0, T5_units='K', P5=1470000.0, P5_units='Pa', composition='H2:0.1254, O2:0.0157, Ar:0.8589', phi=3.9936305732484083, tau=4.6e-05, tau_units='s', pressure_rise=nan, pressure_rise_units='', ignition_type='max', ignition_target='OHEX;', ignition_amount='', ignition_units='', filename='x10001015.xml', exp_unc=41.02)",0.010748912439773326,14.0,True,True
HCO + O <=> CO + OH,37,0.1,"Pandas(T5=1204.0, T5_units='K', P5=1470000.0, P5_units='Pa', composition='H2:0.1254, O2:0.0157, Ar:0.8589', phi=3.9936305732484083, tau=4.6e-05, tau_units='s', pressure_rise=nan, pressure_rise_units='', ignition_type='max', ignition_target='OHEX;', ignition_amount='', ignition_units='', filename='x10001015.xml', exp_unc=41.02)",0.015407656356234478,8.0,True,True
HCO + OH <=> CO + H2O,38,0.1,"Pandas(T5=1204.0, T5_units='K', P5=1470000.0, P5_units='Pa', composition='H2:0.1254, O2:0.0157, Ar:0.8589', phi=3.9936305732484083, tau=4.6e-05, tau_units='s', pressure_rise=nan, pressure_rise_units='', ignition_type='max', ignition_target='OHEX;', ignition_amount='', ignition_units='', filename='x10001015.xml', exp_unc=41.02)",0.0034448559486779484,32.0,True,True
HCO + HO2 => CO2 + H + OH,39,0.1,"Pandas(T5=1204.0, T5_units='K', P5=1470000.0, P5_units='Pa', composition='H2:0.1254, O2:0.0157, Ar:0.8589', phi=3.9936305732484083, tau=4.6e-05, tau_units='s', pressure_rise=nan, pressure_rise_units='', ignition_type='max', ignition_target='OHEX;', ignition_amount='', ignition_units='', filename='x10001015.xml', exp_unc=41.02)",0.000148023925881984,40.0,True,True
2 HCO => 2 CO + H2,40,0.1,"Pandas(T5=1204.0, T5_units='K', P5=1470000.0, P5_units='Pa', composition='H2:0.1254, O2:0.0157, Ar:0.8589', phi=3.9936305732484083, tau=4.6e-05, tau_units='s', pressure_rise=nan, pressure_rise_units='', ignition_type='max', ignition_target='OHEX;', ignition_amount='', ignition_units='', filename='x10001015.xml', exp_unc=41.02)",0.0011874312690339768,37.0,True,False
2 H + M <=> H2 + M,0,0.1,"Pandas(T5=1929.0, T5_units='K', P5=33842.55, P5_units='Pa', composition='H2:0.01, O2:0.03, Ar:0.96', phi=0.16666666666666669, tau=3.4299999999999993e-05, tau_units='s', pressure_rise=nan, pressure_rise_units='', ignition_type='max', ignition_target='OH;', ignition_amount='', ignition_units='', filename='x10000027_x.xml', exp_unc=80.0)",0.0008178614191732825,27.0,True,False
H + O + M <=> OH + M,1,0.1,"Pandas(T5=1929.0, T5_units='K', P5=33842.55, P5_units='Pa', composition='H2:0.01, O2:0.03, Ar:0.96', phi=0.16666666666666669, tau=3.4299999999999993e-05, tau_units='s', pressure_rise=nan, pressure_rise_units='', ignition_type='max', ignition_target='OH;', ignition_amount='', ignition_units='', filename='x10000027_x.xml', exp_unc=80.0)",0.0004070744791807518,32.0,True,False
H + O2 (+M) <=> HO2 (+M),2,0.1,"Pandas(T5=1929.0, T5_units='K', P5=33842.55, P5_units='Pa', composition='H2:0.01, O2:0.03, Ar:0.96', phi=0.16666666666666669, tau=3.4299999999999993e-05, tau_units='s', pressure_rise=nan, pressure_rise_units='', ignition_type='max', ignition_target='OH;', ignition_amount='', ignition_units='', filename='x10000027_x.xml', exp_unc=80.0)",2.000090052943761e-05,41.0,True,False
H + O2 <=> O + OH,3,0.1,"Pandas(T5=1929.0, T5_units='K', P5=33842.55, P5_units='Pa', composition='H2:0.01, O2:0.03, Ar:0.96', phi=0.16666666666666669, tau=3.4299999999999993e-05, tau_units='s', pressure_rise=nan, pressure_rise_units='', ignition_type='max', ignition_target='OH;', ignition_amount='', ignition_units='', filename='x10000027_x.xml', exp_unc=80.0)",0.10929842409467534,1.0,False,False
H + OH (+M) <=> H2O (+M),4,0.1,"Pandas(T5=1929.0, T5_units='K', P5=33842.55, P5_units='Pa', composition='H2:0.01, O2:0.03, Ar:0.96', phi=0.16666666666666669, tau=3.4299999999999993e-05, tau_units='s', pressure_rise=nan, pressure_rise_units='', ignition_type='max', ignition_target='OH;', ignition_amount='', ignition_units='', filename='x10000027_x.xml', exp_unc=80.0)",0.0022198253514571953,13.0,True,True
H2 + O <=> H + OH,5,0.1,"Pandas(T5=1929.0, T5_units='K', P5=33842.55, P5_units='Pa', composition='H2:0.01, O2:0.03, Ar:0.96', phi=0.16666666666666669, tau=3.4299999999999993e-05, tau_units='s', pressure_rise=nan, pressure_rise_units='', ignition_type='max', ignition_target='OH;', ignition_amount='', ignition_units='', filename='x10000027_x.xml', exp_unc=80.0)",0.07374032144960356,2.0,False,False
H2 + OH <=> H + H2O,6,0.1,"Pandas(T5=1929.0, T5_units='K', P5=33842.55, P5_units='Pa', composition='H2:0.01, O2:0.03, Ar:0.96', phi=0.16666666666666669, tau=3.4299999999999993e-05, tau_units='s', pressure_rise=nan, pressure_rise_units='', ignition_type='max', ignition_target='OH;', ignition_amount='', ignition_units='', filename='x10000027_x.xml', exp_unc=80.0)",0.028725264732231533,3.0,False,False
H + H2O2 <=> H2 + HO2,7,0.1,"Pandas(T5=1929.0, T5_units='K', P5=33842.55, P5_units='Pa', composition='H2:0.01, O2:0.03, Ar:0.96', phi=0.16666666666666669, tau=3.4299999999999993e-05, tau_units='s', pressure_rise=nan, pressure_rise_units='', ignition_type='max', ignition_target='OH;', ignition_amount='', ignition_units='', filename='x10000027_x.xml', exp_unc=80.0)",0.0017557849826884111,15.0,True,False
H + H2O2 <=> H2O + OH,8,0.1,"Pandas(T5=1929.0, T5_units='K', P5=33842.55, P5_units='Pa', composition='H2:0.01, O2:0.03, Ar:0.96', phi=0.16666666666666669, tau=3.4299999999999993e-05, tau_units='s', pressure_rise=nan, pressure_rise_units='', ignition_type='max', ignition_target='OH;', ignition_amount='', ignition_units='', filename='x10000027_x.xml', exp_unc=80.0)",0.002355654338712047,11.0,True,True
H2O2 + O <=> HO2 + OH,9,0.1,"Pandas(T5=1929.0, T5_units='K', P5=33842.55, P5_units='Pa', composition='H2:0.01, O2:0.03, Ar:0.96', phi=0.16666666666666669, tau=3.4299999999999993e-05, tau_units='s', pressure_rise=nan, pressure_rise_units='', ignition_type='max', ignition_target='OH;', ignition_amount='', ignition_units='', filename='x10000027_x.xml', exp_unc=80.0)",0.0028917537973165686,8.0,True,True
H2O2 + OH <=> H2O + HO2,10,0.1,"Pandas(T5=1929.0, T5_units='K', P5=33842.55, P5_units='Pa', composition='H2:0.01, O2:0.03, Ar:0.96', phi=0.16666666666666669, tau=3.4299999999999993e-05, tau_units='s', pressure_rise=nan, pressure_rise_units='', ignition_type='max', ignition_target='OH;', ignition_amount='', ignition_units='', filename='x10000027_x.xml', exp_unc=80.0)",0.0023694883459796155,10.0,True,False
H + HO2 <=> H2 + O2,11,0.1,"Pandas(T5=1929.0, T5_units='K', P5=33842.55, P5_units='Pa', composition='H2:0.01, O2:0.03, Ar:0.96', phi=0.16666666666666669, tau=3.4299999999999993e-05, tau_units='s', pressure_rise=nan, pressure_rise_units='', ignition_type='max', ignition_target='OH;', ignition_amount='', ignition_units='', filename='x10000027_x.xml', exp_unc=80.0)",0.015759061248016733,5.0,False,False
H + HO2 <=> 2 OH,12,0.1,"Pandas(T5=1929.0, T5_units='K', P5=33842.55, P5_units='Pa', composition='H2:0.01, O2:0.03, Ar:0.96', phi=0.16666666666666669, tau=3.4299999999999993e-05, tau_units='s', pressure_rise=nan, pressure_rise_units='', ignition_type='max', ignition_target='OH;', ignition_amount='', ignition_units='', filename='x10000027_x.xml', exp_unc=80.0)",0.0009350302330407618,25.0,True,False
2 HO2 <=> H2O2 + O2,13,0.1,"Pandas(T5=1929.0, T5_units='K', P5=33842.55, P5_units='Pa', composition='H2:0.01, O2:0.03, Ar:0.96', phi=0.16666666666666669, tau=3.4299999999999993e-05, tau_units='s', pressure_rise=nan, pressure_rise_units='', ignition_type='max', ignition_target='OH;', ignition_amount='', ignition_units='', filename='x10000027_x.xml', exp_unc=80.0)",0.0008359231727484139,26.0,True,False
HO2 + O <=> O2 + OH,14,0.1,"Pandas(T5=1929.0, T5_units='K', P5=33842.55, P5_units='Pa', composition='H2:0.01, O2:0.03, Ar:0.96', phi=0.16666666666666669, tau=3.4299999999999993e-05, tau_units='s', pressure_rise=nan, pressure_rise_units='', ignition_type='max', ignition_target='OH;', ignition_amount='', ignition_units='', filename='x10000027_x.xml', exp_unc=80.0)",0.0024520399932287983,9.0,True,False
HO2 + OH <=> H2O + O2,15,0.1,"Pandas(T5=1929.0, T5_units='K', P5=33842.55, P5_units='Pa', composition='H2:0.01, O2:0.03, Ar:0.96', phi=0.16666666666666669, tau=3.4299999999999993e-05, tau_units='s', pressure_rise=nan, pressure_rise_units='', ignition_type='max', ignition_target='OH;', ignition_amount='', ignition_units='', filename='x10000027_x.xml', exp_unc=80.0)",0.0011502032868198518,22.0,True,True
2 O + M <=> O2 + M,16,0.1,"Pandas(T5=1929.0, T5_units='K', P5=33842.55, P5_units='Pa', composition='H2:0.01, O2:0.03, Ar:0.96', phi=0.16666666666666669, tau=3.4299999999999993e-05, tau_units='s', pressure_rise=nan, pressure_rise_units='', ignition_type='max', ignition_target='OH;', ignition_amount='', ignition_units='', filename='x10000027_x.xml', exp_unc=80.0)",0.0016183079055571631,18.0,True,False
2 OH <=> H2O + O,17,0.1,"Pandas(T5=1929.0, T5_units='K', P5=33842.55, P5_units='Pa', composition='H2:0.01, O2:0.03, Ar:0.96', phi=0.16666666666666669, tau=3.4299999999999993e-05, tau_units='s', pressure_rise=nan, pressure_rise_units='', ignition_type='max', ignition_target='OH;', ignition_amount='', ignition_units='', filename='x10000027_x.xml', exp_unc=80.0)",0.02714705336239818,4.0,False,False
H2O2 (+M) <=> 2 OH (+M),18,0.1,"Pandas(T5=1929.0, T5_units='K', P5=33842.55, P5_units='Pa', composition='H2:0.01, O2:0.03, Ar:0.96', phi=0.16666666666666669, tau=3.4299999999999993e-05, tau_units='s', pressure_rise=nan, pressure_rise_units='', ignition_type='max', ignition_target='OH;', ignition_amount='', ignition_units='', filename='x10000027_x.xml', exp_unc=80.0)",0.0010757272040048994,23.0,True,False
OH* <=> OH,19,0.1,"Pandas(T5=1929.0, T5_units='K', P5=33842.55, P5_units='Pa', composition='H2:0.01, O2:0.03, Ar:0.96', phi=0.16666666666666669, tau=3.4299999999999993e-05, tau_units='s', pressure_rise=nan, pressure_rise_units='', ignition_type='max', ignition_target='OH;', ignition_amount='', ignition_units='', filename='x10000027_x.xml', exp_unc=80.0)",0.0006180270499536852,30.0,True,True
AR + OH* <=> AR + OH,20,0.1,"Pandas(T5=1929.0, T5_units='K', P5=33842.55, P5_units='Pa', composition='H2:0.01, O2:0.03, Ar:0.96', phi=0.16666666666666669, tau=3.4299999999999993e-05, tau_units='s', pressure_rise=nan, pressure_rise_units='', ignition_type='max', ignition_target='OH;', ignition_amount='', ignition_units='', filename='x10000027_x.xml', exp_unc=80.0)",0.000300204379362555,36.0,True,False
O2 + OH* <=> O2 + OH,21,0.1,"Pandas(T5=1929.0, T5_units='K', P5=33842.55, P5_units='Pa', composition='H2:0.01, O2:0.03, Ar:0.96', phi=0.16666666666666669, tau=3.4299999999999993e-05, tau_units='s', pressure_rise=nan, pressure_rise_units='', ignition_type='max', ignition_target='OH;', ignition_amount='', ignition_units='', filename='x10000027_x.xml', exp_unc=80.0)",0.0001663861749414535,37.0,True,True
H2O + OH* <=> H2O + OH,22,0.1,"Pandas(T5=1929.0, T5_units='K', P5=33842.55, P5_units='Pa', composition='H2:0.01, O2:0.03, Ar:0.96', phi=0.16666666666666669, tau=3.4299999999999993e-05, tau_units='s', pressure_rise=nan, pressure_rise_units='', ignition_type='max', ignition_target='OH;', ignition_amount='', ignition_units='', filename='x10000027_x.xml', exp_unc=80.0)",7.685556349144744e-05,40.0,True,True
H2 + OH* <=> H2 + OH,23,0.1,"Pandas(T5=1929.0, T5_units='K', P5=33842.55, P5_units='Pa', composition='H2:0.01, O2:0.03, Ar:0.96', phi=0.16666666666666669, tau=3.4299999999999993e-05, tau_units='s', pressure_rise=nan, pressure_rise_units='', ignition_type='max', ignition_target='OH;', ignition_amount='', ignition_units='', filename='x10000027_x.xml', exp_unc=80.0)",0.0004373276957926287,31.0,True,False
N2 + OH* <=> N2 + OH,24,0.1,"Pandas(T5=1929.0, T5_units='K', P5=33842.55, P5_units='Pa', composition='H2:0.01, O2:0.03, Ar:0.96', phi=0.16666666666666669, tau=3.4299999999999993e-05, tau_units='s', pressure_rise=nan, pressure_rise_units='', ignition_type='max', ignition_target='OH;', ignition_amount='', ignition_units='', filename='x10000027_x.xml', exp_unc=80.0)",0.0009428505533861618,24.0,True,False
OH + OH* <=> 2 OH,25,0.1,"Pandas(T5=1929.0, T5_units='K', P5=33842.55, P5_units='Pa', composition='H2:0.01, O2:0.03, Ar:0.96', phi=0.16666666666666669, tau=3.4299999999999993e-05, tau_units='s', pressure_rise=nan, pressure_rise_units='', ignition_type='max', ignition_target='OH;', ignition_amount='', ignition_units='', filename='x10000027_x.xml', exp_unc=80.0)",0.0001321831515268761,38.0,True,False
H + OH* <=> H + OH,26,0.1,"Pandas(T5=1929.0, T5_units='K', P5=33842.55, P5_units='Pa', composition='H2:0.01, O2:0.03, Ar:0.96', phi=0.16666666666666669, tau=3.4299999999999993e-05, tau_units='s', pressure_rise=nan, pressure_rise_units='', ignition_type='max', ignition_target='OH;', ignition_amount='', ignition_units='', filename='x10000027_x.xml', exp_unc=80.0)",0.0012469264708168675,21.0,True,True
CO + O (+M) <=> CO2 (+M),27,0.1,"Pandas(T5=1929.0, T5_units='K', P5=33842.55, P5_units='Pa', composition='H2:0.01, O2:0.03, Ar:0.96', phi=0.16666666666666669, tau=3.4299999999999993e-05, tau_units='s', pressure_rise=nan, pressure_rise_units='', ignition_type='max', ignition_target='OH;', ignition_amount='', ignition_units='', filename='x10000027_x.xml', exp_unc=80.0)",0.001630605256668092,17.0,True,False
CO + OH <=> CO2 + H,28,0.1,"Pandas(T5=1929.0, T5_units='K', P5=33842.55, P5_units='Pa', composition='H2:0.01, O2:0.03, Ar:0.96', phi=0.16666666666666669, tau=3.4299999999999993e-05, tau_units='s', pressure_rise=nan, pressure_rise_units='', ignition_type='max', ignition_target='OH;', ignition_amount='', ignition_units='', filename='x10000027_x.xml', exp_unc=80.0)",0.0007358865773295596,29.0,True,False
CO + O2 <=> CO2 + O,29,0.1,"Pandas(T5=1929.0, T5_units='K', P5=33842.55, P5_units='Pa', composition='H2:0.01, O2:0.03, Ar:0.96', phi=0.16666666666666669, tau=3.4299999999999993e-05, tau_units='s', pressure_rise=nan, pressure_rise_units='', ignition_type='max', ignition_target='OH;', ignition_amount='', ignition_units='', filename='x10000027_x.xml', exp_unc=80.0)",0.0015930176240311425,19.0,True,False
CO + HO2 <=> CO2 + OH,30,0.1,"Pandas(T5=1929.0, T5_units='K', P5=33842.55, P5_units='Pa', composition='H2:0.01, O2:0.03, Ar:0.96', phi=0.16666666666666669, tau=3.4299999999999993e-05, tau_units='s', pressure_rise=nan, pressure_rise_units='', ignition_type='max', ignition_target='OH;', ignition_amount='', ignition_units='', filename='x10000027_x.xml', exp_unc=80.0)",0.0017937089453165444,14.0,True,False
C + OH <=> CO + H,31,0.1,"Pandas(T5=1929.0, T5_units='K', P5=33842.55, P5_units='Pa', composition='H2:0.01, O2:0.03, Ar:0.96', phi=0.16666666666666669, tau=3.4299999999999993e-05, tau_units='s', pressure_rise=nan, pressure_rise_units='', ignition_type='max', ignition_target='OH;', ignition_amount='', ignition_units='', filename='x10000027_x.xml', exp_unc=80.0)",0.000340841755937352,34.0,True,True
C + O2 <=> CO + O,32,0.1,"Pandas(T5=1929.0, T5_units='K', P5=33842.55, P5_units='Pa', composition='H2:0.01, O2:0.03, Ar:0.96', phi=0.16666666666666669, tau=3.4299999999999993e-05, tau_units='s', pressure_rise=nan, pressure_rise_units='', ignition_type='max', ignition_target='OH;', ignition_amount='', ignition_units='', filename='x10000027_x.xml', exp_unc=80.0)",0.0007786354125634523,28.0,True,False
HCO + M <=> CO + H + M,33,0.1,"Pandas(T5=1929.0, T5_units='K', P5=33842.55, P5_units='Pa', composition='H2:0.01, O2:0.03, Ar:0.96', phi=0.16666666666666669, tau=3.4299999999999993e-05, tau_units='s', pressure_rise=nan, pressure_rise_units='', ignition_type='max', ignition_target='OH;', ignition_amount='', ignition_units='', filename='x10000027_x.xml', exp_unc=80.0)",0.001452118243248457,20.0,True,True
HCO + O2 <=> CO + HO2,34,0.1,"Pandas(T5=1929.0, T5_units='K', P5=33842.55, P5_units='Pa', composition='H2:0.01, O2:0.03, Ar:0.96', phi=0.16666666666666669, tau=3.4299999999999993e-05, tau_units='s', pressure_rise=nan, pressure_rise_units='', ignition_type='max', ignition_target='OH;', ignition_amount='', ignition_units='', filename='x10000027_x.xml', exp_unc=80.0)",0.00032230453534677595,35.0,True,False
H + HCO <=> CO + H2,35,0.1,"Pandas(T5=1929.0, T5_units='K', P5=33842.55, P5_units='Pa', composition='H2:0.01, O2:0.03, Ar:0.96', phi=0.16666666666666669, tau=3.4299999999999993e-05, tau_units='s', pressure_rise=nan, pressure_rise_units='', ignition_type='max', ignition_target='OH;', ignition_amount='', ignition_units='', filename='x10000027_x.xml', exp_unc=80.0)",0.00011242819293846782,39.0,True,False
HCO + O <=> CO2 + H,36,0.1,"Pandas(T5=1929.0, T5_units='K', P5=33842.55, P5_units='Pa', composition='H2:0.01, O2:0.03, Ar:0.96', phi=0.16666666666666669, tau=3.4299999999999993e-05, tau_units='s', pressure_rise=nan, pressure_rise_units='', ignition_type='max', ignition_target='OH;', ignition_amount='', ignition_units='', filename='x10000027_x.xml', exp_unc=80.0)",0.00036578612002500165,33.0,True,True
HCO + O <=> CO + OH,37,0.1,"Pandas(T5=1929.0, T5_units='K', P5=33842.55, P5_units='Pa', composition='H2:0.01, O2:0.03, Ar:0.96', phi=0.16666666666666669, tau=3.4299999999999993e-05, tau_units='s', pressure_rise=nan, pressure_rise_units='', ignition_type='max', ignition_target='OH;', ignition_amount='', ignition_units='', filename='x10000027_x.xml', exp_unc=80.0)",0.001743787697363184,16.0,True,True
HCO + OH <=> CO + H2O,38,0.1,"Pandas(T5=1929.0, T5_units='K', P5=33842.55, P5_units='Pa', composition='H2:0.01, O2:0.03, Ar:0.96', phi=0.16666666666666669, tau=3.4299999999999993e-05, tau_units='s', pressure_rise=nan, pressure_rise_units='', ignition_type='max', ignition_target='OH;', ignition_amount='', ignition_units='', filename='x10000027_x.xml', exp_unc=80.0)",0.002230678999391718,12.0,True,True
HCO + HO2 => CO2 + H + OH,39,0.1,"Pandas(T5=1929.0, T5_units='K', P5=33842.55, P5_units='Pa', composition='H2:0.01, O2:0.03, Ar:0.96', phi=0.16666666666666669, tau=3.4299999999999993e-05, tau_units='s', pressure_rise=nan, pressure_rise_units='', ignition_type='max', ignition_target='OH;', ignition_amount='', ignition_units='', filename='x10000027_x.xml', exp_unc=80.0)",0.003527609462252843,6.0,True,True
2 HCO => 2 CO + H2,40,0.1,"Pandas(T5=1929.0, T5_units='K', P5=33842.55, P5_units='Pa', composition='H2:0.01, O2:0.03, Ar:0.96', phi=0.16666666666666669, tau=3.4299999999999993e-05, tau_units='s', pressure_rise=nan, pressure_rise_units='', ignition_type='max', ignition_target='OH;', ignition_amount='', ignition_units='', filename='x10000027_x.xml', exp_unc=80.0)",0.0031015417871820324,7.0,True,False
2 H + M <=> H2 + M,0,0.1,"Pandas(T5=1698.0, T5_units='K', P5=120000.0, P5_units='Pa', composition='H2:0.1254, O2:0.0157, Ar:0.8589', phi=3.9936305732484083, tau=7.9e-05, tau_units='s', pressure_rise=nan, pressure_rise_units='', ignition_type='max', ignition_target='OHEX;', ignition_amount='', ignition_units='', filename='x10001017.xml', exp_unc=24.41)",0.003943372432132422,21.0,True,False
H + O + M <=> OH + M,1,0.1,"Pandas(T5=1698.0, T5_units='K', P5=120000.0, P5_units='Pa', composition='H2:0.1254, O2:0.0157, Ar:0.8589', phi=3.9936305732484083, tau=7.9e-05, tau_units='s', pressure_rise=nan, pressure_rise_units='', ignition_type='max', ignition_target='OHEX;', ignition_amount='', ignition_units='', filename='x10001017.xml', exp_unc=24.41)",0.0047341475387040295,18.0,True,False
H + O2 (+M) <=> HO2 (+M),2,0.1,"Pandas(T5=1698.0, T5_units='K', P5=120000.0, P5_units='Pa', composition='H2:0.1254, O2:0.0157, Ar:0.8589', phi=3.9936305732484083, tau=7.9e-05, tau_units='s', pressure_rise=nan, pressure_rise_units='', ignition_type='max', ignition_target='OHEX;', ignition_amount='', ignition_units='', filename='x10001017.xml', exp_unc=24.41)",0.0027917627439701834,28.0,True,False
H + O2 <=> O + OH,3,0.1,"Pandas(T5=1698.0, T5_units='K', P5=120000.0, P5_units='Pa', composition='H2:0.1254, O2:0.0157, Ar:0.8589', phi=3.9936305732484083, tau=7.9e-05, tau_units='s', pressure_rise=nan, pressure_rise_units='', ignition_type='max', ignition_target='OHEX;', ignition_amount='', ignition_units='', filename='x10001017.xml', exp_unc=24.41)",0.23843346859134767,1.0,False,False
H + OH (+M) <=> H2O (+M),4,0.1,"Pandas(T5=1698.0, T5_units='K', P5=120000.0, P5_units='Pa', composition='H2:0.1254, O2:0.0157, Ar:0.8589', phi=3.9936305732484083, tau=7.9e-05, tau_units='s', pressure_rise=nan, pressure_rise_units='', ignition_type='max', ignition_target='OHEX;', ignition_amount='', ignition_units='', filename='x10001017.xml', exp_unc=24.41)",0.00045899658908084485,40.0,True,True
H2 + O <=> H + OH,5,0.1,"Pandas(T5=1698.0, T5_units='K', P5=120000.0, P5_units='Pa', composition='H2:0.1254, O2:0.0157, Ar:0.8589', phi=3.9936305732484083, tau=7.9e-05, tau_units='s', pressure_rise=nan, pressure_rise_units='', ignition_type='max', ignition_target='OHEX;', ignition_amount='', ignition_units='', filename='x10001017.xml', exp_unc=24.41)",0.01070980327085563,4.0,True,False
H2 + OH <=> H + H2O,6,0.1,"Pandas(T5=1698.0, T5_units='K', P5=120000.0, P5_units='Pa', composition='H2:0.1254, O2:0.0157, Ar:0.8589', phi=3.9936305732484083, tau=7.9e-05, tau_units='s', pressure_rise=nan, pressure_rise_units='', ignition_type='max', ignition_target='OHEX;', ignition_amount='', ignition_units='', filename='x10001017.xml', exp_unc=24.41)",0.08973394233949032,2.0,False,False
H + H2O2 <=> H2 + HO2,7,0.1,"Pandas(T5=1698.0, T5_units='K', P5=120000.0, P5_units='Pa', composition='H2:0.1254, O2:0.0157, Ar:0.8589', phi=3.9936305732484083, tau=7.9e-05, tau_units='s', pressure_rise=nan, pressure_rise_units='', ignition_type='max', ignition_target='OHEX;', ignition_amount='', ignition_units='', filename='x10001017.xml', exp_unc=24.41)",0.0018763711558442597,33.0,True,False
H + H2O2 <=> H2O + OH,8,0.1,"Pandas(T5=1698.0, T5_units='K', P5=120000.0, P5_units='Pa', composition='H2:0.1254, O2:0.0157, Ar:0.8589', phi=3.9936305732484083, tau=7.9e-05, tau_units='s', pressure_rise=nan, pressure_rise_units='', ignition_type='max', ignition_target='OHEX;', ignition_amount='', ignition_units='', filename='x10001017.xml', exp_unc=24.41)",0.0094322812929713,7.0,True,True
H2O2 + O <=> HO2 + OH,9,0.1,"Pandas(T5=1698.0, T5_units='K', P5=120000.0, P5_units='Pa', composition='H2:0.1254, O2:0.0157, Ar:0.8589', phi=3.9936305732484083, tau=7.9e-05, tau_units='s', pressure_rise=nan, pressure_rise_units='', ignition_type='max', ignition_target='OHEX;', ignition_amount='', ignition_units='', filename='x10001017.xml', exp_unc=24.41)",0.00429646275825339,20.0,True,True
H2O2 + OH <=> H2O + HO2,10,0.1,"Pandas(T5=1698.0, T5_units='K', P5=120000.0, P5_units='Pa', composition='H2:0.1254, O2:0.0157, Ar:0.8589', phi=3.9936305732484083, tau=7.9e-05, tau_units='s', pressure_rise=nan, pressure_rise_units='', ignition_type='max', ignition_target='OHEX;', ignition_amount='', ignition_units='', filename='x10001017.xml', exp_unc=24.41)",0.005867108100479707,14.0,True,False
H + HO2 <=> H2 + O2,11,0.1,"Pandas(T5=1698.0, T5_units='K', P5=120000.0, P5_units='Pa', composition='H2:0.1254, O2:0.0157, Ar:0.8589', phi=3.9936305732484083, tau=7.9e-05, tau_units='s', pressure_rise=nan, pressure_rise_units='', ignition_type='max', ignition_target='OHEX;', ignition_amount='', ignition_units='', filename='x10001017.xml', exp_unc=24.41)",0.006838304380414138,12.0,True,False
H + HO2 <=> 2 OH,12,0.1,"Pandas(T5=1698.0, T5_units='K', P5=120000.0, P5_units='Pa', composition='H2:0.1254, O2:0.0157, Ar:0.8589', phi=3.9936305732484083, tau=7.9e-05, tau_units='s', pressure_rise=nan, pressure_rise_units='', ignition_type='max', ignition_target='OHEX;', ignition_amount='', ignition_units='', filename='x10001017.xml', exp_unc=24.41)",0.0030174169694548968,25.0,True,False
2 HO2 <=> H2O2 + O2,13,0.1,"Pandas(T5=1698.0, T5_units='K', P5=120000.0, P5_units='Pa', composition='H2:0.1254, O2:0.0157, Ar:0.8589', phi=3.9936305732484083, tau=7.9e-05, tau_units='s', pressure_rise=nan, pressure_rise_units='', ignition_type='max', ignition_target='OHEX;', ignition_amount='', ignition_units='', filename='x10001017.xml', exp_unc=24.41)",0.005714881727744946,15.0,True,False
HO2 + O <=> O2 + OH,14,0.1,"Pandas(T5=1698.0, T5_units='K', P5=120000.0, P5_units='Pa', composition='H2:0.1254, O2:0.0157, Ar:0.8589', phi=3.9936305732484083, tau=7.9e-05, tau_units='s', pressure_rise=nan, pressure_rise_units='', ignition_type='max', ignition_target='OHEX;', ignition_amount='', ignition_units='', filename='x10001017.xml', exp_unc=24.41)",0.015495737384772532,3.0,True,False
HO2 + OH <=> H2O + O2,15,0.1,"Pandas(T5=1698.0, T5_units='K', P5=120000.0, P5_units='Pa', composition='H2:0.1254, O2:0.0157, Ar:0.8589', phi=3.9936305732484083, tau=7.9e-05, tau_units='s', pressure_rise=nan, pressure_rise_units='', ignition_type='max', ignition_target='OHEX;', ignition_amount='', ignition_units='', filename='x10001017.xml', exp_unc=24.41)",0.007469036685280381,10.0,True,True
2 O + M <=> O2 + M,16,0.1,"Pandas(T5=1698.0, T5_units='K', P5=120000.0, P5_units='Pa', composition='H2:0.1254, O2:0.0157, Ar:0.8589', phi=3.9936305732484083, tau=7.9e-05, tau_units='s', pressure_rise=nan, pressure_rise_units='', ignition_type='max', ignition_target='OHEX;', ignition_amount='', ignition_units='', filename='x10001017.xml', exp_unc=24.41)",0.0024207859664613,32.0,True,False
2 OH <=> H2O + O,17,0.1,"Pandas(T5=1698.0, T5_units='K', P5=120000.0, P5_units='Pa', composition='H2:0.1254, O2:0.0157, Ar:0.8589', phi=3.9936305732484083, tau=7.9e-05, tau_units='s', pressure_rise=nan, pressure_rise_units='', ignition_type='max', ignition_target='OHEX;', ignition_amount='', ignition_units='', filename='x10001017.xml', exp_unc=24.41)",0.0038159289969460636,22.0,True,False
H2O2 (+M) <=> 2 OH (+M),18,0.1,"Pandas(T5=1698.0, T5_units='K', P5=120000.0, P5_units='Pa', composition='H2:0.1254, O2:0.0157, Ar:0.8589', phi=3.9936305732484083, tau=7.9e-05, tau_units='s', pressure_rise=nan, pressure_rise_units='', ignition_type='max', ignition_target='OHEX;', ignition_amount='', ignition_units='', filename='x10001017.xml', exp_unc=24.41)",0.00275505242164994,30.0,True,False
OH* <=> OH,19,0.1,"Pandas(T5=1698.0, T5_units='K', P5=120000.0, P5_units='Pa', composition='H2:0.1254, O2:0.0157, Ar:0.8589', phi=3.9936305732484083, tau=7.9e-05, tau_units='s', pressure_rise=nan, pressure_rise_units='', ignition_type='max', ignition_target='OHEX;', ignition_amount='', ignition_units='', filename='x10001017.xml', exp_unc=24.41)",0.0027264488941432696,31.0,True,True
AR + OH* <=> AR + OH,20,0.1,"Pandas(T5=1698.0, T5_units='K', P5=120000.0, P5_units='Pa', composition='H2:0.1254, O2:0.0157, Ar:0.8589', phi=3.9936305732484083, tau=7.9e-05, tau_units='s', pressure_rise=nan, pressure_rise_units='', ignition_type='max', ignition_target='OHEX;', ignition_amount='', ignition_units='', filename='x10001017.xml', exp_unc=24.41)",0.00076027894754877,37.0,True,False
O2 + OH* <=> O2 + OH,21,0.1,"Pandas(T5=1698.0, T5_units='K', P5=120000.0, P5_units='Pa', composition='H2:0.1254, O2:0.0157, Ar:0.8589', phi=3.9936305732484083, tau=7.9e-05, tau_units='s', pressure_rise=nan, pressure_rise_units='', ignition_type='max', ignition_target='OHEX;', ignition_amount='', ignition_units='', filename='x10001017.xml', exp_unc=24.41)",0.00290932046312438,26.0,True,True
H2O + OH* <=> H2O + OH,22,0.1,"Pandas(T5=1698.0, T5_units='K', P5=120000.0, P5_units='Pa', composition='H2:0.1254, O2:0.0157, Ar:0.8589', phi=3.9936305732484083, tau=7.9e-05, tau_units='s', pressure_rise=nan, pressure_rise_units='', ignition_type='max', ignition_target='OHEX;', ignition_amount='', ignition_units='', filename='x10001017.xml', exp_unc=24.41)",0.000982576284752259,36.0,True,True
H2 + OH* <=> H2 + OH,23,0.1,"Pandas(T5=1698.0, T5_units='K', P5=120000.0, P5_units='Pa', composition='H2:0.1254, O2:0.0157, Ar:0.8589', phi=3.9936305732484083, tau=7.9e-05, tau_units='s', pressure_rise=nan, pressure_rise_units='', ignition_type='max', ignition_target='OHEX;', ignition_amount='', ignition_units='', filename='x10001017.xml', exp_unc=24.41)",0.003219458455342012,24.0,True,False
N2 + OH* <=> N2 + OH,24,0.1,"Pandas(T5=1698.0, T5_units='K', P5=120000.0, P5_units='Pa', composition='H2:0.1254, O2:0.0157, Ar:0.8589', phi=3.9936305732484083, tau=7.9e-05, tau_units='s', pressure_rise=nan, pressure_rise_units='', ignition_type='max', ignition_target='OHEX;', ignition_amount='', ignition_units='', filename='x10001017.xml', exp_unc=24.41)",0.01000850710519282,5.0,True,False
OH + OH* <=> 2 OH,25,0.1,"Pandas(T5=1698.0, T5_units='K', P5=120000.0, P5_units='Pa', composition='H2:0.1254, O2:0.0157, Ar:0.8589', phi=3.9936305732484083, tau=7.9e-05, tau_units='s', pressure_rise=nan, pressure_rise_units='', ignition_type='max', ignition_target='OHEX;', ignition_amount='', ignition_units='', filename='x10001017.xml', exp_unc=24.41)",0.009646753663960731,6.0,True,False
H + OH* <=> H + OH,26,0.1,"Pandas(T5=1698.0, T5_units='K', P5=120000.0, P5_units='Pa', composition='H2:0.1254, O2:0.0157, Ar:0.8589', phi=3.9936305732484083, tau=7.9e-05, tau_units='s', pressure_rise=nan, pressure_rise_units='', ignition_type='max', ignition_target='OHEX;', ignition_amount='', ignition_units='', filename='x10001017.xml', exp_unc=24.41)",0.004537831123921581,19.0,True,True
CO + O (+M) <=> CO2 (+M),27,0.1,"Pandas(T5=1698.0, T5_units='K', P5=120000.0, P5_units='Pa', composition='H2:0.1254, O2:0.0157, Ar:0.8589', phi=3.9936305732484083, tau=7.9e-05, tau_units='s', pressure_rise=nan, pressure_rise_units='', ignition_type='max', ignition_target='OHEX;', ignition_amount='', ignition_units='', filename='x10001017.xml', exp_unc=24.41)",0.00631854367097338,13.0,True,False
CO + OH <=> CO2 + H,28,0.1,"Pandas(T5=1698.0, T5_units='K', P5=120000.0, P5_units='Pa', composition='H2:0.1254, O2:0.0157, Ar:0.8589', phi=3.9936305732484083, tau=7.9e-05, tau_units='s', pressure_rise=nan, pressure_rise_units='', ignition_type='max', ignition_target='OHEX;', ignition_amount='', ignition_units='', filename='x10001017.xml', exp_unc=24.41)",0.0013703669168448453,34.0,True,False
CO + O2 <=> CO2 + O,29,0.1,"Pandas(T5=1698.0, T5_units='K', P5=120000.0, P5_units='Pa', composition='H2:0.1254, O2:0.0157, Ar:0.8589', phi=3.9936305732484083, tau=7.9e-05, tau_units='s', pressure_rise=nan, pressure_rise_units='', ignition_type='max', ignition_target='OHEX;', ignition_amount='', ignition_units='', filename='x10001017.xml', exp_unc=24.41)",0.00566784525847548,16.0,True,False
CO + HO2 <=> CO2 + OH,30,0.1,"Pandas(T5=1698.0, T5_units='K', P5=120000.0, P5_units='Pa', composition='H2:0.1254, O2:0.0157, Ar:0.8589', phi=3.9936305732484083, tau=7.9e-05, tau_units='s', pressure_rise=nan, pressure_rise_units='', ignition_type='max', ignition_target='OHEX;', ignition_amount='', ignition_units='', filename='x10001017.xml', exp_unc=24.41)",0.008068605080495969,9.0,True,False
C + OH <=> CO + H,31,0.1,"Pandas(T5=1698.0, T5_units='K', P5=120000.0, P5_units='Pa', composition='H2:0.1254, O2:0.0157, Ar:0.8589', phi=3.9936305732484083, tau=7.9e-05, tau_units='s', pressure_rise=nan, pressure_rise_units='', ignition_type='max', ignition_target='OHEX;', ignition_amount='', ignition_units='', filename='x10001017.xml', exp_unc=24.41)",0.00038156132260371,41.0,True,True
C + O2 <=> CO + O,32,0.1,"Pandas(T5=1698.0, T5_units='K', P5=120000.0, P5_units='Pa', composition='H2:0.1254, O2:0.0157, Ar:0.8589', phi=3.9936305732484083, tau=7.9e-05, tau_units='s', pressure_rise=nan, pressure_rise_units='', ignition_type='max', ignition_target='OHEX;', ignition_amount='', ignition_units='', filename='x10001017.xml', exp_unc=24.41)",0.0028893321939219493,27.0,True,False
HCO + M <=> CO + H + M,33,0.1,"Pandas(T5=1698.0, T5_units='K', P5=120000.0, P5_units='Pa', composition='H2:0.1254, O2:0.0157, Ar:0.8589', phi=3.9936305732484083, tau=7.9e-05, tau_units='s', pressure_rise=nan, pressure_rise_units='', ignition_type='max', ignition_target='OHEX;', ignition_amount='', ignition_units='', filename='x10001017.xml', exp_unc=24.41)",0.005492049273203185,17.0,True,True
HCO + O2 <=> CO + HO2,34,0.1,"Pandas(T5=1698.0, T5_units='K', P5=120000.0, P5_units='Pa', composition='H2:0.1254, O2:0.0157, Ar:0.8589', phi=3.9936305732484083, tau=7.9e-05, tau_units='s', pressure_rise=nan, pressure_rise_units='', ignition_type='max', ignition_target='OHEX;', ignition_amount='', ignition_units='', filename='x10001017.xml', exp_unc=24.41)",0.007013983358955287,11.0,True,False
H + HCO <=> CO + H2,35,0.1,"Pandas(T5=1698.0, T5_units='K', P5=120000.0, P5_units='Pa', composition='H2:0.1254, O2:0.0157, Ar:0.8589', phi=3.9936305732484083, tau=7.9e-05, tau_units='s', pressure_rise=nan, pressure_rise_units='', ignition_type='max', ignition_target='OHEX;', ignition_amount='', ignition_units='', filename='x10001017.xml', exp_unc=24.41)",0.00046632084061578525,39.0,True,False
HCO + O <=> CO2 + H,36,0.1,"Pandas(T5=1698.0, T5_units='K', P5=120000.0, P5_units='Pa', composition='H2:0.1254, O2:0.0157, Ar:0.8589', phi=3.9936305732484083, tau=7.9e-05, tau_units='s', pressure_rise=nan, pressure_rise_units='', ignition_type='max', ignition_target='OHEX;', ignition_amount='', ignition_units='', filename='x10001017.xml', exp_unc=24.41)",0.0005603962821185695,38.0,True,True
HCO + O <=> CO + OH,37,0.1,"Pandas(T5=1698.0, T5_units='K', P5=120000.0, P5_units='Pa', composition='H2:0.1254, O2:0.0157, Ar:0.8589', phi=3.9936305732484083, tau=7.9e-05, tau_units='s', pressure_rise=nan, pressure_rise_units='', ignition_type='max', ignition_target='OHEX;', ignition_amount='', ignition_units='', filename='x10001017.xml', exp_unc=24.41)",0.001280450665836959,35.0,True,True
HCO + OH <=> CO + H2O,38,0.1,"Pandas(T5=1698.0, T5_units='K', P5=120000.0, P5_units='Pa', composition='H2:0.1254, O2:0.0157, Ar:0.8589', phi=3.9936305732484083, tau=7.9e-05, tau_units='s', pressure_rise=nan, pressure_rise_units='', ignition_type='max', ignition_target='OHEX;', ignition_amount='', ignition_units='', filename='x10001017.xml', exp_unc=24.41)",0.0033940496184748474,23.0,True,True
HCO + HO2 => CO2 + H + OH,39,0.1,"Pandas(T5=1698.0, T5_units='K', P5=120000.0, P5_units='Pa', composition='H2:0.1254, O2:0.0157, Ar:0.8589', phi=3.9936305732484083, tau=7.9e-05, tau_units='s', pressure_rise=nan, pressure_rise_units='', ignition_type='max', ignition_target='OHEX;', ignition_amount='', ignition_units='', filename='x10001017.xml', exp_unc=24.41)",0.002771572390476537,29.0,True,True
2 HCO => 2 CO + H2,40,0.1,"Pandas(T5=1698.0, T5_units='K', P5=120000.0, P5_units='Pa', composition='H2:0.1254, O2:0.0157, Ar:0.8589', phi=3.9936305732484083, tau=7.9e-05, tau_units='s', pressure_rise=nan, pressure_rise_units='', ignition_type='max', ignition_target='OHEX;', ignition_amount='', ignition_units='', filename='x10001017.xml', exp_unc=24.41)",0.008364151623264657,8.0,True,False
2 H + M <=> H2 + M,0,0.1,"Pandas(T5=1649.0, T5_units='K', P5=413000.0, P5_units='Pa', composition='H2:0.003, CO:0.0562, O2:0.0296, Ar:0.9112', phi=1.0, tau=8.9e-05, tau_units='s', pressure_rise=nan, pressure_rise_units='', ignition_type='max', ignition_target='OHEX;', ignition_amount='', ignition_units='', filename='x10001022.xml', exp_unc=18.23)",0.004063226382498009,8.0,True,False
H + O + M <=> OH + M,1,0.1,"Pandas(T5=1649.0, T5_units='K', P5=413000.0, P5_units='Pa', composition='H2:0.003, CO:0.0562, O2:0.0296, Ar:0.9112', phi=1.0, tau=8.9e-05, tau_units='s', pressure_rise=nan, pressure_rise_units='', ignition_type='max', ignition_target='OHEX;', ignition_amount='', ignition_units='', filename='x10001022.xml', exp_unc=18.23)",0.0559900994837354,1.0,False,False
H + O2 (+M) <=> HO2 (+M),2,0.1,"Pandas(T5=1649.0, T5_units='K', P5=413000.0, P5_units='Pa', composition='H2:0.003, CO:0.0562, O2:0.0296, Ar:0.9112', phi=1.0, tau=8.9e-05, tau_units='s', pressure_rise=nan, pressure_rise_units='', ignition_type='max', ignition_target='OHEX;', ignition_amount='', ignition_units='', filename='x10001022.xml', exp_unc=18.23)",0.037726335482174196,3.0,False,False
H + O2 <=> O + OH,3,0.1,"Pandas(T5=1649.0, T5_units='K', P5=413000.0, P5_units='Pa', composition='H2:0.003, CO:0.0562, O2:0.0296, Ar:0.9112', phi=1.0, tau=8.9e-05, tau_units='s', pressure_rise=nan, pressure_rise_units='', ignition_type='max', ignition_target='OHEX;', ignition_amount='', ignition_units='', filename='x10001022.xml', exp_unc=18.23)",0.009836320780807494,6.0,False,False
H + OH (+M) <=> H2O (+M),4,0.1,"Pandas(T5=1649.0, T5_units='K', P5=413000.0, P5_units='Pa', composition='H2:0.003, CO:0.0562, O2:0.0296, Ar:0.9112', phi=1.0, tau=8.9e-05, tau_units='s', pressure_rise=nan, pressure_rise_units='', ignition_type='max', ignition_target='OHEX;', ignition_amount='', ignition_units='', filename='x10001022.xml', exp_unc=18.23)",0.004706208540847384,7.0,True,True
H2 + O <=> H + OH,5,0.1,"Pandas(T5=1649.0, T5_units='K', P5=413000.0, P5_units='Pa', composition='H2:0.003, CO:0.0562, O2:0.0296, Ar:0.9112', phi=1.0, tau=8.9e-05, tau_units='s', pressure_rise=nan, pressure_rise_units='', ignition_type='max', ignition_target='OHEX;', ignition_amount='', ignition_units='', filename='x10001022.xml', exp_unc=18.23)",0.011189994486605861,5.0,False,False
H2 + OH <=> H + H2O,6,0.1,"Pandas(T5=1649.0, T5_units='K', P5=413000.0, P5_units='Pa', composition='H2:0.003, CO:0.0562, O2:0.0296, Ar:0.9112', phi=1.0, tau=8.9e-05, tau_units='s', pressure_rise=nan, pressure_rise_units='', ignition_type='max', ignition_target='OHEX;', ignition_amount='', ignition_units='', filename='x10001022.xml', exp_unc=18.23)",0.00026005145876917024,37.0,True,False
H + H2O2 <=> H2 + HO2,7,0.1,"Pandas(T5=1649.0, T5_units='K', P5=413000.0, P5_units='Pa', composition='H2:0.003, CO:0.0562, O2:0.0296, Ar:0.9112', phi=1.0, tau=8.9e-05, tau_units='s', pressure_rise=nan, pressure_rise_units='', ignition_type='max', ignition_target='OHEX;', ignition_amount='', ignition_units='', filename='x10001022.xml', exp_unc=18.23)",0.00010092602030384022,41.0,True,False
H + H2O2 <=> H2O + OH,8,0.1,"Pandas(T5=1649.0, T5_units='K', P5=413000.0, P5_units='Pa', composition='H2:0.003, CO:0.0562, O2:0.0296, Ar:0.9112', phi=1.0, tau=8.9e-05, tau_units='s', pressure_rise=nan, pressure_rise_units='', ignition_type='max', ignition_target='OHEX;', ignition_amount='', ignition_units='', filename='x10001022.xml', exp_unc=18.23)",0.00030693599592125116,36.0,True,True
H2O2 + O <=> HO2 + OH,9,0.1,"Pandas(T5=1649.0, T5_units='K', P5=413000.0, P5_units='Pa', composition='H2:0.003, CO:0.0562, O2:0.0296, Ar:0.9112', phi=1.0, tau=8.9e-05, tau_units='s', pressure_rise=nan, pressure_rise_units='', ignition_type='max', ignition_target='OHEX;', ignition_amount='', ignition_units='', filename='x10001022.xml', exp_unc=18.23)",0.000960970338060041,23.0,True,True
H2O2 + OH <=> H2O + HO2,10,0.1,"Pandas(T5=1649.0, T5_units='K', P5=413000.0, P5_units='Pa', composition='H2:0.003, CO:0.0562, O2:0.0296, Ar:0.9112', phi=1.0, tau=8.9e-05, tau_units='s', pressure_rise=nan, pressure_rise_units='', ignition_type='max', ignition_target='OHEX;', ignition_amount='', ignition_units='', filename='x10001022.xml', exp_unc=18.23)",0.0009808586359499577,22.0,True,False
H + HO2 <=> H2 + O2,11,0.1,"Pandas(T5=1649.0, T5_units='K', P5=413000.0, P5_units='Pa', composition='H2:0.003, CO:0.0562, O2:0.0296, Ar:0.9112', phi=1.0, tau=8.9e-05, tau_units='s', pressure_rise=nan, pressure_rise_units='', ignition_type='max', ignition_target='OHEX;', ignition_amount='', ignition_units='', filename='x10001022.xml', exp_unc=18.23)",0.0009164005091693129,25.0,True,False
H + HO2 <=> 2 OH,12,0.1,"Pandas(T5=1649.0, T5_units='K', P5=413000.0, P5_units='Pa', composition='H2:0.003, CO:0.0562, O2:0.0296, Ar:0.9112', phi=1.0, tau=8.9e-05, tau_units='s', pressure_rise=nan, pressure_rise_units='', ignition_type='max', ignition_target='OHEX;', ignition_amount='', ignition_units='', filename='x10001022.xml', exp_unc=18.23)",0.001935834785083872,10.0,True,False
2 HO2 <=> H2O2 + O2,13,0.1,"Pandas(T5=1649.0, T5_units='K', P5=413000.0, P5_units='Pa', composition='H2:0.003, CO:0.0562, O2:0.0296, Ar:0.9112', phi=1.0, tau=8.9e-05, tau_units='s', pressure_rise=nan, pressure_rise_units='', ignition_type='max', ignition_target='OHEX;', ignition_amount='', ignition_units='', filename='x10001022.xml', exp_unc=18.23)",0.0010884325435956779,19.0,True,False
HO2 + O <=> O2 + OH,14,0.1,"Pandas(T5=1649.0, T5_units='K', P5=413000.0, P5_units='Pa', composition='H2:0.003, CO:0.0562, O2:0.0296, Ar:0.9112', phi=1.0, tau=8.9e-05, tau_units='s', pressure_rise=nan, pressure_rise_units='', ignition_type='max', ignition_target='OHEX;', ignition_amount='', ignition_units='', filename='x10001022.xml', exp_unc=18.23)",0.00037199603408257756,34.0,True,False
HO2 + OH <=> H2O + O2,15,0.1,"Pandas(T5=1649.0, T5_units='K', P5=413000.0, P5_units='Pa', composition='H2:0.003, CO:0.0562, O2:0.0296, Ar:0.9112', phi=1.0, tau=8.9e-05, tau_units='s', pressure_rise=nan, pressure_rise_units='', ignition_type='max', ignition_target='OHEX;', ignition_amount='', ignition_units='', filename='x10001022.xml', exp_unc=18.23)",0.0007708537168957873,28.0,True,True
2 O + M <=> O2 + M,16,0.1,"Pandas(T5=1649.0, T5_units='K', P5=413000.0, P5_units='Pa', composition='H2:0.003, CO:0.0562, O2:0.0296, Ar:0.9112', phi=1.0, tau=8.9e-05, tau_units='s', pressure_rise=nan, pressure_rise_units='', ignition_type='max', ignition_target='OHEX;', ignition_amount='', ignition_units='', filename='x10001022.xml', exp_unc=18.23)",0.003328378042462406,9.0,True,False
2 OH <=> H2O + O,17,0.1,"Pandas(T5=1649.0, T5_units='K', P5=413000.0, P5_units='Pa', composition='H2:0.003, CO:0.0562, O2:0.0296, Ar:0.9112', phi=1.0, tau=8.9e-05, tau_units='s', pressure_rise=nan, pressure_rise_units='', ignition_type='max', ignition_target='OHEX;', ignition_amount='', ignition_units='', filename='x10001022.xml', exp_unc=18.23)",0.0014156980169317472,13.0,True,False
H2O2 (+M) <=> 2 OH (+M),18,0.1,"Pandas(T5=1649.0, T5_units='K', P5=413000.0, P5_units='Pa', composition='H2:0.003, CO:0.0562, O2:0.0296, Ar:0.9112', phi=1.0, tau=8.9e-05, tau_units='s', pressure_rise=nan, pressure_rise_units='', ignition_type='max', ignition_target='OHEX;', ignition_amount='', ignition_units='', filename='x10001022.xml', exp_unc=18.23)",0.0001859327134915061,39.0,True,False
OH* <=> OH,19,0.1,"Pandas(T5=1649.0, T5_units='K', P5=413000.0, P5_units='Pa', composition='H2:0.003, CO:0.0562, O2:0.0296, Ar:0.9112', phi=1.0, tau=8.9e-05, tau_units='s', pressure_rise=nan, pressure_rise_units='', ignition_type='max', ignition_target='OHEX;', ignition_amount='', ignition_units='', filename='x10001022.xml', exp_unc=18.23)",0.001294663482425295,16.0,True,True
AR + OH* <=> AR + OH,20,0.1,"Pandas(T5=1649.0, T5_units='K', P5=413000.0, P5_units='Pa', composition='H2:0.003, CO:0.0562, O2:0.0296, Ar:0.9112', phi=1.0, tau=8.9e-05, tau_units='s', pressure_rise=nan, pressure_rise_units='', ignition_type='max', ignition_target='OHEX;', ignition_amount='', ignition_units='', filename='x10001022.xml', exp_unc=18.23)",0.000241989174074794,38.0,True,False
O2 + OH* <=> O2 + OH,21,0.1,"Pandas(T5=1649.0, T5_units='K', P5=413000.0, P5_units='Pa', composition='H2:0.003, CO:0.0562, O2:0.0296, Ar:0.9112', phi=1.0, tau=8.9e-05, tau_units='s', pressure_rise=nan, pressure_rise_units='', ignition_type='max', ignition_target='OHEX;', ignition_amount='', ignition_units='', filename='x10001022.xml', exp_unc=18.23)",0.0005972239247191398,29.0,True,True
H2O + OH* <=> H2O + OH,22,0.1,"Pandas(T5=1649.0, T5_units='K', P5=413000.0, P5_units='Pa', composition='H2:0.003, CO:0.0562, O2:0.0296, Ar:0.9112', phi=1.0, tau=8.9e-05, tau_units='s', pressure_rise=nan, pressure_rise_units='', ignition_type='max', ignition_target='OHEX;', ignition_amount='', ignition_units='', filename='x10001022.xml', exp_unc=18.23)",0.0012008035911794468,18.0,True,True
H2 + OH* <=> H2 + OH,23,0.1,"Pandas(T5=1649.0, T5_units='K', P5=413000.0, P5_units='Pa', composition='H2:0.003, CO:0.0562, O2:0.0296, Ar:0.9112', phi=1.0, tau=8.9e-05, tau_units='s', pressure_rise=nan, pressure_rise_units='', ignition_type='max', ignition_target='OHEX;', ignition_amount='', ignition_units='', filename='x10001022.xml', exp_unc=18.23)",0.00016291558914253984,40.0,True,False
N2 + OH* <=> N2 + OH,24,0.1,"Pandas(T5=1649.0, T5_units='K', P5=413000.0, P5_units='Pa', composition='H2:0.003, CO:0.0562, O2:0.0296, Ar:0.9112', phi=1.0, tau=8.9e-05, tau_units='s', pressure_rise=nan, pressure_rise_units='', ignition_type='max', ignition_target='OHEX;', ignition_amount='', ignition_units='', filename='x10001022.xml', exp_unc=18.23)",0.0012712292351134624,17.0,True,False
OH + OH* <=> 2 OH,25,0.1,"Pandas(T5=1649.0, T5_units='K', P5=413000.0, P5_units='Pa', composition='H2:0.003, CO:0.0562, O2:0.0296, Ar:0.9112', phi=1.0, tau=8.9e-05, tau_units='s', pressure_rise=nan, pressure_rise_units='', ignition_type='max', ignition_target='OHEX;', ignition_amount='', ignition_units='', filename='x10001022.xml', exp_unc=18.23)",0.0005114949144351443,32.0,True,False
H + OH* <=> H + OH,26,0.1,"Pandas(T5=1649.0, T5_units='K', P5=413000.0, P5_units='Pa', composition='H2:0.003, CO:0.0562, O2:0.0296, Ar:0.9112', phi=1.0, tau=8.9e-05, tau_units='s', pressure_rise=nan, pressure_rise_units='', ignition_type='max', ignition_target='OHEX;', ignition_amount='', ignition_units='', filename='x10001022.xml', exp_unc=18.23)",0.001035344350496933,21.0,True,True
CO + O (+M) <=> CO2 (+M),27,0.1,"Pandas(T5=1649.0, T5_units='K', P5=413000.0, P5_units='Pa', composition='H2:0.003, CO:0.0562, O2:0.0296, Ar:0.9112', phi=1.0, tau=8.9e-05, tau_units='s', pressure_rise=nan, pressure_rise_units='', ignition_type='max', ignition_target='OHEX;', ignition_amount='', ignition_units='', filename='x10001022.xml', exp_unc=18.23)",0.0196919632547038,4.0,False,False
CO + OH <=> CO2 + H,28,0.1,"Pandas(T5=1649.0, T5_units='K', P5=413000.0, P5_units='Pa', composition='H2:0.003, CO:0.0562, O2:0.0296, Ar:0.9112', phi=1.0, tau=8.9e-05, tau_units='s', pressure_rise=nan, pressure_rise_units='', ignition_type='max', ignition_target='OHEX;', ignition_amount='', ignition_units='', filename='x10001022.xml', exp_unc=18.23)",0.04531973152038822,2.0,False,False
CO + O2 <=> CO2 + O,29,0.1,"Pandas(T5=1649.0, T5_units='K', P5=413000.0, P5_units='Pa', composition='H2:0.003, CO:0.0562, O2:0.0296, Ar:0.9112', phi=1.0, tau=8.9e-05, tau_units='s', pressure_rise=nan, pressure_rise_units='', ignition_type='max', ignition_target='OHEX;', ignition_amount='', ignition_units='', filename='x10001022.xml', exp_unc=18.23)",0.001652340550825044,11.0,True,False
CO + HO2 <=> CO2 + OH,30,0.1,"Pandas(T5=1649.0, T5_units='K', P5=413000.0, P5_units='Pa', composition='H2:0.003, CO:0.0562, O2:0.0296, Ar:0.9112', phi=1.0, tau=8.9e-05, tau_units='s', pressure_rise=nan, pressure_rise_units='', ignition_type='max', ignition_target='OHEX;', ignition_amount='', ignition_units='', filename='x10001022.xml', exp_unc=18.23)",0.000901143464143674,26.0,True,False
C + OH <=> CO + H,31,0.1,"Pandas(T5=1649.0, T5_units='K', P5=413000.0, P5_units='Pa', composition='H2:0.003, CO:0.0562, O2:0.0296, Ar:0.9112', phi=1.0, tau=8.9e-05, tau_units='s', pressure_rise=nan, pressure_rise_units='', ignition_type='max', ignition_target='OHEX;', ignition_amount='', ignition_units='', filename='x10001022.xml', exp_unc=18.23)",0.0008006446345290692,27.0,True,True
C + O2 <=> CO + O,32,0.1,"Pandas(T5=1649.0, T5_units='K', P5=413000.0, P5_units='Pa', composition='H2:0.003, CO:0.0562, O2:0.0296, Ar:0.9112', phi=1.0, tau=8.9e-05, tau_units='s', pressure_rise=nan, pressure_rise_units='', ignition_type='max', ignition_target='OHEX;', ignition_amount='', ignition_units='', filename='x10001022.xml', exp_unc=18.23)",0.00033089729651358834,35.0,True,False
HCO + M <=> CO + H + M,33,0.1,"Pandas(T5=1649.0, T5_units='K', P5=413000.0, P5_units='Pa', composition='H2:0.003, CO:0.0562, O2:0.0296, Ar:0.9112', phi=1.0, tau=8.9e-05, tau_units='s', pressure_rise=nan, pressure_rise_units='', ignition_type='max', ignition_target='OHEX;', ignition_amount='', ignition_units='', filename='x10001022.xml', exp_unc=18.23)",0.0005920026787832155,30.0,True,True
HCO + O2 <=> CO + HO2,34,0.1,"Pandas(T5=1649.0, T5_units='K', P5=413000.0, P5_units='Pa', composition='H2:0.003, CO:0.0562, O2:0.0296, Ar:0.9112', phi=1.0, tau=8.9e-05, tau_units='s', pressure_rise=nan, pressure_rise_units='', ignition_type='max', ignition_target='OHEX;', ignition_amount='', ignition_units='', filename='x10001022.xml', exp_unc=18.23)",0.0004964128533151024,33.0,True,False
H + HCO <=> CO + H2,35,0.1,"Pandas(T5=1649.0, T5_units='K', P5=413000.0, P5_units='Pa', composition='H2:0.003, CO:0.0562, O2:0.0296, Ar:0.9112', phi=1.0, tau=8.9e-05, tau_units='s', pressure_rise=nan, pressure_rise_units='', ignition_type='max', ignition_target='OHEX;', ignition_amount='', ignition_units='', filename='x10001022.xml', exp_unc=18.23)",0.0013781605724712696,14.0,True,False
HCO + O <=> CO2 + H,36,0.1,"Pandas(T5=1649.0, T5_units='K', P5=413000.0, P5_units='Pa', composition='H2:0.003, CO:0.0562, O2:0.0296, Ar:0.9112', phi=1.0, tau=8.9e-05, tau_units='s', pressure_rise=nan, pressure_rise_units='', ignition_type='max', ignition_target='OHEX;', ignition_amount='', ignition_units='', filename='x10001022.xml', exp_unc=18.23)",0.0013773667878558679,15.0,True,True
HCO + O <=> CO + OH,37,0.1,"Pandas(T5=1649.0, T5_units='K', P5=413000.0, P5_units='Pa', composition='H2:0.003, CO:0.0562, O2:0.0296, Ar:0.9112', phi=1.0, tau=8.9e-05, tau_units='s', pressure_rise=nan, pressure_rise_units='', ignition_type='max', ignition_target='OHEX;', ignition_amount='', ignition_units='', filename='x10001022.xml', exp_unc=18.23)",0.0010576021700080067,20.0,True,True
HCO + OH <=> CO + H2O,38,0.1,"Pandas(T5=1649.0, T5_units='K', P5=413000.0, P5_units='Pa', composition='H2:0.003, CO:0.0562, O2:0.0296, Ar:0.9112', phi=1.0, tau=8.9e-05, tau_units='s', pressure_rise=nan, pressure_rise_units='', ignition_type='max', ignition_target='OHEX;', ignition_amount='', ignition_units='', filename='x10001022.xml', exp_unc=18.23)",0.0005468641720401725,31.0,True,True
HCO + HO2 => CO2 + H + OH,39,0.1,"Pandas(T5=1649.0, T5_units='K', P5=413000.0, P5_units='Pa', composition='H2:0.003, CO:0.0562, O2:0.0296, Ar:0.9112', phi=1.0, tau=8.9e-05, tau_units='s', pressure_rise=nan, pressure_rise_units='', ignition_type='max', ignition_target='OHEX;', ignition_amount='', ignition_units='', filename='x10001022.xml', exp_unc=18.23)",0.0009310400737047686,24.0,True,True
2 HCO => 2 CO + H2,40,0.1,"Pandas(T5=1649.0, T5_units='K', P5=413000.0, P5_units='Pa', composition='H2:0.003, CO:0.0562, O2:0.0296, Ar:0.9112', phi=1.0, tau=8.9e-05, tau_units='s', pressure_rise=nan, pressure_rise_units='', ignition_type='max', ignition_target='OHEX;', ignition_amount='', ignition_units='', filename='x10001022.xml', exp_unc=18.23)",0.001508325202156484,12.0,True,False
2 H + M <=> H2 + M,0,0.1,"Pandas(T5=1611.0, T5_units='K', P5=130000.0, P5_units='Pa', composition='H2:0.1254, O2:0.0157, Ar:0.8589', phi=3.9936305732484083, tau=8.2e-05, tau_units='s', pressure_rise=nan, pressure_rise_units='', ignition_type='max', ignition_target='OHEX;', ignition_amount='', ignition_units='', filename='x10001017.xml', exp_unc=24.41)",0.006383208399232502,12.0,True,False
H + O + M <=> OH + M,1,0.1,"Pandas(T5=1611.0, T5_units='K', P5=130000.0, P5_units='Pa', composition='H2:0.1254, O2:0.0157, Ar:0.8589', phi=3.9936305732484083, tau=8.2e-05, tau_units='s', pressure_rise=nan, pressure_rise_units='', ignition_type='max', ignition_target='OHEX;', ignition_amount='', ignition_units='', filename='x10001017.xml', exp_unc=24.41)",0.0033028364910912635,28.0,True,False
H + O2 (+M) <=> HO2 (+M),2,0.1,"Pandas(T5=1611.0, T5_units='K', P5=130000.0, P5_units='Pa', composition='H2:0.1254, O2:0.0157, Ar:0.8589', phi=3.9936305732484083, tau=8.2e-05, tau_units='s', pressure_rise=nan, pressure_rise_units='', ignition_type='max', ignition_target='OHEX;', ignition_amount='', ignition_units='', filename='x10001017.xml', exp_unc=24.41)",0.007692851596742535,7.0,True,False
H + O2 <=> O + OH,3,0.1,"Pandas(T5=1611.0, T5_units='K', P5=130000.0, P5_units='Pa', composition='H2:0.1254, O2:0.0157, Ar:0.8589', phi=3.9936305732484083, tau=8.2e-05, tau_units='s', pressure_rise=nan, pressure_rise_units='', ignition_type='max', ignition_target='OHEX;', ignition_amount='', ignition_units='', filename='x10001017.xml', exp_unc=24.41)",0.24854740382056675,1.0,False,False
H + OH (+M) <=> H2O (+M),4,0.1,"Pandas(T5=1611.0, T5_units='K', P5=130000.0, P5_units='Pa', composition='H2:0.1254, O2:0.0157, Ar:0.8589', phi=3.9936305732484083, tau=8.2e-05, tau_units='s', pressure_rise=nan, pressure_rise_units='', ignition_type='max', ignition_target='OHEX;', ignition_amount='', ignition_units='', filename='x10001017.xml', exp_unc=24.41)",0.002739291620140148,31.0,True,True
H2 + O <=> H + OH,5,0.1,"Pandas(T5=1611.0, T5_units='K', P5=130000.0, P5_units='Pa', composition='H2:0.1254, O2:0.0157, Ar:0.8589', phi=3.9936305732484083, tau=8.2e-05, tau_units='s', pressure_rise=nan, pressure_rise_units='', ignition_type='max', ignition_target='OHEX;', ignition_amount='', ignition_units='', filename='x10001017.xml', exp_unc=24.41)",0.006874600032975806,10.0,True,False
H2 + OH <=> H + H2O,6,0.1,"Pandas(T5=1611.0, T5_units='K', P5=130000.0, P5_units='Pa', composition='H2:0.1254, O2:0.0157, Ar:0.8589', phi=3.9936305732484083, tau=8.2e-05, tau_units='s', pressure_rise=nan, pressure_rise_units='', ignition_type='max', ignition_target='OHEX;', ignition_amount='', ignition_units='', filename='x10001017.xml', exp_unc=24.41)",0.09306226951988789,2.0,False,False
H + H2O2 <=> H2 + HO2,7,0.1,"Pandas(T5=1611.0, T5_units='K', P5=130000.0, P5_units='Pa', composition='H2:0.1254, O2:0.0157, Ar:0.8589', phi=3.9936305732484083, tau=8.2e-05, tau_units='s', pressure_rise=nan, pressure_rise_units='', ignition_type='max', ignition_target='OHEX;', ignition_amount='', ignition_units='', filename='x10001017.xml', exp_unc=24.41)",0.005539903367856142,15.0,True,False
H + H2O2 <=> H2O + OH,8,0.1,"Pandas(T5=1611.0, T5_units='K', P5=130000.0, P5_units='Pa', composition='H2:0.1254, O2:0.0157, Ar:0.8589', phi=3.9936305732484083, tau=8.2e-05, tau_units='s', pressure_rise=nan, pressure_rise_units='', ignition_type='max', ignition_target='OHEX;', ignition_amount='', ignition_units='', filename='x10001017.xml', exp_unc=24.41)",0.0022190913409229694,33.0,True,True
H2O2 + O <=> HO2 + OH,9,0.1,"Pandas(T5=1611.0, T5_units='K', P5=130000.0, P5_units='Pa', composition='H2:0.1254, O2:0.0157, Ar:0.8589', phi=3.9936305732484083, tau=8.2e-05, tau_units='s', pressure_rise=nan, pressure_rise_units='', ignition_type='max', ignition_target='OHEX;', ignition_amount='', ignition_units='', filename='x10001017.xml', exp_unc=24.41)",0.0027622597720996494,30.0,True,True
H2O2 + OH <=> H2O + HO2,10,0.1,"Pandas(T5=1611.0, T5_units='K', P5=130000.0, P5_units='Pa', composition='H2:0.1254, O2:0.0157, Ar:0.8589', phi=3.9936305732484083, tau=8.2e-05, tau_units='s', pressure_rise=nan, pressure_rise_units='', ignition_type='max', ignition_target='OHEX;', ignition_amount='', ignition_units='', filename='x10001017.xml', exp_unc=24.41)",0.003382333599298244,26.0,True,False
H + HO2 <=> H2 + O2,11,0.1,"Pandas(T5=1611.0, T5_units='K', P5=130000.0, P5_units='Pa', composition='H2:0.1254, O2:0.0157, Ar:0.8589', phi=3.9936305732484083, tau=8.2e-05, tau_units='s', pressure_rise=nan, pressure_rise_units='', ignition_type='max', ignition_target='OHEX;', ignition_amount='', ignition_units='', filename='x10001017.xml', exp_unc=24.41)",0.009300430105280358,5.0,True,False
H + HO2 <=> 2 OH,12,0.1,"Pandas(T5=1611.0, T5_units='K', P5=130000.0, P5_units='Pa', composition='H2:0.1254, O2:0.0157, Ar:0.8589', phi=3.9936305732484083, tau=8.2e-05, tau_units='s', pressure_rise=nan, pressure_rise_units='', ignition_type='max', ignition_target='OHEX;', ignition_amount='', ignition_units='', filename='x10001017.xml', exp_unc=24.41)",0.0007543329532607842,39.0,True,False
2 HO2 <=> H2O2 + O2,13,0.1,"Pandas(T5=1611.0, T5_units='K', P5=130000.0, P5_units='Pa', composition='H2:0.1254, O2:0.0157, Ar:0.8589', phi=3.9936305732484083, tau=8.2e-05, tau_units='s', pressure_rise=nan, pressure_rise_units='', ignition_type='max', ignition_target='OHEX;', ignition_amount='', ignition_units='', filename='x10001017.xml', exp_unc=24.41)",0.004090463736138621,22.0,True,False
HO2 + O <=> O2 + OH,14,0.1,"Pandas(T5=1611.0, T5_units='K', P5=130000.0, P5_units='Pa', composition='H2:0.1254, O2:0.0157, Ar:0.8589', phi=3.9936305732484083, tau=8.2e-05, tau_units='s', pressure_rise=nan, pressure_rise_units='', ignition_type='max', ignition_target='OHEX;', ignition_amount='', ignition_units='', filename='x10001017.xml', exp_unc=24.41)",0.011705016128848656,4.0,True,False
HO2 + OH <=> H2O + O2,15,0.1,"Pandas(T5=1611.0, T5_units='K', P5=130000.0, P5_units='Pa', composition='H2:0.1254, O2:0.0157, Ar:0.8589', phi=3.9936305732484083, tau=8.2e-05, tau_units='s', pressure_rise=nan, pressure_rise_units='', ignition_type='max', ignition_target='OHEX;', ignition_amount='', ignition_units='', filename='x10001017.xml', exp_unc=24.41)",0.004129794367381724,20.0,True,True
2 O + M <=> O2 + M,16,0.1,"Pandas(T5=1611.0, T5_units='K', P5=130000.0, P5_units='Pa', composition='H2:0.1254, O2:0.0157, Ar:0.8589', phi=3.9936305732484083, tau=8.2e-05, tau_units='s', pressure_rise=nan, pressure_rise_units='', ignition_type='max', ignition_target='OHEX;', ignition_amount='', ignition_units='', filename='x10001017.xml', exp_unc=24.41)",0.0020909166698596035,35.0,True,False
2 OH <=> H2O + O,17,0.1,"Pandas(T5=1611.0, T5_units='K', P5=130000.0, P5_units='Pa', composition='H2:0.1254, O2:0.0157, Ar:0.8589', phi=3.9936305732484083, tau=8.2e-05, tau_units='s', pressure_rise=nan, pressure_rise_units='', ignition_type='max', ignition_target='OHEX;', ignition_amount='', ignition_units='', filename='x10001017.xml', exp_unc=24.41)",0.003018965499953426,29.0,True,False
H2O2 (+M) <=> 2 OH (+M),18,0.1,"Pandas(T5=1611.0, T5_units='K', P5=130000.0, P5_units='Pa', composition='H2:0.1254, O2:0.0157, Ar:0.8589', phi=3.9936305732484083, tau=8.2e-05, tau_units='s', pressure_rise=nan, pressure_rise_units='', ignition_type='max', ignition_target='OHEX;', ignition_amount='', ignition_units='', filename='x10001017.xml', exp_unc=24.41)",0.0020960756366102846,34.0,True,False
OH* <=> OH,19,0.1,"Pandas(T5=1611.0, T5_units='K', P5=130000.0, P5_units='Pa', composition='H2:0.1254, O2:0.0157, Ar:0.8589', phi=3.9936305732484083, tau=8.2e-05, tau_units='s', pressure_rise=nan, pressure_rise_units='', ignition_type='max', ignition_target='OHEX;', ignition_amount='', ignition_units='', filename='x10001017.xml', exp_unc=24.41)",0.0033972791571085154,25.0,True,True
AR + OH* <=> AR + OH,20,0.1,"Pandas(T5=1611.0, T5_units='K', P5=130000.0, P5_units='Pa', composition='H2:0.1254, O2:0.0157, Ar:0.8589', phi=3.9936305732484083, tau=8.2e-05, tau_units='s', pressure_rise=nan, pressure_rise_units='', ignition_type='max', ignition_target='OHEX;', ignition_amount='', ignition_units='', filename='x10001017.xml', exp_unc=24.41)",0.00021187107748449688,40.0,True,False
O2 + OH* <=> O2 + OH,21,0.1,"Pandas(T5=1611.0, T5_units='K', P5=130000.0, P5_units='Pa', composition='H2:0.1254, O2:0.0157, Ar:0.8589', phi=3.9936305732484083, tau=8.2e-05, tau_units='s', pressure_rise=nan, pressure_rise_units='', ignition_type='max', ignition_target='OHEX;', ignition_amount='', ignition_units='', filename='x10001017.xml', exp_unc=24.41)",0.007462460825413782,8.0,True,True
H2O + OH* <=> H2O + OH,22,0.1,"Pandas(T5=1611.0, T5_units='K', P5=130000.0, P5_units='Pa', composition='H2:0.1254, O2:0.0157, Ar:0.8589', phi=3.9936305732484083, tau=8.2e-05, tau_units='s', pressure_rise=nan, pressure_rise_units='', ignition_type='max', ignition_target='OHEX;', ignition_amount='', ignition_units='', filename='x10001017.xml', exp_unc=24.41)",0.004460519473685874,18.0,True,True
H2 + OH* <=> H2 + OH,23,0.1,"Pandas(T5=1611.0, T5_units='K', P5=130000.0, P5_units='Pa', composition='H2:0.1254, O2:0.0157, Ar:0.8589', phi=3.9936305732484083, tau=8.2e-05, tau_units='s', pressure_rise=nan, pressure_rise_units='', ignition_type='max', ignition_target='OHEX;', ignition_amount='', ignition_units='', filename='x10001017.xml', exp_unc=24.41)",0.00246183943172917,32.0,True,False
N2 + OH* <=> N2 + OH,24,0.1,"Pandas(T5=1611.0, T5_units='K', P5=130000.0, P5_units='Pa', composition='H2:0.1254, O2:0.0157, Ar:0.8589', phi=3.9936305732484083, tau=8.2e-05, tau_units='s', pressure_rise=nan, pressure_rise_units='', ignition_type='max', ignition_target='OHEX;', ignition_amount='', ignition_units='', filename='x10001017.xml', exp_unc=24.41)",0.006186893371690173,13.0,True,False
OH + OH* <=> 2 OH,25,0.1,"Pandas(T5=1611.0, T5_units='K', P5=130000.0, P5_units='Pa', composition='H2:0.1254, O2:0.0157, Ar:0.8589', phi=3.9936305732484083, tau=8.2e-05, tau_units='s', pressure_rise=nan, pressure_rise_units='', ignition_type='max', ignition_target='OHEX;', ignition_amount='', ignition_units='', filename='x10001017.xml', exp_unc=24.41)",0.014908180455348209,3.0,True,False
H + OH* <=> H + OH,26,0.1,"Pandas(T5=1611.0, T5_units='K', P5=130000.0, P5_units='Pa', composition='H2:0.1254, O2:0.0157, Ar:0.8589', phi=3.9936305732484083, tau=8.2e-05, tau_units='s', pressure_rise=nan, pressure_rise_units='', ignition_type='max', ignition_target='OHEX;', ignition_amount='', ignition_units='', filename='x10001017.xml', exp_unc=24.41)",0.0007899601546085492,38.0,True,True
CO + O (+M) <=> CO2 (+M),27,0.1,"Pandas(T5=1611.0, T5_units='K', P5=130000.0, P5_units='Pa', composition='H2:0.1254, O2:0.0157, Ar:0.8589', phi=3.9936305732484083, tau=8.2e-05, tau_units='s', pressure_rise=nan, pressure_rise_units='', ignition_type='max', ignition_target='OHEX;', ignition_amount='', ignition_units='', filename='x10001017.xml', exp_unc=24.41)",0.0012788686202637313,37.0,True,False
CO + OH <=> CO2 + H,28,0.1,"Pandas(T5=1611.0, T5_units='K', P5=130000.0, P5_units='Pa', composition='H2:0.1254, O2:0.0157, Ar:0.8589', phi=3.9936305732484083, tau=8.2e-05, tau_units='s', pressure_rise=nan, pressure_rise_units='', ignition_type='max', ignition_target='OHEX;', ignition_amount='', ignition_units='', filename='x10001017.xml', exp_unc=24.41)",0.0019438349331516403,36.0,True,False
CO + O2 <=> CO2 + O,29,0.1,"Pandas(T5=1611.0, T5_units='K', P5=130000.0, P5_units='Pa', composition='H2:0.1254, O2:0.0157, Ar:0.8589', phi=3.9936305732484083, tau=8.2e-05, tau_units='s', pressure_rise=nan, pressure_rise_units='', ignition_type='max', ignition_target='OHEX;', ignition_amount='', ignition_units='', filename='x10001017.xml', exp_unc=24.41)",0.003343713836272387,27.0,True,False
CO + HO2 <=> CO2 + OH,30,0.1,"Pandas(T5=1611.0, T5_units='K', P5=130000.0, P5_units='Pa', composition='H2:0.1254, O2:0.0157, Ar:0.8589', phi=3.9936305732484083, tau=8.2e-05, tau_units='s', pressure_rise=nan, pressure_rise_units='', ignition_type='max', ignition_target='OHEX;', ignition_amount='', ignition_units='', filename='x10001017.xml', exp_unc=24.41)",0.007133869552684334,9.0,True,False
C + OH <=> CO + H,31,0.1,"Pandas(T5=1611.0, T5_units='K', P5=130000.0, P5_units='Pa', composition='H2:0.1254, O2:0.0157, Ar:0.8589', phi=3.9936305732484083, tau=8.2e-05, tau_units='s', pressure_rise=nan, pressure_rise_units='', ignition_type='max', ignition_target='OHEX;', ignition_amount='', ignition_units='', filename='x10001017.xml', exp_unc=24.41)",0.004720943757679964,16.0,True,True
C + O2 <=> CO + O,32,0.1,"Pandas(T5=1611.0, T5_units='K', P5=130000.0, P5_units='Pa', composition='H2:0.1254, O2:0.0157, Ar:0.8589', phi=3.9936305732484083, tau=8.2e-05, tau_units='s', pressure_rise=nan, pressure_rise_units='', ignition_type='max', ignition_target='OHEX;', ignition_amount='', ignition_units='', filename='x10001017.xml', exp_unc=24.41)",0.009210051216021803,6.0,True,False
HCO + M <=> CO + H + M,33,0.1,"Pandas(T5=1611.0, T5_units='K', P5=130000.0, P5_units='Pa', composition='H2:0.1254, O2:0.0157, Ar:0.8589', phi=3.9936305732484083, tau=8.2e-05, tau_units='s', pressure_rise=nan, pressure_rise_units='', ignition_type='max', ignition_target='OHEX;', ignition_amount='', ignition_units='', filename='x10001017.xml', exp_unc=24.41)",0.004220775779922136,19.0,True,True
HCO + O2 <=> CO + HO2,34,0.1,"Pandas(T5=1611.0, T5_units='K', P5=130000.0, P5_units='Pa', composition='H2:0.1254, O2:0.0157, Ar:0.8589', phi=3.9936305732484083, tau=8.2e-05, tau_units='s', pressure_rise=nan, pressure_rise_units='', ignition_type='max', ignition_target='OHEX;', ignition_amount='', ignition_units='', filename='x10001017.xml', exp_unc=24.41)",0.006721355139285377,11.0,True,False
H + HCO <=> CO + H2,35,0.1,"Pandas(T5=1611.0, T5_units='K', P5=130000.0, P5_units='Pa', composition='H2:0.1254, O2:0.0157, Ar:0.8589', phi=3.9936305732484083, tau=8.2e-05, tau_units='s', pressure_rise=nan, pressure_rise_units='', ignition_type='max', ignition_target='OHEX;', ignition_amount='', ignition_units='', filename='x10001017.xml', exp_unc=24.41)",0.00452596633421196,17.0,True,False
HCO + O <=> CO2 + H,36,0.1,"Pandas(T5=1611.0, T5_units='K', P5=130000.0, P5_units='Pa', composition='H2:0.1254, O2:0.0157, Ar:0.8589', phi=3.9936305732484083, tau=8.2e-05, tau_units='s', pressure_rise=nan, pressure_rise_units='', ignition_type='max', ignition_target='OHEX;', ignition_amount='', ignition_units='', filename='x10001017.xml', exp_unc=24.41)",0.004111659638740575,21.0,True,True
HCO + O <=> CO + OH,37,0.1,"Pandas(T5=1611.0, T5_units='K', P5=130000.0, P5_units='Pa', composition='H2:0.1254, O2:0.0157, Ar:0.8589', phi=3.9936305732484083, tau=8.2e-05, tau_units='s', pressure_rise=nan, pressure_rise_units='', ignition_type='max', ignition_target='OHEX;', ignition_amount='', ignition_units='', filename='x10001017.xml', exp_unc=24.41)",0.003795866605961308,24.0,True,True
HCO + OH <=> CO + H2O,38,0.1,"Pandas(T5=1611.0, T5_units='K', P5=130000.0, P5_units='Pa', composition='H2:0.1254, O2:0.0157, Ar:0.8589', phi=3.9936305732484083, tau=8.2e-05, tau_units='s', pressure_rise=nan, pressure_rise_units='', ignition_type='max', ignition_target='OHEX;', ignition_amount='', ignition_units='', filename='x10001017.xml', exp_unc=24.41)",0.005649839351499786,14.0,True,True
HCO + HO2 => CO2 + H + OH,39,0.1,"Pandas(T5=1611.0, T5_units='K', P5=130000.0, P5_units='Pa', composition='H2:0.1254, O2:0.0157, Ar:0.8589', phi=3.9936305732484083, tau=8.2e-05, tau_units='s', pressure_rise=nan, pressure_rise_units='', ignition_type='max', ignition_target='OHEX;', ignition_amount='', ignition_units='', filename='x10001017.xml', exp_unc=24.41)",0.003948342005601228,23.0,True,True
2 HCO => 2 CO + H2,40,0.1,"Pandas(T5=1611.0, T5_units='K', P5=130000.0, P5_units='Pa', composition='H2:0.1254, O2:0.0157, Ar:0.8589', phi=3.9936305732484083, tau=8.2e-05, tau_units='s', pressure_rise=nan, pressure_rise_units='', ignition_type='max', ignition_target='OHEX;', ignition_amount='', ignition_units='', filename='x10001017.xml', exp_unc=24.41)",2.6468347780967874e-05,41.0,True,False
2 H + M <=> H2 + M,0,0.1,"Pandas(T5=2070.0, T5_units='K', P5=141855.0, P5_units='Pa', composition='H2:0.0005, CO:0.1217, O2:0.01, Ar:0.8678', phi=6.11, tau=0.000108, tau_units='s', pressure_rise=nan, pressure_rise_units='', ignition_type='concentration', ignition_target='CO2;', ignition_amount=1.6605390000000003e-11, ignition_units='kmol/m3', filename='x10001052.xml', exp_unc=80.0)",0.023242928051024375,14.0,True,False
H + O + M <=> OH + M,1,0.1,"Pandas(T5=2070.0, T5_units='K', P5=141855.0, P5_units='Pa', composition='H2:0.0005, CO:0.1217, O2:0.01, Ar:0.8678', phi=6.11, tau=0.000108, tau_units='s', pressure_rise=nan, pressure_rise_units='', ignition_type='concentration', ignition_target='CO2;', ignition_amount=1.6605390000000003e-11, ignition_units='kmol/m3', filename='x10001052.xml', exp_unc=80.0)",0.011982434984733644,28.0,True,False
H + O2 (+M) <=> HO2 (+M),2,0.1,"Pandas(T5=2070.0, T5_units='K', P5=141855.0, P5_units='Pa', composition='H2:0.0005, CO:0.1217, O2:0.01, Ar:0.8678', phi=6.11, tau=0.000108, tau_units='s', pressure_rise=nan, pressure_rise_units='', ignition_type='concentration', ignition_target='CO2;', ignition_amount=1.6605390000000003e-11, ignition_units='kmol/m3', filename='x10001052.xml', exp_unc=80.0)",0.005836163943498514,36.0,True,False
H + O2 <=> O + OH,3,0.1,"Pandas(T5=2070.0, T5_units='K', P5=141855.0, P5_units='Pa', composition='H2:0.0005, CO:0.1217, O2:0.01, Ar:0.8678', phi=6.11, tau=0.000108, tau_units='s', pressure_rise=nan, pressure_rise_units='', ignition_type='concentration', ignition_target='CO2;', ignition_amount=1.6605390000000003e-11, ignition_units='kmol/m3', filename='x10001052.xml', exp_unc=80.0)",0.0028155460293267584,39.0,True,False
H + OH (+M) <=> H2O (+M),4,0.1,"Pandas(T5=2070.0, T5_units='K', P5=141855.0, P5_units='Pa', composition='H2:0.0005, CO:0.1217, O2:0.01, Ar:0.8678', phi=6.11, tau=0.000108, tau_units='s', pressure_rise=nan, pressure_rise_units='', ignition_type='concentration', ignition_target='CO2;', ignition_amount=1.6605390000000003e-11, ignition_units='kmol/m3', filename='x10001052.xml', exp_unc=80.0)",0.022519650913313923,15.0,True,True
H2 + O <=> H + OH,5,0.1,"Pandas(T5=2070.0, T5_units='K', P5=141855.0, P5_units='Pa', composition='H2:0.0005, CO:0.1217, O2:0.01, Ar:0.8678', phi=6.11, tau=0.000108, tau_units='s', pressure_rise=nan, pressure_rise_units='', ignition_type='concentration', ignition_target='CO2;', ignition_amount=1.6605390000000003e-11, ignition_units='kmol/m3', filename='x10001052.xml', exp_unc=80.0)",0.01910870961029205,19.0,True,False
H2 + OH <=> H + H2O,6,0.1,"Pandas(T5=2070.0, T5_units='K', P5=141855.0, P5_units='Pa', composition='H2:0.0005, CO:0.1217, O2:0.01, Ar:0.8678', phi=6.11, tau=0.000108, tau_units='s', pressure_rise=nan, pressure_rise_units='', ignition_type='concentration', ignition_target='CO2;', ignition_amount=1.6605390000000003e-11, ignition_units='kmol/m3', filename='x10001052.xml', exp_unc=80.0)",0.01943202943141814,18.0,True,False
H + H2O2 <=> H2 + HO2,7,0.1,"Pandas(T5=2070.0, T5_units='K', P5=141855.0, P5_units='Pa', composition='H2:0.0005, CO:0.1217, O2:0.01, Ar:0.8678', phi=6.11, tau=0.000108, tau_units='s', pressure_rise=nan, pressure_rise_units='', ignition_type='concentration', ignition_target='CO2;', ignition_amount=1.6605390000000003e-11, ignition_units='kmol/m3', filename='x10001052.xml', exp_unc=80.0)",0.027288357570946623,8.0,False,False
H + H2O2 <=> H2O + OH,8,0.1,"Pandas(T5=2070.0, T5_units='K', P5=141855.0, P5_units='Pa', composition='H2:0.0005, CO:0.1217, O2:0.01, Ar:0.8678', phi=6.11, tau=0.000108, tau_units='s', pressure_rise=nan, pressure_rise_units='', ignition_type='concentration', ignition_target='CO2;', ignition_amount=1.6605390000000003e-11, ignition_units='kmol/m3', filename='x10001052.xml', exp_unc=80.0)",0.02422979603067302,11.0,False,True
H2O2 + O <=> HO2 + OH,9,0.1,"Pandas(T5=2070.0, T5_units='K', P5=141855.0, P5_units='Pa', composition='H2:0.0005, CO:0.1217, O2:0.01, Ar:0.8678', phi=6.11, tau=0.000108, tau_units='s', pressure_rise=nan, pressure_rise_units='', ignition_type='concentration', ignition_target='CO2;', ignition_amount=1.6605390000000003e-11, ignition_units='kmol/m3', filename='x10001052.xml', exp_unc=80.0)",0.020277384434165786,16.0,True,True
H2O2 + OH <=> H2O + HO2,10,0.1,"Pandas(T5=2070.0, T5_units='K', P5=141855.0, P5_units='Pa', composition='H2:0.0005, CO:0.1217, O2:0.01, Ar:0.8678', phi=6.11, tau=0.000108, tau_units='s', pressure_rise=nan, pressure_rise_units='', ignition_type='concentration', ignition_target='CO2;', ignition_amount=1.6605390000000003e-11, ignition_units='kmol/m3', filename='x10001052.xml', exp_unc=80.0)",0.013644407326095587,23.0,True,False
H + HO2 <=> H2 + O2,11,0.1,"Pandas(T5=2070.0, T5_units='K', P5=141855.0, P5_units='Pa', composition='H2:0.0005, CO:0.1217, O2:0.01, Ar:0.8678', phi=6.11, tau=0.000108, tau_units='s', pressure_rise=nan, pressure_rise_units='', ignition_type='concentration', ignition_target='CO2;', ignition_amount=1.6605390000000003e-11, ignition_units='kmol/m3', filename='x10001052.xml', exp_unc=80.0)",0.030757615989859006,4.0,False,False
H + HO2 <=> 2 OH,12,0.1,"Pandas(T5=2070.0, T5_units='K', P5=141855.0, P5_units='Pa', composition='H2:0.0005, CO:0.1217, O2:0.01, Ar:0.8678', phi=6.11, tau=0.000108, tau_units='s', pressure_rise=nan, pressure_rise_units='', ignition_type='concentration', ignition_target='CO2;', ignition_amount=1.6605390000000003e-11, ignition_units='kmol/m3', filename='x10001052.xml', exp_unc=80.0)",0.013958456348519131,22.0,True,False
2 HO2 <=> H2O2 + O2,13,0.1,"Pandas(T5=2070.0, T5_units='K', P5=141855.0, P5_units='Pa', composition='H2:0.0005, CO:0.1217, O2:0.01, Ar:0.8678', phi=6.11, tau=0.000108, tau_units='s', pressure_rise=nan, pressure_rise_units='', ignition_type='concentration', ignition_target='CO2;', ignition_amount=1.6605390000000003e-11, ignition_units='kmol/m3', filename='x10001052.xml', exp_unc=80.0)",0.018450886935605874,20.0,True,False
HO2 + O <=> O2 + OH,14,0.1,"Pandas(T5=2070.0, T5_units='K', P5=141855.0, P5_units='Pa', composition='H2:0.0005, CO:0.1217, O2:0.01, Ar:0.8678', phi=6.11, tau=0.000108, tau_units='s', pressure_rise=nan, pressure_rise_units='', ignition_type='concentration', ignition_target='CO2;', ignition_amount=1.6605390000000003e-11, ignition_units='kmol/m3', filename='x10001052.xml', exp_unc=80.0)",0.02479437825441429,9.0,False,False
HO2 + OH <=> H2O + O2,15,0.1,"Pandas(T5=2070.0, T5_units='K', P5=141855.0, P5_units='Pa', composition='H2:0.0005, CO:0.1217, O2:0.01, Ar:0.8678', phi=6.11, tau=0.000108, tau_units='s', pressure_rise=nan, pressure_rise_units='', ignition_type='concentration', ignition_target='CO2;', ignition_amount=1.6605390000000003e-11, ignition_units='kmol/m3', filename='x10001052.xml', exp_unc=80.0)",0.011167987107521558,32.0,True,True
2 O + M <=> O2 + M,16,0.1,"Pandas(T5=2070.0, T5_units='K', P5=141855.0, P5_units='Pa', composition='H2:0.0005, CO:0.1217, O2:0.01, Ar:0.8678', phi=6.11, tau=0.000108, tau_units='s', pressure_rise=nan, pressure_rise_units='', ignition_type='concentration', ignition_target='CO2;', ignition_amount=1.6605390000000003e-11, ignition_units='kmol/m3', filename='x10001052.xml', exp_unc=80.0)",0.012773852513611857,24.0,True,False
2 OH <=> H2O + O,17,0.1,"Pandas(T5=2070.0, T5_units='K', P5=141855.0, P5_units='Pa', composition='H2:0.0005, CO:0.1217, O2:0.01, Ar:0.8678', phi=6.11, tau=0.000108, tau_units='s', pressure_rise=nan, pressure_rise_units='', ignition_type='concentration', ignition_target='CO2;', ignition_amount=1.6605390000000003e-11, ignition_units='kmol/m3', filename='x10001052.xml', exp_unc=80.0)",0.000468072197212402,41.0,True,False
H2O2 (+M) <=> 2 OH (+M),18,0.1,"Pandas(T5=2070.0, T5_units='K', P5=141855.0, P5_units='Pa', composition='H2:0.0005, CO:0.1217, O2:0.01, Ar:0.8678', phi=6.11, tau=0.000108, tau_units='s', pressure_rise=nan, pressure_rise_units='', ignition_type='concentration', ignition_target='CO2;', ignition_amount=1.6605390000000003e-11, ignition_units='kmol/m3', filename='x10001052.xml', exp_unc=80.0)",0.01160299335082911,30.0,True,False
OH* <=> OH,19,0.1,"Pandas(T5=2070.0, T5_units='K', P5=141855.0, P5_units='Pa', composition='H2:0.0005, CO:0.1217, O2:0.01, Ar:0.8678', phi=6.11, tau=0.000108, tau_units='s', pressure_rise=nan, pressure_rise_units='', ignition_type='concentration', ignition_target='CO2;', ignition_amount=1.6605390000000003e-11, ignition_units='kmol/m3', filename='x10001052.xml', exp_unc=80.0)",0.01590191354360401,21.0,True,True
AR + OH* <=> AR + OH,20,0.1,"Pandas(T5=2070.0, T5_units='K', P5=141855.0, P5_units='Pa', composition='H2:0.0005, CO:0.1217, O2:0.01, Ar:0.8678', phi=6.11, tau=0.000108, tau_units='s', pressure_rise=nan, pressure_rise_units='', ignition_type='concentration', ignition_target='CO2;', ignition_amount=1.6605390000000003e-11, ignition_units='kmol/m3', filename='x10001052.xml', exp_unc=80.0)",0.03793882478961082,2.0,False,False
O2 + OH* <=> O2 + OH,21,0.1,"Pandas(T5=2070.0, T5_units='K', P5=141855.0, P5_units='Pa', composition='H2:0.0005, CO:0.1217, O2:0.01, Ar:0.8678', phi=6.11, tau=0.000108, tau_units='s', pressure_rise=nan, pressure_rise_units='', ignition_type='concentration', ignition_target='CO2;', ignition_amount=1.6605390000000003e-11, ignition_units='kmol/m3', filename='x10001052.xml', exp_unc=80.0)",0.0033127119165481805,38.0,True,True
H2O + OH* <=> H2O + OH,22,0.1,"Pandas(T5=2070.0, T5_units='K', P5=141855.0, P5_units='Pa', composition='H2:0.0005, CO:0.1217, O2:0.01, Ar:0.8678', phi=6.11, tau=0.000108, tau_units='s', pressure_rise=nan, pressure_rise_units='', ignition_type='concentration', ignition_target='CO2;', ignition_amount=1.6605390000000003e-11, ignition_units='kmol/m3', filename='x10001052.xml', exp_unc=80.0)",0.012258205045572753,26.0,True,True
H2 + OH* <=> H2 + OH,23,0.1,"Pandas(T5=2070.0, T5_units='K', P5=141855.0, P5_units='Pa', composition='H2:0.0005, CO:0.1217, O2:0.01, Ar:0.8678', phi=6.11, tau=0.000108, tau_units='s', pressure_rise=nan, pressure_rise_units='', ignition_type='concentration', ignition_target='CO2;', ignition_amount=1.6605390000000003e-11, ignition_units='kmol/m3', filename='x10001052.xml', exp_unc=80.0)",0.028359796816828705,5.0,False,False
N2 + OH* <=> N2 + OH,24,0.1,"Pandas(T5=2070.0, T5_units='K', P5=141855.0, P5_units='Pa', composition='H2:0.0005, CO:0.1217, O2:0.01, Ar:0.8678', phi=6.11, tau=0.000108, tau_units='s', pressure_rise=nan, pressure_rise_units='', ignition_type='concentration', ignition_target='CO2;', ignition_amount=1.6605390000000003e-11, ignition_units='kmol/m3', filename='x10001052.xml', exp_unc=80.0)",0.01257624180188578,25.0,True,False
OH + OH* <=> 2 OH,25,0.1,"Pandas(T5=2070.0, T5_units='K', P5=141855.0, P5_units='Pa', composition='H2:0.0005, CO:0.1217, O2:0.01, Ar:0.8678', phi=6.11, tau=0.000108, tau_units='s', pressure_rise=nan, pressure_rise_units='', ignition_type='concentration', ignition_target='CO2;', ignition_amount=1.6605390000000003e-11, ignition_units='kmol/m3', filename='x10001052.xml', exp_unc=80.0)",0.0017200668018376127,40.0,True,False
H + OH* <=> H + OH,26,0.1,"Pandas(T5=2070.0, T5_units='K', P5=141855.0, P5_units='Pa', composition='H2:0.0005, CO:0.1217, O2:0.01, Ar:0.8678', phi=6.11, tau=0.000108, tau_units='s', pressure_rise=nan, pressure_rise_units='', ignition_type='concentration', ignition_target='CO2;', ignition_amount=1.6605390000000003e-11, ignition_units='kmol/m3', filename='x10001052.xml', exp_unc=80.0)",0.011909650483341482,29.0,True,True
CO + O (+M) <=> CO2 (+M),27,0.1,"Pandas(T5=2070.0, T5_units='K', P5=141855.0, P5_units='Pa', composition='H2:0.0005, CO:0.1217, O2:0.01, Ar:0.8678', phi=6.11, tau=0.000108, tau_units='s', pressure_rise=nan, pressure_rise_units='', ignition_type='concentration', ignition_target='CO2;', ignition_amount=1.6605390000000003e-11, ignition_units='kmol/m3', filename='x10001052.xml', exp_unc=80.0)",0.005171719073003805,37.0,True,False
CO + OH <=> CO2 + H,28,0.1,"Pandas(T5=2070.0, T5_units='K', P5=141855.0, P5_units='Pa', composition='H2:0.0005, CO:0.1217, O2:0.01, Ar:0.8678', phi=6.11, tau=0.000108, tau_units='s', pressure_rise=nan, pressure_rise_units='', ignition_type='concentration', ignition_target='CO2;', ignition_amount=1.6605390000000003e-11, ignition_units='kmol/m3', filename='x10001052.xml', exp_unc=80.0)",0.019881949895332953,17.0,True,False
CO + O2 <=> CO2 + O,29,0.1,"Pandas(T5=2070.0, T5_units='K', P5=141855.0, P5_units='Pa', composition='H2:0.0005, CO:0.1217, O2:0.01, Ar:0.8678', phi=6.11, tau=0.000108, tau_units='s', pressure_rise=nan, pressure_rise_units='', ignition_type='concentration', ignition_target='CO2;', ignition_amount=1.6605390000000003e-11, ignition_units='kmol/m3', filename='x10001052.xml', exp_unc=80.0)",0.23500458854612322,1.0,False,False
CO + HO2 <=> CO2 + OH,30,0.1,"Pandas(T5=2070.0, T5_units='K', P5=141855.0, P5_units='Pa', composition='H2:0.0005, CO:0.1217, O2:0.01, Ar:0.8678', phi=6.11, tau=0.000108, tau_units='s', pressure_rise=nan, pressure_rise_units='', ignition_type='concentration', ignition_target='CO2;', ignition_amount=1.6605390000000003e-11, ignition_units='kmol/m3', filename='x10001052.xml', exp_unc=80.0)",0.0062185739459468484,34.0,True,False
C + OH <=> CO + H,31,0.1,"Pandas(T5=2070.0, T5_units='K', P5=141855.0, P5_units='Pa', composition='H2:0.0005, CO:0.1217, O2:0.01, Ar:0.8678', phi=6.11, tau=0.000108, tau_units='s', pressure_rise=nan, pressure_rise_units='', ignition_type='concentration', ignition_target='CO2;', ignition_amount=1.6605390000000003e-11, ignition_units='kmol/m3', filename='x10001052.xml', exp_unc=80.0)",0.023313050538654224,12.0,True,True
C + O2 <=> CO + O,32,0.1,"Pandas(T5=2070.0, T5_units='K', P5=141855.0, P5_units='Pa', composition='H2:0.0005, CO:0.1217, O2:0.01, Ar:0.8678', phi=6.11, tau=0.000108, tau_units='s', pressure_rise=nan, pressure_rise_units='', ignition_type='concentration', ignition_target='CO2;', ignition_amount=1.6605390000000003e-11, ignition_units='kmol/m3', filename='x10001052.xml', exp_unc=80.0)",0.02329083843592697,13.0,True,False
HCO + M <=> CO + H + M,33,0.1,"Pandas(T5=2070.0, T5_units='K', P5=141855.0, P5_units='Pa', composition='H2:0.0005, CO:0.1217, O2:0.01, Ar:0.8678', phi=6.11, tau=0.000108, tau_units='s', pressure_rise=nan, pressure_rise_units='', ignition_type='concentration', ignition_target='CO2;', ignition_amount=1.6605390000000003e-11, ignition_units='kmol/m3', filename='x10001052.xml', exp_unc=80.0)",0.011982991912577283,27.0,True,True
HCO + O2 <=> CO + HO2,34,0.1,"Pandas(T5=2070.0, T5_units='K', P5=141855.0, P5_units='Pa', composition='H2:0.0005, CO:0.1217, O2:0.01, Ar:0.8678', phi=6.11, tau=0.000108, tau_units='s', pressure_rise=nan, pressure_rise_units='', ignition_type='concentration', ignition_target='CO2;', ignition_amount=1.6605390000000003e-11, ignition_units='kmol/m3', filename='x10001052.xml', exp_unc=80.0)",0.033861445547255835,3.0,False,False
H + HCO <=> CO + H2,35,0.1,"Pandas(T5=2070.0, T5_units='K', P5=141855.0, P5_units='Pa', composition='H2:0.0005, CO:0.1217, O2:0.01, Ar:0.8678', phi=6.11, tau=0.000108, tau_units='s', pressure_rise=nan, pressure_rise_units='', ignition_type='concentration', ignition_target='CO2;', ignition_amount=1.6605390000000003e-11, ignition_units='kmol/m3', filename='x10001052.xml', exp_unc=80.0)",0.010608472740087808,33.0,True,False
HCO + O <=> CO2 + H,36,0.1,"Pandas(T5=2070.0, T5_units='K', P5=141855.0, P5_units='Pa', composition='H2:0.0005, CO:0.1217, O2:0.01, Ar:0.8678', phi=6.11, tau=0.000108, tau_units='s', pressure_rise=nan, pressure_rise_units='', ignition_type='concentration', ignition_target='CO2;', ignition_amount=1.6605390000000003e-11, ignition_units='kmol/m3', filename='x10001052.xml', exp_unc=80.0)",0.027463921860184693,7.0,False,True
HCO + O <=> CO + OH,37,0.1,"Pandas(T5=2070.0, T5_units='K', P5=141855.0, P5_units='Pa', composition='H2:0.0005, CO:0.1217, O2:0.01, Ar:0.8678', phi=6.11, tau=0.000108, tau_units='s', pressure_rise=nan, pressure_rise_units='', ignition_type='concentration', ignition_target='CO2;', ignition_amount=1.6605390000000003e-11, ignition_units='kmol/m3', filename='x10001052.xml', exp_unc=80.0)",0.02430605337342295,10.0,False,True
HCO + OH <=> CO + H2O,38,0.1,"Pandas(T5=2070.0, T5_units='K', P5=141855.0, P5_units='Pa', composition='H2:0.0005, CO:0.1217, O2:0.01, Ar:0.8678', phi=6.11, tau=0.000108, tau_units='s', pressure_rise=nan, pressure_rise_units='', ignition_type='concentration', ignition_target='CO2;', ignition_amount=1.6605390000000003e-11, ignition_units='kmol/m3', filename='x10001052.xml', exp_unc=80.0)",0.028137043211467108,6.0,False,True
HCO + HO2 => CO2 + H + OH,39,0.1,"Pandas(T5=2070.0, T5_units='K', P5=141855.0, P5_units='Pa', composition='H2:0.0005, CO:0.1217, O2:0.01, Ar:0.8678', phi=6.11, tau=0.000108, tau_units='s', pressure_rise=nan, pressure_rise_units='', ignition_type='concentration', ignition_target='CO2;', ignition_amount=1.6605390000000003e-11, ignition_units='kmol/m3', filename='x10001052.xml', exp_unc=80.0)",0.011568231815283063,31.0,True,True
2 HCO => 2 CO + H2,40,0.1,"Pandas(T5=2070.0, T5_units='K', P5=141855.0, P5_units='Pa', composition='H2:0.0005, CO:0.1217, O2:0.01, Ar:0.8678', phi=6.11, tau=0.000108, tau_units='s', pressure_rise=nan, pressure_rise_units='', ignition_type='concentration', ignition_target='CO2;', ignition_amount=1.6605390000000003e-11, ignition_units='kmol/m3', filename='x10001052.xml', exp_unc=80.0)",0.006069984234131493,35.0,True,False
2 H + M <=> H2 + M,0,0.1,"Pandas(T5=2246.0, T5_units='K', P5=101000.0, P5_units='Pa', composition='H2:0.0017, CO:0.033, O2:0.0347, Ar:0.9306', phi=0.5, tau=0.000326, tau_units='s', pressure_rise=nan, pressure_rise_units='', ignition_type='max', ignition_target='OHEX;', ignition_amount='', ignition_units='', filename='x10001029.xml', exp_unc=18.09)",0.0036311715611345666,7.0,True,False
H + O + M <=> OH + M,1,0.1,"Pandas(T5=2246.0, T5_units='K', P5=101000.0, P5_units='Pa', composition='H2:0.0017, CO:0.033, O2:0.0347, Ar:0.9306', phi=0.5, tau=0.000326, tau_units='s', pressure_rise=nan, pressure_rise_units='', ignition_type='max', ignition_target='OHEX;', ignition_amount='', ignition_units='', filename='x10001029.xml', exp_unc=18.09)",0.07786069384615842,1.0,False,False
H + O2 (+M) <=> HO2 (+M),2,0.1,"Pandas(T5=2246.0, T5_units='K', P5=101000.0, P5_units='Pa', composition='H2:0.0017, CO:0.033, O2:0.0347, Ar:0.9306', phi=0.5, tau=0.000326, tau_units='s', pressure_rise=nan, pressure_rise_units='', ignition_type='max', ignition_target='OHEX;', ignition_amount='', ignition_units='', filename='x10001029.xml', exp_unc=18.09)",0.05257067424296522,2.0,False,False
H + O2 <=> O + OH,3,0.1,"Pandas(T5=2246.0, T5_units='K', P5=101000.0, P5_units='Pa', composition='H2:0.0017, CO:0.033, O2:0.0347, Ar:0.9306', phi=0.5, tau=0.000326, tau_units='s', pressure_rise=nan, pressure_rise_units='', ignition_type='max', ignition_target='OHEX;', ignition_amount='', ignition_units='', filename='x10001029.xml', exp_unc=18.09)",0.001025413650478135,19.0,True,False
H + OH (+M) <=> H2O (+M),4,0.1,"Pandas(T5=2246.0, T5_units='K', P5=101000.0, P5_units='Pa', composition='H2:0.0017, CO:0.033, O2:0.0347, Ar:0.9306', phi=0.5, tau=0.000326, tau_units='s', pressure_rise=nan, pressure_rise_units='', ignition_type='max', ignition_target='OHEX;', ignition_amount='', ignition_units='', filename='x10001029.xml', exp_unc=18.09)",0.004814425601301471,6.0,True,True
H2 + O <=> H + OH,5,0.1,"Pandas(T5=2246.0, T5_units='K', P5=101000.0, P5_units='Pa', composition='H2:0.0017, CO:0.033, O2:0.0347, Ar:0.9306', phi=0.5, tau=0.000326, tau_units='s', pressure_rise=nan, pressure_rise_units='', ignition_type='max', ignition_target='OHEX;', ignition_amount='', ignition_units='', filename='x10001029.xml', exp_unc=18.09)",0.0012016476422756237,16.0,True,False
H2 + OH <=> H + H2O,6,0.1,"Pandas(T5=2246.0, T5_units='K', P5=101000.0, P5_units='Pa', composition='H2:0.0017, CO:0.033, O2:0.0347, Ar:0.9306', phi=0.5, tau=0.000326, tau_units='s', pressure_rise=nan, pressure_rise_units='', ignition_type='max', ignition_target='OHEX;', ignition_amount='', ignition_units='', filename='x10001029.xml', exp_unc=18.09)",0.0004742158060436981,31.0,True,False
H + H2O2 <=> H2 + HO2,7,0.1,"Pandas(T5=2246.0, T5_units='K', P5=101000.0, P5_units='Pa', composition='H2:0.0017, CO:0.033, O2:0.0347, Ar:0.9306', phi=0.5, tau=0.000326, tau_units='s', pressure_rise=nan, pressure_rise_units='', ignition_type='max', ignition_target='OHEX;', ignition_amount='', ignition_units='', filename='x10001029.xml', exp_unc=18.09)",0.0008924438832083265,20.0,True,False
H + H2O2 <=> H2O + OH,8,0.1,"Pandas(T5=2246.0, T5_units='K', P5=101000.0, P5_units='Pa', composition='H2:0.0017, CO:0.033, O2:0.0347, Ar:0.9306', phi=0.5, tau=0.000326, tau_units='s', pressure_rise=nan, pressure_rise_units='', ignition_type='max', ignition_target='OHEX;', ignition_amount='', ignition_units='', filename='x10001029.xml', exp_unc=18.09)",0.00025350380328617247,37.0,True,True
H2O2 + O <=> HO2 + OH,9,0.1,"Pandas(T5=2246.0, T5_units='K', P5=101000.0, P5_units='Pa', composition='H2:0.0017, CO:0.033, O2:0.0347, Ar:0.9306', phi=0.5, tau=0.000326, tau_units='s', pressure_rise=nan, pressure_rise_units='', ignition_type='max', ignition_target='OHEX;', ignition_amount='', ignition_units='', filename='x10001029.xml', exp_unc=18.09)",0.0002747546079932853,36.0,True,True
H2O2 + OH <=> H2O + HO2,10,0.1,"Pandas(T5=2246.0, T5_units='K', P5=101000.0, P5_units='Pa', composition='H2:0.0017, CO:0.033, O2:0.0347, Ar:0.9306', phi=0.5, tau=0.000326, tau_units='s', pressure_rise=nan, pressure_rise_units='', ignition_type='max', ignition_target='OHEX;', ignition_amount='', ignition_units='', filename='x10001029.xml', exp_unc=18.09)",0.0006269006286517239,25.0,True,False
H + HO2 <=> H2 + O2,11,0.1,"Pandas(T5=2246.0, T5_units='K', P5=101000.0, P5_units='Pa', composition='H2:0.0017, CO:0.033, O2:0.0347, Ar:0.9306', phi=0.5, tau=0.000326, tau_units='s', pressure_rise=nan, pressure_rise_units='', ignition_type='max', ignition_target='OHEX;', ignition_amount='', ignition_units='', filename='x10001029.xml', exp_unc=18.09)",0.0017916192017535769,9.0,True,False
H + HO2 <=> 2 OH,12,0.1,"Pandas(T5=2246.0, T5_units='K', P5=101000.0, P5_units='Pa', composition='H2:0.0017, CO:0.033, O2:0.0347, Ar:0.9306', phi=0.5, tau=0.000326, tau_units='s', pressure_rise=nan, pressure_rise_units='', ignition_type='max', ignition_target='OHEX;', ignition_amount='', ignition_units='', filename='x10001029.xml', exp_unc=18.09)",0.0008072233400443648,21.0,True,False
2 HO2 <=> H2O2 + O2,13,0.1,"Pandas(T5=2246.0, T5_units='K', P5=101000.0, P5_units='Pa', composition='H2:0.0017, CO:0.033, O2:0.0347, Ar:0.9306', phi=0.5, tau=0.000326, tau_units='s', pressure_rise=nan, pressure_rise_units='', ignition_type='max', ignition_target='OHEX;', ignition_amount='', ignition_units='', filename='x10001029.xml', exp_unc=18.09)",8.780324438246129e-05,41.0,True,False
HO2 + O <=> O2 + OH,14,0.1,"Pandas(T5=2246.0, T5_units='K', P5=101000.0, P5_units='Pa', composition='H2:0.0017, CO:0.033, O2:0.0347, Ar:0.9306', phi=0.5, tau=0.000326, tau_units='s', pressure_rise=nan, pressure_rise_units='', ignition_type='max', ignition_target='OHEX;', ignition_amount='', ignition_units='', filename='x10001029.xml', exp_unc=18.09)",0.00043854757743473866,35.0,True,False
HO2 + OH <=> H2O + O2,15,0.1,"Pandas(T5=2246.0, T5_units='K', P5=101000.0, P5_units='Pa', composition='H2:0.0017, CO:0.033, O2:0.0347, Ar:0.9306', phi=0.5, tau=0.000326, tau_units='s', pressure_rise=nan, pressure_rise_units='', ignition_type='max', ignition_target='OHEX;', ignition_amount='', ignition_units='', filename='x10001029.xml', exp_unc=18.09)",0.0016886143701272055,11.0,True,True
2 O + M <=> O2 + M,16,0.1,"Pandas(T5=2246.0, T5_units='K', P5=101000.0, P5_units='Pa', composition='H2:0.0017, CO:0.033, O2:0.0347, Ar:0.9306', phi=0.5, tau=0.000326, tau_units='s', pressure_rise=nan, pressure_rise_units='', ignition_type='max', ignition_target='OHEX;', ignition_amount='', ignition_units='', filename='x10001029.xml', exp_unc=18.09)",0.015216941254806438,4.0,False,False
2 OH <=> H2O + O,17,0.1,"Pandas(T5=2246.0, T5_units='K', P5=101000.0, P5_units='Pa', composition='H2:0.0017, CO:0.033, O2:0.0347, Ar:0.9306', phi=0.5, tau=0.000326, tau_units='s', pressure_rise=nan, pressure_rise_units='', ignition_type='max', ignition_target='OHEX;', ignition_amount='', ignition_units='', filename='x10001029.xml', exp_unc=18.09)",0.0016217052120741267,12.0,True,False
H2O2 (+M) <=> 2 OH (+M),18,0.1,"Pandas(T5=2246.0, T5_units='K', P5=101000.0, P5_units='Pa', composition='H2:0.0017, CO:0.033, O2:0.0347, Ar:0.9306', phi=0.5, tau=0.000326, tau_units='s', pressure_rise=nan, pressure_rise_units='', ignition_type='max', ignition_target='OHEX;', ignition_amount='', ignition_units='', filename='x10001029.xml', exp_unc=18.09)",0.00011282088404584847,40.0,True,False
OH* <=> OH,19,0.1,"Pandas(T5=2246.0, T5_units='K', P5=101000.0, P5_units='Pa', composition='H2:0.0017, CO:0.033, O2:0.0347, Ar:0.9306', phi=0.5, tau=0.000326, tau_units='s', pressure_rise=nan, pressure_rise_units='', ignition_type='max', ignition_target='OHEX;', ignition_amount='', ignition_units='', filename='x10001029.xml', exp_unc=18.09)",0.0007404216448942828,23.0,True,True
AR + OH* <=> AR + OH,20,0.1,"Pandas(T5=2246.0, T5_units='K', P5=101000.0, P5_units='Pa', composition='H2:0.0017, CO:0.033, O2:0.0347, Ar:0.9306', phi=0.5, tau=0.000326, tau_units='s', pressure_rise=nan, pressure_rise_units='', ignition_type='max', ignition_target='OHEX;', ignition_amount='', ignition_units='', filename='x10001029.xml', exp_unc=18.09)",0.0005698868096856404,28.0,True,False
O2 + OH* <=> O2 + OH,21,0.1,"Pandas(T5=2246.0, T5_units='K', P5=101000.0, P5_units='Pa', composition='H2:0.0017, CO:0.033, O2:0.0347, Ar:0.9306', phi=0.5, tau=0.000326, tau_units='s', pressure_rise=nan, pressure_rise_units='', ignition_type='max', ignition_target='OHEX;', ignition_amount='', ignition_units='', filename='x10001029.xml', exp_unc=18.09)",0.0004561963365191091,33.0,True,True
H2O + OH* <=> H2O + OH,22,0.1,"Pandas(T5=2246.0, T5_units='K', P5=101000.0, P5_units='Pa', composition='H2:0.0017, CO:0.033, O2:0.0347, Ar:0.9306', phi=0.5, tau=0.000326, tau_units='s', pressure_rise=nan, pressure_rise_units='', ignition_type='max', ignition_target='OHEX;', ignition_amount='', ignition_units='', filename='x10001029.xml', exp_unc=18.09)",0.002522269045675495,8.0,True,True
H2 + OH* <=> H2 + OH,23,0.1,"Pandas(T5=2246.0, T5_units='K', P5=101000.0, P5_units='Pa', composition='H2:0.0017, CO:0.033, O2:0.0347, Ar:0.9306', phi=0.5, tau=0.000326, tau_units='s', pressure_rise=nan, pressure_rise_units='', ignition_type='max', ignition_target='OHEX;', ignition_amount='', ignition_units='', filename='x10001029.xml', exp_unc=18.09)",0.0015017216157862227,13.0,True,False
N2 + OH* <=> N2 + OH,24,0.1,"Pandas(T5=2246.0, T5_units='K', P5=101000.0, P5_units='Pa', composition='H2:0.0017, CO:0.033, O2:0.0347, Ar:0.9306', phi=0.5, tau=0.000326, tau_units='s', pressure_rise=nan, pressure_rise_units='', ignition_type='max', ignition_target='OHEX;', ignition_amount='', ignition_units='', filename='x10001029.xml', exp_unc=18.09)",0.0004893153140097241,30.0,True,False
OH + OH* <=> 2 OH,25,0.1,"Pandas(T5=2246.0, T5_units='K', P5=101000.0, P5_units='Pa', composition='H2:0.0017, CO:0.033, O2:0.0347, Ar:0.9306', phi=0.5, tau=0.000326, tau_units='s', pressure_rise=nan, pressure_rise_units='', ignition_type='max', ignition_target='OHEX;', ignition_amount='', ignition_units='', filename='x10001029.xml', exp_unc=18.09)",0.0012599030593413644,14.0,True,False
H + OH* <=> H + OH,26,0.1,"Pandas(T5=2246.0, T5_units='K', P5=101000.0, P5_units='Pa', composition='H2:0.0017, CO:0.033, O2:0.0347, Ar:0.9306', phi=0.5, tau=0.000326, tau_units='s', pressure_rise=nan, pressure_rise_units='', ignition_type='max', ignition_target='OHEX;', ignition_amount='', ignition_units='', filename='x10001029.xml', exp_unc=18.09)",0.00018418387261314047,39.0,True,True
CO + O (+M) <=> CO2 (+M),27,0.1,"Pandas(T5=2246.0, T5_units='K', P5=101000.0, P5_units='Pa', composition='H2:0.0017, CO:0.033, O2:0.0347, Ar:0.9306', phi=0.5, tau=0.000326, tau_units='s', pressure_rise=nan, pressure_rise_units='', ignition_type='max', ignition_target='OHEX;', ignition_amount='', ignition_units='', filename='x10001029.xml', exp_unc=18.09)",0.04042704809516637,3.0,False,False
CO + OH <=> CO2 + H,28,0.1,"Pandas(T5=2246.0, T5_units='K', P5=101000.0, P5_units='Pa', composition='H2:0.0017, CO:0.033, O2:0.0347, Ar:0.9306', phi=0.5, tau=0.000326, tau_units='s', pressure_rise=nan, pressure_rise_units='', ignition_type='max', ignition_target='OHEX;', ignition_amount='', ignition_units='', filename='x10001029.xml', exp_unc=18.09)",0.005887579097573436,5.0,True,False
CO + O2 <=> CO2 + O,29,0.1,"Pandas(T5=2246.0, T5_units='K', P5=101000.0, P5_units='Pa', composition='H2:0.0017, CO:0.033, O2:0.0347, Ar:0.9306', phi=0.5, tau=0.000326, tau_units='s', pressure_rise=nan, pressure_rise_units='', ignition_type='max', ignition_target='OHEX;', ignition_amount='', ignition_units='', filename='x10001029.xml', exp_unc=18.09)",0.0011923364129088,18.0,True,False
CO + HO2 <=> CO2 + OH,30,0.1,"Pandas(T5=2246.0, T5_units='K', P5=101000.0, P5_units='Pa', composition='H2:0.0017, CO:0.033, O2:0.0347, Ar:0.9306', phi=0.5, tau=0.000326, tau_units='s', pressure_rise=nan, pressure_rise_units='', ignition_type='max', ignition_target='OHEX;', ignition_amount='', ignition_units='', filename='x10001029.xml', exp_unc=18.09)",0.00021833013311231854,38.0,True,False
C + OH <=> CO + H,31,0.1,"Pandas(T5=2246.0, T5_units='K', P5=101000.0, P5_units='Pa', composition='H2:0.0017, CO:0.033, O2:0.0347, Ar:0.9306', phi=0.5, tau=0.000326, tau_units='s', pressure_rise=nan, pressure_rise_units='', ignition_type='max', ignition_target='OHEX;', ignition_amount='', ignition_units='', filename='x10001029.xml', exp_unc=18.09)",0.0007955428044767159,22.0,True,True
C + O2 <=> CO + O,32,0.1,"Pandas(T5=2246.0, T5_units='K', P5=101000.0, P5_units='Pa', composition='H2:0.0017, CO:0.033, O2:0.0347, Ar:0.9306', phi=0.5, tau=0.000326, tau_units='s', pressure_rise=nan, pressure_rise_units='', ignition_type='max', ignition_target='OHEX;', ignition_amount='', ignition_units='', filename='x10001029.xml', exp_unc=18.09)",0.0005808714986324133,27.0,True,False
HCO + M <=> CO + H + M,33,0.1,"Pandas(T5=2246.0, T5_units='K', P5=101000.0, P5_units='Pa', composition='H2:0.0017, CO:0.033, O2:0.0347, Ar:0.9306', phi=0.5, tau=0.000326, tau_units='s', pressure_rise=nan, pressure_rise_units='', ignition_type='max', ignition_target='OHEX;', ignition_amount='', ignition_units='', filename='x10001029.xml', exp_unc=18.09)",0.0005686122029674266,29.0,True,True
HCO + O2 <=> CO + HO2,34,0.1,"Pandas(T5=2246.0, T5_units='K', P5=101000.0, P5_units='Pa', composition='H2:0.0017, CO:0.033, O2:0.0347, Ar:0.9306', phi=0.5, tau=0.000326, tau_units='s', pressure_rise=nan, pressure_rise_units='', ignition_type='max', ignition_target='OHEX;', ignition_amount='', ignition_units='', filename='x10001029.xml', exp_unc=18.09)",0.0006576555682261884,24.0,True,False
H + HCO <=> CO + H2,35,0.1,"Pandas(T5=2246.0, T5_units='K', P5=101000.0, P5_units='Pa', composition='H2:0.0017, CO:0.033, O2:0.0347, Ar:0.9306', phi=0.5, tau=0.000326, tau_units='s', pressure_rise=nan, pressure_rise_units='', ignition_type='max', ignition_target='OHEX;', ignition_amount='', ignition_units='', filename='x10001029.xml', exp_unc=18.09)",0.00046485211975026594,32.0,True,False
HCO + O <=> CO2 + H,36,0.1,"Pandas(T5=2246.0, T5_units='K', P5=101000.0, P5_units='Pa', composition='H2:0.0017, CO:0.033, O2:0.0347, Ar:0.9306', phi=0.5, tau=0.000326, tau_units='s', pressure_rise=nan, pressure_rise_units='', ignition_type='max', ignition_target='OHEX;', ignition_amount='', ignition_units='', filename='x10001029.xml', exp_unc=18.09)",0.0012229306395438546,15.0,True,True
HCO + O <=> CO + OH,37,0.1,"Pandas(T5=2246.0, T5_units='K', P5=101000.0, P5_units='Pa', composition='H2:0.0017, CO:0.033, O2:0.0347, Ar:0.9306', phi=0.5, tau=0.000326, tau_units='s', pressure_rise=nan, pressure_rise_units='', ignition_type='max', ignition_target='OHEX;', ignition_amount='', ignition_units='', filename='x10001029.xml', exp_unc=18.09)",0.00169615080880395,10.0,True,True
HCO + OH <=> CO + H2O,38,0.1,"Pandas(T5=2246.0, T5_units='K', P5=101000.0, P5_units='Pa', composition='H2:0.0017, CO:0.033, O2:0.0347, Ar:0.9306', phi=0.5, tau=0.000326, tau_units='s', pressure_rise=nan, pressure_rise_units='', ignition_type='max', ignition_target='OHEX;', ignition_amount='', ignition_units='', filename='x10001029.xml', exp_unc=18.09)",0.0006223389156236055,26.0,True,True
HCO + HO2 => CO2 + H + OH,39,0.1,"Pandas(T5=2246.0, T5_units='K', P5=101000.0, P5_units='Pa', composition='H2:0.0017, CO:0.033, O2:0.0347, Ar:0.9306', phi=0.5, tau=0.000326, tau_units='s', pressure_rise=nan, pressure_rise_units='', ignition_type='max', ignition_target='OHEX;', ignition_amount='', ignition_units='', filename='x10001029.xml', exp_unc=18.09)",0.0004503405478939767,34.0,True,True
2 HCO => 2 CO + H2,40,0.1,"Pandas(T5=2246.0, T5_units='K', P5=101000.0, P5_units='Pa', composition='H2:0.0017, CO:0.033, O2:0.0347, Ar:0.9306', phi=0.5, tau=0.000326, tau_units='s', pressure_rise=nan, pressure_rise_units='', ignition_type='max', ignition_target='OHEX;', ignition_amount='', ignition_units='', filename='x10001029.xml', exp_unc=18.09)",0.0012014852727326353,17.0,True,False
2 H + M <=> H2 + M,0,0.1,"Pandas(T5=2620.0, T5_units='K', P5=176305.5, P5_units='Pa', composition='H2:0.00049, CO:0.0328, O2:0.0101, Ar:0.95661', phi=1.6480198019801982, tau=5.6999999999999996e-05, tau_units='s', pressure_rise=nan, pressure_rise_units='', ignition_type='concentration', ignition_target='CO2;', ignition_amount=1.328431e-11, ignition_units='kmol/m3', filename='x10001050.xml', exp_unc=80.0)",0.0017902859595356425,38.0,True,False
H + O + M <=> OH + M,1,0.1,"Pandas(T5=2620.0, T5_units='K', P5=176305.5, P5_units='Pa', composition='H2:0.00049, CO:0.0328, O2:0.0101, Ar:0.95661', phi=1.6480198019801982, tau=5.6999999999999996e-05, tau_units='s', pressure_rise=nan, pressure_rise_units='', ignition_type='concentration', ignition_target='CO2;', ignition_amount=1.328431e-11, ignition_units='kmol/m3', filename='x10001050.xml', exp_unc=80.0)",0.02373262858528251,7.0,False,False
H + O2 (+M) <=> HO2 (+M),2,0.1,"Pandas(T5=2620.0, T5_units='K', P5=176305.5, P5_units='Pa', composition='H2:0.00049, CO:0.0328, O2:0.0101, Ar:0.95661', phi=1.6480198019801982, tau=5.6999999999999996e-05, tau_units='s', pressure_rise=nan, pressure_rise_units='', ignition_type='concentration', ignition_target='CO2;', ignition_amount=1.328431e-11, ignition_units='kmol/m3', filename='x10001050.xml', exp_unc=80.0)",0.025027027365775046,5.0,False,False
H + O2 <=> O + OH,3,0.1,"Pandas(T5=2620.0, T5_units='K', P5=176305.5, P5_units='Pa', composition='H2:0.00049, CO:0.0328, O2:0.0101, Ar:0.95661', phi=1.6480198019801982, tau=5.6999999999999996e-05, tau_units='s', pressure_rise=nan, pressure_rise_units='', ignition_type='concentration', ignition_target='CO2;', ignition_amount=1.328431e-11, ignition_units='kmol/m3', filename='x10001050.xml', exp_unc=80.0)",0.00828833761912774,25.0,True,False
H + OH (+M) <=> H2O (+M),4,0.1,"Pandas(T5=2620.0, T5_units='K', P5=176305.5, P5_units='Pa', composition='H2:0.00049, CO:0.0328, O2:0.0101, Ar:0.95661', phi=1.6480198019801982, tau=5.6999999999999996e-05, tau_units='s', pressure_rise=nan, pressure_rise_units='', ignition_type='concentration', ignition_target='CO2;', ignition_amount=1.328431e-11, ignition_units='kmol/m3', filename='x10001050.xml', exp_unc=80.0)",0.003660748968018018,33.0,True,True
H2 + O <=> H + OH,5,0.1,"Pandas(T5=2620.0, T5_units='K', P5=176305.5, P5_units='Pa', composition='H2:0.00049, CO:0.0328, O2:0.0101, Ar:0.95661', phi=1.6480198019801982, tau=5.6999999999999996e-05, tau_units='s', pressure_rise=nan, pressure_rise_units='', ignition_type='concentration', ignition_target='CO2;', ignition_amount=1.328431e-11, ignition_units='kmol/m3', filename='x10001050.xml', exp_unc=80.0)",0.015135867422235778,16.0,True,False
H2 + OH <=> H + H2O,6,0.1,"Pandas(T5=2620.0, T5_units='K', P5=176305.5, P5_units='Pa', composition='H2:0.00049, CO:0.0328, O2:0.0101, Ar:0.95661', phi=1.6480198019801982, tau=5.6999999999999996e-05, tau_units='s', pressure_rise=nan, pressure_rise_units='', ignition_type='concentration', ignition_target='CO2;', ignition_amount=1.328431e-11, ignition_units='kmol/m3', filename='x10001050.xml', exp_unc=80.0)",0.010017442351164939,23.0,True,False
H + H2O2 <=> H2 + HO2,7,0.1,"Pandas(T5=2620.0, T5_units='K', P5=176305.5, P5_units='Pa', composition='H2:0.00049, CO:0.0328, O2:0.0101, Ar:0.95661', phi=1.6480198019801982, tau=5.6999999999999996e-05, tau_units='s', pressure_rise=nan, pressure_rise_units='', ignition_type='concentration', ignition_target='CO2;', ignition_amount=1.328431e-11, ignition_units='kmol/m3', filename='x10001050.xml', exp_unc=80.0)",0.003252170474224792,36.0,True,False
H + H2O2 <=> H2O + OH,8,0.1,"Pandas(T5=2620.0, T5_units='K', P5=176305.5, P5_units='Pa', composition='H2:0.00049, CO:0.0328, O2:0.0101, Ar:0.95661', phi=1.6480198019801982, tau=5.6999999999999996e-05, tau_units='s', pressure_rise=nan, pressure_rise_units='', ignition_type='concentration', ignition_target='CO2;', ignition_amount=1.328431e-11, ignition_units='kmol/m3', filename='x10001050.xml', exp_unc=80.0)",0.020270262648577782,11.0,True,True
H2O2 + O <=> HO2 + OH,9,0.1,"Pandas(T5=2620.0, T5_units='K', P5=176305.5, P5_units='Pa', composition='H2:0.00049, CO:0.0328, O2:0.0101, Ar:0.95661', phi=1.6480198019801982, tau=5.6999999999999996e-05, tau_units='s', pressure_rise=nan, pressure_rise_units='', ignition_type='concentration', ignition_target='CO2;', ignition_amount=1.328431e-11, ignition_units='kmol/m3', filename='x10001050.xml', exp_unc=80.0)",0.0065318481062515065,27.0,True,True
H2O2 + OH <=> H2O + HO2,10,0.1,"Pandas(T5=2620.0, T5_units='K', P5=176305.5, P5_units='Pa', composition='H2:0.00049, CO:0.0328, O2:0.0101, Ar:0.95661', phi=1.6480198019801982, tau=5.6999999999999996e-05, tau_units='s', pressure_rise=nan, pressure_rise_units='', ignition_type='concentration', ignition_target='CO2;', ignition_amount=1.328431e-11, ignition_units='kmol/m3', filename='x10001050.xml', exp_unc=80.0)",0.04010347226310025,2.0,False,False
H + HO2 <=> H2 + O2,11,0.1,"Pandas(T5=2620.0, T5_units='K', P5=176305.5, P5_units='Pa', composition='H2:0.00049, CO:0.0328, O2:0.0101, Ar:0.95661', phi=1.6480198019801982, tau=5.6999999999999996e-05, tau_units='s', pressure_rise=nan, pressure_rise_units='', ignition_type='concentration', ignition_target='CO2;', ignition_amount=1.328431e-11, ignition_units='kmol/m3', filename='x10001050.xml', exp_unc=80.0)",0.016407061018197885,14.0,True,False
H + HO2 <=> 2 OH,12,0.1,"Pandas(T5=2620.0, T5_units='K', P5=176305.5, P5_units='Pa', composition='H2:0.00049, CO:0.0328, O2:0.0101, Ar:0.95661', phi=1.6480198019801982, tau=5.6999999999999996e-05, tau_units='s', pressure_rise=nan, pressure_rise_units='', ignition_type='concentration', ignition_target='CO2;', ignition_amount=1.328431e-11, ignition_units='kmol/m3', filename='x10001050.xml', exp_unc=80.0)",0.012789166191807675,18.0,True,False
2 HO2 <=> H2O2 + O2,13,0.1,"Pandas(T5=2620.0, T5_units='K', P5=176305.5, P5_units='Pa', composition='H2:0.00049, CO:0.0328, O2:0.0101, Ar:0.95661', phi=1.6480198019801982, tau=5.6999999999999996e-05, tau_units='s', pressure_rise=nan, pressure_rise_units='', ignition_type='concentration', ignition_target='CO2;', ignition_amount=1.328431e-11, ignition_units='kmol/m3', filename='x10001050.xml', exp_unc=80.0)",0.009871366097428311,24.0,True,False
HO2 + O <=> O2 + OH,14,0.1,"Pandas(T5=2620.0, T5_units='K', P5=176305.5, P5_units='Pa', composition='H2:0.00049, CO:0.0328, O2:0.0101, Ar:0.95661', phi=1.6480198019801982, tau=5.6999999999999996e-05, tau_units='s', pressure_rise=nan, pressure_rise_units='', ignition_type='concentration', ignition_target='CO2;', ignition_amount=1.328431e-11, ignition_units='kmol/m3', filename='x10001050.xml', exp_unc=80.0)",0.02566521225459476,4.0,False,False
HO2 + OH <=> H2O + O2,15,0.1,"Pandas(T5=2620.0, T5_units='K', P5=176305.5, P5_units='Pa', composition='H2:0.00049, CO:0.0328, O2:0.0101, Ar:0.95661', phi=1.6480198019801982, tau=5.6999999999999996e-05, tau_units='s', pressure_rise=nan, pressure_rise_units='', ignition_type='concentration', ignition_target='CO2;', ignition_amount=1.328431e-11, ignition_units='kmol/m3', filename='x10001050.xml', exp_unc=80.0)",0.0028899652423734837,37.0,True,True
2 O + M <=> O2 + M,16,0.1,"Pandas(T5=2620.0, T5_units='K', P5=176305.5, P5_units='Pa', composition='H2:0.00049, CO:0.0328, O2:0.0101, Ar:0.95661', phi=1.6480198019801982, tau=5.6999999999999996e-05, tau_units='s', pressure_rise=nan, pressure_rise_units='', ignition_type='concentration', ignition_target='CO2;', ignition_amount=1.328431e-11, ignition_units='kmol/m3', filename='x10001050.xml', exp_unc=80.0)",0.003378278406394147,35.0,True,False
2 OH <=> H2O + O,17,0.1,"Pandas(T5=2620.0, T5_units='K', P5=176305.5, P5_units='Pa', composition='H2:0.00049, CO:0.0328, O2:0.0101, Ar:0.95661', phi=1.6480198019801982, tau=5.6999999999999996e-05, tau_units='s', pressure_rise=nan, pressure_rise_units='', ignition_type='concentration', ignition_target='CO2;', ignition_amount=1.328431e-11, ignition_units='kmol/m3', filename='x10001050.xml', exp_unc=80.0)",0.004906078183300324,31.0,True,False
H2O2 (+M) <=> 2 OH (+M),18,0.1,"Pandas(T5=2620.0, T5_units='K', P5=176305.5, P5_units='Pa', composition='H2:0.00049, CO:0.0328, O2:0.0101, Ar:0.95661', phi=1.6480198019801982, tau=5.6999999999999996e-05, tau_units='s', pressure_rise=nan, pressure_rise_units='', ignition_type='concentration', ignition_target='CO2;', ignition_amount=1.328431e-11, ignition_units='kmol/m3', filename='x10001050.xml', exp_unc=80.0)",0.007432827580190442,26.0,True,False
OH* <=> OH,19,0.1,"Pandas(T5=2620.0, T5_units='K', P5=176305.5, P5_units='Pa', composition='H2:0.00049, CO:0.0328, O2:0.0101, Ar:0.95661', phi=1.6480198019801982, tau=5.6999999999999996e-05, tau_units='s', pressure_rise=nan, pressure_rise_units='', ignition_type='concentration', ignition_target='CO2;', ignition_amount=1.328431e-11, ignition_units='kmol/m3', filename='x10001050.xml', exp_unc=80.0)",0.000308528623189593,40.0,True,True
AR + OH* <=> AR + OH,20,0.1,"Pandas(T5=2620.0, T5_units='K', P5=176305.5, P5_units='Pa', composition='H2:0.00049, CO:0.0328, O2:0.0101, Ar:0.95661', phi=1.6480198019801982, tau=5.6999999999999996e-05, tau_units='s', pressure_rise=nan, pressure_rise_units='', ignition_type='concentration', ignition_target='CO2;', ignition_amount=1.328431e-11, ignition_units='kmol/m3', filename='x10001050.xml', exp_unc=80.0)",0.012455478927054231,19.0,True,False
O2 + OH* <=> O2 + OH,21,0.1,"Pandas(T5=2620.0, T5_units='K', P5=176305.5, P5_units='Pa', composition='H2:0.00049, CO:0.0328, O2:0.0101, Ar:0.95661', phi=1.6480198019801982, tau=5.6999999999999996e-05, tau_units='s', pressure_rise=nan, pressure_rise_units='', ignition_type='concentration', ignition_target='CO2;', ignition_amount=1.328431e-11, ignition_units='kmol/m3', filename='x10001050.xml', exp_unc=80.0)",0.02218099190441447,8.0,True,True
H2O + OH* <=> H2O + OH,22,0.1,"Pandas(T5=2620.0, T5_units='K', P5=176305.5, P5_units='Pa', composition='H2:0.00049, CO:0.0328, O2:0.0101, Ar:0.95661', phi=1.6480198019801982, tau=5.6999999999999996e-05, tau_units='s', pressure_rise=nan, pressure_rise_units='', ignition_type='concentration', ignition_target='CO2;', ignition_amount=1.328431e-11, ignition_units='kmol/m3', filename='x10001050.xml', exp_unc=80.0)",0.015937159013678186,15.0,True,True
H2 + OH* <=> H2 + OH,23,0.1,"Pandas(T5=2620.0, T5_units='K', P5=176305.5, P5_units='Pa', composition='H2:0.00049, CO:0.0328, O2:0.0101, Ar:0.95661', phi=1.6480198019801982, tau=5.6999999999999996e-05, tau_units='s', pressure_rise=nan, pressure_rise_units='', ignition_type='concentration', ignition_target='CO2;', ignition_amount=1.328431e-11, ignition_units='kmol/m3', filename='x10001050.xml', exp_unc=80.0)",0.005631626826882904,30.0,True,False
N2 + OH* <=> N2 + OH,24,0.1,"Pandas(T5=2620.0, T5_units='K', P5=176305.5, P5_units='Pa', composition='H2:0.00049, CO:0.0328, O2:0.0101, Ar:0.95661', phi=1.6480198019801982, tau=5.6999999999999996e-05, tau_units='s', pressure_rise=nan, pressure_rise_units='', ignition_type='concentration', ignition_target='CO2;', ignition_amount=1.328431e-11, ignition_units='kmol/m3', filename='x10001050.xml', exp_unc=80.0)",0.00607048284604756,29.0,True,False
OH + OH* <=> 2 OH,25,0.1,"Pandas(T5=2620.0, T5_units='K', P5=176305.5, P5_units='Pa', composition='H2:0.00049, CO:0.0328, O2:0.0101, Ar:0.95661', phi=1.6480198019801982, tau=5.6999999999999996e-05, tau_units='s', pressure_rise=nan, pressure_rise_units='', ignition_type='concentration', ignition_target='CO2;', ignition_amount=1.328431e-11, ignition_units='kmol/m3', filename='x10001050.xml', exp_unc=80.0)",0.021773485771260925,9.0,True,False
H + OH* <=> H + OH,26,0.1,"Pandas(T5=2620.0, T5_units='K', P5=176305.5, P5_units='Pa', composition='H2:0.00049, CO:0.0328, O2:0.0101, Ar:0.95661', phi=1.6480198019801982, tau=5.6999999999999996e-05, tau_units='s', pressure_rise=nan, pressure_rise_units='', ignition_type='concentration', ignition_target='CO2;', ignition_amount=1.328431e-11, ignition_units='kmol/m3', filename='x10001050.xml', exp_unc=80.0)",0.020701395380375978,10.0,True,True
CO + O (+M) <=> CO2 (+M),27,0.1,"Pandas(T5=2620.0, T5_units='K', P5=176305.5, P5_units='Pa', composition='H2:0.00049, CO:0.0328, O2:0.0101, Ar:0.95661', phi=1.6480198019801982, tau=5.6999999999999996e-05, tau_units='s', pressure_rise=nan, pressure_rise_units='', ignition_type='concentration', ignition_target='CO2;', ignition_amount=1.328431e-11, ignition_units='kmol/m3', filename='x10001050.xml', exp_unc=80.0)",7.114961883945932e-05,41.0,True,False
CO + OH <=> CO2 + H,28,0.1,"Pandas(T5=2620.0, T5_units='K', P5=176305.5, P5_units='Pa', composition='H2:0.00049, CO:0.0328, O2:0.0101, Ar:0.95661', phi=1.6480198019801982, tau=5.6999999999999996e-05, tau_units='s', pressure_rise=nan, pressure_rise_units='', ignition_type='concentration', ignition_target='CO2;', ignition_amount=1.328431e-11, ignition_units='kmol/m3', filename='x10001050.xml', exp_unc=80.0)",0.02463376729526834,6.0,False,False
CO + O2 <=> CO2 + O,29,0.1,"Pandas(T5=2620.0, T5_units='K', P5=176305.5, P5_units='Pa', composition='H2:0.00049, CO:0.0328, O2:0.0101, Ar:0.95661', phi=1.6480198019801982, tau=5.6999999999999996e-05, tau_units='s', pressure_rise=nan, pressure_rise_units='', ignition_type='concentration', ignition_target='CO2;', ignition_amount=1.328431e-11, ignition_units='kmol/m3', filename='x10001050.xml', exp_unc=80.0)",0.22562938816374611,1.0,False,False
CO + HO2 <=> CO2 + OH,30,0.1,"Pandas(T5=2620.0, T5_units='K', P5=176305.5, P5_units='Pa', composition='H2:0.00049, CO:0.0328, O2:0.0101, Ar:0.95661', phi=1.6480198019801982, tau=5.6999999999999996e-05, tau_units='s', pressure_rise=nan, pressure_rise_units='', ignition_type='concentration', ignition_target='CO2;', ignition_amount=1.328431e-11, ignition_units='kmol/m3', filename='x10001050.xml', exp_unc=80.0)",0.010457336064617092,22.0,True,False
C + OH <=> CO + H,31,0.1,"Pandas(T5=2620.0, T5_units='K', P5=176305.5, P5_units='Pa', composition='H2:0.00049, CO:0.0328, O2:0.0101, Ar:0.95661', phi=1.6480198019801982, tau=5.6999999999999996e-05, tau_units='s', pressure_rise=nan, pressure_rise_units='', ignition_type='concentration', ignition_target='CO2;', ignition_amount=1.328431e-11, ignition_units='kmol/m3', filename='x10001050.xml', exp_unc=80.0)",0.01888593251492262,12.0,True,True
C + O2 <=> CO + O,32,0.1,"Pandas(T5=2620.0, T5_units='K', P5=176305.5, P5_units='Pa', composition='H2:0.00049, CO:0.0328, O2:0.0101, Ar:0.95661', phi=1.6480198019801982, tau=5.6999999999999996e-05, tau_units='s', pressure_rise=nan, pressure_rise_units='', ignition_type='concentration', ignition_target='CO2;', ignition_amount=1.328431e-11, ignition_units='kmol/m3', filename='x10001050.xml', exp_unc=80.0)",0.03106245324049203,3.0,False,False
HCO + M <=> CO + H + M,33,0.1,"Pandas(T5=2620.0, T5_units='K', P5=176305.5, P5_units='Pa', composition='H2:0.00049, CO:0.0328, O2:0.0101, Ar:0.95661', phi=1.6480198019801982, tau=5.6999999999999996e-05, tau_units='s', pressure_rise=nan, pressure_rise_units='', ignition_type='concentration', ignition_target='CO2;', ignition_amount=1.328431e-11, ignition_units='kmol/m3', filename='x10001050.xml', exp_unc=80.0)",0.017968574099394754,13.0,True,True
HCO + O2 <=> CO + HO2,34,0.1,"Pandas(T5=2620.0, T5_units='K', P5=176305.5, P5_units='Pa', composition='H2:0.00049, CO:0.0328, O2:0.0101, Ar:0.95661', phi=1.6480198019801982, tau=5.6999999999999996e-05, tau_units='s', pressure_rise=nan, pressure_rise_units='', ignition_type='concentration', ignition_target='CO2;', ignition_amount=1.328431e-11, ignition_units='kmol/m3', filename='x10001050.xml', exp_unc=80.0)",0.014778147037880402,17.0,True,False
H + HCO <=> CO + H2,35,0.1,"Pandas(T5=2620.0, T5_units='K', P5=176305.5, P5_units='Pa', composition='H2:0.00049, CO:0.0328, O2:0.0101, Ar:0.95661', phi=1.6480198019801982, tau=5.6999999999999996e-05, tau_units='s', pressure_rise=nan, pressure_rise_units='', ignition_type='concentration', ignition_target='CO2;', ignition_amount=1.328431e-11, ignition_units='kmol/m3', filename='x10001050.xml', exp_unc=80.0)",0.003389183576585245,34.0,True,False
HCO + O <=> CO2 + H,36,0.1,"Pandas(T5=2620.0, T5_units='K', P5=176305.5, P5_units='Pa', composition='H2:0.00049, CO:0.0328, O2:0.0101, Ar:0.95661', phi=1.6480198019801982, tau=5.6999999999999996e-05, tau_units='s', pressure_rise=nan, pressure_rise_units='', ignition_type='concentration', ignition_target='CO2;', ignition_amount=1.328431e-11, ignition_units='kmol/m3', filename='x10001050.xml', exp_unc=80.0)",0.01077887293523134,21.0,True,True
HCO + O <=> CO + OH,37,0.1,"Pandas(T5=2620.0, T5_units='K', P5=176305.5, P5_units='Pa', composition='H2:0.00049, CO:0.0328, O2:0.0101, Ar:0.95661', phi=1.6480198019801982, tau=5.6999999999999996e-05, tau_units='s', pressure_rise=nan, pressure_rise_units='', ignition_type='concentration', ignition_target='CO2;', ignition_amount=1.328431e-11, ignition_units='kmol/m3', filename='x10001050.xml', exp_unc=80.0)",0.0010799023612930788,39.0,True,True
HCO + OH <=> CO + H2O,38,0.1,"Pandas(T5=2620.0, T5_units='K', P5=176305.5, P5_units='Pa', composition='H2:0.00049, CO:0.0328, O2:0.0101, Ar:0.95661', phi=1.6480198019801982, tau=5.6999999999999996e-05, tau_units='s', pressure_rise=nan, pressure_rise_units='', ignition_type='concentration', ignition_target='CO2;', ignition_amount=1.328431e-11, ignition_units='kmol/m3', filename='x10001050.xml', exp_unc=80.0)",0.006291696026771852,28.0,True,True
HCO + HO2 => CO2 + H + OH,39,0.1,"Pandas(T5=2620.0, T5_units='K', P5=176305.5, P5_units='Pa', composition='H2:0.00049, CO:0.0328, O2:0.0101, Ar:0.95661', phi=1.6480198019801982, tau=5.6999999999999996e-05, tau_units='s', pressure_rise=nan, pressure_rise_units='', ignition_type='concentration', ignition_target='CO2;', ignition_amount=1.328431e-11, ignition_units='kmol/m3', filename='x10001050.xml', exp_unc=80.0)",0.003949451338701822,32.0,True,True
2 HCO => 2 CO + H2,40,0.1,"Pandas(T5=2620.0, T5_units='K', P5=176305.5, P5_units='Pa', composition='H2:0.00049, CO:0.0328, O2:0.0101, Ar:0.95661', phi=1.6480198019801982, tau=5.6999999999999996e-05, tau_units='s', pressure_rise=nan, pressure_rise_units='', ignition_type='concentration', ignition_target='CO2;', ignition_amount=1.328431e-11, ignition_units='kmol/m3', filename='x10001050.xml', exp_unc=80.0)",0.011921465583174199,20.0,True,False
2 H + M <=> H2 + M,0,0.1,"Pandas(T5=2565.0, T5_units='K', P5=190491.0, P5_units='Pa', composition='H2:0.0005, CO:0.1217, O2:0.01, Ar:0.8678', phi=6.11, tau=4.2e-05, tau_units='s', pressure_rise=nan, pressure_rise_units='', ignition_type='concentration', ignition_target='CO2;', ignition_amount=1.6605390000000003e-11, ignition_units='kmol/m3', filename='x10001052.xml', exp_unc=80.0)",0.003947664812858265,36.0,True,False
H + O + M <=> OH + M,1,0.1,"Pandas(T5=2565.0, T5_units='K', P5=190491.0, P5_units='Pa', composition='H2:0.0005, CO:0.1217, O2:0.01, Ar:0.8678', phi=6.11, tau=4.2e-05, tau_units='s', pressure_rise=nan, pressure_rise_units='', ignition_type='concentration', ignition_target='CO2;', ignition_amount=1.6605390000000003e-11, ignition_units='kmol/m3', filename='x10001052.xml', exp_unc=80.0)",0.00783074774318909,31.0,True,False
H + O2 (+M) <=> HO2 (+M),2,0.1,"Pandas(T5=2565.0, T5_units='K', P5=190491.0, P5_units='Pa', composition='H2:0.0005, CO:0.1217, O2:0.01, Ar:0.8678', phi=6.11, tau=4.2e-05, tau_units='s', pressure_rise=nan, pressure_rise_units='', ignition_type='concentration', ignition_target='CO2;', ignition_amount=1.6605390000000003e-11, ignition_units='kmol/m3', filename='x10001052.xml', exp_unc=80.0)",0.00885240230324127,28.0,True,False
H + O2 <=> O + OH,3,0.1,"Pandas(T5=2565.0, T5_units='K', P5=190491.0, P5_units='Pa', composition='H2:0.0005, CO:0.1217, O2:0.01, Ar:0.8678', phi=6.11, tau=4.2e-05, tau_units='s', pressure_rise=nan, pressure_rise_units='', ignition_type='concentration', ignition_target='CO2;', ignition_amount=1.6605390000000003e-11, ignition_units='kmol/m3', filename='x10001052.xml', exp_unc=80.0)",0.004291242408436204,34.0,True,False
H + OH (+M) <=> H2O (+M),4,0.1,"Pandas(T5=2565.0, T5_units='K', P5=190491.0, P5_units='Pa', composition='H2:0.0005, CO:0.1217, O2:0.01, Ar:0.8678', phi=6.11, tau=4.2e-05, tau_units='s', pressure_rise=nan, pressure_rise_units='', ignition_type='concentration', ignition_target='CO2;', ignition_amount=1.6605390000000003e-11, ignition_units='kmol/m3', filename='x10001052.xml', exp_unc=80.0)",0.013306324953406985,22.0,True,True
H2 + O <=> H + OH,5,0.1,"Pandas(T5=2565.0, T5_units='K', P5=190491.0, P5_units='Pa', composition='H2:0.0005, CO:0.1217, O2:0.01, Ar:0.8678', phi=6.11, tau=4.2e-05, tau_units='s', pressure_rise=nan, pressure_rise_units='', ignition_type='concentration', ignition_target='CO2;', ignition_amount=1.6605390000000003e-11, ignition_units='kmol/m3', filename='x10001052.xml', exp_unc=80.0)",0.017650025590003005,15.0,True,False
H2 + OH <=> H + H2O,6,0.1,"Pandas(T5=2565.0, T5_units='K', P5=190491.0, P5_units='Pa', composition='H2:0.0005, CO:0.1217, O2:0.01, Ar:0.8678', phi=6.11, tau=4.2e-05, tau_units='s', pressure_rise=nan, pressure_rise_units='', ignition_type='concentration', ignition_target='CO2;', ignition_amount=1.6605390000000003e-11, ignition_units='kmol/m3', filename='x10001052.xml', exp_unc=80.0)",0.011127964012633463,26.0,True,False
H + H2O2 <=> H2 + HO2,7,0.1,"Pandas(T5=2565.0, T5_units='K', P5=190491.0, P5_units='Pa', composition='H2:0.0005, CO:0.1217, O2:0.01, Ar:0.8678', phi=6.11, tau=4.2e-05, tau_units='s', pressure_rise=nan, pressure_rise_units='', ignition_type='concentration', ignition_target='CO2;', ignition_amount=1.6605390000000003e-11, ignition_units='kmol/m3', filename='x10001052.xml', exp_unc=80.0)",0.014519102739397168,21.0,True,False
H + H2O2 <=> H2O + OH,8,0.1,"Pandas(T5=2565.0, T5_units='K', P5=190491.0, P5_units='Pa', composition='H2:0.0005, CO:0.1217, O2:0.01, Ar:0.8678', phi=6.11, tau=4.2e-05, tau_units='s', pressure_rise=nan, pressure_rise_units='', ignition_type='concentration', ignition_target='CO2;', ignition_amount=1.6605390000000003e-11, ignition_units='kmol/m3', filename='x10001052.xml', exp_unc=80.0)",0.003967822398364837,35.0,True,True
H2O2 + O <=> HO2 + OH,9,0.1,"Pandas(T5=2565.0, T5_units='K', P5=190491.0, P5_units='Pa', composition='H2:0.0005, CO:0.1217, O2:0.01, Ar:0.8678', phi=6.11, tau=4.2e-05, tau_units='s', pressure_rise=nan, pressure_rise_units='', ignition_type='concentration', ignition_target='CO2;', ignition_amount=1.6605390000000003e-11, ignition_units='kmol/m3', filename='x10001052.xml', exp_unc=80.0)",0.00858323140084925,30.0,True,True
H2O2 + OH <=> H2O + HO2,10,0.1,"Pandas(T5=2565.0, T5_units='K', P5=190491.0, P5_units='Pa', composition='H2:0.0005, CO:0.1217, O2:0.01, Ar:0.8678', phi=6.11, tau=4.2e-05, tau_units='s', pressure_rise=nan, pressure_rise_units='', ignition_type='concentration', ignition_target='CO2;', ignition_amount=1.6605390000000003e-11, ignition_units='kmol/m3', filename='x10001052.xml', exp_unc=80.0)",0.0009602451102224047,40.0,True,False
H + HO2 <=> H2 + O2,11,0.1,"Pandas(T5=2565.0, T5_units='K', P5=190491.0, P5_units='Pa', composition='H2:0.0005, CO:0.1217, O2:0.01, Ar:0.8678', phi=6.11, tau=4.2e-05, tau_units='s', pressure_rise=nan, pressure_rise_units='', ignition_type='concentration', ignition_target='CO2;', ignition_amount=1.6605390000000003e-11, ignition_units='kmol/m3', filename='x10001052.xml', exp_unc=80.0)",0.02614150733155382,10.0,False,False
H + HO2 <=> 2 OH,12,0.1,"Pandas(T5=2565.0, T5_units='K', P5=190491.0, P5_units='Pa', composition='H2:0.0005, CO:0.1217, O2:0.01, Ar:0.8678', phi=6.11, tau=4.2e-05, tau_units='s', pressure_rise=nan, pressure_rise_units='', ignition_type='concentration', ignition_target='CO2;', ignition_amount=1.6605390000000003e-11, ignition_units='kmol/m3', filename='x10001052.xml', exp_unc=80.0)",0.01655986623392845,18.0,True,False
2 HO2 <=> H2O2 + O2,13,0.1,"Pandas(T5=2565.0, T5_units='K', P5=190491.0, P5_units='Pa', composition='H2:0.0005, CO:0.1217, O2:0.01, Ar:0.8678', phi=6.11, tau=4.2e-05, tau_units='s', pressure_rise=nan, pressure_rise_units='', ignition_type='concentration', ignition_target='CO2;', ignition_amount=1.6605390000000003e-11, ignition_units='kmol/m3', filename='x10001052.xml', exp_unc=80.0)",0.035165180115687804,4.0,False,False
HO2 + O <=> O2 + OH,14,0.1,"Pandas(T5=2565.0, T5_units='K', P5=190491.0, P5_units='Pa', composition='H2:0.0005, CO:0.1217, O2:0.01, Ar:0.8678', phi=6.11, tau=4.2e-05, tau_units='s', pressure_rise=nan, pressure_rise_units='', ignition_type='concentration', ignition_target='CO2;', ignition_amount=1.6605390000000003e-11, ignition_units='kmol/m3', filename='x10001052.xml', exp_unc=80.0)",0.031387148238772915,6.0,False,False
HO2 + OH <=> H2O + O2,15,0.1,"Pandas(T5=2565.0, T5_units='K', P5=190491.0, P5_units='Pa', composition='H2:0.0005, CO:0.1217, O2:0.01, Ar:0.8678', phi=6.11, tau=4.2e-05, tau_units='s', pressure_rise=nan, pressure_rise_units='', ignition_type='concentration', ignition_target='CO2;', ignition_amount=1.6605390000000003e-11, ignition_units='kmol/m3', filename='x10001052.xml', exp_unc=80.0)",0.008817399871208947,29.0,True,True
2 O + M <=> O2 + M,16,0.1,"Pandas(T5=2565.0, T5_units='K', P5=190491.0, P5_units='Pa', composition='H2:0.0005, CO:0.1217, O2:0.01, Ar:0.8678', phi=6.11, tau=4.2e-05, tau_units='s', pressure_rise=nan, pressure_rise_units='', ignition_type='concentration', ignition_target='CO2;', ignition_amount=1.6605390000000003e-11, ignition_units='kmol/m3', filename='x10001052.xml', exp_unc=80.0)",0.012666584520482242,24.0,True,False
2 OH <=> H2O + O,17,0.1,"Pandas(T5=2565.0, T5_units='K', P5=190491.0, P5_units='Pa', composition='H2:0.0005, CO:0.1217, O2:0.01, Ar:0.8678', phi=6.11, tau=4.2e-05, tau_units='s', pressure_rise=nan, pressure_rise_units='', ignition_type='concentration', ignition_target='CO2;', ignition_amount=1.6605390000000003e-11, ignition_units='kmol/m3', filename='x10001052.xml', exp_unc=80.0)",0.0023932541634359584,38.0,True,False
H2O2 (+M) <=> 2 OH (+M),18,0.1,"Pandas(T5=2565.0, T5_units='K', P5=190491.0, P5_units='Pa', composition='H2:0.0005, CO:0.1217, O2:0.01, Ar:0.8678', phi=6.11, tau=4.2e-05, tau_units='s', pressure_rise=nan, pressure_rise_units='', ignition_type='concentration', ignition_target='CO2;', ignition_amount=1.6605390000000003e-11, ignition_units='kmol/m3', filename='x10001052.xml', exp_unc=80.0)",0.012726043062837662,23.0,True,False
OH* <=> OH,19,0.1,"Pandas(T5=2565.0, T5_units='K', P5=190491.0, P5_units='Pa', composition='H2:0.0005, CO:0.1217, O2:0.01, Ar:0.8678', phi=6.11, tau=4.2e-05, tau_units='s', pressure_rise=nan, pressure_rise_units='', ignition_type='concentration', ignition_target='CO2;', ignition_amount=1.6605390000000003e-11, ignition_units='kmol/m3', filename='x10001052.xml', exp_unc=80.0)",0.02867245701809399,8.0,False,True
AR + OH* <=> AR + OH,20,0.1,"Pandas(T5=2565.0, T5_units='K', P5=190491.0, P5_units='Pa', composition='H2:0.0005, CO:0.1217, O2:0.01, Ar:0.8678', phi=6.11, tau=4.2e-05, tau_units='s', pressure_rise=nan, pressure_rise_units='', ignition_type='concentration', ignition_target='CO2;', ignition_amount=1.6605390000000003e-11, ignition_units='kmol/m3', filename='x10001052.xml', exp_unc=80.0)",0.0021513708319596666,39.0,True,False
O2 + OH* <=> O2 + OH,21,0.1,"Pandas(T5=2565.0, T5_units='K', P5=190491.0, P5_units='Pa', composition='H2:0.0005, CO:0.1217, O2:0.01, Ar:0.8678', phi=6.11, tau=4.2e-05, tau_units='s', pressure_rise=nan, pressure_rise_units='', ignition_type='concentration', ignition_target='CO2;', ignition_amount=1.6605390000000003e-11, ignition_units='kmol/m3', filename='x10001052.xml', exp_unc=80.0)",0.011360952904774457,25.0,True,True
H2O + OH* <=> H2O + OH,22,0.1,"Pandas(T5=2565.0, T5_units='K', P5=190491.0, P5_units='Pa', composition='H2:0.0005, CO:0.1217, O2:0.01, Ar:0.8678', phi=6.11, tau=4.2e-05, tau_units='s', pressure_rise=nan, pressure_rise_units='', ignition_type='concentration', ignition_target='CO2;', ignition_amount=1.6605390000000003e-11, ignition_units='kmol/m3', filename='x10001052.xml', exp_unc=80.0)",0.005909889546549627,32.0,True,True
H2 + OH* <=> H2 + OH,23,0.1,"Pandas(T5=2565.0, T5_units='K', P5=190491.0, P5_units='Pa', composition='H2:0.0005, CO:0.1217, O2:0.01, Ar:0.8678', phi=6.11, tau=4.2e-05, tau_units='s', pressure_rise=nan, pressure_rise_units='', ignition_type='concentration', ignition_target='CO2;', ignition_amount=1.6605390000000003e-11, ignition_units='kmol/m3', filename='x10001052.xml', exp_unc=80.0)",0.049712324871154207,3.0,False,False
N2 + OH* <=> N2 + OH,24,0.1,"Pandas(T5=2565.0, T5_units='K', P5=190491.0, P5_units='Pa', composition='H2:0.0005, CO:0.1217, O2:0.01, Ar:0.8678', phi=6.11, tau=4.2e-05, tau_units='s', pressure_rise=nan, pressure_rise_units='', ignition_type='concentration', ignition_target='CO2;', ignition_amount=1.6605390000000003e-11, ignition_units='kmol/m3', filename='x10001052.xml', exp_unc=80.0)",0.019206904799390193,13.0,True,False
OH + OH* <=> 2 OH,25,0.1,"Pandas(T5=2565.0, T5_units='K', P5=190491.0, P5_units='Pa', composition='H2:0.0005, CO:0.1217, O2:0.01, Ar:0.8678', phi=6.11, tau=4.2e-05, tau_units='s', pressure_rise=nan, pressure_rise_units='', ignition_type='concentration', ignition_target='CO2;', ignition_amount=1.6605390000000003e-11, ignition_units='kmol/m3', filename='x10001052.xml', exp_unc=80.0)",0.014721138605646231,19.0,True,False
H + OH* <=> H + OH,26,0.1,"Pandas(T5=2565.0, T5_units='K', P5=190491.0, P5_units='Pa', composition='H2:0.0005, CO:0.1217, O2:0.01, Ar:0.8678', phi=6.11, tau=4.2e-05, tau_units='s', pressure_rise=nan, pressure_rise_units='', ignition_type='concentration', ignition_target='CO2;', ignition_amount=1.6605390000000003e-11, ignition_units='kmol/m3', filename='x10001052.xml', exp_unc=80.0)",0.017577374758992827,16.0,True,True
CO + O (+M) <=> CO2 (+M),27,0.1,"Pandas(T5=2565.0, T5_units='K', P5=190491.0, P5_units='Pa', composition='H2:0.0005, CO:0.1217, O2:0.01, Ar:0.8678', phi=6.11, tau=4.2e-05, tau_units='s', pressure_rise=nan, pressure_rise_units='', ignition_type='concentration', ignition_target='CO2;', ignition_amount=1.6605390000000003e-11, ignition_units='kmol/m3', filename='x10001052.xml', exp_unc=80.0)",0.016601987736690943,17.0,True,False
CO + OH <=> CO2 + H,28,0.1,"Pandas(T5=2565.0, T5_units='K', P5=190491.0, P5_units='Pa', composition='H2:0.0005, CO:0.1217, O2:0.01, Ar:0.8678', phi=6.11, tau=4.2e-05, tau_units='s', pressure_rise=nan, pressure_rise_units='', ignition_type='concentration', ignition_target='CO2;', ignition_amount=1.6605390000000003e-11, ignition_units='kmol/m3', filename='x10001052.xml', exp_unc=80.0)",0.062496352574388084,2.0,False,False
CO + O2 <=> CO2 + O,29,0.1,"Pandas(T5=2565.0, T5_units='K', P5=190491.0, P5_units='Pa', composition='H2:0.0005, CO:0.1217, O2:0.01, Ar:0.8678', phi=6.11, tau=4.2e-05, tau_units='s', pressure_rise=nan, pressure_rise_units='', ignition_type='concentration', ignition_target='CO2;', ignition_amount=1.6605390000000003e-11, ignition_units='kmol/m3', filename='x10001052.xml', exp_unc=80.0)",0.230686067486934,1.0,False,False
CO + HO2 <=> CO2 + OH,30,0.1,"Pandas(T5=2565.0, T5_units='K', P5=190491.0, P5_units='Pa', composition='H2:0.0005, CO:0.1217, O2:0.01, Ar:0.8678', phi=6.11, tau=4.2e-05, tau_units='s', pressure_rise=nan, pressure_rise_units='', ignition_type='concentration', ignition_target='CO2;', ignition_amount=1.6605390000000003e-11, ignition_units='kmol/m3', filename='x10001052.xml', exp_unc=80.0)",0.032151623151555654,5.0,False,False
C + OH <=> CO + H,31,0.1,"Pandas(T5=2565.0, T5_units='K', P5=190491.0, P5_units='Pa', composition='H2:0.0005, CO:0.1217, O2:0.01, Ar:0.8678', phi=6.11, tau=4.2e-05, tau_units='s', pressure_rise=nan, pressure_rise_units='', ignition_type='concentration', ignition_target='CO2;', ignition_amount=1.6605390000000003e-11, ignition_units='kmol/m3', filename='x10001052.xml', exp_unc=80.0)",0.02055209304836105,11.0,True,True
C + O2 <=> CO + O,32,0.1,"Pandas(T5=2565.0, T5_units='K', P5=190491.0, P5_units='Pa', composition='H2:0.0005, CO:0.1217, O2:0.01, Ar:0.8678', phi=6.11, tau=4.2e-05, tau_units='s', pressure_rise=nan, pressure_rise_units='', ignition_type='concentration', ignition_target='CO2;', ignition_amount=1.6605390000000003e-11, ignition_units='kmol/m3', filename='x10001052.xml', exp_unc=80.0)",0.017950756757257595,14.0,True,False
HCO + M <=> CO + H + M,33,0.1,"Pandas(T5=2565.0, T5_units='K', P5=190491.0, P5_units='Pa', composition='H2:0.0005, CO:0.1217, O2:0.01, Ar:0.8678', phi=6.11, tau=4.2e-05, tau_units='s', pressure_rise=nan, pressure_rise_units='', ignition_type='concentration', ignition_target='CO2;', ignition_amount=1.6605390000000003e-11, ignition_units='kmol/m3', filename='x10001052.xml', exp_unc=80.0)",0.01008794419548601,27.0,True,True
HCO + O2 <=> CO + HO2,34,0.1,"Pandas(T5=2565.0, T5_units='K', P5=190491.0, P5_units='Pa', composition='H2:0.0005, CO:0.1217, O2:0.01, Ar:0.8678', phi=6.11, tau=4.2e-05, tau_units='s', pressure_rise=nan, pressure_rise_units='', ignition_type='concentration', ignition_target='CO2;', ignition_amount=1.6605390000000003e-11, ignition_units='kmol/m3', filename='x10001052.xml', exp_unc=80.0)",0.026931916236166975,9.0,False,False
H + HCO <=> CO + H2,35,0.1,"Pandas(T5=2565.0, T5_units='K', P5=190491.0, P5_units='Pa', composition='H2:0.0005, CO:0.1217, O2:0.01, Ar:0.8678', phi=6.11, tau=4.2e-05, tau_units='s', pressure_rise=nan, pressure_rise_units='', ignition_type='concentration', ignition_target='CO2;', ignition_amount=1.6605390000000003e-11, ignition_units='kmol/m3', filename='x10001052.xml', exp_unc=80.0)",0.0034622098032656467,37.0,True,False
HCO + O <=> CO2 + H,36,0.1,"Pandas(T5=2565.0, T5_units='K', P5=190491.0, P5_units='Pa', composition='H2:0.0005, CO:0.1217, O2:0.01, Ar:0.8678', phi=6.11, tau=4.2e-05, tau_units='s', pressure_rise=nan, pressure_rise_units='', ignition_type='concentration', ignition_target='CO2;', ignition_amount=1.6605390000000003e-11, ignition_units='kmol/m3', filename='x10001052.xml', exp_unc=80.0)",0.005407243458320422,33.0,True,True
HCO + O <=> CO + OH,37,0.1,"Pandas(T5=2565.0, T5_units='K', P5=190491.0, P5_units='Pa', composition='H2:0.0005, CO:0.1217, O2:0.01, Ar:0.8678', phi=6.11, tau=4.2e-05, tau_units='s', pressure_rise=nan, pressure_rise_units='', ignition_type='concentration', ignition_target='CO2;', ignition_amount=1.6605390000000003e-11, ignition_units='kmol/m3', filename='x10001052.xml', exp_unc=80.0)",0.019829460961664987,12.0,True,True
HCO + OH <=> CO + H2O,38,0.1,"Pandas(T5=2565.0, T5_units='K', P5=190491.0, P5_units='Pa', composition='H2:0.0005, CO:0.1217, O2:0.01, Ar:0.8678', phi=6.11, tau=4.2e-05, tau_units='s', pressure_rise=nan, pressure_rise_units='', ignition_type='concentration', ignition_target='CO2;', ignition_amount=1.6605390000000003e-11, ignition_units='kmol/m3', filename='x10001052.xml', exp_unc=80.0)",0.0007064109953211072,41.0,True,True
HCO + HO2 => CO2 + H + OH,39,0.1,"Pandas(T5=2565.0, T5_units='K', P5=190491.0, P5_units='Pa', composition='H2:0.0005, CO:0.1217, O2:0.01, Ar:0.8678', phi=6.11, tau=4.2e-05, tau_units='s', pressure_rise=nan, pressure_rise_units='', ignition_type='concentration', ignition_target='CO2;', ignition_amount=1.6605390000000003e-11, ignition_units='kmol/m3', filename='x10001052.xml', exp_unc=80.0)",0.014718504446508957,20.0,True,True
2 HCO => 2 CO + H2,40,0.1,"Pandas(T5=2565.0, T5_units='K', P5=190491.0, P5_units='Pa', composition='H2:0.0005, CO:0.1217, O2:0.01, Ar:0.8678', phi=6.11, tau=4.2e-05, tau_units='s', pressure_rise=nan, pressure_rise_units='', ignition_type='concentration', ignition_target='CO2;', ignition_amount=1.6605390000000003e-11, ignition_units='kmol/m3', filename='x10001052.xml', exp_unc=80.0)",0.030767218130842128,7.0,False,False
