equation,id,f_value,operating_condition,if,low_impact,inactive
2 H + M <=> H2 + M,0,0.3,"Pandas(T5=1076.0, T5_units='K', P5=202650.0, P5_units='Pa', composition='H2:0.2958, O2:0.1479, N2:0.5563', phi=1.0, tau=4.85e-05, tau_units='s', ignition_type='d/dt max', ignition_target='OH;', ignition_amount='', ignition_units='', filename='x10000005.xml')",0.4675357844875885,True,True
H + O + M <=> OH + M,1,0.3,"Pandas(T5=1076.0, T5_units='K', P5=202650.0, P5_units='Pa', composition='H2:0.2958, O2:0.1479, N2:0.5563', phi=1.0, tau=4.85e-05, tau_units='s', ignition_type='d/dt max', ignition_target='OH;', ignition_amount='', ignition_units='', filename='x10000005.xml')",0.1985389859860523,True,True
H + OH (+M) <=> H2O (+M),4,0.3,"Pandas(T5=1076.0, T5_units='K', P5=202650.0, P5_units='Pa', composition='H2:0.2958, O2:0.1479, N2:0.5563', phi=1.0, tau=4.85e-05, tau_units='s', ignition_type='d/dt max', ignition_target='OH;', ignition_amount='', ignition_units='', filename='x10000005.xml')",0.10563245095286436,True,True
H + H2O2 <=> H2 + HO2,7,0.3,"Pandas(T5=1076.0, T5_units='K', P5=202650.0, P5_units='Pa', composition='H2:0.2958, O2:0.1479, N2:0.5563', phi=1.0, tau=4.85e-05, tau_units='s', ignition_type='d/dt max', ignition_target='OH;', ignition_amount='', ignition_units='', filename='x10000005.xml')",0.5980294276519333,True,True
H + H2O2 <=> H2O + OH,8,0.3,"Pandas(T5=1076.0, T5_units='K', P5=202650.0, P5_units='Pa', composition='H2:0.2958, O2:0.1479, N2:0.5563', phi=1.0, tau=4.85e-05, tau_units='s', ignition_type='d/dt max', ignition_target='OH;', ignition_amount='', ignition_units='', filename='x10000005.xml')",0.10642286847382987,True,True
H2O2 + O <=> HO2 + OH,9,0.3,"Pandas(T5=1076.0, T5_units='K', P5=202650.0, P5_units='Pa', composition='H2:0.2958, O2:0.1479, N2:0.5563', phi=1.0, tau=4.85e-05, tau_units='s', ignition_type='d/dt max', ignition_target='OH;', ignition_amount='', ignition_units='', filename='x10000005.xml')",0.017182158065733696,True,True
H2O2 + OH <=> H2O + HO2,10,0.3,"Pandas(T5=1076.0, T5_units='K', P5=202650.0, P5_units='Pa', composition='H2:0.2958, O2:0.1479, N2:0.5563', phi=1.0, tau=4.85e-05, tau_units='s', ignition_type='d/dt max', ignition_target='OH;', ignition_amount='', ignition_units='', filename='x10000005.xml')",0.04587439393938712,True,True
H + HO2 <=> H2 + O2,11,0.3,"Pandas(T5=1076.0, T5_units='K', P5=202650.0, P5_units='Pa', composition='H2:0.2958, O2:0.1479, N2:0.5563', phi=1.0, tau=4.85e-05, tau_units='s', ignition_type='d/dt max', ignition_target='OH;', ignition_amount='', ignition_units='', filename='x10000005.xml')",4.0765655374661604e-05,True,True
H + HO2 <=> 2 OH,12,0.3,"Pandas(T5=1076.0, T5_units='K', P5=202650.0, P5_units='Pa', composition='H2:0.2958, O2:0.1479, N2:0.5563', phi=1.0, tau=4.85e-05, tau_units='s', ignition_type='d/dt max', ignition_target='OH;', ignition_amount='', ignition_units='', filename='x10000005.xml')",0.18344406942473984,True,True
2 HO2 <=> H2O2 + O2,13,0.3,"Pandas(T5=1076.0, T5_units='K', P5=202650.0, P5_units='Pa', composition='H2:0.2958, O2:0.1479, N2:0.5563', phi=1.0, tau=4.85e-05, tau_units='s', ignition_type='d/dt max', ignition_target='OH;', ignition_amount='', ignition_units='', filename='x10000005.xml')",0.07883683060890946,True,True
HO2 + O <=> O2 + OH,14,0.3,"Pandas(T5=1076.0, T5_units='K', P5=202650.0, P5_units='Pa', composition='H2:0.2958, O2:0.1479, N2:0.5563', phi=1.0, tau=4.85e-05, tau_units='s', ignition_type='d/dt max', ignition_target='OH;', ignition_amount='', ignition_units='', filename='x10000005.xml')",0.03362515569055419,True,True
HO2 + OH <=> H2O + O2,15,0.3,"Pandas(T5=1076.0, T5_units='K', P5=202650.0, P5_units='Pa', composition='H2:0.2958, O2:0.1479, N2:0.5563', phi=1.0, tau=4.85e-05, tau_units='s', ignition_type='d/dt max', ignition_target='OH;', ignition_amount='', ignition_units='', filename='x10000005.xml')",0.18048579800073924,True,True
2 O + M <=> O2 + M,16,0.3,"Pandas(T5=1076.0, T5_units='K', P5=202650.0, P5_units='Pa', composition='H2:0.2958, O2:0.1479, N2:0.5563', phi=1.0, tau=4.85e-05, tau_units='s', ignition_type='d/dt max', ignition_target='OH;', ignition_amount='', ignition_units='', filename='x10000005.xml')",0.10721335248532834,True,True
2 OH <=> H2O + O,17,0.3,"Pandas(T5=1076.0, T5_units='K', P5=202650.0, P5_units='Pa', composition='H2:0.2958, O2:0.1479, N2:0.5563', phi=1.0, tau=4.85e-05, tau_units='s', ignition_type='d/dt max', ignition_target='OH;', ignition_amount='', ignition_units='', filename='x10000005.xml')",0.3779747426066687,True,True
H2O2 (+M) <=> 2 OH (+M),18,0.3,"Pandas(T5=1076.0, T5_units='K', P5=202650.0, P5_units='Pa', composition='H2:0.2958, O2:0.1479, N2:0.5563', phi=1.0, tau=4.85e-05, tau_units='s', ignition_type='d/dt max', ignition_target='OH;', ignition_amount='', ignition_units='', filename='x10000005.xml')",0.19200183824851366,True,True
OH* <=> OH,19,0.3,"Pandas(T5=1076.0, T5_units='K', P5=202650.0, P5_units='Pa', composition='H2:0.2958, O2:0.1479, N2:0.5563', phi=1.0, tau=4.85e-05, tau_units='s', ignition_type='d/dt max', ignition_target='OH;', ignition_amount='', ignition_units='', filename='x10000005.xml')",0.21699747590847765,True,True
AR + OH* <=> AR + OH,20,0.3,"Pandas(T5=1076.0, T5_units='K', P5=202650.0, P5_units='Pa', composition='H2:0.2958, O2:0.1479, N2:0.5563', phi=1.0, tau=4.85e-05, tau_units='s', ignition_type='d/dt max', ignition_target='OH;', ignition_amount='', ignition_units='', filename='x10000005.xml')",0.18796314772486272,True,True
O2 + OH* <=> O2 + OH,21,0.3,"Pandas(T5=1076.0, T5_units='K', P5=202650.0, P5_units='Pa', composition='H2:0.2958, O2:0.1479, N2:0.5563', phi=1.0, tau=4.85e-05, tau_units='s', ignition_type='d/dt max', ignition_target='OH;', ignition_amount='', ignition_units='', filename='x10000005.xml')",0.509823042605042,True,True
H2O + OH* <=> H2O + OH,22,0.3,"Pandas(T5=1076.0, T5_units='K', P5=202650.0, P5_units='Pa', composition='H2:0.2958, O2:0.1479, N2:0.5563', phi=1.0, tau=4.85e-05, tau_units='s', ignition_type='d/dt max', ignition_target='OH;', ignition_amount='', ignition_units='', filename='x10000005.xml')",0.07985043174013959,True,True
H2 + OH* <=> H2 + OH,23,0.3,"Pandas(T5=1076.0, T5_units='K', P5=202650.0, P5_units='Pa', composition='H2:0.2958, O2:0.1479, N2:0.5563', phi=1.0, tau=4.85e-05, tau_units='s', ignition_type='d/dt max', ignition_target='OH;', ignition_amount='', ignition_units='', filename='x10000005.xml')",0.12156175984668395,True,True
N2 + OH* <=> N2 + OH,24,0.3,"Pandas(T5=1076.0, T5_units='K', P5=202650.0, P5_units='Pa', composition='H2:0.2958, O2:0.1479, N2:0.5563', phi=1.0, tau=4.85e-05, tau_units='s', ignition_type='d/dt max', ignition_target='OH;', ignition_amount='', ignition_units='', filename='x10000005.xml')",0.37698184544824453,True,True
OH + OH* <=> 2 OH,25,0.3,"Pandas(T5=1076.0, T5_units='K', P5=202650.0, P5_units='Pa', composition='H2:0.2958, O2:0.1479, N2:0.5563', phi=1.0, tau=4.85e-05, tau_units='s', ignition_type='d/dt max', ignition_target='OH;', ignition_amount='', ignition_units='', filename='x10000005.xml')",0.24190099077746818,True,True
H + OH* <=> H + OH,26,0.3,"Pandas(T5=1076.0, T5_units='K', P5=202650.0, P5_units='Pa', composition='H2:0.2958, O2:0.1479, N2:0.5563', phi=1.0, tau=4.85e-05, tau_units='s', ignition_type='d/dt max', ignition_target='OH;', ignition_amount='', ignition_units='', filename='x10000005.xml')",0.05559201584508654,True,True
CO + O (+M) <=> CO2 (+M),27,0.3,"Pandas(T5=1076.0, T5_units='K', P5=202650.0, P5_units='Pa', composition='H2:0.2958, O2:0.1479, N2:0.5563', phi=1.0, tau=4.85e-05, tau_units='s', ignition_type='d/dt max', ignition_target='OH;', ignition_amount='', ignition_units='', filename='x10000005.xml')",0.2201446432459222,True,True
CO + O2 <=> CO2 + O,29,0.3,"Pandas(T5=1076.0, T5_units='K', P5=202650.0, P5_units='Pa', composition='H2:0.2958, O2:0.1479, N2:0.5563', phi=1.0, tau=4.85e-05, tau_units='s', ignition_type='d/dt max', ignition_target='OH;', ignition_amount='', ignition_units='', filename='x10000005.xml')",0.052484608596403755,True,True
CO + HO2 <=> CO2 + OH,30,0.3,"Pandas(T5=1076.0, T5_units='K', P5=202650.0, P5_units='Pa', composition='H2:0.2958, O2:0.1479, N2:0.5563', phi=1.0, tau=4.85e-05, tau_units='s', ignition_type='d/dt max', ignition_target='OH;', ignition_amount='', ignition_units='', filename='x10000005.xml')",0.00020960500702890523,True,True
C + OH <=> CO + H,31,0.3,"Pandas(T5=1076.0, T5_units='K', P5=202650.0, P5_units='Pa', composition='H2:0.2958, O2:0.1479, N2:0.5563', phi=1.0, tau=4.85e-05, tau_units='s', ignition_type='d/dt max', ignition_target='OH;', ignition_amount='', ignition_units='', filename='x10000005.xml')",0.38328457456074977,True,True
C + O2 <=> CO + O,32,0.3,"Pandas(T5=1076.0, T5_units='K', P5=202650.0, P5_units='Pa', composition='H2:0.2958, O2:0.1479, N2:0.5563', phi=1.0, tau=4.85e-05, tau_units='s', ignition_type='d/dt max', ignition_target='OH;', ignition_amount='', ignition_units='', filename='x10000005.xml')",0.15975318038519656,True,True
HCO + M <=> CO + H + M,33,0.3,"Pandas(T5=1076.0, T5_units='K', P5=202650.0, P5_units='Pa', composition='H2:0.2958, O2:0.1479, N2:0.5563', phi=1.0, tau=4.85e-05, tau_units='s', ignition_type='d/dt max', ignition_target='OH;', ignition_amount='', ignition_units='', filename='x10000005.xml')",0.010025068665499216,True,True
HCO + O2 <=> CO + HO2,34,0.3,"Pandas(T5=1076.0, T5_units='K', P5=202650.0, P5_units='Pa', composition='H2:0.2958, O2:0.1479, N2:0.5563', phi=1.0, tau=4.85e-05, tau_units='s', ignition_type='d/dt max', ignition_target='OH;', ignition_amount='', ignition_units='', filename='x10000005.xml')",0.07178178822300119,True,True
H + HCO <=> CO + H2,35,0.3,"Pandas(T5=1076.0, T5_units='K', P5=202650.0, P5_units='Pa', composition='H2:0.2958, O2:0.1479, N2:0.5563', phi=1.0, tau=4.85e-05, tau_units='s', ignition_type='d/dt max', ignition_target='OH;', ignition_amount='', ignition_units='', filename='x10000005.xml')",0.45160608742074027,True,True
HCO + O <=> CO2 + H,36,0.3,"Pandas(T5=1076.0, T5_units='K', P5=202650.0, P5_units='Pa', composition='H2:0.2958, O2:0.1479, N2:0.5563', phi=1.0, tau=4.85e-05, tau_units='s', ignition_type='d/dt max', ignition_target='OH;', ignition_amount='', ignition_units='', filename='x10000005.xml')",0.2736918076396481,True,True
HCO + O <=> CO + OH,37,0.3,"Pandas(T5=1076.0, T5_units='K', P5=202650.0, P5_units='Pa', composition='H2:0.2958, O2:0.1479, N2:0.5563', phi=1.0, tau=4.85e-05, tau_units='s', ignition_type='d/dt max', ignition_target='OH;', ignition_amount='', ignition_units='', filename='x10000005.xml')",0.20242085348479286,True,True
HCO + HO2 => CO2 + H + OH,39,0.3,"Pandas(T5=1076.0, T5_units='K', P5=202650.0, P5_units='Pa', composition='H2:0.2958, O2:0.1479, N2:0.5563', phi=1.0, tau=4.85e-05, tau_units='s', ignition_type='d/dt max', ignition_target='OH;', ignition_amount='', ignition_units='', filename='x10000005.xml')",0.26874999992922827,True,True
2 HCO => 2 CO + H2,40,0.3,"Pandas(T5=1076.0, T5_units='K', P5=202650.0, P5_units='Pa', composition='H2:0.2958, O2:0.1479, N2:0.5563', phi=1.0, tau=4.85e-05, tau_units='s', ignition_type='d/dt max', ignition_target='OH;', ignition_amount='', ignition_units='', filename='x10000005.xml')",0.14447235976430883,True,True
2 H + M <=> H2 + M,0,0.3,"Pandas(T5=1199.0, T5_units='K', P5=94000.0, P5_units='Pa', composition='H2:0.1254, O2:0.0157, Ar:0.8589', phi=3.9936305732484083, tau=0.000414, tau_units='s', ignition_type='max', ignition_target='OHEX;', ignition_amount='', ignition_units='', filename='x10001017.xml')",0.29279009764880604,True,True
H + O + M <=> OH + M,1,0.3,"Pandas(T5=1199.0, T5_units='K', P5=94000.0, P5_units='Pa', composition='H2:0.1254, O2:0.0157, Ar:0.8589', phi=3.9936305732484083, tau=0.000414, tau_units='s', ignition_type='max', ignition_target='OHEX;', ignition_amount='', ignition_units='', filename='x10001017.xml')",0.15920195909336754,True,True
H + OH (+M) <=> H2O (+M),4,0.3,"Pandas(T5=1199.0, T5_units='K', P5=94000.0, P5_units='Pa', composition='H2:0.1254, O2:0.0157, Ar:0.8589', phi=3.9936305732484083, tau=0.000414, tau_units='s', ignition_type='max', ignition_target='OHEX;', ignition_amount='', ignition_units='', filename='x10001017.xml')",0.16389492732829566,True,True
H + H2O2 <=> H2 + HO2,7,0.3,"Pandas(T5=1199.0, T5_units='K', P5=94000.0, P5_units='Pa', composition='H2:0.1254, O2:0.0157, Ar:0.8589', phi=3.9936305732484083, tau=0.000414, tau_units='s', ignition_type='max', ignition_target='OHEX;', ignition_amount='', ignition_units='', filename='x10001017.xml')",0.18801567941542768,True,True
H + H2O2 <=> H2O + OH,8,0.3,"Pandas(T5=1199.0, T5_units='K', P5=94000.0, P5_units='Pa', composition='H2:0.1254, O2:0.0157, Ar:0.8589', phi=3.9936305732484083, tau=0.000414, tau_units='s', ignition_type='max', ignition_target='OHEX;', ignition_amount='', ignition_units='', filename='x10001017.xml')",0.22641717781084847,True,True
H2O2 + O <=> HO2 + OH,9,0.3,"Pandas(T5=1199.0, T5_units='K', P5=94000.0, P5_units='Pa', composition='H2:0.1254, O2:0.0157, Ar:0.8589', phi=3.9936305732484083, tau=0.000414, tau_units='s', ignition_type='max', ignition_target='OHEX;', ignition_amount='', ignition_units='', filename='x10001017.xml')",0.03093838153415222,True,True
H2O2 + OH <=> H2O + HO2,10,0.3,"Pandas(T5=1199.0, T5_units='K', P5=94000.0, P5_units='Pa', composition='H2:0.1254, O2:0.0157, Ar:0.8589', phi=3.9936305732484083, tau=0.000414, tau_units='s', ignition_type='max', ignition_target='OHEX;', ignition_amount='', ignition_units='', filename='x10001017.xml')",0.071205722023194,True,True
H + HO2 <=> H2 + O2,11,0.3,"Pandas(T5=1199.0, T5_units='K', P5=94000.0, P5_units='Pa', composition='H2:0.1254, O2:0.0157, Ar:0.8589', phi=3.9936305732484083, tau=0.000414, tau_units='s', ignition_type='max', ignition_target='OHEX;', ignition_amount='', ignition_units='', filename='x10001017.xml')",0.02252308400421996,True,True
H + HO2 <=> 2 OH,12,0.3,"Pandas(T5=1199.0, T5_units='K', P5=94000.0, P5_units='Pa', composition='H2:0.1254, O2:0.0157, Ar:0.8589', phi=3.9936305732484083, tau=0.000414, tau_units='s', ignition_type='max', ignition_target='OHEX;', ignition_amount='', ignition_units='', filename='x10001017.xml')",0.024416958638788816,True,True
2 HO2 <=> H2O2 + O2,13,0.3,"Pandas(T5=1199.0, T5_units='K', P5=94000.0, P5_units='Pa', composition='H2:0.1254, O2:0.0157, Ar:0.8589', phi=3.9936305732484083, tau=0.000414, tau_units='s', ignition_type='max', ignition_target='OHEX;', ignition_amount='', ignition_units='', filename='x10001017.xml')",0.15183326301217046,True,True
HO2 + O <=> O2 + OH,14,0.3,"Pandas(T5=1199.0, T5_units='K', P5=94000.0, P5_units='Pa', composition='H2:0.1254, O2:0.0157, Ar:0.8589', phi=3.9936305732484083, tau=0.000414, tau_units='s', ignition_type='max', ignition_target='OHEX;', ignition_amount='', ignition_units='', filename='x10001017.xml')",0.011089466982469029,True,True
HO2 + OH <=> H2O + O2,15,0.3,"Pandas(T5=1199.0, T5_units='K', P5=94000.0, P5_units='Pa', composition='H2:0.1254, O2:0.0157, Ar:0.8589', phi=3.9936305732484083, tau=0.000414, tau_units='s', ignition_type='max', ignition_target='OHEX;', ignition_amount='', ignition_units='', filename='x10001017.xml')",0.05839006491333474,True,True
2 O + M <=> O2 + M,16,0.3,"Pandas(T5=1199.0, T5_units='K', P5=94000.0, P5_units='Pa', composition='H2:0.1254, O2:0.0157, Ar:0.8589', phi=3.9936305732484083, tau=0.000414, tau_units='s', ignition_type='max', ignition_target='OHEX;', ignition_amount='', ignition_units='', filename='x10001017.xml')",0.06046836678578084,True,True
2 OH <=> H2O + O,17,0.3,"Pandas(T5=1199.0, T5_units='K', P5=94000.0, P5_units='Pa', composition='H2:0.1254, O2:0.0157, Ar:0.8589', phi=3.9936305732484083, tau=0.000414, tau_units='s', ignition_type='max', ignition_target='OHEX;', ignition_amount='', ignition_units='', filename='x10001017.xml')",0.1110838307657499,True,True
H2O2 (+M) <=> 2 OH (+M),18,0.3,"Pandas(T5=1199.0, T5_units='K', P5=94000.0, P5_units='Pa', composition='H2:0.1254, O2:0.0157, Ar:0.8589', phi=3.9936305732484083, tau=0.000414, tau_units='s', ignition_type='max', ignition_target='OHEX;', ignition_amount='', ignition_units='', filename='x10001017.xml')",0.06715132778228833,True,True
OH* <=> OH,19,0.3,"Pandas(T5=1199.0, T5_units='K', P5=94000.0, P5_units='Pa', composition='H2:0.1254, O2:0.0157, Ar:0.8589', phi=3.9936305732484083, tau=0.000414, tau_units='s', ignition_type='max', ignition_target='OHEX;', ignition_amount='', ignition_units='', filename='x10001017.xml')",0.10168396418019404,True,True
AR + OH* <=> AR + OH,20,0.3,"Pandas(T5=1199.0, T5_units='K', P5=94000.0, P5_units='Pa', composition='H2:0.1254, O2:0.0157, Ar:0.8589', phi=3.9936305732484083, tau=0.000414, tau_units='s', ignition_type='max', ignition_target='OHEX;', ignition_amount='', ignition_units='', filename='x10001017.xml')",0.10629907835289827,True,True
O2 + OH* <=> O2 + OH,21,0.3,"Pandas(T5=1199.0, T5_units='K', P5=94000.0, P5_units='Pa', composition='H2:0.1254, O2:0.0157, Ar:0.8589', phi=3.9936305732484083, tau=0.000414, tau_units='s', ignition_type='max', ignition_target='OHEX;', ignition_amount='', ignition_units='', filename='x10001017.xml')",0.20806831091956268,True,True
H2O + OH* <=> H2O + OH,22,0.3,"Pandas(T5=1199.0, T5_units='K', P5=94000.0, P5_units='Pa', composition='H2:0.1254, O2:0.0157, Ar:0.8589', phi=3.9936305732484083, tau=0.000414, tau_units='s', ignition_type='max', ignition_target='OHEX;', ignition_amount='', ignition_units='', filename='x10001017.xml')",0.16379411988368758,True,True
H2 + OH* <=> H2 + OH,23,0.3,"Pandas(T5=1199.0, T5_units='K', P5=94000.0, P5_units='Pa', composition='H2:0.1254, O2:0.0157, Ar:0.8589', phi=3.9936305732484083, tau=0.000414, tau_units='s', ignition_type='max', ignition_target='OHEX;', ignition_amount='', ignition_units='', filename='x10001017.xml')",0.2074838201461968,True,True
N2 + OH* <=> N2 + OH,24,0.3,"Pandas(T5=1199.0, T5_units='K', P5=94000.0, P5_units='Pa', composition='H2:0.1254, O2:0.0157, Ar:0.8589', phi=3.9936305732484083, tau=0.000414, tau_units='s', ignition_type='max', ignition_target='OHEX;', ignition_amount='', ignition_units='', filename='x10001017.xml')",0.07564150113569164,True,True
OH + OH* <=> 2 OH,25,0.3,"Pandas(T5=1199.0, T5_units='K', P5=94000.0, P5_units='Pa', composition='H2:0.1254, O2:0.0157, Ar:0.8589', phi=3.9936305732484083, tau=0.000414, tau_units='s', ignition_type='max', ignition_target='OHEX;', ignition_amount='', ignition_units='', filename='x10001017.xml')",0.10121356915765663,True,True
H + OH* <=> H + OH,26,0.3,"Pandas(T5=1199.0, T5_units='K', P5=94000.0, P5_units='Pa', composition='H2:0.1254, O2:0.0157, Ar:0.8589', phi=3.9936305732484083, tau=0.000414, tau_units='s', ignition_type='max', ignition_target='OHEX;', ignition_amount='', ignition_units='', filename='x10001017.xml')",0.11705642791705503,True,True
CO + O (+M) <=> CO2 (+M),27,0.3,"Pandas(T5=1199.0, T5_units='K', P5=94000.0, P5_units='Pa', composition='H2:0.1254, O2:0.0157, Ar:0.8589', phi=3.9936305732484083, tau=0.000414, tau_units='s', ignition_type='max', ignition_target='OHEX;', ignition_amount='', ignition_units='', filename='x10001017.xml')",0.2570335159659244,True,True
CO + O2 <=> CO2 + O,29,0.3,"Pandas(T5=1199.0, T5_units='K', P5=94000.0, P5_units='Pa', composition='H2:0.1254, O2:0.0157, Ar:0.8589', phi=3.9936305732484083, tau=0.000414, tau_units='s', ignition_type='max', ignition_target='OHEX;', ignition_amount='', ignition_units='', filename='x10001017.xml')",0.12020512013536458,True,True
CO + HO2 <=> CO2 + OH,30,0.3,"Pandas(T5=1199.0, T5_units='K', P5=94000.0, P5_units='Pa', composition='H2:0.1254, O2:0.0157, Ar:0.8589', phi=3.9936305732484083, tau=0.000414, tau_units='s', ignition_type='max', ignition_target='OHEX;', ignition_amount='', ignition_units='', filename='x10001017.xml')",0.03253690099712192,True,True
C + OH <=> CO + H,31,0.3,"Pandas(T5=1199.0, T5_units='K', P5=94000.0, P5_units='Pa', composition='H2:0.1254, O2:0.0157, Ar:0.8589', phi=3.9936305732484083, tau=0.000414, tau_units='s', ignition_type='max', ignition_target='OHEX;', ignition_amount='', ignition_units='', filename='x10001017.xml')",0.193206709880691,True,True
C + O2 <=> CO + O,32,0.3,"Pandas(T5=1199.0, T5_units='K', P5=94000.0, P5_units='Pa', composition='H2:0.1254, O2:0.0157, Ar:0.8589', phi=3.9936305732484083, tau=0.000414, tau_units='s', ignition_type='max', ignition_target='OHEX;', ignition_amount='', ignition_units='', filename='x10001017.xml')",0.1381505472327479,True,True
HCO + M <=> CO + H + M,33,0.3,"Pandas(T5=1199.0, T5_units='K', P5=94000.0, P5_units='Pa', composition='H2:0.1254, O2:0.0157, Ar:0.8589', phi=3.9936305732484083, tau=0.000414, tau_units='s', ignition_type='max', ignition_target='OHEX;', ignition_amount='', ignition_units='', filename='x10001017.xml')",0.04762130502797688,True,True
HCO + O2 <=> CO + HO2,34,0.3,"Pandas(T5=1199.0, T5_units='K', P5=94000.0, P5_units='Pa', composition='H2:0.1254, O2:0.0157, Ar:0.8589', phi=3.9936305732484083, tau=0.000414, tau_units='s', ignition_type='max', ignition_target='OHEX;', ignition_amount='', ignition_units='', filename='x10001017.xml')",0.03091650628201313,True,True
H + HCO <=> CO + H2,35,0.3,"Pandas(T5=1199.0, T5_units='K', P5=94000.0, P5_units='Pa', composition='H2:0.1254, O2:0.0157, Ar:0.8589', phi=3.9936305732484083, tau=0.000414, tau_units='s', ignition_type='max', ignition_target='OHEX;', ignition_amount='', ignition_units='', filename='x10001017.xml')",0.22296786219253276,True,True
HCO + O <=> CO2 + H,36,0.3,"Pandas(T5=1199.0, T5_units='K', P5=94000.0, P5_units='Pa', composition='H2:0.1254, O2:0.0157, Ar:0.8589', phi=3.9936305732484083, tau=0.000414, tau_units='s', ignition_type='max', ignition_target='OHEX;', ignition_amount='', ignition_units='', filename='x10001017.xml')",0.10712141105903408,True,True
HCO + O <=> CO + OH,37,0.3,"Pandas(T5=1199.0, T5_units='K', P5=94000.0, P5_units='Pa', composition='H2:0.1254, O2:0.0157, Ar:0.8589', phi=3.9936305732484083, tau=0.000414, tau_units='s', ignition_type='max', ignition_target='OHEX;', ignition_amount='', ignition_units='', filename='x10001017.xml')",0.06272963198902565,True,True
HCO + HO2 => CO2 + H + OH,39,0.3,"Pandas(T5=1199.0, T5_units='K', P5=94000.0, P5_units='Pa', composition='H2:0.1254, O2:0.0157, Ar:0.8589', phi=3.9936305732484083, tau=0.000414, tau_units='s', ignition_type='max', ignition_target='OHEX;', ignition_amount='', ignition_units='', filename='x10001017.xml')",0.3206389701108306,True,True
2 HCO => 2 CO + H2,40,0.3,"Pandas(T5=1199.0, T5_units='K', P5=94000.0, P5_units='Pa', composition='H2:0.1254, O2:0.0157, Ar:0.8589', phi=3.9936305732484083, tau=0.000414, tau_units='s', ignition_type='max', ignition_target='OHEX;', ignition_amount='', ignition_units='', filename='x10001017.xml')",0.19214117401066713,True,True
2 H + M <=> H2 + M,0,0.3,"Pandas(T5=1211.0, T5_units='K', P5=1636000.0, P5_units='Pa', composition='H2:0.0296, CO:0.0296, O2:0.0296, Ar:0.9112', phi=1.0, tau=3.9999999999999996e-05, tau_units='s', ignition_type='max', ignition_target='OHEX;', ignition_amount='', ignition_units='', filename='x10001030.xml')",0.41834062950142936,True,True
H + O + M <=> OH + M,1,0.3,"Pandas(T5=1211.0, T5_units='K', P5=1636000.0, P5_units='Pa', composition='H2:0.0296, CO:0.0296, O2:0.0296, Ar:0.9112', phi=1.0, tau=3.9999999999999996e-05, tau_units='s', ignition_type='max', ignition_target='OHEX;', ignition_amount='', ignition_units='', filename='x10001030.xml')",0.19557239873236995,True,True
H + OH (+M) <=> H2O (+M),4,0.3,"Pandas(T5=1211.0, T5_units='K', P5=1636000.0, P5_units='Pa', composition='H2:0.0296, CO:0.0296, O2:0.0296, Ar:0.9112', phi=1.0, tau=3.9999999999999996e-05, tau_units='s', ignition_type='max', ignition_target='OHEX;', ignition_amount='', ignition_units='', filename='x10001030.xml')",0.036983497087337905,True,True
H + H2O2 <=> H2 + HO2,7,0.3,"Pandas(T5=1211.0, T5_units='K', P5=1636000.0, P5_units='Pa', composition='H2:0.0296, CO:0.0296, O2:0.0296, Ar:0.9112', phi=1.0, tau=3.9999999999999996e-05, tau_units='s', ignition_type='max', ignition_target='OHEX;', ignition_amount='', ignition_units='', filename='x10001030.xml')",0.5143669217491664,True,True
H + H2O2 <=> H2O + OH,8,0.3,"Pandas(T5=1211.0, T5_units='K', P5=1636000.0, P5_units='Pa', composition='H2:0.0296, CO:0.0296, O2:0.0296, Ar:0.9112', phi=1.0, tau=3.9999999999999996e-05, tau_units='s', ignition_type='max', ignition_target='OHEX;', ignition_amount='', ignition_units='', filename='x10001030.xml')",0.16426105286106604,True,True
H2O2 + O <=> HO2 + OH,9,0.3,"Pandas(T5=1211.0, T5_units='K', P5=1636000.0, P5_units='Pa', composition='H2:0.0296, CO:0.0296, O2:0.0296, Ar:0.9112', phi=1.0, tau=3.9999999999999996e-05, tau_units='s', ignition_type='max', ignition_target='OHEX;', ignition_amount='', ignition_units='', filename='x10001030.xml')",0.04332516595383463,True,True
H2O2 + OH <=> H2O + HO2,10,0.3,"Pandas(T5=1211.0, T5_units='K', P5=1636000.0, P5_units='Pa', composition='H2:0.0296, CO:0.0296, O2:0.0296, Ar:0.9112', phi=1.0, tau=3.9999999999999996e-05, tau_units='s', ignition_type='max', ignition_target='OHEX;', ignition_amount='', ignition_units='', filename='x10001030.xml')",0.010266021776262431,True,True
H + HO2 <=> H2 + O2,11,0.3,"Pandas(T5=1211.0, T5_units='K', P5=1636000.0, P5_units='Pa', composition='H2:0.0296, CO:0.0296, O2:0.0296, Ar:0.9112', phi=1.0, tau=3.9999999999999996e-05, tau_units='s', ignition_type='max', ignition_target='OHEX;', ignition_amount='', ignition_units='', filename='x10001030.xml')",0.20819282853393586,True,True
H + HO2 <=> 2 OH,12,0.3,"Pandas(T5=1211.0, T5_units='K', P5=1636000.0, P5_units='Pa', composition='H2:0.0296, CO:0.0296, O2:0.0296, Ar:0.9112', phi=1.0, tau=3.9999999999999996e-05, tau_units='s', ignition_type='max', ignition_target='OHEX;', ignition_amount='', ignition_units='', filename='x10001030.xml')",0.3199609975489908,True,True
2 HO2 <=> H2O2 + O2,13,0.3,"Pandas(T5=1211.0, T5_units='K', P5=1636000.0, P5_units='Pa', composition='H2:0.0296, CO:0.0296, O2:0.0296, Ar:0.9112', phi=1.0, tau=3.9999999999999996e-05, tau_units='s', ignition_type='max', ignition_target='OHEX;', ignition_amount='', ignition_units='', filename='x10001030.xml')",0.07399015893261192,True,True
HO2 + O <=> O2 + OH,14,0.3,"Pandas(T5=1211.0, T5_units='K', P5=1636000.0, P5_units='Pa', composition='H2:0.0296, CO:0.0296, O2:0.0296, Ar:0.9112', phi=1.0, tau=3.9999999999999996e-05, tau_units='s', ignition_type='max', ignition_target='OHEX;', ignition_amount='', ignition_units='', filename='x10001030.xml')",0.012931615516169987,True,True
HO2 + OH <=> H2O + O2,15,0.3,"Pandas(T5=1211.0, T5_units='K', P5=1636000.0, P5_units='Pa', composition='H2:0.0296, CO:0.0296, O2:0.0296, Ar:0.9112', phi=1.0, tau=3.9999999999999996e-05, tau_units='s', ignition_type='max', ignition_target='OHEX;', ignition_amount='', ignition_units='', filename='x10001030.xml')",0.019958172463898555,True,True
2 O + M <=> O2 + M,16,0.3,"Pandas(T5=1211.0, T5_units='K', P5=1636000.0, P5_units='Pa', composition='H2:0.0296, CO:0.0296, O2:0.0296, Ar:0.9112', phi=1.0, tau=3.9999999999999996e-05, tau_units='s', ignition_type='max', ignition_target='OHEX;', ignition_amount='', ignition_units='', filename='x10001030.xml')",0.11955567243096973,True,True
2 OH <=> H2O + O,17,0.3,"Pandas(T5=1211.0, T5_units='K', P5=1636000.0, P5_units='Pa', composition='H2:0.0296, CO:0.0296, O2:0.0296, Ar:0.9112', phi=1.0, tau=3.9999999999999996e-05, tau_units='s', ignition_type='max', ignition_target='OHEX;', ignition_amount='', ignition_units='', filename='x10001030.xml')",0.2015763744721706,True,True
H2O2 (+M) <=> 2 OH (+M),18,0.3,"Pandas(T5=1211.0, T5_units='K', P5=1636000.0, P5_units='Pa', composition='H2:0.0296, CO:0.0296, O2:0.0296, Ar:0.9112', phi=1.0, tau=3.9999999999999996e-05, tau_units='s', ignition_type='max', ignition_target='OHEX;', ignition_amount='', ignition_units='', filename='x10001030.xml')",0.03485617768242641,True,True
OH* <=> OH,19,0.3,"Pandas(T5=1211.0, T5_units='K', P5=1636000.0, P5_units='Pa', composition='H2:0.0296, CO:0.0296, O2:0.0296, Ar:0.9112', phi=1.0, tau=3.9999999999999996e-05, tau_units='s', ignition_type='max', ignition_target='OHEX;', ignition_amount='', ignition_units='', filename='x10001030.xml')",0.07253459163731686,True,True
AR + OH* <=> AR + OH,20,0.3,"Pandas(T5=1211.0, T5_units='K', P5=1636000.0, P5_units='Pa', composition='H2:0.0296, CO:0.0296, O2:0.0296, Ar:0.9112', phi=1.0, tau=3.9999999999999996e-05, tau_units='s', ignition_type='max', ignition_target='OHEX;', ignition_amount='', ignition_units='', filename='x10001030.xml')",0.1623278366788692,True,True
O2 + OH* <=> O2 + OH,21,0.3,"Pandas(T5=1211.0, T5_units='K', P5=1636000.0, P5_units='Pa', composition='H2:0.0296, CO:0.0296, O2:0.0296, Ar:0.9112', phi=1.0, tau=3.9999999999999996e-05, tau_units='s', ignition_type='max', ignition_target='OHEX;', ignition_amount='', ignition_units='', filename='x10001030.xml')",0.34756765859496047,True,True
H2O + OH* <=> H2O + OH,22,0.3,"Pandas(T5=1211.0, T5_units='K', P5=1636000.0, P5_units='Pa', composition='H2:0.0296, CO:0.0296, O2:0.0296, Ar:0.9112', phi=1.0, tau=3.9999999999999996e-05, tau_units='s', ignition_type='max', ignition_target='OHEX;', ignition_amount='', ignition_units='', filename='x10001030.xml')",0.19842368311605546,True,True
H2 + OH* <=> H2 + OH,23,0.3,"Pandas(T5=1211.0, T5_units='K', P5=1636000.0, P5_units='Pa', composition='H2:0.0296, CO:0.0296, O2:0.0296, Ar:0.9112', phi=1.0, tau=3.9999999999999996e-05, tau_units='s', ignition_type='max', ignition_target='OHEX;', ignition_amount='', ignition_units='', filename='x10001030.xml')",0.21862445684272636,True,True
N2 + OH* <=> N2 + OH,24,0.3,"Pandas(T5=1211.0, T5_units='K', P5=1636000.0, P5_units='Pa', composition='H2:0.0296, CO:0.0296, O2:0.0296, Ar:0.9112', phi=1.0, tau=3.9999999999999996e-05, tau_units='s', ignition_type='max', ignition_target='OHEX;', ignition_amount='', ignition_units='', filename='x10001030.xml')",0.2510840687025697,True,True
OH + OH* <=> 2 OH,25,0.3,"Pandas(T5=1211.0, T5_units='K', P5=1636000.0, P5_units='Pa', composition='H2:0.0296, CO:0.0296, O2:0.0296, Ar:0.9112', phi=1.0, tau=3.9999999999999996e-05, tau_units='s', ignition_type='max', ignition_target='OHEX;', ignition_amount='', ignition_units='', filename='x10001030.xml')",0.3149104225745417,True,True
H + OH* <=> H + OH,26,0.3,"Pandas(T5=1211.0, T5_units='K', P5=1636000.0, P5_units='Pa', composition='H2:0.0296, CO:0.0296, O2:0.0296, Ar:0.9112', phi=1.0, tau=3.9999999999999996e-05, tau_units='s', ignition_type='max', ignition_target='OHEX;', ignition_amount='', ignition_units='', filename='x10001030.xml')",0.12697676502797878,True,True
CO + O (+M) <=> CO2 (+M),27,0.3,"Pandas(T5=1211.0, T5_units='K', P5=1636000.0, P5_units='Pa', composition='H2:0.0296, CO:0.0296, O2:0.0296, Ar:0.9112', phi=1.0, tau=3.9999999999999996e-05, tau_units='s', ignition_type='max', ignition_target='OHEX;', ignition_amount='', ignition_units='', filename='x10001030.xml')",0.2804426980498247,True,True
CO + O2 <=> CO2 + O,29,0.3,"Pandas(T5=1211.0, T5_units='K', P5=1636000.0, P5_units='Pa', composition='H2:0.0296, CO:0.0296, O2:0.0296, Ar:0.9112', phi=1.0, tau=3.9999999999999996e-05, tau_units='s', ignition_type='max', ignition_target='OHEX;', ignition_amount='', ignition_units='', filename='x10001030.xml')",0.00166598936770065,True,True
CO + HO2 <=> CO2 + OH,30,0.3,"Pandas(T5=1211.0, T5_units='K', P5=1636000.0, P5_units='Pa', composition='H2:0.0296, CO:0.0296, O2:0.0296, Ar:0.9112', phi=1.0, tau=3.9999999999999996e-05, tau_units='s', ignition_type='max', ignition_target='OHEX;', ignition_amount='', ignition_units='', filename='x10001030.xml')",0.05665646334646962,True,True
C + OH <=> CO + H,31,0.3,"Pandas(T5=1211.0, T5_units='K', P5=1636000.0, P5_units='Pa', composition='H2:0.0296, CO:0.0296, O2:0.0296, Ar:0.9112', phi=1.0, tau=3.9999999999999996e-05, tau_units='s', ignition_type='max', ignition_target='OHEX;', ignition_amount='', ignition_units='', filename='x10001030.xml')",0.23960098797521123,True,True
C + O2 <=> CO + O,32,0.3,"Pandas(T5=1211.0, T5_units='K', P5=1636000.0, P5_units='Pa', composition='H2:0.0296, CO:0.0296, O2:0.0296, Ar:0.9112', phi=1.0, tau=3.9999999999999996e-05, tau_units='s', ignition_type='max', ignition_target='OHEX;', ignition_amount='', ignition_units='', filename='x10001030.xml')",0.09224668910875378,True,True
HCO + M <=> CO + H + M,33,0.3,"Pandas(T5=1211.0, T5_units='K', P5=1636000.0, P5_units='Pa', composition='H2:0.0296, CO:0.0296, O2:0.0296, Ar:0.9112', phi=1.0, tau=3.9999999999999996e-05, tau_units='s', ignition_type='max', ignition_target='OHEX;', ignition_amount='', ignition_units='', filename='x10001030.xml')",0.04232035280841891,True,True
HCO + O2 <=> CO + HO2,34,0.3,"Pandas(T5=1211.0, T5_units='K', P5=1636000.0, P5_units='Pa', composition='H2:0.0296, CO:0.0296, O2:0.0296, Ar:0.9112', phi=1.0, tau=3.9999999999999996e-05, tau_units='s', ignition_type='max', ignition_target='OHEX;', ignition_amount='', ignition_units='', filename='x10001030.xml')",0.13463264339752198,True,True
H + HCO <=> CO + H2,35,0.3,"Pandas(T5=1211.0, T5_units='K', P5=1636000.0, P5_units='Pa', composition='H2:0.0296, CO:0.0296, O2:0.0296, Ar:0.9112', phi=1.0, tau=3.9999999999999996e-05, tau_units='s', ignition_type='max', ignition_target='OHEX;', ignition_amount='', ignition_units='', filename='x10001030.xml')",0.423511692963237,True,True
HCO + O <=> CO2 + H,36,0.3,"Pandas(T5=1211.0, T5_units='K', P5=1636000.0, P5_units='Pa', composition='H2:0.0296, CO:0.0296, O2:0.0296, Ar:0.9112', phi=1.0, tau=3.9999999999999996e-05, tau_units='s', ignition_type='max', ignition_target='OHEX;', ignition_amount='', ignition_units='', filename='x10001030.xml')",0.19313025483724675,True,True
HCO + O <=> CO + OH,37,0.3,"Pandas(T5=1211.0, T5_units='K', P5=1636000.0, P5_units='Pa', composition='H2:0.0296, CO:0.0296, O2:0.0296, Ar:0.9112', phi=1.0, tau=3.9999999999999996e-05, tau_units='s', ignition_type='max', ignition_target='OHEX;', ignition_amount='', ignition_units='', filename='x10001030.xml')",0.1640148997742668,True,True
HCO + HO2 => CO2 + H + OH,39,0.3,"Pandas(T5=1211.0, T5_units='K', P5=1636000.0, P5_units='Pa', composition='H2:0.0296, CO:0.0296, O2:0.0296, Ar:0.9112', phi=1.0, tau=3.9999999999999996e-05, tau_units='s', ignition_type='max', ignition_target='OHEX;', ignition_amount='', ignition_units='', filename='x10001030.xml')",0.3165854205739319,True,True
2 HCO => 2 CO + H2,40,0.3,"Pandas(T5=1211.0, T5_units='K', P5=1636000.0, P5_units='Pa', composition='H2:0.0296, CO:0.0296, O2:0.0296, Ar:0.9112', phi=1.0, tau=3.9999999999999996e-05, tau_units='s', ignition_type='max', ignition_target='OHEX;', ignition_amount='', ignition_units='', filename='x10001030.xml')",0.2587297741345826,True,True
2 H + M <=> H2 + M,0,0.3,"Pandas(T5=1227.0, T5_units='K', P5=1490000.0, P5_units='Pa', composition='H2:0.1254, O2:0.0157, Ar:0.8589', phi=3.9936305732484083, tau=2.4e-05, tau_units='s', ignition_type='max', ignition_target='OHEX;', ignition_amount='', ignition_units='', filename='x10001015.xml')",0.3817744682631271,True,True
H + O + M <=> OH + M,1,0.3,"Pandas(T5=1227.0, T5_units='K', P5=1490000.0, P5_units='Pa', composition='H2:0.1254, O2:0.0157, Ar:0.8589', phi=3.9936305732484083, tau=2.4e-05, tau_units='s', ignition_type='max', ignition_target='OHEX;', ignition_amount='', ignition_units='', filename='x10001015.xml')",0.16144493449237649,True,True
H + OH (+M) <=> H2O (+M),4,0.3,"Pandas(T5=1227.0, T5_units='K', P5=1490000.0, P5_units='Pa', composition='H2:0.1254, O2:0.0157, Ar:0.8589', phi=3.9936305732484083, tau=2.4e-05, tau_units='s', ignition_type='max', ignition_target='OHEX;', ignition_amount='', ignition_units='', filename='x10001015.xml')",0.007934054239281126,True,True
H + H2O2 <=> H2 + HO2,7,0.3,"Pandas(T5=1227.0, T5_units='K', P5=1490000.0, P5_units='Pa', composition='H2:0.1254, O2:0.0157, Ar:0.8589', phi=3.9936305732484083, tau=2.4e-05, tau_units='s', ignition_type='max', ignition_target='OHEX;', ignition_amount='', ignition_units='', filename='x10001015.xml')",0.7029237770833298,True,True
H + H2O2 <=> H2O + OH,8,0.3,"Pandas(T5=1227.0, T5_units='K', P5=1490000.0, P5_units='Pa', composition='H2:0.1254, O2:0.0157, Ar:0.8589', phi=3.9936305732484083, tau=2.4e-05, tau_units='s', ignition_type='max', ignition_target='OHEX;', ignition_amount='', ignition_units='', filename='x10001015.xml')",0.0056462778144662825,True,True
H2O2 + O <=> HO2 + OH,9,0.3,"Pandas(T5=1227.0, T5_units='K', P5=1490000.0, P5_units='Pa', composition='H2:0.1254, O2:0.0157, Ar:0.8589', phi=3.9936305732484083, tau=2.4e-05, tau_units='s', ignition_type='max', ignition_target='OHEX;', ignition_amount='', ignition_units='', filename='x10001015.xml')",0.005080738957699541,True,True
H2O2 + OH <=> H2O + HO2,10,0.3,"Pandas(T5=1227.0, T5_units='K', P5=1490000.0, P5_units='Pa', composition='H2:0.1254, O2:0.0157, Ar:0.8589', phi=3.9936305732484083, tau=2.4e-05, tau_units='s', ignition_type='max', ignition_target='OHEX;', ignition_amount='', ignition_units='', filename='x10001015.xml')",0.01838994919445932,True,True
H + HO2 <=> H2 + O2,11,0.3,"Pandas(T5=1227.0, T5_units='K', P5=1490000.0, P5_units='Pa', composition='H2:0.1254, O2:0.0157, Ar:0.8589', phi=3.9936305732484083, tau=2.4e-05, tau_units='s', ignition_type='max', ignition_target='OHEX;', ignition_amount='', ignition_units='', filename='x10001015.xml')",0.29561421164897017,True,True
H + HO2 <=> 2 OH,12,0.3,"Pandas(T5=1227.0, T5_units='K', P5=1490000.0, P5_units='Pa', composition='H2:0.1254, O2:0.0157, Ar:0.8589', phi=3.9936305732484083, tau=2.4e-05, tau_units='s', ignition_type='max', ignition_target='OHEX;', ignition_amount='', ignition_units='', filename='x10001015.xml')",0.4345921238853886,True,True
2 HO2 <=> H2O2 + O2,13,0.3,"Pandas(T5=1227.0, T5_units='K', P5=1490000.0, P5_units='Pa', composition='H2:0.1254, O2:0.0157, Ar:0.8589', phi=3.9936305732484083, tau=2.4e-05, tau_units='s', ignition_type='max', ignition_target='OHEX;', ignition_amount='', ignition_units='', filename='x10001015.xml')",0.15359569029006484,True,True
HO2 + O <=> O2 + OH,14,0.3,"Pandas(T5=1227.0, T5_units='K', P5=1490000.0, P5_units='Pa', composition='H2:0.1254, O2:0.0157, Ar:0.8589', phi=3.9936305732484083, tau=2.4e-05, tau_units='s', ignition_type='max', ignition_target='OHEX;', ignition_amount='', ignition_units='', filename='x10001015.xml')",0.048367721927367865,True,True
HO2 + OH <=> H2O + O2,15,0.3,"Pandas(T5=1227.0, T5_units='K', P5=1490000.0, P5_units='Pa', composition='H2:0.1254, O2:0.0157, Ar:0.8589', phi=3.9936305732484083, tau=2.4e-05, tau_units='s', ignition_type='max', ignition_target='OHEX;', ignition_amount='', ignition_units='', filename='x10001015.xml')",0.09059933935410516,True,True
2 O + M <=> O2 + M,16,0.3,"Pandas(T5=1227.0, T5_units='K', P5=1490000.0, P5_units='Pa', composition='H2:0.1254, O2:0.0157, Ar:0.8589', phi=3.9936305732484083, tau=2.4e-05, tau_units='s', ignition_type='max', ignition_target='OHEX;', ignition_amount='', ignition_units='', filename='x10001015.xml')",0.045614450331952494,True,True
2 OH <=> H2O + O,17,0.3,"Pandas(T5=1227.0, T5_units='K', P5=1490000.0, P5_units='Pa', composition='H2:0.1254, O2:0.0157, Ar:0.8589', phi=3.9936305732484083, tau=2.4e-05, tau_units='s', ignition_type='max', ignition_target='OHEX;', ignition_amount='', ignition_units='', filename='x10001015.xml')",0.27356803048673706,True,True
H2O2 (+M) <=> 2 OH (+M),18,0.3,"Pandas(T5=1227.0, T5_units='K', P5=1490000.0, P5_units='Pa', composition='H2:0.1254, O2:0.0157, Ar:0.8589', phi=3.9936305732484083, tau=2.4e-05, tau_units='s', ignition_type='max', ignition_target='OHEX;', ignition_amount='', ignition_units='', filename='x10001015.xml')",0.029108207242033363,True,True
OH* <=> OH,19,0.3,"Pandas(T5=1227.0, T5_units='K', P5=1490000.0, P5_units='Pa', composition='H2:0.1254, O2:0.0157, Ar:0.8589', phi=3.9936305732484083, tau=2.4e-05, tau_units='s', ignition_type='max', ignition_target='OHEX;', ignition_amount='', ignition_units='', filename='x10001015.xml')",0.013585750081636065,True,True
AR + OH* <=> AR + OH,20,0.3,"Pandas(T5=1227.0, T5_units='K', P5=1490000.0, P5_units='Pa', composition='H2:0.1254, O2:0.0157, Ar:0.8589', phi=3.9936305732484083, tau=2.4e-05, tau_units='s', ignition_type='max', ignition_target='OHEX;', ignition_amount='', ignition_units='', filename='x10001015.xml')",0.103422581452024,True,True
O2 + OH* <=> O2 + OH,21,0.3,"Pandas(T5=1227.0, T5_units='K', P5=1490000.0, P5_units='Pa', composition='H2:0.1254, O2:0.0157, Ar:0.8589', phi=3.9936305732484083, tau=2.4e-05, tau_units='s', ignition_type='max', ignition_target='OHEX;', ignition_amount='', ignition_units='', filename='x10001015.xml')",0.40464753203693354,True,True
H2O + OH* <=> H2O + OH,22,0.3,"Pandas(T5=1227.0, T5_units='K', P5=1490000.0, P5_units='Pa', composition='H2:0.1254, O2:0.0157, Ar:0.8589', phi=3.9936305732484083, tau=2.4e-05, tau_units='s', ignition_type='max', ignition_target='OHEX;', ignition_amount='', ignition_units='', filename='x10001015.xml')",0.1213170072564412,True,True
H2 + OH* <=> H2 + OH,23,0.3,"Pandas(T5=1227.0, T5_units='K', P5=1490000.0, P5_units='Pa', composition='H2:0.1254, O2:0.0157, Ar:0.8589', phi=3.9936305732484083, tau=2.4e-05, tau_units='s', ignition_type='max', ignition_target='OHEX;', ignition_amount='', ignition_units='', filename='x10001015.xml')",0.22675549851016708,True,True
N2 + OH* <=> N2 + OH,24,0.3,"Pandas(T5=1227.0, T5_units='K', P5=1490000.0, P5_units='Pa', composition='H2:0.1254, O2:0.0157, Ar:0.8589', phi=3.9936305732484083, tau=2.4e-05, tau_units='s', ignition_type='max', ignition_target='OHEX;', ignition_amount='', ignition_units='', filename='x10001015.xml')",0.39896240562820984,True,True
OH + OH* <=> 2 OH,25,0.3,"Pandas(T5=1227.0, T5_units='K', P5=1490000.0, P5_units='Pa', composition='H2:0.1254, O2:0.0157, Ar:0.8589', phi=3.9936305732484083, tau=2.4e-05, tau_units='s', ignition_type='max', ignition_target='OHEX;', ignition_amount='', ignition_units='', filename='x10001015.xml')",0.33712514855575915,True,True
H + OH* <=> H + OH,26,0.3,"Pandas(T5=1227.0, T5_units='K', P5=1490000.0, P5_units='Pa', composition='H2:0.1254, O2:0.0157, Ar:0.8589', phi=3.9936305732484083, tau=2.4e-05, tau_units='s', ignition_type='max', ignition_target='OHEX;', ignition_amount='', ignition_units='', filename='x10001015.xml')",0.062104143741040986,True,True
CO + O (+M) <=> CO2 (+M),27,0.3,"Pandas(T5=1227.0, T5_units='K', P5=1490000.0, P5_units='Pa', composition='H2:0.1254, O2:0.0157, Ar:0.8589', phi=3.9936305732484083, tau=2.4e-05, tau_units='s', ignition_type='max', ignition_target='OHEX;', ignition_amount='', ignition_units='', filename='x10001015.xml')",0.23618670125191252,True,True
CO + O2 <=> CO2 + O,29,0.3,"Pandas(T5=1227.0, T5_units='K', P5=1490000.0, P5_units='Pa', composition='H2:0.1254, O2:0.0157, Ar:0.8589', phi=3.9936305732484083, tau=2.4e-05, tau_units='s', ignition_type='max', ignition_target='OHEX;', ignition_amount='', ignition_units='', filename='x10001015.xml')",0.08509673139101062,True,True
CO + HO2 <=> CO2 + OH,30,0.3,"Pandas(T5=1227.0, T5_units='K', P5=1490000.0, P5_units='Pa', composition='H2:0.1254, O2:0.0157, Ar:0.8589', phi=3.9936305732484083, tau=2.4e-05, tau_units='s', ignition_type='max', ignition_target='OHEX;', ignition_amount='', ignition_units='', filename='x10001015.xml')",0.042787908075456196,True,True
C + OH <=> CO + H,31,0.3,"Pandas(T5=1227.0, T5_units='K', P5=1490000.0, P5_units='Pa', composition='H2:0.1254, O2:0.0157, Ar:0.8589', phi=3.9936305732484083, tau=2.4e-05, tau_units='s', ignition_type='max', ignition_target='OHEX;', ignition_amount='', ignition_units='', filename='x10001015.xml')",0.19084564077614266,True,True
C + O2 <=> CO + O,32,0.3,"Pandas(T5=1227.0, T5_units='K', P5=1490000.0, P5_units='Pa', composition='H2:0.1254, O2:0.0157, Ar:0.8589', phi=3.9936305732484083, tau=2.4e-05, tau_units='s', ignition_type='max', ignition_target='OHEX;', ignition_amount='', ignition_units='', filename='x10001015.xml')",0.1314182312004898,True,True
HCO + M <=> CO + H + M,33,0.3,"Pandas(T5=1227.0, T5_units='K', P5=1490000.0, P5_units='Pa', composition='H2:0.1254, O2:0.0157, Ar:0.8589', phi=3.9936305732484083, tau=2.4e-05, tau_units='s', ignition_type='max', ignition_target='OHEX;', ignition_amount='', ignition_units='', filename='x10001015.xml')",0.04210531437527837,True,True
HCO + O2 <=> CO + HO2,34,0.3,"Pandas(T5=1227.0, T5_units='K', P5=1490000.0, P5_units='Pa', composition='H2:0.1254, O2:0.0157, Ar:0.8589', phi=3.9936305732484083, tau=2.4e-05, tau_units='s', ignition_type='max', ignition_target='OHEX;', ignition_amount='', ignition_units='', filename='x10001015.xml')",0.05414980263164866,True,True
H + HCO <=> CO + H2,35,0.3,"Pandas(T5=1227.0, T5_units='K', P5=1490000.0, P5_units='Pa', composition='H2:0.1254, O2:0.0157, Ar:0.8589', phi=3.9936305732484083, tau=2.4e-05, tau_units='s', ignition_type='max', ignition_target='OHEX;', ignition_amount='', ignition_units='', filename='x10001015.xml')",0.433156401718914,True,True
HCO + O <=> CO2 + H,36,0.3,"Pandas(T5=1227.0, T5_units='K', P5=1490000.0, P5_units='Pa', composition='H2:0.1254, O2:0.0157, Ar:0.8589', phi=3.9936305732484083, tau=2.4e-05, tau_units='s', ignition_type='max', ignition_target='OHEX;', ignition_amount='', ignition_units='', filename='x10001015.xml')",0.14263270847142925,True,True
HCO + O <=> CO + OH,37,0.3,"Pandas(T5=1227.0, T5_units='K', P5=1490000.0, P5_units='Pa', composition='H2:0.1254, O2:0.0157, Ar:0.8589', phi=3.9936305732484083, tau=2.4e-05, tau_units='s', ignition_type='max', ignition_target='OHEX;', ignition_amount='', ignition_units='', filename='x10001015.xml')",0.1540759548442141,True,True
HCO + HO2 => CO2 + H + OH,39,0.3,"Pandas(T5=1227.0, T5_units='K', P5=1490000.0, P5_units='Pa', composition='H2:0.1254, O2:0.0157, Ar:0.8589', phi=3.9936305732484083, tau=2.4e-05, tau_units='s', ignition_type='max', ignition_target='OHEX;', ignition_amount='', ignition_units='', filename='x10001015.xml')",0.2945080937738778,True,True
2 HCO => 2 CO + H2,40,0.3,"Pandas(T5=1227.0, T5_units='K', P5=1490000.0, P5_units='Pa', composition='H2:0.1254, O2:0.0157, Ar:0.8589', phi=3.9936305732484083, tau=2.4e-05, tau_units='s', ignition_type='max', ignition_target='OHEX;', ignition_amount='', ignition_units='', filename='x10001015.xml')",0.19797206607492587,True,True
2 H + M <=> H2 + M,0,0.3,"Pandas(T5=2109.0, T5_units='K', P5=113999.99999999999, P5_units='Pa', composition='H2:0.0081, O2:0.0403, Ar:0.9516', phi=0.10049627791563275, tau=2.4e-05, tau_units='s', ignition_type='max', ignition_target='OHEX;', ignition_amount='', ignition_units='', filename='x10001011.xml')",0.017113020208141577,True,True
H + O + M <=> OH + M,1,0.3,"Pandas(T5=2109.0, T5_units='K', P5=113999.99999999999, P5_units='Pa', composition='H2:0.0081, O2:0.0403, Ar:0.9516', phi=0.10049627791563275, tau=2.4e-05, tau_units='s', ignition_type='max', ignition_target='OHEX;', ignition_amount='', ignition_units='', filename='x10001011.xml')",0.08450438130426872,True,True
H + OH (+M) <=> H2O (+M),4,0.3,"Pandas(T5=2109.0, T5_units='K', P5=113999.99999999999, P5_units='Pa', composition='H2:0.0081, O2:0.0403, Ar:0.9516', phi=0.10049627791563275, tau=2.4e-05, tau_units='s', ignition_type='max', ignition_target='OHEX;', ignition_amount='', ignition_units='', filename='x10001011.xml')",0.012631395300342154,True,True
H + H2O2 <=> H2 + HO2,7,0.3,"Pandas(T5=2109.0, T5_units='K', P5=113999.99999999999, P5_units='Pa', composition='H2:0.0081, O2:0.0403, Ar:0.9516', phi=0.10049627791563275, tau=2.4e-05, tau_units='s', ignition_type='max', ignition_target='OHEX;', ignition_amount='', ignition_units='', filename='x10001011.xml')",0.026463821533417108,True,True
H + H2O2 <=> H2O + OH,8,0.3,"Pandas(T5=2109.0, T5_units='K', P5=113999.99999999999, P5_units='Pa', composition='H2:0.0081, O2:0.0403, Ar:0.9516', phi=0.10049627791563275, tau=2.4e-05, tau_units='s', ignition_type='max', ignition_target='OHEX;', ignition_amount='', ignition_units='', filename='x10001011.xml')",0.025096580383899433,True,True
H2O2 + O <=> HO2 + OH,9,0.3,"Pandas(T5=2109.0, T5_units='K', P5=113999.99999999999, P5_units='Pa', composition='H2:0.0081, O2:0.0403, Ar:0.9516', phi=0.10049627791563275, tau=2.4e-05, tau_units='s', ignition_type='max', ignition_target='OHEX;', ignition_amount='', ignition_units='', filename='x10001011.xml')",0.03416713135991952,True,True
H2O2 + OH <=> H2O + HO2,10,0.3,"Pandas(T5=2109.0, T5_units='K', P5=113999.99999999999, P5_units='Pa', composition='H2:0.0081, O2:0.0403, Ar:0.9516', phi=0.10049627791563275, tau=2.4e-05, tau_units='s', ignition_type='max', ignition_target='OHEX;', ignition_amount='', ignition_units='', filename='x10001011.xml')",0.10629183405909144,True,True
H + HO2 <=> H2 + O2,11,0.3,"Pandas(T5=2109.0, T5_units='K', P5=113999.99999999999, P5_units='Pa', composition='H2:0.0081, O2:0.0403, Ar:0.9516', phi=0.10049627791563275, tau=2.4e-05, tau_units='s', ignition_type='max', ignition_target='OHEX;', ignition_amount='', ignition_units='', filename='x10001011.xml')",0.07447880842675582,True,True
H + HO2 <=> 2 OH,12,0.3,"Pandas(T5=2109.0, T5_units='K', P5=113999.99999999999, P5_units='Pa', composition='H2:0.0081, O2:0.0403, Ar:0.9516', phi=0.10049627791563275, tau=2.4e-05, tau_units='s', ignition_type='max', ignition_target='OHEX;', ignition_amount='', ignition_units='', filename='x10001011.xml')",0.06864493417000447,True,True
2 HO2 <=> H2O2 + O2,13,0.3,"Pandas(T5=2109.0, T5_units='K', P5=113999.99999999999, P5_units='Pa', composition='H2:0.0081, O2:0.0403, Ar:0.9516', phi=0.10049627791563275, tau=2.4e-05, tau_units='s', ignition_type='max', ignition_target='OHEX;', ignition_amount='', ignition_units='', filename='x10001011.xml')",0.019100086209100833,True,True
HO2 + O <=> O2 + OH,14,0.3,"Pandas(T5=2109.0, T5_units='K', P5=113999.99999999999, P5_units='Pa', composition='H2:0.0081, O2:0.0403, Ar:0.9516', phi=0.10049627791563275, tau=2.4e-05, tau_units='s', ignition_type='max', ignition_target='OHEX;', ignition_amount='', ignition_units='', filename='x10001011.xml')",0.13391500837804504,True,True
HO2 + OH <=> H2O + O2,15,0.3,"Pandas(T5=2109.0, T5_units='K', P5=113999.99999999999, P5_units='Pa', composition='H2:0.0081, O2:0.0403, Ar:0.9516', phi=0.10049627791563275, tau=2.4e-05, tau_units='s', ignition_type='max', ignition_target='OHEX;', ignition_amount='', ignition_units='', filename='x10001011.xml')",0.008122549498228488,True,True
2 O + M <=> O2 + M,16,0.3,"Pandas(T5=2109.0, T5_units='K', P5=113999.99999999999, P5_units='Pa', composition='H2:0.0081, O2:0.0403, Ar:0.9516', phi=0.10049627791563275, tau=2.4e-05, tau_units='s', ignition_type='max', ignition_target='OHEX;', ignition_amount='', ignition_units='', filename='x10001011.xml')",0.02740743019895048,True,True
2 OH <=> H2O + O,17,0.3,"Pandas(T5=2109.0, T5_units='K', P5=113999.99999999999, P5_units='Pa', composition='H2:0.0081, O2:0.0403, Ar:0.9516', phi=0.10049627791563275, tau=2.4e-05, tau_units='s', ignition_type='max', ignition_target='OHEX;', ignition_amount='', ignition_units='', filename='x10001011.xml')",0.059743433396458545,True,True
H2O2 (+M) <=> 2 OH (+M),18,0.3,"Pandas(T5=2109.0, T5_units='K', P5=113999.99999999999, P5_units='Pa', composition='H2:0.0081, O2:0.0403, Ar:0.9516', phi=0.10049627791563275, tau=2.4e-05, tau_units='s', ignition_type='max', ignition_target='OHEX;', ignition_amount='', ignition_units='', filename='x10001011.xml')",0.24578948144047014,True,True
OH* <=> OH,19,0.3,"Pandas(T5=2109.0, T5_units='K', P5=113999.99999999999, P5_units='Pa', composition='H2:0.0081, O2:0.0403, Ar:0.9516', phi=0.10049627791563275, tau=2.4e-05, tau_units='s', ignition_type='max', ignition_target='OHEX;', ignition_amount='', ignition_units='', filename='x10001011.xml')",0.06981599100074178,True,True
AR + OH* <=> AR + OH,20,0.3,"Pandas(T5=2109.0, T5_units='K', P5=113999.99999999999, P5_units='Pa', composition='H2:0.0081, O2:0.0403, Ar:0.9516', phi=0.10049627791563275, tau=2.4e-05, tau_units='s', ignition_type='max', ignition_target='OHEX;', ignition_amount='', ignition_units='', filename='x10001011.xml')",0.16106977576809603,True,True
O2 + OH* <=> O2 + OH,21,0.3,"Pandas(T5=2109.0, T5_units='K', P5=113999.99999999999, P5_units='Pa', composition='H2:0.0081, O2:0.0403, Ar:0.9516', phi=0.10049627791563275, tau=2.4e-05, tau_units='s', ignition_type='max', ignition_target='OHEX;', ignition_amount='', ignition_units='', filename='x10001011.xml')",0.08196881322377034,True,True
H2O + OH* <=> H2O + OH,22,0.3,"Pandas(T5=2109.0, T5_units='K', P5=113999.99999999999, P5_units='Pa', composition='H2:0.0081, O2:0.0403, Ar:0.9516', phi=0.10049627791563275, tau=2.4e-05, tau_units='s', ignition_type='max', ignition_target='OHEX;', ignition_amount='', ignition_units='', filename='x10001011.xml')",0.069107173880338,True,True
H2 + OH* <=> H2 + OH,23,0.3,"Pandas(T5=2109.0, T5_units='K', P5=113999.99999999999, P5_units='Pa', composition='H2:0.0081, O2:0.0403, Ar:0.9516', phi=0.10049627791563275, tau=2.4e-05, tau_units='s', ignition_type='max', ignition_target='OHEX;', ignition_amount='', ignition_units='', filename='x10001011.xml')",0.015588831425194724,True,True
N2 + OH* <=> N2 + OH,24,0.3,"Pandas(T5=2109.0, T5_units='K', P5=113999.99999999999, P5_units='Pa', composition='H2:0.0081, O2:0.0403, Ar:0.9516', phi=0.10049627791563275, tau=2.4e-05, tau_units='s', ignition_type='max', ignition_target='OHEX;', ignition_amount='', ignition_units='', filename='x10001011.xml')",0.18076944016648067,True,True
OH + OH* <=> 2 OH,25,0.3,"Pandas(T5=2109.0, T5_units='K', P5=113999.99999999999, P5_units='Pa', composition='H2:0.0081, O2:0.0403, Ar:0.9516', phi=0.10049627791563275, tau=2.4e-05, tau_units='s', ignition_type='max', ignition_target='OHEX;', ignition_amount='', ignition_units='', filename='x10001011.xml')",0.10649911483157128,True,True
H + OH* <=> H + OH,26,0.3,"Pandas(T5=2109.0, T5_units='K', P5=113999.99999999999, P5_units='Pa', composition='H2:0.0081, O2:0.0403, Ar:0.9516', phi=0.10049627791563275, tau=2.4e-05, tau_units='s', ignition_type='max', ignition_target='OHEX;', ignition_amount='', ignition_units='', filename='x10001011.xml')",0.1558323629015322,True,True
CO + O (+M) <=> CO2 (+M),27,0.3,"Pandas(T5=2109.0, T5_units='K', P5=113999.99999999999, P5_units='Pa', composition='H2:0.0081, O2:0.0403, Ar:0.9516', phi=0.10049627791563275, tau=2.4e-05, tau_units='s', ignition_type='max', ignition_target='OHEX;', ignition_amount='', ignition_units='', filename='x10001011.xml')",0.04053753289661061,True,True
CO + O2 <=> CO2 + O,29,0.3,"Pandas(T5=2109.0, T5_units='K', P5=113999.99999999999, P5_units='Pa', composition='H2:0.0081, O2:0.0403, Ar:0.9516', phi=0.10049627791563275, tau=2.4e-05, tau_units='s', ignition_type='max', ignition_target='OHEX;', ignition_amount='', ignition_units='', filename='x10001011.xml')",0.022817555256660092,True,True
CO + HO2 <=> CO2 + OH,30,0.3,"Pandas(T5=2109.0, T5_units='K', P5=113999.99999999999, P5_units='Pa', composition='H2:0.0081, O2:0.0403, Ar:0.9516', phi=0.10049627791563275, tau=2.4e-05, tau_units='s', ignition_type='max', ignition_target='OHEX;', ignition_amount='', ignition_units='', filename='x10001011.xml')",0.07472446105489387,True,True
C + OH <=> CO + H,31,0.3,"Pandas(T5=2109.0, T5_units='K', P5=113999.99999999999, P5_units='Pa', composition='H2:0.0081, O2:0.0403, Ar:0.9516', phi=0.10049627791563275, tau=2.4e-05, tau_units='s', ignition_type='max', ignition_target='OHEX;', ignition_amount='', ignition_units='', filename='x10001011.xml')",0.018524498541218987,True,True
C + O2 <=> CO + O,32,0.3,"Pandas(T5=2109.0, T5_units='K', P5=113999.99999999999, P5_units='Pa', composition='H2:0.0081, O2:0.0403, Ar:0.9516', phi=0.10049627791563275, tau=2.4e-05, tau_units='s', ignition_type='max', ignition_target='OHEX;', ignition_amount='', ignition_units='', filename='x10001011.xml')",0.0015334525508405074,True,True
HCO + M <=> CO + H + M,33,0.3,"Pandas(T5=2109.0, T5_units='K', P5=113999.99999999999, P5_units='Pa', composition='H2:0.0081, O2:0.0403, Ar:0.9516', phi=0.10049627791563275, tau=2.4e-05, tau_units='s', ignition_type='max', ignition_target='OHEX;', ignition_amount='', ignition_units='', filename='x10001011.xml')",0.07786501036125867,True,True
HCO + O2 <=> CO + HO2,34,0.3,"Pandas(T5=2109.0, T5_units='K', P5=113999.99999999999, P5_units='Pa', composition='H2:0.0081, O2:0.0403, Ar:0.9516', phi=0.10049627791563275, tau=2.4e-05, tau_units='s', ignition_type='max', ignition_target='OHEX;', ignition_amount='', ignition_units='', filename='x10001011.xml')",0.08888293659567391,True,True
H + HCO <=> CO + H2,35,0.3,"Pandas(T5=2109.0, T5_units='K', P5=113999.99999999999, P5_units='Pa', composition='H2:0.0081, O2:0.0403, Ar:0.9516', phi=0.10049627791563275, tau=2.4e-05, tau_units='s', ignition_type='max', ignition_target='OHEX;', ignition_amount='', ignition_units='', filename='x10001011.xml')",0.08278868454350279,True,True
HCO + O <=> CO2 + H,36,0.3,"Pandas(T5=2109.0, T5_units='K', P5=113999.99999999999, P5_units='Pa', composition='H2:0.0081, O2:0.0403, Ar:0.9516', phi=0.10049627791563275, tau=2.4e-05, tau_units='s', ignition_type='max', ignition_target='OHEX;', ignition_amount='', ignition_units='', filename='x10001011.xml')",0.05098428571734485,True,True
HCO + O <=> CO + OH,37,0.3,"Pandas(T5=2109.0, T5_units='K', P5=113999.99999999999, P5_units='Pa', composition='H2:0.0081, O2:0.0403, Ar:0.9516', phi=0.10049627791563275, tau=2.4e-05, tau_units='s', ignition_type='max', ignition_target='OHEX;', ignition_amount='', ignition_units='', filename='x10001011.xml')",0.10891392617226787,True,True
HCO + HO2 => CO2 + H + OH,39,0.3,"Pandas(T5=2109.0, T5_units='K', P5=113999.99999999999, P5_units='Pa', composition='H2:0.0081, O2:0.0403, Ar:0.9516', phi=0.10049627791563275, tau=2.4e-05, tau_units='s', ignition_type='max', ignition_target='OHEX;', ignition_amount='', ignition_units='', filename='x10001011.xml')",0.06168088733233727,True,True
2 HCO => 2 CO + H2,40,0.3,"Pandas(T5=2109.0, T5_units='K', P5=113999.99999999999, P5_units='Pa', composition='H2:0.0081, O2:0.0403, Ar:0.9516', phi=0.10049627791563275, tau=2.4e-05, tau_units='s', ignition_type='max', ignition_target='OHEX;', ignition_amount='', ignition_units='', filename='x10001011.xml')",0.04570584608214089,True,True
2 H + M <=> H2 + M,0,0.3,"Pandas(T5=2070.0, T5_units='K', P5=141855.0, P5_units='Pa', composition='H2:0.0005, CO:0.1217, O2:0.01, Ar:0.8678', phi=6.11, tau=0.000108, tau_units='s', ignition_type='concentration', ignition_target='CO2;', ignition_amount=1.6605390000000003e-11, ignition_units='kmol/m3', filename='x10001052.xml')",0.16577872791060835,True,True
H + O + M <=> OH + M,1,0.3,"Pandas(T5=2070.0, T5_units='K', P5=141855.0, P5_units='Pa', composition='H2:0.0005, CO:0.1217, O2:0.01, Ar:0.8678', phi=6.11, tau=0.000108, tau_units='s', ignition_type='concentration', ignition_target='CO2;', ignition_amount=1.6605390000000003e-11, ignition_units='kmol/m3', filename='x10001052.xml')",0.18172614617499433,True,True
H + OH (+M) <=> H2O (+M),4,0.3,"Pandas(T5=2070.0, T5_units='K', P5=141855.0, P5_units='Pa', composition='H2:0.0005, CO:0.1217, O2:0.01, Ar:0.8678', phi=6.11, tau=0.000108, tau_units='s', ignition_type='concentration', ignition_target='CO2;', ignition_amount=1.6605390000000003e-11, ignition_units='kmol/m3', filename='x10001052.xml')",0.027224067908692026,True,True
H + H2O2 <=> H2 + HO2,7,0.3,"Pandas(T5=2070.0, T5_units='K', P5=141855.0, P5_units='Pa', composition='H2:0.0005, CO:0.1217, O2:0.01, Ar:0.8678', phi=6.11, tau=0.000108, tau_units='s', ignition_type='concentration', ignition_target='CO2;', ignition_amount=1.6605390000000003e-11, ignition_units='kmol/m3', filename='x10001052.xml')",0.12445964087992768,True,True
H + H2O2 <=> H2O + OH,8,0.3,"Pandas(T5=2070.0, T5_units='K', P5=141855.0, P5_units='Pa', composition='H2:0.0005, CO:0.1217, O2:0.01, Ar:0.8678', phi=6.11, tau=0.000108, tau_units='s', ignition_type='concentration', ignition_target='CO2;', ignition_amount=1.6605390000000003e-11, ignition_units='kmol/m3', filename='x10001052.xml')",0.04981223092403772,True,True
H2O2 + O <=> HO2 + OH,9,0.3,"Pandas(T5=2070.0, T5_units='K', P5=141855.0, P5_units='Pa', composition='H2:0.0005, CO:0.1217, O2:0.01, Ar:0.8678', phi=6.11, tau=0.000108, tau_units='s', ignition_type='concentration', ignition_target='CO2;', ignition_amount=1.6605390000000003e-11, ignition_units='kmol/m3', filename='x10001052.xml')",0.1347884107649716,True,True
H2O2 + OH <=> H2O + HO2,10,0.3,"Pandas(T5=2070.0, T5_units='K', P5=141855.0, P5_units='Pa', composition='H2:0.0005, CO:0.1217, O2:0.01, Ar:0.8678', phi=6.11, tau=0.000108, tau_units='s', ignition_type='concentration', ignition_target='CO2;', ignition_amount=1.6605390000000003e-11, ignition_units='kmol/m3', filename='x10001052.xml')",0.04049842090340027,True,True
H + HO2 <=> H2 + O2,11,0.3,"Pandas(T5=2070.0, T5_units='K', P5=141855.0, P5_units='Pa', composition='H2:0.0005, CO:0.1217, O2:0.01, Ar:0.8678', phi=6.11, tau=0.000108, tau_units='s', ignition_type='concentration', ignition_target='CO2;', ignition_amount=1.6605390000000003e-11, ignition_units='kmol/m3', filename='x10001052.xml')",0.07656361241100287,True,True
H + HO2 <=> 2 OH,12,0.3,"Pandas(T5=2070.0, T5_units='K', P5=141855.0, P5_units='Pa', composition='H2:0.0005, CO:0.1217, O2:0.01, Ar:0.8678', phi=6.11, tau=0.000108, tau_units='s', ignition_type='concentration', ignition_target='CO2;', ignition_amount=1.6605390000000003e-11, ignition_units='kmol/m3', filename='x10001052.xml')",0.13408037583357385,True,True
2 HO2 <=> H2O2 + O2,13,0.3,"Pandas(T5=2070.0, T5_units='K', P5=141855.0, P5_units='Pa', composition='H2:0.0005, CO:0.1217, O2:0.01, Ar:0.8678', phi=6.11, tau=0.000108, tau_units='s', ignition_type='concentration', ignition_target='CO2;', ignition_amount=1.6605390000000003e-11, ignition_units='kmol/m3', filename='x10001052.xml')",0.06332165820667936,True,True
HO2 + O <=> O2 + OH,14,0.3,"Pandas(T5=2070.0, T5_units='K', P5=141855.0, P5_units='Pa', composition='H2:0.0005, CO:0.1217, O2:0.01, Ar:0.8678', phi=6.11, tau=0.000108, tau_units='s', ignition_type='concentration', ignition_target='CO2;', ignition_amount=1.6605390000000003e-11, ignition_units='kmol/m3', filename='x10001052.xml')",0.03539287137703468,True,True
HO2 + OH <=> H2O + O2,15,0.3,"Pandas(T5=2070.0, T5_units='K', P5=141855.0, P5_units='Pa', composition='H2:0.0005, CO:0.1217, O2:0.01, Ar:0.8678', phi=6.11, tau=0.000108, tau_units='s', ignition_type='concentration', ignition_target='CO2;', ignition_amount=1.6605390000000003e-11, ignition_units='kmol/m3', filename='x10001052.xml')",0.057762940595101925,True,True
2 O + M <=> O2 + M,16,0.3,"Pandas(T5=2070.0, T5_units='K', P5=141855.0, P5_units='Pa', composition='H2:0.0005, CO:0.1217, O2:0.01, Ar:0.8678', phi=6.11, tau=0.000108, tau_units='s', ignition_type='concentration', ignition_target='CO2;', ignition_amount=1.6605390000000003e-11, ignition_units='kmol/m3', filename='x10001052.xml')",0.025819403326469224,True,True
2 OH <=> H2O + O,17,0.3,"Pandas(T5=2070.0, T5_units='K', P5=141855.0, P5_units='Pa', composition='H2:0.0005, CO:0.1217, O2:0.01, Ar:0.8678', phi=6.11, tau=0.000108, tau_units='s', ignition_type='concentration', ignition_target='CO2;', ignition_amount=1.6605390000000003e-11, ignition_units='kmol/m3', filename='x10001052.xml')",0.11636249733200163,True,True
H2O2 (+M) <=> 2 OH (+M),18,0.3,"Pandas(T5=2070.0, T5_units='K', P5=141855.0, P5_units='Pa', composition='H2:0.0005, CO:0.1217, O2:0.01, Ar:0.8678', phi=6.11, tau=0.000108, tau_units='s', ignition_type='concentration', ignition_target='CO2;', ignition_amount=1.6605390000000003e-11, ignition_units='kmol/m3', filename='x10001052.xml')",0.002763993452620652,True,True
OH* <=> OH,19,0.3,"Pandas(T5=2070.0, T5_units='K', P5=141855.0, P5_units='Pa', composition='H2:0.0005, CO:0.1217, O2:0.01, Ar:0.8678', phi=6.11, tau=0.000108, tau_units='s', ignition_type='concentration', ignition_target='CO2;', ignition_amount=1.6605390000000003e-11, ignition_units='kmol/m3', filename='x10001052.xml')",0.06442692219278998,True,True
AR + OH* <=> AR + OH,20,0.3,"Pandas(T5=2070.0, T5_units='K', P5=141855.0, P5_units='Pa', composition='H2:0.0005, CO:0.1217, O2:0.01, Ar:0.8678', phi=6.11, tau=0.000108, tau_units='s', ignition_type='concentration', ignition_target='CO2;', ignition_amount=1.6605390000000003e-11, ignition_units='kmol/m3', filename='x10001052.xml')",0.0878937177020787,True,True
O2 + OH* <=> O2 + OH,21,0.3,"Pandas(T5=2070.0, T5_units='K', P5=141855.0, P5_units='Pa', composition='H2:0.0005, CO:0.1217, O2:0.01, Ar:0.8678', phi=6.11, tau=0.000108, tau_units='s', ignition_type='concentration', ignition_target='CO2;', ignition_amount=1.6605390000000003e-11, ignition_units='kmol/m3', filename='x10001052.xml')",0.12224351317884959,True,True
H2O + OH* <=> H2O + OH,22,0.3,"Pandas(T5=2070.0, T5_units='K', P5=141855.0, P5_units='Pa', composition='H2:0.0005, CO:0.1217, O2:0.01, Ar:0.8678', phi=6.11, tau=0.000108, tau_units='s', ignition_type='concentration', ignition_target='CO2;', ignition_amount=1.6605390000000003e-11, ignition_units='kmol/m3', filename='x10001052.xml')",0.03922483765757206,True,True
H2 + OH* <=> H2 + OH,23,0.3,"Pandas(T5=2070.0, T5_units='K', P5=141855.0, P5_units='Pa', composition='H2:0.0005, CO:0.1217, O2:0.01, Ar:0.8678', phi=6.11, tau=0.000108, tau_units='s', ignition_type='concentration', ignition_target='CO2;', ignition_amount=1.6605390000000003e-11, ignition_units='kmol/m3', filename='x10001052.xml')",0.15965940004385235,True,True
N2 + OH* <=> N2 + OH,24,0.3,"Pandas(T5=2070.0, T5_units='K', P5=141855.0, P5_units='Pa', composition='H2:0.0005, CO:0.1217, O2:0.01, Ar:0.8678', phi=6.11, tau=0.000108, tau_units='s', ignition_type='concentration', ignition_target='CO2;', ignition_amount=1.6605390000000003e-11, ignition_units='kmol/m3', filename='x10001052.xml')",0.1868557457431679,True,True
OH + OH* <=> 2 OH,25,0.3,"Pandas(T5=2070.0, T5_units='K', P5=141855.0, P5_units='Pa', composition='H2:0.0005, CO:0.1217, O2:0.01, Ar:0.8678', phi=6.11, tau=0.000108, tau_units='s', ignition_type='concentration', ignition_target='CO2;', ignition_amount=1.6605390000000003e-11, ignition_units='kmol/m3', filename='x10001052.xml')",0.164567786858016,True,True
H + OH* <=> H + OH,26,0.3,"Pandas(T5=2070.0, T5_units='K', P5=141855.0, P5_units='Pa', composition='H2:0.0005, CO:0.1217, O2:0.01, Ar:0.8678', phi=6.11, tau=0.000108, tau_units='s', ignition_type='concentration', ignition_target='CO2;', ignition_amount=1.6605390000000003e-11, ignition_units='kmol/m3', filename='x10001052.xml')",0.053839201424553625,True,True
CO + O (+M) <=> CO2 (+M),27,0.3,"Pandas(T5=2070.0, T5_units='K', P5=141855.0, P5_units='Pa', composition='H2:0.0005, CO:0.1217, O2:0.01, Ar:0.8678', phi=6.11, tau=0.000108, tau_units='s', ignition_type='concentration', ignition_target='CO2;', ignition_amount=1.6605390000000003e-11, ignition_units='kmol/m3', filename='x10001052.xml')",0.2343631406671476,True,True
CO + O2 <=> CO2 + O,29,0.3,"Pandas(T5=2070.0, T5_units='K', P5=141855.0, P5_units='Pa', composition='H2:0.0005, CO:0.1217, O2:0.01, Ar:0.8678', phi=6.11, tau=0.000108, tau_units='s', ignition_type='concentration', ignition_target='CO2;', ignition_amount=1.6605390000000003e-11, ignition_units='kmol/m3', filename='x10001052.xml')",0.22490117924546255,True,True
CO + HO2 <=> CO2 + OH,30,0.3,"Pandas(T5=2070.0, T5_units='K', P5=141855.0, P5_units='Pa', composition='H2:0.0005, CO:0.1217, O2:0.01, Ar:0.8678', phi=6.11, tau=0.000108, tau_units='s', ignition_type='concentration', ignition_target='CO2;', ignition_amount=1.6605390000000003e-11, ignition_units='kmol/m3', filename='x10001052.xml')",0.0028673291888853362,True,True
C + OH <=> CO + H,31,0.3,"Pandas(T5=2070.0, T5_units='K', P5=141855.0, P5_units='Pa', composition='H2:0.0005, CO:0.1217, O2:0.01, Ar:0.8678', phi=6.11, tau=0.000108, tau_units='s', ignition_type='concentration', ignition_target='CO2;', ignition_amount=1.6605390000000003e-11, ignition_units='kmol/m3', filename='x10001052.xml')",0.24653515201663706,True,True
C + O2 <=> CO + O,32,0.3,"Pandas(T5=2070.0, T5_units='K', P5=141855.0, P5_units='Pa', composition='H2:0.0005, CO:0.1217, O2:0.01, Ar:0.8678', phi=6.11, tau=0.000108, tau_units='s', ignition_type='concentration', ignition_target='CO2;', ignition_amount=1.6605390000000003e-11, ignition_units='kmol/m3', filename='x10001052.xml')",0.10499577251113061,True,True
HCO + M <=> CO + H + M,33,0.3,"Pandas(T5=2070.0, T5_units='K', P5=141855.0, P5_units='Pa', composition='H2:0.0005, CO:0.1217, O2:0.01, Ar:0.8678', phi=6.11, tau=0.000108, tau_units='s', ignition_type='concentration', ignition_target='CO2;', ignition_amount=1.6605390000000003e-11, ignition_units='kmol/m3', filename='x10001052.xml')",0.0957875183722491,True,True
HCO + O2 <=> CO + HO2,34,0.3,"Pandas(T5=2070.0, T5_units='K', P5=141855.0, P5_units='Pa', composition='H2:0.0005, CO:0.1217, O2:0.01, Ar:0.8678', phi=6.11, tau=0.000108, tau_units='s', ignition_type='concentration', ignition_target='CO2;', ignition_amount=1.6605390000000003e-11, ignition_units='kmol/m3', filename='x10001052.xml')",0.02251560801409677,True,True
H + HCO <=> CO + H2,35,0.3,"Pandas(T5=2070.0, T5_units='K', P5=141855.0, P5_units='Pa', composition='H2:0.0005, CO:0.1217, O2:0.01, Ar:0.8678', phi=6.11, tau=0.000108, tau_units='s', ignition_type='concentration', ignition_target='CO2;', ignition_amount=1.6605390000000003e-11, ignition_units='kmol/m3', filename='x10001052.xml')",0.027691333939127517,True,True
HCO + O <=> CO2 + H,36,0.3,"Pandas(T5=2070.0, T5_units='K', P5=141855.0, P5_units='Pa', composition='H2:0.0005, CO:0.1217, O2:0.01, Ar:0.8678', phi=6.11, tau=0.000108, tau_units='s', ignition_type='concentration', ignition_target='CO2;', ignition_amount=1.6605390000000003e-11, ignition_units='kmol/m3', filename='x10001052.xml')",0.04517916745213307,True,True
HCO + O <=> CO + OH,37,0.3,"Pandas(T5=2070.0, T5_units='K', P5=141855.0, P5_units='Pa', composition='H2:0.0005, CO:0.1217, O2:0.01, Ar:0.8678', phi=6.11, tau=0.000108, tau_units='s', ignition_type='concentration', ignition_target='CO2;', ignition_amount=1.6605390000000003e-11, ignition_units='kmol/m3', filename='x10001052.xml')",0.04215779773827678,True,True
HCO + HO2 => CO2 + H + OH,39,0.3,"Pandas(T5=2070.0, T5_units='K', P5=141855.0, P5_units='Pa', composition='H2:0.0005, CO:0.1217, O2:0.01, Ar:0.8678', phi=6.11, tau=0.000108, tau_units='s', ignition_type='concentration', ignition_target='CO2;', ignition_amount=1.6605390000000003e-11, ignition_units='kmol/m3', filename='x10001052.xml')",0.11886362853967289,True,True
2 HCO => 2 CO + H2,40,0.3,"Pandas(T5=2070.0, T5_units='K', P5=141855.0, P5_units='Pa', composition='H2:0.0005, CO:0.1217, O2:0.01, Ar:0.8678', phi=6.11, tau=0.000108, tau_units='s', ignition_type='concentration', ignition_target='CO2;', ignition_amount=1.6605390000000003e-11, ignition_units='kmol/m3', filename='x10001052.xml')",0.1191845099590361,True,True
2 H + M <=> H2 + M,0,0.3,"Pandas(T5=1649.0, T5_units='K', P5=413000.0, P5_units='Pa', composition='H2:0.003, CO:0.0562, O2:0.0296, Ar:0.9112', phi=1.0, tau=8.9e-05, tau_units='s', ignition_type='max', ignition_target='OHEX;', ignition_amount='', ignition_units='', filename='x10001022.xml')",0.12067932738940622,True,True
H + O + M <=> OH + M,1,0.3,"Pandas(T5=1649.0, T5_units='K', P5=413000.0, P5_units='Pa', composition='H2:0.003, CO:0.0562, O2:0.0296, Ar:0.9112', phi=1.0, tau=8.9e-05, tau_units='s', ignition_type='max', ignition_target='OHEX;', ignition_amount='', ignition_units='', filename='x10001022.xml')",0.08789736583517137,True,True
H + OH (+M) <=> H2O (+M),4,0.3,"Pandas(T5=1649.0, T5_units='K', P5=413000.0, P5_units='Pa', composition='H2:0.003, CO:0.0562, O2:0.0296, Ar:0.9112', phi=1.0, tau=8.9e-05, tau_units='s', ignition_type='max', ignition_target='OHEX;', ignition_amount='', ignition_units='', filename='x10001022.xml')",0.17368704720163597,True,True
H + H2O2 <=> H2 + HO2,7,0.3,"Pandas(T5=1649.0, T5_units='K', P5=413000.0, P5_units='Pa', composition='H2:0.003, CO:0.0562, O2:0.0296, Ar:0.9112', phi=1.0, tau=8.9e-05, tau_units='s', ignition_type='max', ignition_target='OHEX;', ignition_amount='', ignition_units='', filename='x10001022.xml')",0.05069824894346074,True,True
H + H2O2 <=> H2O + OH,8,0.3,"Pandas(T5=1649.0, T5_units='K', P5=413000.0, P5_units='Pa', composition='H2:0.003, CO:0.0562, O2:0.0296, Ar:0.9112', phi=1.0, tau=8.9e-05, tau_units='s', ignition_type='max', ignition_target='OHEX;', ignition_amount='', ignition_units='', filename='x10001022.xml')",0.2532784203788925,True,True
H2O2 + O <=> HO2 + OH,9,0.3,"Pandas(T5=1649.0, T5_units='K', P5=413000.0, P5_units='Pa', composition='H2:0.003, CO:0.0562, O2:0.0296, Ar:0.9112', phi=1.0, tau=8.9e-05, tau_units='s', ignition_type='max', ignition_target='OHEX;', ignition_amount='', ignition_units='', filename='x10001022.xml')",0.03589629116613732,True,True
H2O2 + OH <=> H2O + HO2,10,0.3,"Pandas(T5=1649.0, T5_units='K', P5=413000.0, P5_units='Pa', composition='H2:0.003, CO:0.0562, O2:0.0296, Ar:0.9112', phi=1.0, tau=8.9e-05, tau_units='s', ignition_type='max', ignition_target='OHEX;', ignition_amount='', ignition_units='', filename='x10001022.xml')",0.1332188283812174,True,True
H + HO2 <=> H2 + O2,11,0.3,"Pandas(T5=1649.0, T5_units='K', P5=413000.0, P5_units='Pa', composition='H2:0.003, CO:0.0562, O2:0.0296, Ar:0.9112', phi=1.0, tau=8.9e-05, tau_units='s', ignition_type='max', ignition_target='OHEX;', ignition_amount='', ignition_units='', filename='x10001022.xml')",0.06182783961258362,True,True
H + HO2 <=> 2 OH,12,0.3,"Pandas(T5=1649.0, T5_units='K', P5=413000.0, P5_units='Pa', composition='H2:0.003, CO:0.0562, O2:0.0296, Ar:0.9112', phi=1.0, tau=8.9e-05, tau_units='s', ignition_type='max', ignition_target='OHEX;', ignition_amount='', ignition_units='', filename='x10001022.xml')",0.06371845733334199,True,True
2 HO2 <=> H2O2 + O2,13,0.3,"Pandas(T5=1649.0, T5_units='K', P5=413000.0, P5_units='Pa', composition='H2:0.003, CO:0.0562, O2:0.0296, Ar:0.9112', phi=1.0, tau=8.9e-05, tau_units='s', ignition_type='max', ignition_target='OHEX;', ignition_amount='', ignition_units='', filename='x10001022.xml')",0.053570122528599655,True,True
HO2 + O <=> O2 + OH,14,0.3,"Pandas(T5=1649.0, T5_units='K', P5=413000.0, P5_units='Pa', composition='H2:0.003, CO:0.0562, O2:0.0296, Ar:0.9112', phi=1.0, tau=8.9e-05, tau_units='s', ignition_type='max', ignition_target='OHEX;', ignition_amount='', ignition_units='', filename='x10001022.xml')",0.09799496717844604,True,True
HO2 + OH <=> H2O + O2,15,0.3,"Pandas(T5=1649.0, T5_units='K', P5=413000.0, P5_units='Pa', composition='H2:0.003, CO:0.0562, O2:0.0296, Ar:0.9112', phi=1.0, tau=8.9e-05, tau_units='s', ignition_type='max', ignition_target='OHEX;', ignition_amount='', ignition_units='', filename='x10001022.xml')",0.11416208918286269,True,True
2 O + M <=> O2 + M,16,0.3,"Pandas(T5=1649.0, T5_units='K', P5=413000.0, P5_units='Pa', composition='H2:0.003, CO:0.0562, O2:0.0296, Ar:0.9112', phi=1.0, tau=8.9e-05, tau_units='s', ignition_type='max', ignition_target='OHEX;', ignition_amount='', ignition_units='', filename='x10001022.xml')",0.13278845438907644,True,True
2 OH <=> H2O + O,17,0.3,"Pandas(T5=1649.0, T5_units='K', P5=413000.0, P5_units='Pa', composition='H2:0.003, CO:0.0562, O2:0.0296, Ar:0.9112', phi=1.0, tau=8.9e-05, tau_units='s', ignition_type='max', ignition_target='OHEX;', ignition_amount='', ignition_units='', filename='x10001022.xml')",0.2620134173065515,True,True
H2O2 (+M) <=> 2 OH (+M),18,0.3,"Pandas(T5=1649.0, T5_units='K', P5=413000.0, P5_units='Pa', composition='H2:0.003, CO:0.0562, O2:0.0296, Ar:0.9112', phi=1.0, tau=8.9e-05, tau_units='s', ignition_type='max', ignition_target='OHEX;', ignition_amount='', ignition_units='', filename='x10001022.xml')",0.16568216680337633,True,True
OH* <=> OH,19,0.3,"Pandas(T5=1649.0, T5_units='K', P5=413000.0, P5_units='Pa', composition='H2:0.003, CO:0.0562, O2:0.0296, Ar:0.9112', phi=1.0, tau=8.9e-05, tau_units='s', ignition_type='max', ignition_target='OHEX;', ignition_amount='', ignition_units='', filename='x10001022.xml')",0.05005883261010097,True,True
AR + OH* <=> AR + OH,20,0.3,"Pandas(T5=1649.0, T5_units='K', P5=413000.0, P5_units='Pa', composition='H2:0.003, CO:0.0562, O2:0.0296, Ar:0.9112', phi=1.0, tau=8.9e-05, tau_units='s', ignition_type='max', ignition_target='OHEX;', ignition_amount='', ignition_units='', filename='x10001022.xml')",0.08631707916304901,True,True
O2 + OH* <=> O2 + OH,21,0.3,"Pandas(T5=1649.0, T5_units='K', P5=413000.0, P5_units='Pa', composition='H2:0.003, CO:0.0562, O2:0.0296, Ar:0.9112', phi=1.0, tau=8.9e-05, tau_units='s', ignition_type='max', ignition_target='OHEX;', ignition_amount='', ignition_units='', filename='x10001022.xml')",0.0381134661782105,True,True
H2O + OH* <=> H2O + OH,22,0.3,"Pandas(T5=1649.0, T5_units='K', P5=413000.0, P5_units='Pa', composition='H2:0.003, CO:0.0562, O2:0.0296, Ar:0.9112', phi=1.0, tau=8.9e-05, tau_units='s', ignition_type='max', ignition_target='OHEX;', ignition_amount='', ignition_units='', filename='x10001022.xml')",0.11786731944741476,True,True
H2 + OH* <=> H2 + OH,23,0.3,"Pandas(T5=1649.0, T5_units='K', P5=413000.0, P5_units='Pa', composition='H2:0.003, CO:0.0562, O2:0.0296, Ar:0.9112', phi=1.0, tau=8.9e-05, tau_units='s', ignition_type='max', ignition_target='OHEX;', ignition_amount='', ignition_units='', filename='x10001022.xml')",0.014569518685284522,True,True
N2 + OH* <=> N2 + OH,24,0.3,"Pandas(T5=1649.0, T5_units='K', P5=413000.0, P5_units='Pa', composition='H2:0.003, CO:0.0562, O2:0.0296, Ar:0.9112', phi=1.0, tau=8.9e-05, tau_units='s', ignition_type='max', ignition_target='OHEX;', ignition_amount='', ignition_units='', filename='x10001022.xml')",0.1723792072417124,True,True
OH + OH* <=> 2 OH,25,0.3,"Pandas(T5=1649.0, T5_units='K', P5=413000.0, P5_units='Pa', composition='H2:0.003, CO:0.0562, O2:0.0296, Ar:0.9112', phi=1.0, tau=8.9e-05, tau_units='s', ignition_type='max', ignition_target='OHEX;', ignition_amount='', ignition_units='', filename='x10001022.xml')",0.06404193592707087,True,True
H + OH* <=> H + OH,26,0.3,"Pandas(T5=1649.0, T5_units='K', P5=413000.0, P5_units='Pa', composition='H2:0.003, CO:0.0562, O2:0.0296, Ar:0.9112', phi=1.0, tau=8.9e-05, tau_units='s', ignition_type='max', ignition_target='OHEX;', ignition_amount='', ignition_units='', filename='x10001022.xml')",0.18532432027957724,True,True
CO + O (+M) <=> CO2 (+M),27,0.3,"Pandas(T5=1649.0, T5_units='K', P5=413000.0, P5_units='Pa', composition='H2:0.003, CO:0.0562, O2:0.0296, Ar:0.9112', phi=1.0, tau=8.9e-05, tau_units='s', ignition_type='max', ignition_target='OHEX;', ignition_amount='', ignition_units='', filename='x10001022.xml')",0.10704021951519585,True,True
CO + O2 <=> CO2 + O,29,0.3,"Pandas(T5=1649.0, T5_units='K', P5=413000.0, P5_units='Pa', composition='H2:0.003, CO:0.0562, O2:0.0296, Ar:0.9112', phi=1.0, tau=8.9e-05, tau_units='s', ignition_type='max', ignition_target='OHEX;', ignition_amount='', ignition_units='', filename='x10001022.xml')",0.017411621907015163,True,True
CO + HO2 <=> CO2 + OH,30,0.3,"Pandas(T5=1649.0, T5_units='K', P5=413000.0, P5_units='Pa', composition='H2:0.003, CO:0.0562, O2:0.0296, Ar:0.9112', phi=1.0, tau=8.9e-05, tau_units='s', ignition_type='max', ignition_target='OHEX;', ignition_amount='', ignition_units='', filename='x10001022.xml')",0.04985678203402227,True,True
C + OH <=> CO + H,31,0.3,"Pandas(T5=1649.0, T5_units='K', P5=413000.0, P5_units='Pa', composition='H2:0.003, CO:0.0562, O2:0.0296, Ar:0.9112', phi=1.0, tau=8.9e-05, tau_units='s', ignition_type='max', ignition_target='OHEX;', ignition_amount='', ignition_units='', filename='x10001022.xml')",0.21479036528921705,True,True
C + O2 <=> CO + O,32,0.3,"Pandas(T5=1649.0, T5_units='K', P5=413000.0, P5_units='Pa', composition='H2:0.003, CO:0.0562, O2:0.0296, Ar:0.9112', phi=1.0, tau=8.9e-05, tau_units='s', ignition_type='max', ignition_target='OHEX;', ignition_amount='', ignition_units='', filename='x10001022.xml')",0.23039200993128858,True,True
HCO + M <=> CO + H + M,33,0.3,"Pandas(T5=1649.0, T5_units='K', P5=413000.0, P5_units='Pa', composition='H2:0.003, CO:0.0562, O2:0.0296, Ar:0.9112', phi=1.0, tau=8.9e-05, tau_units='s', ignition_type='max', ignition_target='OHEX;', ignition_amount='', ignition_units='', filename='x10001022.xml')",0.0599700304247141,True,True
HCO + O2 <=> CO + HO2,34,0.3,"Pandas(T5=1649.0, T5_units='K', P5=413000.0, P5_units='Pa', composition='H2:0.003, CO:0.0562, O2:0.0296, Ar:0.9112', phi=1.0, tau=8.9e-05, tau_units='s', ignition_type='max', ignition_target='OHEX;', ignition_amount='', ignition_units='', filename='x10001022.xml')",0.11393193395593201,True,True
H + HCO <=> CO + H2,35,0.3,"Pandas(T5=1649.0, T5_units='K', P5=413000.0, P5_units='Pa', composition='H2:0.003, CO:0.0562, O2:0.0296, Ar:0.9112', phi=1.0, tau=8.9e-05, tau_units='s', ignition_type='max', ignition_target='OHEX;', ignition_amount='', ignition_units='', filename='x10001022.xml')",0.008578467150676145,True,True
HCO + O <=> CO2 + H,36,0.3,"Pandas(T5=1649.0, T5_units='K', P5=413000.0, P5_units='Pa', composition='H2:0.003, CO:0.0562, O2:0.0296, Ar:0.9112', phi=1.0, tau=8.9e-05, tau_units='s', ignition_type='max', ignition_target='OHEX;', ignition_amount='', ignition_units='', filename='x10001022.xml')",0.20162148331154348,True,True
HCO + O <=> CO + OH,37,0.3,"Pandas(T5=1649.0, T5_units='K', P5=413000.0, P5_units='Pa', composition='H2:0.003, CO:0.0562, O2:0.0296, Ar:0.9112', phi=1.0, tau=8.9e-05, tau_units='s', ignition_type='max', ignition_target='OHEX;', ignition_amount='', ignition_units='', filename='x10001022.xml')",0.019060881193238333,True,True
HCO + HO2 => CO2 + H + OH,39,0.3,"Pandas(T5=1649.0, T5_units='K', P5=413000.0, P5_units='Pa', composition='H2:0.003, CO:0.0562, O2:0.0296, Ar:0.9112', phi=1.0, tau=8.9e-05, tau_units='s', ignition_type='max', ignition_target='OHEX;', ignition_amount='', ignition_units='', filename='x10001022.xml')",0.07280063428531898,True,True
2 HCO => 2 CO + H2,40,0.3,"Pandas(T5=1649.0, T5_units='K', P5=413000.0, P5_units='Pa', composition='H2:0.003, CO:0.0562, O2:0.0296, Ar:0.9112', phi=1.0, tau=8.9e-05, tau_units='s', ignition_type='max', ignition_target='OHEX;', ignition_amount='', ignition_units='', filename='x10001022.xml')",0.1523491858289974,True,True
2 H + M <=> H2 + M,0,0.3,"Pandas(T5=2675.0, T5_units='K', P5=182385.0, P5_units='Pa', composition='H2:0.00049, CO:0.0328, O2:0.0101, Ar:0.95661', phi=1.6480198019801982, tau=0.000112, tau_units='s', ignition_type='concentration', ignition_target='CO2;', ignition_amount=3.9852929999999995e-11, ignition_units='kmol/m3', filename='x10001049.xml')",0.16454104476614528,True,True
H + O + M <=> OH + M,1,0.3,"Pandas(T5=2675.0, T5_units='K', P5=182385.0, P5_units='Pa', composition='H2:0.00049, CO:0.0328, O2:0.0101, Ar:0.95661', phi=1.6480198019801982, tau=0.000112, tau_units='s', ignition_type='concentration', ignition_target='CO2;', ignition_amount=3.9852929999999995e-11, ignition_units='kmol/m3', filename='x10001049.xml')",0.056969281084625394,True,True
H + OH (+M) <=> H2O (+M),4,0.3,"Pandas(T5=2675.0, T5_units='K', P5=182385.0, P5_units='Pa', composition='H2:0.00049, CO:0.0328, O2:0.0101, Ar:0.95661', phi=1.6480198019801982, tau=0.000112, tau_units='s', ignition_type='concentration', ignition_target='CO2;', ignition_amount=3.9852929999999995e-11, ignition_units='kmol/m3', filename='x10001049.xml')",0.13044567563758633,True,True
H + H2O2 <=> H2 + HO2,7,0.3,"Pandas(T5=2675.0, T5_units='K', P5=182385.0, P5_units='Pa', composition='H2:0.00049, CO:0.0328, O2:0.0101, Ar:0.95661', phi=1.6480198019801982, tau=0.000112, tau_units='s', ignition_type='concentration', ignition_target='CO2;', ignition_amount=3.9852929999999995e-11, ignition_units='kmol/m3', filename='x10001049.xml')",0.03178111851613405,True,True
H + H2O2 <=> H2O + OH,8,0.3,"Pandas(T5=2675.0, T5_units='K', P5=182385.0, P5_units='Pa', composition='H2:0.00049, CO:0.0328, O2:0.0101, Ar:0.95661', phi=1.6480198019801982, tau=0.000112, tau_units='s', ignition_type='concentration', ignition_target='CO2;', ignition_amount=3.9852929999999995e-11, ignition_units='kmol/m3', filename='x10001049.xml')",0.008812290253491466,True,True
H2O2 + O <=> HO2 + OH,9,0.3,"Pandas(T5=2675.0, T5_units='K', P5=182385.0, P5_units='Pa', composition='H2:0.00049, CO:0.0328, O2:0.0101, Ar:0.95661', phi=1.6480198019801982, tau=0.000112, tau_units='s', ignition_type='concentration', ignition_target='CO2;', ignition_amount=3.9852929999999995e-11, ignition_units='kmol/m3', filename='x10001049.xml')",0.1758281273297767,True,True
H2O2 + OH <=> H2O + HO2,10,0.3,"Pandas(T5=2675.0, T5_units='K', P5=182385.0, P5_units='Pa', composition='H2:0.00049, CO:0.0328, O2:0.0101, Ar:0.95661', phi=1.6480198019801982, tau=0.000112, tau_units='s', ignition_type='concentration', ignition_target='CO2;', ignition_amount=3.9852929999999995e-11, ignition_units='kmol/m3', filename='x10001049.xml')",0.1085144418038619,True,True
H + HO2 <=> H2 + O2,11,0.3,"Pandas(T5=2675.0, T5_units='K', P5=182385.0, P5_units='Pa', composition='H2:0.00049, CO:0.0328, O2:0.0101, Ar:0.95661', phi=1.6480198019801982, tau=0.000112, tau_units='s', ignition_type='concentration', ignition_target='CO2;', ignition_amount=3.9852929999999995e-11, ignition_units='kmol/m3', filename='x10001049.xml')",0.15358572197469497,True,True
H + HO2 <=> 2 OH,12,0.3,"Pandas(T5=2675.0, T5_units='K', P5=182385.0, P5_units='Pa', composition='H2:0.00049, CO:0.0328, O2:0.0101, Ar:0.95661', phi=1.6480198019801982, tau=0.000112, tau_units='s', ignition_type='concentration', ignition_target='CO2;', ignition_amount=3.9852929999999995e-11, ignition_units='kmol/m3', filename='x10001049.xml')",0.16385950631826954,True,True
2 HO2 <=> H2O2 + O2,13,0.3,"Pandas(T5=2675.0, T5_units='K', P5=182385.0, P5_units='Pa', composition='H2:0.00049, CO:0.0328, O2:0.0101, Ar:0.95661', phi=1.6480198019801982, tau=0.000112, tau_units='s', ignition_type='concentration', ignition_target='CO2;', ignition_amount=3.9852929999999995e-11, ignition_units='kmol/m3', filename='x10001049.xml')",0.12015809058064429,True,True
HO2 + O <=> O2 + OH,14,0.3,"Pandas(T5=2675.0, T5_units='K', P5=182385.0, P5_units='Pa', composition='H2:0.00049, CO:0.0328, O2:0.0101, Ar:0.95661', phi=1.6480198019801982, tau=0.000112, tau_units='s', ignition_type='concentration', ignition_target='CO2;', ignition_amount=3.9852929999999995e-11, ignition_units='kmol/m3', filename='x10001049.xml')",0.010356452714692295,True,True
HO2 + OH <=> H2O + O2,15,0.3,"Pandas(T5=2675.0, T5_units='K', P5=182385.0, P5_units='Pa', composition='H2:0.00049, CO:0.0328, O2:0.0101, Ar:0.95661', phi=1.6480198019801982, tau=0.000112, tau_units='s', ignition_type='concentration', ignition_target='CO2;', ignition_amount=3.9852929999999995e-11, ignition_units='kmol/m3', filename='x10001049.xml')",0.19671319154672384,True,True
2 O + M <=> O2 + M,16,0.3,"Pandas(T5=2675.0, T5_units='K', P5=182385.0, P5_units='Pa', composition='H2:0.00049, CO:0.0328, O2:0.0101, Ar:0.95661', phi=1.6480198019801982, tau=0.000112, tau_units='s', ignition_type='concentration', ignition_target='CO2;', ignition_amount=3.9852929999999995e-11, ignition_units='kmol/m3', filename='x10001049.xml')",0.10649376320130301,True,True
2 OH <=> H2O + O,17,0.3,"Pandas(T5=2675.0, T5_units='K', P5=182385.0, P5_units='Pa', composition='H2:0.00049, CO:0.0328, O2:0.0101, Ar:0.95661', phi=1.6480198019801982, tau=0.000112, tau_units='s', ignition_type='concentration', ignition_target='CO2;', ignition_amount=3.9852929999999995e-11, ignition_units='kmol/m3', filename='x10001049.xml')",0.2792842945419496,True,True
H2O2 (+M) <=> 2 OH (+M),18,0.3,"Pandas(T5=2675.0, T5_units='K', P5=182385.0, P5_units='Pa', composition='H2:0.00049, CO:0.0328, O2:0.0101, Ar:0.95661', phi=1.6480198019801982, tau=0.000112, tau_units='s', ignition_type='concentration', ignition_target='CO2;', ignition_amount=3.9852929999999995e-11, ignition_units='kmol/m3', filename='x10001049.xml')",0.05244998254686629,True,True
OH* <=> OH,19,0.3,"Pandas(T5=2675.0, T5_units='K', P5=182385.0, P5_units='Pa', composition='H2:0.00049, CO:0.0328, O2:0.0101, Ar:0.95661', phi=1.6480198019801982, tau=0.000112, tau_units='s', ignition_type='concentration', ignition_target='CO2;', ignition_amount=3.9852929999999995e-11, ignition_units='kmol/m3', filename='x10001049.xml')",0.007675488254051519,True,True
AR + OH* <=> AR + OH,20,0.3,"Pandas(T5=2675.0, T5_units='K', P5=182385.0, P5_units='Pa', composition='H2:0.00049, CO:0.0328, O2:0.0101, Ar:0.95661', phi=1.6480198019801982, tau=0.000112, tau_units='s', ignition_type='concentration', ignition_target='CO2;', ignition_amount=3.9852929999999995e-11, ignition_units='kmol/m3', filename='x10001049.xml')",0.10254691124769709,True,True
O2 + OH* <=> O2 + OH,21,0.3,"Pandas(T5=2675.0, T5_units='K', P5=182385.0, P5_units='Pa', composition='H2:0.00049, CO:0.0328, O2:0.0101, Ar:0.95661', phi=1.6480198019801982, tau=0.000112, tau_units='s', ignition_type='concentration', ignition_target='CO2;', ignition_amount=3.9852929999999995e-11, ignition_units='kmol/m3', filename='x10001049.xml')",0.0524553949281529,True,True
H2O + OH* <=> H2O + OH,22,0.3,"Pandas(T5=2675.0, T5_units='K', P5=182385.0, P5_units='Pa', composition='H2:0.00049, CO:0.0328, O2:0.0101, Ar:0.95661', phi=1.6480198019801982, tau=0.000112, tau_units='s', ignition_type='concentration', ignition_target='CO2;', ignition_amount=3.9852929999999995e-11, ignition_units='kmol/m3', filename='x10001049.xml')",0.04174885381734377,True,True
H2 + OH* <=> H2 + OH,23,0.3,"Pandas(T5=2675.0, T5_units='K', P5=182385.0, P5_units='Pa', composition='H2:0.00049, CO:0.0328, O2:0.0101, Ar:0.95661', phi=1.6480198019801982, tau=0.000112, tau_units='s', ignition_type='concentration', ignition_target='CO2;', ignition_amount=3.9852929999999995e-11, ignition_units='kmol/m3', filename='x10001049.xml')",0.0880746411147446,True,True
N2 + OH* <=> N2 + OH,24,0.3,"Pandas(T5=2675.0, T5_units='K', P5=182385.0, P5_units='Pa', composition='H2:0.00049, CO:0.0328, O2:0.0101, Ar:0.95661', phi=1.6480198019801982, tau=0.000112, tau_units='s', ignition_type='concentration', ignition_target='CO2;', ignition_amount=3.9852929999999995e-11, ignition_units='kmol/m3', filename='x10001049.xml')",0.29497496756180397,True,True
OH + OH* <=> 2 OH,25,0.3,"Pandas(T5=2675.0, T5_units='K', P5=182385.0, P5_units='Pa', composition='H2:0.00049, CO:0.0328, O2:0.0101, Ar:0.95661', phi=1.6480198019801982, tau=0.000112, tau_units='s', ignition_type='concentration', ignition_target='CO2;', ignition_amount=3.9852929999999995e-11, ignition_units='kmol/m3', filename='x10001049.xml')",0.16370190835282133,True,True
H + OH* <=> H + OH,26,0.3,"Pandas(T5=2675.0, T5_units='K', P5=182385.0, P5_units='Pa', composition='H2:0.00049, CO:0.0328, O2:0.0101, Ar:0.95661', phi=1.6480198019801982, tau=0.000112, tau_units='s', ignition_type='concentration', ignition_target='CO2;', ignition_amount=3.9852929999999995e-11, ignition_units='kmol/m3', filename='x10001049.xml')",0.06674409899206027,True,True
CO + O (+M) <=> CO2 (+M),27,0.3,"Pandas(T5=2675.0, T5_units='K', P5=182385.0, P5_units='Pa', composition='H2:0.00049, CO:0.0328, O2:0.0101, Ar:0.95661', phi=1.6480198019801982, tau=0.000112, tau_units='s', ignition_type='concentration', ignition_target='CO2;', ignition_amount=3.9852929999999995e-11, ignition_units='kmol/m3', filename='x10001049.xml')",0.07923558347373899,True,True
CO + O2 <=> CO2 + O,29,0.3,"Pandas(T5=2675.0, T5_units='K', P5=182385.0, P5_units='Pa', composition='H2:0.00049, CO:0.0328, O2:0.0101, Ar:0.95661', phi=1.6480198019801982, tau=0.000112, tau_units='s', ignition_type='concentration', ignition_target='CO2;', ignition_amount=3.9852929999999995e-11, ignition_units='kmol/m3', filename='x10001049.xml')",0.31094264855639714,True,True
CO + HO2 <=> CO2 + OH,30,0.3,"Pandas(T5=2675.0, T5_units='K', P5=182385.0, P5_units='Pa', composition='H2:0.00049, CO:0.0328, O2:0.0101, Ar:0.95661', phi=1.6480198019801982, tau=0.000112, tau_units='s', ignition_type='concentration', ignition_target='CO2;', ignition_amount=3.9852929999999995e-11, ignition_units='kmol/m3', filename='x10001049.xml')",0.1323953324697795,True,True
C + OH <=> CO + H,31,0.3,"Pandas(T5=2675.0, T5_units='K', P5=182385.0, P5_units='Pa', composition='H2:0.00049, CO:0.0328, O2:0.0101, Ar:0.95661', phi=1.6480198019801982, tau=0.000112, tau_units='s', ignition_type='concentration', ignition_target='CO2;', ignition_amount=3.9852929999999995e-11, ignition_units='kmol/m3', filename='x10001049.xml')",0.2601942967887486,True,True
C + O2 <=> CO + O,32,0.3,"Pandas(T5=2675.0, T5_units='K', P5=182385.0, P5_units='Pa', composition='H2:0.00049, CO:0.0328, O2:0.0101, Ar:0.95661', phi=1.6480198019801982, tau=0.000112, tau_units='s', ignition_type='concentration', ignition_target='CO2;', ignition_amount=3.9852929999999995e-11, ignition_units='kmol/m3', filename='x10001049.xml')",0.10095419676229615,True,True
HCO + M <=> CO + H + M,33,0.3,"Pandas(T5=2675.0, T5_units='K', P5=182385.0, P5_units='Pa', composition='H2:0.00049, CO:0.0328, O2:0.0101, Ar:0.95661', phi=1.6480198019801982, tau=0.000112, tau_units='s', ignition_type='concentration', ignition_target='CO2;', ignition_amount=3.9852929999999995e-11, ignition_units='kmol/m3', filename='x10001049.xml')",0.02519182207221085,True,True
HCO + O2 <=> CO + HO2,34,0.3,"Pandas(T5=2675.0, T5_units='K', P5=182385.0, P5_units='Pa', composition='H2:0.00049, CO:0.0328, O2:0.0101, Ar:0.95661', phi=1.6480198019801982, tau=0.000112, tau_units='s', ignition_type='concentration', ignition_target='CO2;', ignition_amount=3.9852929999999995e-11, ignition_units='kmol/m3', filename='x10001049.xml')",0.11664828539840819,True,True
H + HCO <=> CO + H2,35,0.3,"Pandas(T5=2675.0, T5_units='K', P5=182385.0, P5_units='Pa', composition='H2:0.00049, CO:0.0328, O2:0.0101, Ar:0.95661', phi=1.6480198019801982, tau=0.000112, tau_units='s', ignition_type='concentration', ignition_target='CO2;', ignition_amount=3.9852929999999995e-11, ignition_units='kmol/m3', filename='x10001049.xml')",0.009195348397271595,True,True
HCO + O <=> CO2 + H,36,0.3,"Pandas(T5=2675.0, T5_units='K', P5=182385.0, P5_units='Pa', composition='H2:0.00049, CO:0.0328, O2:0.0101, Ar:0.95661', phi=1.6480198019801982, tau=0.000112, tau_units='s', ignition_type='concentration', ignition_target='CO2;', ignition_amount=3.9852929999999995e-11, ignition_units='kmol/m3', filename='x10001049.xml')",0.009895565517834081,True,True
HCO + O <=> CO + OH,37,0.3,"Pandas(T5=2675.0, T5_units='K', P5=182385.0, P5_units='Pa', composition='H2:0.00049, CO:0.0328, O2:0.0101, Ar:0.95661', phi=1.6480198019801982, tau=0.000112, tau_units='s', ignition_type='concentration', ignition_target='CO2;', ignition_amount=3.9852929999999995e-11, ignition_units='kmol/m3', filename='x10001049.xml')",0.027574123719445242,True,True
HCO + HO2 => CO2 + H + OH,39,0.3,"Pandas(T5=2675.0, T5_units='K', P5=182385.0, P5_units='Pa', composition='H2:0.00049, CO:0.0328, O2:0.0101, Ar:0.95661', phi=1.6480198019801982, tau=0.000112, tau_units='s', ignition_type='concentration', ignition_target='CO2;', ignition_amount=3.9852929999999995e-11, ignition_units='kmol/m3', filename='x10001049.xml')",0.14827965137625512,True,True
2 HCO => 2 CO + H2,40,0.3,"Pandas(T5=2675.0, T5_units='K', P5=182385.0, P5_units='Pa', composition='H2:0.00049, CO:0.0328, O2:0.0101, Ar:0.95661', phi=1.6480198019801982, tau=0.000112, tau_units='s', ignition_type='concentration', ignition_target='CO2;', ignition_amount=3.9852929999999995e-11, ignition_units='kmol/m3', filename='x10001049.xml')",0.17100559969244128,True,True
2 H + M <=> H2 + M,0,0.3,"Pandas(T5=2475.0, T5_units='K', P5=182385.0, P5_units='Pa', composition='H2:0.0005, CO:0.1217, O2:0.01, Ar:0.8678', phi=6.11, tau=7.999999999999999e-05, tau_units='s', ignition_type='concentration', ignition_target='CO2;', ignition_amount=4.981616e-11, ignition_units='kmol/m3', filename='x10001051.xml')",0.16894857954962178,True,True
H + O + M <=> OH + M,1,0.3,"Pandas(T5=2475.0, T5_units='K', P5=182385.0, P5_units='Pa', composition='H2:0.0005, CO:0.1217, O2:0.01, Ar:0.8678', phi=6.11, tau=7.999999999999999e-05, tau_units='s', ignition_type='concentration', ignition_target='CO2;', ignition_amount=4.981616e-11, ignition_units='kmol/m3', filename='x10001051.xml')",0.08557471824858597,True,True
H + OH (+M) <=> H2O (+M),4,0.3,"Pandas(T5=2475.0, T5_units='K', P5=182385.0, P5_units='Pa', composition='H2:0.0005, CO:0.1217, O2:0.01, Ar:0.8678', phi=6.11, tau=7.999999999999999e-05, tau_units='s', ignition_type='concentration', ignition_target='CO2;', ignition_amount=4.981616e-11, ignition_units='kmol/m3', filename='x10001051.xml')",0.01716487408528147,True,True
H + H2O2 <=> H2 + HO2,7,0.3,"Pandas(T5=2475.0, T5_units='K', P5=182385.0, P5_units='Pa', composition='H2:0.0005, CO:0.1217, O2:0.01, Ar:0.8678', phi=6.11, tau=7.999999999999999e-05, tau_units='s', ignition_type='concentration', ignition_target='CO2;', ignition_amount=4.981616e-11, ignition_units='kmol/m3', filename='x10001051.xml')",0.15710384339899958,True,True
H + H2O2 <=> H2O + OH,8,0.3,"Pandas(T5=2475.0, T5_units='K', P5=182385.0, P5_units='Pa', composition='H2:0.0005, CO:0.1217, O2:0.01, Ar:0.8678', phi=6.11, tau=7.999999999999999e-05, tau_units='s', ignition_type='concentration', ignition_target='CO2;', ignition_amount=4.981616e-11, ignition_units='kmol/m3', filename='x10001051.xml')",0.002994781173680831,True,True
H2O2 + O <=> HO2 + OH,9,0.3,"Pandas(T5=2475.0, T5_units='K', P5=182385.0, P5_units='Pa', composition='H2:0.0005, CO:0.1217, O2:0.01, Ar:0.8678', phi=6.11, tau=7.999999999999999e-05, tau_units='s', ignition_type='concentration', ignition_target='CO2;', ignition_amount=4.981616e-11, ignition_units='kmol/m3', filename='x10001051.xml')",0.141841221204368,True,True
H2O2 + OH <=> H2O + HO2,10,0.3,"Pandas(T5=2475.0, T5_units='K', P5=182385.0, P5_units='Pa', composition='H2:0.0005, CO:0.1217, O2:0.01, Ar:0.8678', phi=6.11, tau=7.999999999999999e-05, tau_units='s', ignition_type='concentration', ignition_target='CO2;', ignition_amount=4.981616e-11, ignition_units='kmol/m3', filename='x10001051.xml')",0.06765209826538103,True,True
H + HO2 <=> H2 + O2,11,0.3,"Pandas(T5=2475.0, T5_units='K', P5=182385.0, P5_units='Pa', composition='H2:0.0005, CO:0.1217, O2:0.01, Ar:0.8678', phi=6.11, tau=7.999999999999999e-05, tau_units='s', ignition_type='concentration', ignition_target='CO2;', ignition_amount=4.981616e-11, ignition_units='kmol/m3', filename='x10001051.xml')",0.1032512533595298,True,True
H + HO2 <=> 2 OH,12,0.3,"Pandas(T5=2475.0, T5_units='K', P5=182385.0, P5_units='Pa', composition='H2:0.0005, CO:0.1217, O2:0.01, Ar:0.8678', phi=6.11, tau=7.999999999999999e-05, tau_units='s', ignition_type='concentration', ignition_target='CO2;', ignition_amount=4.981616e-11, ignition_units='kmol/m3', filename='x10001051.xml')",0.11594361919034546,True,True
2 HO2 <=> H2O2 + O2,13,0.3,"Pandas(T5=2475.0, T5_units='K', P5=182385.0, P5_units='Pa', composition='H2:0.0005, CO:0.1217, O2:0.01, Ar:0.8678', phi=6.11, tau=7.999999999999999e-05, tau_units='s', ignition_type='concentration', ignition_target='CO2;', ignition_amount=4.981616e-11, ignition_units='kmol/m3', filename='x10001051.xml')",0.02644253971812646,True,True
HO2 + O <=> O2 + OH,14,0.3,"Pandas(T5=2475.0, T5_units='K', P5=182385.0, P5_units='Pa', composition='H2:0.0005, CO:0.1217, O2:0.01, Ar:0.8678', phi=6.11, tau=7.999999999999999e-05, tau_units='s', ignition_type='concentration', ignition_target='CO2;', ignition_amount=4.981616e-11, ignition_units='kmol/m3', filename='x10001051.xml')",0.0734817307308084,True,True
HO2 + OH <=> H2O + O2,15,0.3,"Pandas(T5=2475.0, T5_units='K', P5=182385.0, P5_units='Pa', composition='H2:0.0005, CO:0.1217, O2:0.01, Ar:0.8678', phi=6.11, tau=7.999999999999999e-05, tau_units='s', ignition_type='concentration', ignition_target='CO2;', ignition_amount=4.981616e-11, ignition_units='kmol/m3', filename='x10001051.xml')",0.09247290026418763,True,True
2 O + M <=> O2 + M,16,0.3,"Pandas(T5=2475.0, T5_units='K', P5=182385.0, P5_units='Pa', composition='H2:0.0005, CO:0.1217, O2:0.01, Ar:0.8678', phi=6.11, tau=7.999999999999999e-05, tau_units='s', ignition_type='concentration', ignition_target='CO2;', ignition_amount=4.981616e-11, ignition_units='kmol/m3', filename='x10001051.xml')",0.013396587593190566,True,True
2 OH <=> H2O + O,17,0.3,"Pandas(T5=2475.0, T5_units='K', P5=182385.0, P5_units='Pa', composition='H2:0.0005, CO:0.1217, O2:0.01, Ar:0.8678', phi=6.11, tau=7.999999999999999e-05, tau_units='s', ignition_type='concentration', ignition_target='CO2;', ignition_amount=4.981616e-11, ignition_units='kmol/m3', filename='x10001051.xml')",0.18628810706605767,True,True
H2O2 (+M) <=> 2 OH (+M),18,0.3,"Pandas(T5=2475.0, T5_units='K', P5=182385.0, P5_units='Pa', composition='H2:0.0005, CO:0.1217, O2:0.01, Ar:0.8678', phi=6.11, tau=7.999999999999999e-05, tau_units='s', ignition_type='concentration', ignition_target='CO2;', ignition_amount=4.981616e-11, ignition_units='kmol/m3', filename='x10001051.xml')",0.032616767666129295,True,True
OH* <=> OH,19,0.3,"Pandas(T5=2475.0, T5_units='K', P5=182385.0, P5_units='Pa', composition='H2:0.0005, CO:0.1217, O2:0.01, Ar:0.8678', phi=6.11, tau=7.999999999999999e-05, tau_units='s', ignition_type='concentration', ignition_target='CO2;', ignition_amount=4.981616e-11, ignition_units='kmol/m3', filename='x10001051.xml')",0.018813526439123176,True,True
AR + OH* <=> AR + OH,20,0.3,"Pandas(T5=2475.0, T5_units='K', P5=182385.0, P5_units='Pa', composition='H2:0.0005, CO:0.1217, O2:0.01, Ar:0.8678', phi=6.11, tau=7.999999999999999e-05, tau_units='s', ignition_type='concentration', ignition_target='CO2;', ignition_amount=4.981616e-11, ignition_units='kmol/m3', filename='x10001051.xml')",0.14293638139214382,True,True
O2 + OH* <=> O2 + OH,21,0.3,"Pandas(T5=2475.0, T5_units='K', P5=182385.0, P5_units='Pa', composition='H2:0.0005, CO:0.1217, O2:0.01, Ar:0.8678', phi=6.11, tau=7.999999999999999e-05, tau_units='s', ignition_type='concentration', ignition_target='CO2;', ignition_amount=4.981616e-11, ignition_units='kmol/m3', filename='x10001051.xml')",0.10765150523714268,True,True
H2O + OH* <=> H2O + OH,22,0.3,"Pandas(T5=2475.0, T5_units='K', P5=182385.0, P5_units='Pa', composition='H2:0.0005, CO:0.1217, O2:0.01, Ar:0.8678', phi=6.11, tau=7.999999999999999e-05, tau_units='s', ignition_type='concentration', ignition_target='CO2;', ignition_amount=4.981616e-11, ignition_units='kmol/m3', filename='x10001051.xml')",0.047884122731796985,True,True
H2 + OH* <=> H2 + OH,23,0.3,"Pandas(T5=2475.0, T5_units='K', P5=182385.0, P5_units='Pa', composition='H2:0.0005, CO:0.1217, O2:0.01, Ar:0.8678', phi=6.11, tau=7.999999999999999e-05, tau_units='s', ignition_type='concentration', ignition_target='CO2;', ignition_amount=4.981616e-11, ignition_units='kmol/m3', filename='x10001051.xml')",0.1911054605773839,True,True
N2 + OH* <=> N2 + OH,24,0.3,"Pandas(T5=2475.0, T5_units='K', P5=182385.0, P5_units='Pa', composition='H2:0.0005, CO:0.1217, O2:0.01, Ar:0.8678', phi=6.11, tau=7.999999999999999e-05, tau_units='s', ignition_type='concentration', ignition_target='CO2;', ignition_amount=4.981616e-11, ignition_units='kmol/m3', filename='x10001051.xml')",0.23489496009419586,True,True
OH + OH* <=> 2 OH,25,0.3,"Pandas(T5=2475.0, T5_units='K', P5=182385.0, P5_units='Pa', composition='H2:0.0005, CO:0.1217, O2:0.01, Ar:0.8678', phi=6.11, tau=7.999999999999999e-05, tau_units='s', ignition_type='concentration', ignition_target='CO2;', ignition_amount=4.981616e-11, ignition_units='kmol/m3', filename='x10001051.xml')",0.15099837460514337,True,True
H + OH* <=> H + OH,26,0.3,"Pandas(T5=2475.0, T5_units='K', P5=182385.0, P5_units='Pa', composition='H2:0.0005, CO:0.1217, O2:0.01, Ar:0.8678', phi=6.11, tau=7.999999999999999e-05, tau_units='s', ignition_type='concentration', ignition_target='CO2;', ignition_amount=4.981616e-11, ignition_units='kmol/m3', filename='x10001051.xml')",0.001976067841275191,True,True
CO + O (+M) <=> CO2 (+M),27,0.3,"Pandas(T5=2475.0, T5_units='K', P5=182385.0, P5_units='Pa', composition='H2:0.0005, CO:0.1217, O2:0.01, Ar:0.8678', phi=6.11, tau=7.999999999999999e-05, tau_units='s', ignition_type='concentration', ignition_target='CO2;', ignition_amount=4.981616e-11, ignition_units='kmol/m3', filename='x10001051.xml')",0.2554730777307778,True,True
CO + O2 <=> CO2 + O,29,0.3,"Pandas(T5=2475.0, T5_units='K', P5=182385.0, P5_units='Pa', composition='H2:0.0005, CO:0.1217, O2:0.01, Ar:0.8678', phi=6.11, tau=7.999999999999999e-05, tau_units='s', ignition_type='concentration', ignition_target='CO2;', ignition_amount=4.981616e-11, ignition_units='kmol/m3', filename='x10001051.xml')",0.177302858337901,True,True
CO + HO2 <=> CO2 + OH,30,0.3,"Pandas(T5=2475.0, T5_units='K', P5=182385.0, P5_units='Pa', composition='H2:0.0005, CO:0.1217, O2:0.01, Ar:0.8678', phi=6.11, tau=7.999999999999999e-05, tau_units='s', ignition_type='concentration', ignition_target='CO2;', ignition_amount=4.981616e-11, ignition_units='kmol/m3', filename='x10001051.xml')",0.038867893650632014,True,True
C + OH <=> CO + H,31,0.3,"Pandas(T5=2475.0, T5_units='K', P5=182385.0, P5_units='Pa', composition='H2:0.0005, CO:0.1217, O2:0.01, Ar:0.8678', phi=6.11, tau=7.999999999999999e-05, tau_units='s', ignition_type='concentration', ignition_target='CO2;', ignition_amount=4.981616e-11, ignition_units='kmol/m3', filename='x10001051.xml')",0.23172041952905092,True,True
C + O2 <=> CO + O,32,0.3,"Pandas(T5=2475.0, T5_units='K', P5=182385.0, P5_units='Pa', composition='H2:0.0005, CO:0.1217, O2:0.01, Ar:0.8678', phi=6.11, tau=7.999999999999999e-05, tau_units='s', ignition_type='concentration', ignition_target='CO2;', ignition_amount=4.981616e-11, ignition_units='kmol/m3', filename='x10001051.xml')",0.03891083967476994,True,True
HCO + M <=> CO + H + M,33,0.3,"Pandas(T5=2475.0, T5_units='K', P5=182385.0, P5_units='Pa', composition='H2:0.0005, CO:0.1217, O2:0.01, Ar:0.8678', phi=6.11, tau=7.999999999999999e-05, tau_units='s', ignition_type='concentration', ignition_target='CO2;', ignition_amount=4.981616e-11, ignition_units='kmol/m3', filename='x10001051.xml')",0.10568322714780028,True,True
HCO + O2 <=> CO + HO2,34,0.3,"Pandas(T5=2475.0, T5_units='K', P5=182385.0, P5_units='Pa', composition='H2:0.0005, CO:0.1217, O2:0.01, Ar:0.8678', phi=6.11, tau=7.999999999999999e-05, tau_units='s', ignition_type='concentration', ignition_target='CO2;', ignition_amount=4.981616e-11, ignition_units='kmol/m3', filename='x10001051.xml')",0.1401486347830714,True,True
H + HCO <=> CO + H2,35,0.3,"Pandas(T5=2475.0, T5_units='K', P5=182385.0, P5_units='Pa', composition='H2:0.0005, CO:0.1217, O2:0.01, Ar:0.8678', phi=6.11, tau=7.999999999999999e-05, tau_units='s', ignition_type='concentration', ignition_target='CO2;', ignition_amount=4.981616e-11, ignition_units='kmol/m3', filename='x10001051.xml')",0.06959962908608244,True,True
HCO + O <=> CO2 + H,36,0.3,"Pandas(T5=2475.0, T5_units='K', P5=182385.0, P5_units='Pa', composition='H2:0.0005, CO:0.1217, O2:0.01, Ar:0.8678', phi=6.11, tau=7.999999999999999e-05, tau_units='s', ignition_type='concentration', ignition_target='CO2;', ignition_amount=4.981616e-11, ignition_units='kmol/m3', filename='x10001051.xml')",0.06016518823937303,True,True
HCO + O <=> CO + OH,37,0.3,"Pandas(T5=2475.0, T5_units='K', P5=182385.0, P5_units='Pa', composition='H2:0.0005, CO:0.1217, O2:0.01, Ar:0.8678', phi=6.11, tau=7.999999999999999e-05, tau_units='s', ignition_type='concentration', ignition_target='CO2;', ignition_amount=4.981616e-11, ignition_units='kmol/m3', filename='x10001051.xml')",0.02511461658886258,True,True
HCO + HO2 => CO2 + H + OH,39,0.3,"Pandas(T5=2475.0, T5_units='K', P5=182385.0, P5_units='Pa', composition='H2:0.0005, CO:0.1217, O2:0.01, Ar:0.8678', phi=6.11, tau=7.999999999999999e-05, tau_units='s', ignition_type='concentration', ignition_target='CO2;', ignition_amount=4.981616e-11, ignition_units='kmol/m3', filename='x10001051.xml')",0.1728422491199864,True,True
2 HCO => 2 CO + H2,40,0.3,"Pandas(T5=2475.0, T5_units='K', P5=182385.0, P5_units='Pa', composition='H2:0.0005, CO:0.1217, O2:0.01, Ar:0.8678', phi=6.11, tau=7.999999999999999e-05, tau_units='s', ignition_type='concentration', ignition_target='CO2;', ignition_amount=4.981616e-11, ignition_units='kmol/m3', filename='x10001051.xml')",0.20493556052866196,True,True
